"Compounds ID", "Tags", "Checked", "Name", "Formula", "Annot. Source: Predicted Compositions", "Annot. Source: mzCloud Search", "Annot. Source: mzVault Search", "Annot. Source: ChemSpider Search", "Annot. Source: MassList Search", "Annot. DeltaMass [ppm]", "Calc. MW", "m/z", "RT [min]", "Area (Max.)", "# ChemSpider Results", "# mzCloud Results", "# mzVault Results", "mzCloud Best Match", "mzCloud Best Match Confidence", "mzVault Best Match", "mzVault Library Match: Bamba lab 34 lipid mediators library stepped NCE 10 30 45", "mzVault Library Match: Bamba lab 598 polar metabolites stepped NCE 10 30 45", "mzVault Library Match: Custom mzVault Library", "mzVault Library Match: LipidBlast-VS68-Neg", "mzVault Library Match: LipidBlast-VS68-Pos", "Class Coverage: Phosphatidylcholine Compound Class", "Mass List Match: LipidMaps Structure Database 2021-09-13", "MS2", "Neutral Losses", "Reference Ion", "Group Area: cla", "Group Area: cla/lps", "Group Area: ctrl", "Group Area: lps", "Group Area: no2-cla/lps", "Group CV [%]: cla", "Group CV [%]: cla/lps", "Group CV [%]: ctrl", "Group CV [%]: lps", "Group CV [%]: no2-cla/lps", "Ratio: (cla) / (ctrl)", "Ratio: (lps) / (ctrl)", "Ratio: (no2-cla/lps) / (ctrl)", "Ratio: (cla/lps) / (lps)", "Ratio: (no2-cla/lps) / (lps)", "Log2 Fold Change: (cla) / (ctrl)", "Log2 Fold Change: (lps) / (ctrl)", "Log2 Fold Change: (no2-cla/lps) / (ctrl)", "Log2 Fold Change: (cla/lps) / (lps)", "Log2 Fold Change: (no2-cla/lps) / (lps)", "P-value: (cla) / (ctrl)", "P-value: (lps) / (ctrl)", "P-value: (no2-cla/lps) / (ctrl)", "P-value: (cla/lps) / (lps)", "P-value: (no2-cla/lps) / (lps)", "Adj. P-value: (cla) / (ctrl)", "Adj. P-value: (lps) / (ctrl)", "Adj. P-value: (no2-cla/lps) / (ctrl)", "Adj. P-value: (cla/lps) / (lps)", "Adj. P-value: (no2-cla/lps) / (lps)", "Peak Rating (Max.)", "Peak Rating: Spleen-F-9.raw (F9)", "Peak Rating: Spleen-F-10.raw (F10)", "Peak Rating: Spleen-F-11.raw (F11)", "Peak Rating: Spleen-F-12.raw (F12)", "Peak Rating: Spleen-F-13.raw (F13)", "Peak Rating: Spleen-F-14.raw (F14)", "Peak Rating: Spleen-F-15.raw (F15)", "Peak Rating: Spleen-F-16.raw (F16)", "Peak Rating: Spleen-F-25.raw (F25)", "Peak Rating: Spleen-F-26.raw (F26)", "Peak Rating: Spleen-F-27.raw (F27)", "Peak Rating: Spleen-F-28.raw (F28)", "Peak Rating: Spleen-F-29.raw (F29)", "Peak Rating: Spleen-F-30.raw (F30)", "Peak Rating: Spleen-F-31.raw (F31)", "Peak Rating: Spleen-F-32.raw (F32)", "Peak Rating: Spleen-F-33.raw (F33)", "Peak Rating: Spleen-F-1.raw (F1)", "Peak Rating: Spleen-F-2.raw (F2)", "Peak Rating: Spleen-F-3.raw (F3)", "Peak Rating: Spleen-F-4.raw (F4)", "Peak Rating: Spleen-F-5.raw (F5)", "Peak Rating: Spleen-F-6.raw (F6)", "Peak Rating: Spleen-F-7.raw (F7)", "Peak Rating: Spleen-F-8.raw (F8)", "Peak Rating: Spleen-F-17.raw (F17)", "Peak Rating: Spleen-F-18.raw (F18)", "Peak Rating: Spleen-F-19.raw (F19)", "Peak Rating: Spleen-F-20.raw (F20)", "Peak Rating: Spleen-F-21.raw (F21)", "Peak Rating: Spleen-F-22.raw (F22)", "Peak Rating: Spleen-F-23.raw (F23)", "Peak Rating: Spleen-F-24.raw (F24)", "Peak Rating: Spleen-F-34.raw (F34)", "Peak Rating: Spleen-F-35.raw (F35)", "Peak Rating: Spleen-F-36.raw (F36)", "Peak Rating: Spleen-F-37.raw (F37)", "Peak Rating: Spleen-F-38.raw (F38)", "Peak Rating: Spleen-F-39.raw (F39)", "Peak Rating: Spleen-F-40.raw (F40)"
"2", "", "False", "(±)11(12)-EET", "C20 H32 O3", "Full match", " Full match", " Full match", " Not the top hit", " Not the top hit", "-0.48", "320.23499", "319.22771", "4.814", "3195005297.39639", "72", "3", "3", "72.0", "67.0", "75.5", "Multiple matches found", " No matches found", " No matches found", " No matches found", " No matches found", "", "Multiple matches found", "PreferredDDA", "CO2", "[M-H]-1", "1585803777.56463", " 2073281294.30494", " 1203843725.55483", " 2184862218.2607", " 1198351882.92106", "38.2326175814099", " 40.1694438692927", " 30.9198639755812", " 22.6059951747089", " 34.630603919339", "1.317", " 1.815", " 0.995", " 0.949", " 0.548", "0.40", " 0.86", " -0.01", " -0.08", " -0.87", "0.550723519004682", " 0.00601516936541457", " 0.949958942507198", " 0.475215879275996", " 0.0513388576312406", "0.999999999876955", " 0.0373103072800715", " 0.999999999961495", " 0.999999999989872", " 0.707779048083497", "8.0", "7.1", " 6.0", " 5.6", " 7.5", " 5.2", " 6.0", " 5.2", " 6.7", " 7.0", " 6.6", " 6.6", " 5.1", " 5.8", " 5.1", " 7.0", " 6.2", " 4.3", " 5.6", " 6.7", " 7.5", " 6.0", " 4.8", " 7.5", " 7.5", " 5.2", " 7.6", " 7.2", " 6.8", " 7.6", " 7.2", " 8.0", " 5.7", " 7.6", " 7.5", " 6.3", " 6.0", " 6.7", " 7.1", " 5.6", " 6.7"
"1", "", "False", "Linoleic acid", "C18 H32 O2", "Full match", " Full match", " No results", " Full match", " Not the top hit", "-0.54", "280.24008", "279.23280", "6.542", "3021701965.93566", "119", "4", "0", "97.0", "9.9", "", "No matches found", " No matches found", " No matches found", " No matches found", " No matches found", "", "Multiple matches found", "PreferredDDA", "", "[M-H]-1", "1007398618.44426", " 948106749.069881", " 1071589532.18185", " 1204181818.32142", " 1044087071.49358", "59.11199126339", " 39.9196079521423", " 46.3530083462824", " 34.3464684580883", " 43.4667960936666", "0.940", " 1.124", " 0.974", " 0.787", " 0.867", "-0.09", " 0.17", " -0.04", " -0.34", " -0.21", "0.964745566267039", " 0.998198050289876", " 0.857472585479175", " 0.809477479277622", " 0.705451868115641", "0.999999999876955", " 0.999999999849258", " 0.999999999961495", " 0.999999999989872", " 1", "7.5", "5.1", " 5.1", " 7.0", " 3.2", " 3.6", " 4.7", " 5.8", " 5.5", " 6.3", " 3.7", " 3.7", " 4.8", " 7.5", " 5.2", " 4.1", " 5.6", " 5.6", " 5.8", " 4.3", " 5.1", " 5.1", " 5.1", " 5.1", " 3.2", " 3.2", " 5.2", " 6.3", " 4.4", " 5.2", " 4.1", " 7.1", " 4.1", " 5.6", " 5.1", " 4.7", " 4.3", " 5.1", " 4.7", " 4.3", " 4.7"
"7", "", "False", "Oleic acid alkyne", "C18 H30 O2", "Full match", " Full match", " No results", " Partial match", " Partial match", "-0.63", "278.22441", "277.21713", "6.012", "1314246420.35481", "76", "6", "0", "97.0", "9.9", "", "No matches found", " No matches found", " No matches found", " No matches found", " No matches found", "", "Multiple matches found", "PreferredDDA", "CO2", "[M-H]-1", "341109628.366491", " 252259826.843459", " 384767440.316253", " 488961800.711933", " 346971390.642714", "82.3535430324619", " 60.4176081301223", " 65.6995154955541", " 46.3694140670395", " 67.7929098611434", "0.887", " 1.271", " 0.902", " 0.516", " 0.710", "-0.17", " 0.35", " -0.15", " -0.95", " -0.49", "0.743142334532051", " 0.98032622046317", " 0.738471853095851", " 0.179262600491691", " 0.411847191154369", "0.999999999876955", " 0.999999999849258", " 0.999999999961495", " 0.999999999989872", " 1", "7.0", "6.2", " 7.0", " 5.1", " 6.2", " 4.7", " 6.2", " 5.5", " 6.2", " 5.8", " 5.1", " 4.3", " 6.2", " 6.2", " 6.2", " 5.1", " 5.5", " 6.6", " 6.2", " 6.2", " 5.1", " 7.0", " 6.2", " 5.1", " 5.5", " 5.1", " 5.8", " 5.8", " 5.1", " 5.5", " 5.8", " 4.7", " 6.6", " 7.0", " 5.8", " 7.0", " 5.1", " 7.0", " 6.6", " 6.6", " 5.1"
"3", "", "False", "Oleic acid", "C18 H34 O2", "Full match", " Full match", " No results", " Full match", " Not the top hit", "-0.46", "282.25575", "281.24847", "7.095", "1312284075.35704", "60", "3", "0", "97.2", "9.9", "", "No matches found", " No matches found", " No matches found", " No matches found", " No matches found", "", "Multiple matches found", "PreferredDDA", "", "[M-H]-1", "499547850.600386", " 553365430.156414", " 471759669.958973", " 646102589.117518", " 511342767.129251", "24.3472202161154", " 39.2466590264088", " 68.8069675368047", " 40.2624782934519", " 50.1254621978741", "1.059", " 1.370", " 1.084", " 0.856", " 0.791", "0.08", " 0.45", " 0.12", " -0.22", " -0.34", "0.806763024924871", " 0.399220552006625", " 0.691541804452397", " 0.998916603899692", " 0.99312997799632", "0.999999999876955", " 0.821714050991215", " 0.999999999961495", " 0.999999999989872", " 1", "7.6", "6.8", " 5.7", " 6.1", " 7.2", " ", " 6.8", " 7.6", " 5.3", " 6.0", " 4.8", " 5.6", " 6.7", " 5.6", " 5.6", " 6.3", " 6.7", " 5.6", " 5.1", " 5.1", " 5.5", " 5.1", " 0.0", " 4.7", " 3.6", " 3.6", " 5.5", " 4.3", " 5.5", " 7.0", " 4.3", " 4.7", " 3.9", " 4.7", " 5.1", " 4.7", " 5.1", " 5.1", " 6.2", " 6.2", " 5.8"
"4", "", "False", "Palmitoleic acid", "C16 H30 O2", "Full match", " Full match", " No results", " Full match", " Not the top hit", "-0.96", "254.22434", "253.21706", "6.333", "1288429679.42787", "57", "6", "0", "97.5", "9.9", "", "No matches found", " No matches found", " No matches found", " No matches found", " No matches found", "", "Multiple matches found", "PreferredDDA", "", "[M-H]-1", "500154124.035213", " 248785318.000047", " 554350829.449431", " 381915980.021237", " 347379782.523832", "46.906431903201", " 80.8611256652565", " 58.6164772675223", " 58.6252743966587", " 62.5713324573634", "0.902", " 0.689", " 0.627", " 0.651", " 0.910", "-0.15", " -0.54", " -0.67", " -0.62", " -0.14", "0.947972027714773", " 0.898753699318523", " 0.457563567226245", " 0.907023360812471", " 0.921842272520618", "0.999999999876955", " 0.999999999849258", " 0.999999999961495", " 0.999999999989872", " 1", "7.0", "5.1", " 6.2", " 6.2", " 5.1", " 5.5", " 6.2", " 5.8", " 4.3", " 7.0", " 6.6", " 7.0", " 5.5", " 6.2", " 7.0", " 6.6", " 5.8", " 5.8", " 5.5", " 6.2", " 5.8", " 6.2", " 6.6", " 5.1", " 4.3", " 6.2", " 6.2", " 6.2", " 5.1", " 4.7", " 6.2", " 4.7", " 5.1", " 7.0", " 6.2", " 6.2", " 6.2", " 5.1", " 6.6", " 7.0", " 6.6"
"8", "", "False", "(+/-)12(13)-DiHOME", "C18 H34 O4", "No match", " Invalid mass", " No results", " No match", " No match", "-57314.28", "296.23494", "295.22767", "4.478", "1175448094.35208", "55", "9", "0", "96.5", "9.8", "", "No matches found", " No matches found", " No matches found", " No matches found", " No matches found", "", "Multiple matches found", "PreferredDDA", "CO2", "[M-H]-1", "566012602.430713", " 512097309.782047", " 655236411.494551", " 543631303.038359", " 426755546.069041", "54.9029175529719", " 50.7833030922694", " 44.4993132319051", " 14.0065101987201", " 32.8676491462194", "0.864", " 0.830", " 0.651", " 0.942", " 0.785", "-0.21", " -0.27", " -0.62", " -0.09", " -0.35", "0.954274516862806", " 0.99941714338473", " 0.341106379793938", " 0.369706384418539", " 0.462177877950201", "0.999999999876955", " 0.999999999849258", " 0.965757437791586", " 0.999999999989872", " 1", "9.0", "7.0", " 6.2", " 7.0", " 6.2", " 6.2", " 5.8", " 6.6", " 6.6", " 6.6", " 7.0", " 5.8", " 7.0", " 6.2", " 4.7", " 7.0", " 6.2", " 6.6", " 6.6", " 6.2", " 7.0", " 4.7", " 6.2", " 7.0", " 6.2", " 6.2", " 8.2", " 8.2", " 8.6", " 8.6", " 7.9", " 9.0", " 7.5", " 8.6", " 7.5", " 6.7", " 7.5", " 6.3", " 7.1", " 6.7", " 7.5"
"6", "", "False", "Arachidonic acid", "C20 H32 O2", "Full match", " Full match", " No results", " Full match", " Not the top hit", "-0.24", "304.24016", "303.23288", "6.425", "1160663102.04317", "51", "2", "0", "95.9", "9.8", "", "No matches found", " No matches found", " No matches found", " No matches found", " No matches found", "", "Multiple matches found", "PreferredDDA", "CO2", "[M-H]-1", "224718386.773535", " 656437438.130042", " 192682620.546851", " 667905005.019628", " 580501793.359041", "46.2015100279991", " 26.8360633607275", " 68.5208332140418", " 37.4828815893825", " 36.2852146509913", "1.166", " 3.466", " 3.013", " 0.983", " 0.869", "0.22", " 1.79", " 1.59", " -0.02", " -0.20", "0.990966357397152", " 5.7989146037607E-05", " 0.00235249528417825", " 0.999994409325655", " 0.813696790222985", "0.999999999876955", " 0.000831781813476925", " 0.0426272145493098", " 0.999999999989872", " 1", "7.6", "6.2", " 6.2", " 6.2", " 5.8", " 6.6", " 6.2", " 5.8", " 4.7", " 6.1", " 4.2", " 6.1", " 6.1", " 7.6", " 6.8", " 7.2", " 6.5", " 6.1", " 5.1", " 6.2", " 4.7", " 6.2", " 6.2", " 5.1", " 4.3", " 5.8", " 5.6", " 5.6", " 6.3", " 5.6", " 4.8", " 6.7", " 5.2", " 6.7", " 4.4", " 5.6", " 4.8", " 5.2", " 5.6", " 5.6", " 5.2"
"9", "", "False", "(+/-)18-HEPE", "C20 H30 O3", "Full match", " Full match", " No results", " Not the top hit", " Not the top hit", "-0.55", "318.21932", "317.21204", "4.327", "1062438555.78496", "68", "2", "0", "61.6", "65.4", "", "No matches found", " No matches found", " No matches found", " No matches found", " No matches found", "", "Multiple matches found", "PreferredDDA", "CO2", "[M-H]-1", "84918626.4601101", " 280219049.467394", " 76182534.5255647", " 515430079.865592", " 263280605.073362", "60.9087863374913", " 52.0916973737875", " 37.2521371499072", " 41.9673425006139", " 36.3515529541297", "1.115", " 6.766", " 3.456", " 0.544", " 0.511", "0.16", " 2.76", " 1.79", " -0.88", " -0.97", "0.999545088764388", " 1.17993091963697E-08", " 0.000167654305943898", " 0.0465399838552454", " 0.0420057364902013", "0.999999999876955", " 2.70794146056685E-06", " 0.00542481432804185", " 0.999999999989872", " 0.68019456989282", "7.5", "6.2", " 7.0", " 6.2", " 6.2", " 6.2", " 7.0", " 6.2", " 7.0", " 7.0", " 6.2", " 6.2", " 6.2", " 6.2", " 6.2", " 6.2", " 6.2", " 6.2", " 6.7", " 6.7", " 6.7", " 7.5", " 6.7", " 6.0", " 6.7", " 6.7", " 6.2", " 7.0", " 5.1", " 6.2", " 6.2", " 5.1", " 6.2", " 7.0", " 6.7", " 6.7", " 7.5", " 6.7", " 7.5", " 7.5", " 6.7"
"5", "", "False", "Ethyl myristate", "C16 H32 O2", "Full match", " Full match", " No results", " Not the top hit", " Not the top hit", "-0.80", "256.24003", "255.23275", "6.968", "969745200.88938", "32", "2", "0", "97.9", "9.9", "", "No matches found", " No matches found", " No matches found", " No matches found", " No matches found", "", "Multiple matches found", "PreferredDDA", "", "[M-H]-1", "498989407.206925", " 445286258.437836", " 453295577.38819", " 532087341.173228", " 424426853.231815", "33.2442853883808", " 36.4172440434527", " 38.2167703781933", " 29.076004243483", " 32.8838636744257", "1.101", " 1.174", " 0.936", " 0.837", " 0.798", "0.14", " 0.23", " -0.09", " -0.26", " -0.33", "0.999999980056299", " 0.964164527589268", " 0.85488594618559", " 0.890767881726159", " 0.48795156929672", "0.999999999876955", " 0.999999999849258", " 0.999999999961495", " 0.999999999989872", " 1", "7.2", "5.6", " 6.3", " 4.8", " 5.6", " 7.1", " 5.6", " 5.6", " 5.6", " 5.6", " 4.8", " 6.3", " 6.3", " 5.6", " 4.8", " 6.3", " 5.6", " 6.7", " 5.6", " 5.2", " 6.0", " 6.7", " 4.4", " 6.7", " 5.2", " 6.3", " 4.9", " 6.1", " 4.6", " 4.9", " 4.9", " 6.1", " 6.8", " 7.2", " 5.2", " 5.2", " 5.6", " 6.3", " 6.3", " 6.7", " 4.4"
"10", "", "False", "Docosahexaenoic acid", "C22 H32 O2", "Full match", " Full match", " No results", " Partial match", " Full match", "-0.10", "328.24020", "327.23291", "6.280", "945591966.617284", "12", "2", "0", "93.4", "58.6", "", "No matches found", " No matches found", " No matches found", " No matches found", " No matches found", "", "Multiple matches found", "PreferredDDA", "CO2", "[M-H]-1", "206776763.742131", " 632753368.961275", " 193344414.282299", " 648285424.893657", " 499050688.522124", "49.6183821245475", " 21.0869914681319", " 44.3647672085175", " 20.7864980430722", " 29.8595654412824", "1.069", " 3.353", " 2.581", " 0.976", " 0.770", "0.10", " 1.75", " 1.37", " -0.03", " -0.38", "0.901518507906638", " 4.7717163875749E-07", " 0.000455191453857751", " 0.98176851983487", " 0.26060745822642", "0.999999999876955", " 3.6503630364948E-05", " 0.0137467819065041", " 0.999999999989872", " 1", "8.0", "7.0", " 7.0", " 6.6", " 5.5", " 3.9", " 6.2", " 5.8", " 4.7", " 7.2", " 3.8", " 4.2", " 7.2", " 6.1", " 5.3", " 6.1", " 6.5", " 6.5", " 7.0", " 5.8", " 3.6", " 7.0", " 5.8", " 7.0", " 4.3", " 4.7", " 6.1", " 6.8", " 5.7", " 5.7", " 5.7", " 6.1", " 6.8", " 8.0", " 7.2", " 5.3", " 6.1", " 6.1", " 7.6", " 6.1", " 7.2"
"11", "", "False", "Myristic acid", "C14 H28 O2", "Full match", " Full match", " No results", " Full match", " Full match", "-2.26", "228.20841", "227.20113", "6.137", "742938849.265028", "27", "2", "0", "97.8", "9.9", "", "No matches found", " No matches found", " No matches found", " No matches found", " No matches found", "", "Multiple matches found", "PreferredDDA", "", "[M-H]-1", "247023673.814835", " 169619825.235032", " 293330998.729806", " 265861921.698104", " 184052934.582767", "63.9830171666562", " 76.3360961555446", " 62.7647506589532", " 54.9909797179575", " 70.1850479078501", "0.842", " 0.906", " 0.627", " 0.638", " 0.692", "-0.25", " -0.14", " -0.67", " -0.65", " -0.53", "0.975734013288609", " 0.999924076043098", " 0.706066857431362", " 0.894484259642868", " 0.62724247482989", "0.999999999876955", " 0.999999999849258", " 0.999999999961495", " 0.999999999989872", " 1", "7.0", "6.2", " 6.2", " 6.2", " 5.1", " 5.8", " 6.2", " 5.1", " 5.8", " 6.2", " 6.2", " 5.1", " 6.2", " 6.2", " 5.1", " 5.1", " 7.0", " 6.2", " 5.1", " 6.2", " 6.2", " 6.2", " 6.2", " 5.8", " 7.0", " 6.2", " 6.2", " 5.5", " 6.2", " 7.0", " 6.2", " 6.2", " 6.2", " 6.2", " 5.1", " 5.8", " 5.8", " 6.2", " 6.2", " 5.1", " 5.1"
"14", "", "False", "7-hydroxy-10E-Heptadecen-8-ynoic acid", "C17 H28 O3", "Full match", " No results", " No results", " Not the top hit", " Full match", "-0.46", "280.20371", "279.19644", "3.746", "630352756.625906", "12", "0", "0", "", "", "", "No matches found", " No matches found", " No matches found", " No matches found", " No matches found", "", "Multiple matches found", "PreferredDDA", "CO2", "[M-H]-1", "246336233.693528", " 394510267.62998", " 202172283.990826", " 387595479.728599", " 281037427.732333", "56.616654927744", " 33.0767834502552", " 46.8992073459334", " 36.0682480969391", " 32.1496611279593", "1.218", " 1.917", " 1.390", " 1.018", " 0.725", "0.29", " 0.94", " 0.48", " 0.03", " -0.46", "0.879146282541623", " 0.0124235040791865", " 0.826970406709325", " 0.982594498750783", " 0.180356226954595", "0.999999999876955", " 0.0655446939350182", " 0.999999999961495", " 0.999999999989872", " 1", "7.5", "6.2", " 7.0", " 6.2", " 7.0", " 6.2", " 7.0", " 7.0", " 6.2", " 7.5", " 6.7", " 6.7", " 7.5", " 7.5", " 7.5", " 6.7", " 6.7", " 7.5", " 7.0", " 7.0", " 6.2", " 5.1", " 6.2", " 6.2", " 7.0", " 6.2", " 6.7", " 7.5", " 6.7", " 6.7", " 7.5", " 6.7", " 6.7", " 6.7", " 6.7", " 5.6", " 6.7", " 6.7", " 6.7", " 6.7", " 6.7"
"13", "", "False", "14(S)-HDHA", "C22 H32 O3", "Full match", " Full match", " Full match", " Not the top hit", " Not the top hit", "-0.44", "344.23499", "343.22771", "4.726", "616176354.27332", "34", "1", "1", "85.6", "67.0", "31.1", "Single match found", " No matches found", " No matches found", " No matches found", " No matches found", "", "Multiple matches found", "PreferredDDA", "CO2", "[M-H]-1", "269343601.14636", " 373778639.201397", " 169939012.838462", " 316340917.414313", " 188625006.590493", "49.0412896109339", " 49.3542632857372", " 46.9656139337633", " 40.8703543333189", " 46.4124865849954", "1.585", " 1.861", " 1.110", " 1.182", " 0.596", "0.66", " 0.90", " 0.15", " 0.24", " -0.75", "0.816195337881738", " 0.0372479302319707", " 0.933325182178961", " 0.892627394584214", " 0.237172802226871", "0.999999999876955", " 0.147386206693746", " 0.999999999961495", " 0.999999999989872", " 1", "7.0", "6.2", " 6.2", " 5.8", " 6.2", " 5.8", " 5.8", " 6.2", " 6.2", " 7.0", " 7.0", " 5.8", " 5.8", " 7.0", " 6.2", " 7.0", " 7.0", " 6.2", " 7.0", " 6.2", " 6.2", " 6.2", " 6.2", " 7.0", " 5.5", " 6.2", " 7.0", " 7.0", " 6.2", " 5.8", " 7.0", " 6.2", " 5.8", " 7.0", " 7.0", " 6.2", " 5.8", " 7.0", " 7.0", " 7.0", " 7.0"
"20", "", "False", "9,12-hexadecadienoic acid", "C16 H28 O2", "Full match", " No results", " No results", " Partial match", " Full match", "-0.97", "252.20869", "251.20141", "5.784", "523354713.113958", "50", "0", "0", "", "", "", "No matches found", " No matches found", " No matches found", " No matches found", " No matches found", "", "Multiple matches found", "PreferredDDA", "", "[M-H]-1", "97190960.9700996", " 115109175.644854", " 26343628.2865058", " 86120434.0194809", " 54061162.8140237", "113.871482522907", " 71.019016900175", " 78.8019115230741", " 37.3551809331796", " 46.4519576030255", "3.689", " 3.269", " 2.052", " 1.337", " 0.628", "1.88", " 1.71", " 1.04", " 0.42", " -0.67", "0.0413516880696819", " 0.0760156574863797", " 0.869999905896269", " 0.864415944902822", " 0.485421307098224", "0.999999999876955", " 0.247985170462366", " 0.999999999961495", " 0.999999999989872", " 1", "7.5", "5.1", " 6.2", " 3.6", " 5.1", " 4.7", " 6.2", " 5.5", " 5.5", " 3.9", " 5.1", " 4.7", " 4.3", " 3.6", " 4.7", " 5.1", " 3.9", " 6.6", " 6.2", " 5.8", " 5.5", " 6.2", " 6.2", " 5.2", " 6.2", " 5.8", " 7.5", " 6.7", " 7.1", " 6.0", " 7.1", " 6.7", " 6.7", " 7.5", " 5.8", " 6.6", " 6.6", " 7.0", " 5.8", " 5.8", " 6.2"
"15", "", "False", "5-[(1S,2R,4aR)-5-(Hydroxymethyl)-1,2,4a-trimethyl-1,2,3,4,4a,7,8,8a-octahydro-1-naphthalenyl]-3-methylpentanoic acid", "C20 H34 O3", "Full match", " Full match", " No results", " Partial match", " Partial match", "-0.43", "322.25066", "321.24338", "5.030", "498248083.998248", "23", "2", "0", "87.6", "9.4", "", "No matches found", " No matches found", " No matches found", " No matches found", " No matches found", "", "Multiple matches found", "PreferredDDA", "", "[M-H]-1", "122624372.811928", " 199150624.758347", " 80428723.7876816", " 217992174.627283", " 103171109.491983", "48.2710030365511", " 53.8247582700268", " 50.4705445601687", " 54.5034131701278", " 61.9540856306906", "1.525", " 2.710", " 1.283", " 0.914", " 0.473", "0.61", " 1.44", " 0.36", " -0.13", " -1.08", "0.946886175412394", " 0.0102954982504365", " 0.999024074014231", " 0.378197694264467", " 0.0267388546601898", "0.999999999876955", " 0.0562575440113138", " 0.999999999961495", " 0.999999999989872", " 0.544680421620841", "6.6", "6.2", " 3.9", " 4.3", " 4.3", " 3.2", " 4.3", " 6.6", " 6.2", " 5.8", " 6.6", " 4.3", " 6.2", " 6.2", " 6.6", " 6.2", " 6.2", " 6.2", " 6.6", " 6.2", " 5.1", " 6.2", " 6.6", " 4.3", " 6.2", " 6.2", " 6.2", " 6.6", " 6.2", " 6.6", " 6.2", " 6.6", " 6.6", " 4.3", " 5.8", " 5.1", " 3.9", " 6.2", " 6.2", " 6.6", " 6.2"
"16", "", "False", "Adrenic acid", "C22 H36 O2", "Full match", " Full match", " No results", " Full match", " Not the top hit", "-0.02", "332.27152", "331.26424", "6.974", "335964961.697917", "14", "3", "0", "96.0", "9.8", "", "No matches found", " No matches found", " No matches found", " No matches found", " No matches found", "", "Multiple matches found", "PreferredDDA", "CO2", "[M-H]-1", "69668082.4800995", " 229494684.212131", " 49105869.2522212", " 216060027.768408", " 107553522.646505", "60.6704700034539", " 33.3279075236546", " 61.9585776384315", " 29.7860280123337", " 52.521594961433", "1.419", " 4.400", " 2.190", " 1.062", " 0.498", "0.50", " 2.14", " 1.13", " 0.09", " -1.01", "0.867232074093124", " 8.72301208201254E-05", " 0.440579743263002", " 0.999073568196025", " 0.0181323041131699", "0.999999999876955", " 0.00121329168049811", " 0.999999999961495", " 0.999999999989872", " 0.50884612208022", "8.0", "6.2", " 5.5", " 5.5", " 5.1", " 2.0", " 3.9", " 4.7", " 5.1", " 7.5", " 5.2", " 6.3", " 6.7", " 6.3", " 5.6", " 6.3", " 5.2", " 5.2", " 4.7", " 6.6", " 4.3", " 6.6", " 3.9", " 6.2", " 3.9", " 7.0", " 5.7", " 7.6", " 4.9", " 4.2", " 6.5", " 6.1", " 8.0", " 7.6", " 4.7", " 6.6", " 7.0", " 6.2", " 4.7", " 5.1", " 3.6"
"19", "", "False", "8Z,11Z,14Z-Eicosatrienoic acid", "C20 H34 O2", "Full match", " Full match", " No results", " Full match", " Not the top hit", "-0.27", "306.25580", "305.24852", "6.768", "330323140.149951", "38", "3", "0", "98.1", "9.9", "", "No matches found", " No matches found", " No matches found", " No matches found", " No matches found", "", "Multiple matches found", "PreferredDDA", "", "[M-H]-1", "63716733.9496983", " 240441936.907317", " 66255353.2064408", " 239962258.357877", " 157217194.476417", "65.7428351042427", " 28.0571525881868", " 50.9649147677266", " 23.7555444524207", " 33.8616159510598", "0.962", " 3.622", " 2.373", " 1.002", " 0.655", "-0.06", " 1.86", " 1.25", " 0.00", " -0.61", "0.991416556193368", " 5.87826614051323E-06", " 0.0113715182782671", " 0.984565832118808", " 0.140185028782039", "0.999999999876955", " 0.000147693784771796", " 0.130743459665007", " 0.999999999989872", " 0.985418290556098", "8.0", "6.6", " 6.6", " 4.3", " 5.5", " 4.7", " 5.5", " 3.9", " 6.6", " 7.2", " 5.3", " 3.4", " 6.8", " 6.5", " 6.5", " 6.5", " 6.5", " 8.0", " 7.0", " 6.2", " 5.8", " 5.5", " 6.2", " 4.7", " 6.6", " 4.7", " 6.1", " 4.6", " 6.5", " 7.2", " 5.3", " 8.0", " 7.2", " 7.2", " 7.1", " 6.7", " 6.0", " 6.7", " 5.2", " 7.1", " 4.4"
"18", "", "False", "ascr#29", "C23 H42 O6", "Not the top hit", " No results", " No results", " Full match", " Full match", "-0.15", "414.29808", "413.29080", "5.895", "329768016.241353", "2", "0", "0", "", "", "", "No matches found", " No matches found", " No matches found", " No matches found", " No matches found", "", "Multiple matches found", "PreferredDDA", "", "[M-H]-1", "54874394.2693548", " 33826612.5492505", " 40400900.5301944", " 74875697.4776337", " 31362786.7679452", "63.9642182454915", " 130.539060636149", " 103.800526541821", " 78.1440941493095", " 159.965090012825", "1.358", " 1.853", " 0.776", " 0.452", " 0.419", "0.44", " 0.89", " -0.37", " -1.15", " -1.26", "0.99996288187436", " 0.979396906787359", " 0.422140567750232", " 0.49923400629789", " 0.173035624581703", "0.999999999876955", " 0.999999999849258", " 0.999999999961495", " 0.999999999989872", " 1", "7.0", "7.0", " 6.2", " 7.0", " 7.0", " 4.7", " 4.7", " 6.2", " 6.2", " 6.6", " 7.0", " 6.2", " 5.2", " 6.6", " 6.6", " 5.8", " 5.1", " 6.2", " 5.8", " 4.3", " 6.2", " 5.8", " 5.8", " 6.2", " 5.8", " 5.5", " 5.8", " 5.8", " 5.1", " 7.0", " 5.5", " 5.5", " 6.2", " 5.5", " 6.6", " 5.4", " 6.2", " 7.0", " 6.2", " 4.7", " 5.5"
"32", "", "False", "Prostaglandin E2", "C20 H32 O5", "Full match", " Full match", " Full match", " Full match", " Not the top hit", "-0.12", "352.22493", "351.21764", "2.106", "326413162.568177", "197", "18", "6", "94.9", "98.9", "72.5", "Multiple matches found", " No matches found", " No matches found", " No matches found", " No matches found", "", "Multiple matches found", "PreferredDDA", "", "[M-H]-1", "153619681.165435", " 156900207.51876", " 136279063.912028", " 257769271.884095", " 208164915.918568", "50.7883507915576", " 54.0446490430086", " 45.3257942225543", " 26.6228632883495", " 22.3353848395734", "1.127", " 1.891", " 1.527", " 0.609", " 0.808", "0.17", " 0.92", " 0.61", " -0.72", " -0.31", "0.866350925423834", " 0.0389212518109497", " 0.150101994619596", " 0.652485590326119", " 0.993980348731651", "0.999999999876955", " 0.152691064796803", " 0.683574832858631", " 0.999999999989872", " 1", "6.2", "5.5", " 5.8", " 5.1", " 5.1", " 4.7", " 4.7", " 4.7", " 3.9", " 5.5", " 5.1", " 2.4", " 2.4", " ", " 3.9", " ", " 3.6", " 3.2", " 3.2", " 6.2", " 5.8", " 4.7", " 3.9", " 5.1", " 6.2", " 3.2", " 4.2", " 4.6", " 5.7", " 5.3", " 5.3", " 5.7", " 5.3", " 4.6", " 5.7", " 5.3", " 5.7", " ", " 5.3", " 3.4", " 4.2"
"17", "", "False", "Docosapentaenoic acid", "C22 H34 O2", "Full match", " Full match", " No results", " Partial match", " Not the top hit", "-0.24", "330.25580", "329.24852", "6.530", "319383103.249611", "17", "2", "0", "94.8", "9.7", "", "No matches found", " No matches found", " No matches found", " No matches found", " No matches found", "", "Multiple matches found", "PreferredDDA", "CO2", "[M-H]-1", "81964234.4331754", " 214440373.857602", " 49619774.2909131", " 219454907.75089", " 145561814.778793", "61.9736160627644", " 27.8893036849771", " 46.6692646766908", " 25.4123015605956", " 38.6022493888659", "1.652", " 4.423", " 2.934", " 0.977", " 0.663", "0.72", " 2.14", " 1.55", " -0.03", " -0.59", "0.191478760539107", " 2.1340545871551E-06", " 0.011474966009717", " 0.999202733370511", " 0.0701509564237643", "0.999999999876955", " 8.90482777731082E-05", " 0.130743459665007", " 0.999999999989872", " 0.720190678784478", "7.6", "6.2", " 3.9", " 3.6", " 3.6", " 4.7", " 6.6", " 5.1", " 6.2", " 7.6", " 4.2", " 5.7", " 5.7", " 7.6", " 6.1", " 5.7", " 7.6", " 4.9", " 4.3", " 3.2", " 6.6", " 4.7", " 4.3", " 5.8", " 5.5", " 2.4", " 3.8", " 4.2", " 4.9", " 3.4", " 4.9", " 4.9", " 4.9", " 5.3", " 4.1", " 4.1", " 5.6", " 6.7", " 6.7", " 6.3", " 6.7"
"23", "", "False", "5-methyl-2E-tridecenoic acid", "C14 H26 O2", "Full match", " No results", " No results", " Not the top hit", " Full match", "-2.33", "226.19275", "225.18548", "5.435", "239116302.189089", "45", "0", "0", "", "", "", "No matches found", " No matches found", " No matches found", " No matches found", " No matches found", "", "Multiple matches found", "PreferredDDA", "", "[M-H]-1", "24887137.9874241", " 35893128.2105519", " 36967061.9404017", " 31393708.9036033", " 19941821.3892015", "100.472926233456", " 126.604318749627", " 97.8601859961317", " 111.624982925694", " 124.152786667028", "0.673", " 0.849", " 0.539", " 1.143", " 0.635", "-0.57", " -0.24", " -0.89", " 0.19", " -0.65", "0.837704312981239", " 0.999068002719626", " 0.878807928531289", " 0.983904243020119", " 0.76007309423371", "0.999999999876955", " 0.999999999849258", " 0.999999999961495", " 0.999999999989872", " 1", "7.0", "5.2", " 5.6", " 3.9", " 6.2", " 5.5", " 5.2", " 6.2", " 5.1", " 5.5", " 5.8", " 6.2", " 5.5", " 4.5", " 6.2", " 5.8", " 4.7", " 4.8", " 5.8", " 6.2", " 6.2", " 5.2", " 5.6", " 5.2", " 6.2", " 7.0", " 5.8", " 5.5", " 5.5", " 5.8", " 5.5", " 5.2", " 5.8", " 5.5", " 5.1", " 5.2", " 5.8", " 5.8", " 5.5", " 5.5", " 6.2"
"21", "", "False", "Eicosapentaenoic acid", "C20 H30 O2", "Full match", " Full match", " No results", " Full match", " Not the top hit", "-0.25", "302.22450", "301.21723", "5.935", "231671893.223711", "59", "2", "0", "94.0", "81.7", "", "No matches found", " No matches found", " No matches found", " No matches found", " No matches found", "", "Multiple matches found", "PreferredDDA", "CO2", "[M-H]-1", "6476134.47033707", " 64668372.0538365", " 7733854.38933561", " 100031665.069244", " 73435105.841914", "74.2341701576105", " 58.2755144500992", " 94.9448552478471", " 59.8312332506036", " 64.3809720124594", "0.837", " 12.934", " 9.495", " 0.646", " 0.734", "-0.26", " 3.69", " 3.25", " -0.63", " -0.45", "0.999999750927004", " 4.38356936527384E-07", " 1.3563532887062E-05", " 0.857444394909739", " 0.746870482546377", "0.999999999876955", " 3.6503630364948E-05", " 0.00061442803978391", " 0.999999999989872", " 1", "7.0", "4.8", " 4.5", " 5.6", " 3.3", " 5.8", " 5.2", " 4.2", " 3.0", " 6.2", " 5.8", " 5.8", " 5.8", " ", " 6.2", " 7.0", " 6.2", " 6.2", " 4.8", " 5.5", " 3.3", " 2.2", " 3.0", " 4.6", " ", " 4.5", " 6.2", " 5.8", " 6.2", " ", " 6.2", " 5.8", " 6.2", " 7.0", " 7.0", " 7.0", " 5.8", " 5.5", " 6.2", " 6.2", " 6.2"
"22", "", "False", "", "C40 H68 N4 O2", "Full match", " No results", " No results", " No results", " No results", "-1.99", "636.53296", "635.52568", "6.528", "189286251.335692", "0", "0", "0", "", "", "", "No matches found", " No matches found", " No matches found", " No matches found", " No matches found", "", "No matches found", "PreferredDDA", "", "[M-H]-1", "21528632.0262101", " 7332215.68439962", " 14241929.6304884", " 16005447.7372562", " 8966373.89844899", "105.456558427551", " 170.310297760594", " 119.928338594285", " 125.11259914252", " 183.629272441605", "1.512", " 1.124", " 0.630", " 0.458", " 0.560", "0.60", " 0.17", " -0.67", " -1.13", " -0.84", "0.999999153569029", " 0.999999992080593", " 0.918099329881366", " 0.827682807484234", " 0.913959954698033", "0.999999999876955", " 0.999999999849258", " 0.999999999961495", " 0.999999999989872", " 1", "5.8", "4.1", " 3.3", " 3.9", " 3.9", " 2.4", " 5.8", " 4.3", " 3.3", " 2.6", " 1.7", " 4.7", " 2.3", " 2.6", " 1.8", " 5.6", " 2.2", " 2.2", " 2.2", " 3.2", " 5.5", " 4.1", " 3.7", " 3.7", " 4.3", " 3.6", " 2.4", " 2.0", " 3.3", " 3.9", " 1.8", " 2.2", " 2.4", " 2.2", " 3.0", " ", " 5.6", " 4.8", " 3.3", " 4.5", " 4.7"
"29", "", "False", "Stearic acid", "C18 H36 O2", "Full match", " Full match", " No results", " Full match", " Full match", "-0.29", "284.27145", "283.26417", "7.658", "159657332.289098", "27", "2", "0", "97.2", "9.9", "", "No matches found", " No matches found", " No matches found", " No matches found", " No matches found", "", "Multiple matches found", "PreferredDDA", "", "[M-H]-1", "80310565.8797124", " 98672934.9872131", " 70868860.2013963", " 104708571.79016", " 105050044.404627", "27.1358684085573", " 10.46917697107", " 24.4348468560481", " 9.6504113628904", " 31.0790334019973", "1.133", " 1.477", " 1.482", " 0.942", " 1.003", "0.18", " 0.56", " 0.57", " -0.09", " 0.00", "0.980715586576783", " 0.0157941828494567", " 0.0921456933103033", " 0.993301329320943", " 0.968790007307759", "0.999999999876955", " 0.080550332532229", " 0.528379735057815", " 0.999999999989872", " 1", "8.4", "6.1", " 6.1", " 6.1", " 5.7", " 5.7", " 5.3", " 6.8", " 7.2", " 7.1", " 7.1", " 7.5", " 7.9", " 7.9", " 7.1", " 7.9", " 5.2", " 8.2", " 6.1", " 7.2", " 6.1", " 7.2", " 7.2", " 6.8", " 6.8", " 6.8", " 7.6", " 7.2", " 8.4", " 7.6", " 7.6", " 7.6", " 7.6", " 7.2", " 6.3", " 6.7", " 6.7", " 6.7", " 6.7", " 6.7", " 6.7"
"24", "", "False", "Docosapentaenoic acid", "C22 H34 O2", "Full match", " Full match", " No results", " Partial match", " Not the top hit", "-0.09", "330.25585", "329.24858", "6.722", "148728642.804388", "17", "2", "0", "94.6", "9.7", "", "No matches found", " No matches found", " No matches found", " No matches found", " No matches found", "", "Multiple matches found", "PreferredDDA", "CO2", "[M-H]-1", "20523935.2487417", " 70182585.0274126", " 12056610.3419031", " 62590005.6160846", " 34050139.5499407", "62.6892334653779", " 37.6275750746059", " 87.0110841650396", " 52.0393372717059", " 49.7608804081251", "1.702", " 5.191", " 2.824", " 1.121", " 0.544", "0.77", " 2.38", " 1.50", " 0.17", " -0.88", "0.69475319003964", " 0.000308297570491223", " 0.0806389790194346", " 0.999999286849068", " 0.234005723131141", "0.999999999876955", " 0.00353771462138678", " 0.494704769306102", " 0.999999999989872", " 1", "7.1", "6.2", " 5.1", " 5.8", " 5.6", " 6.6", " 6.6", " 5.6", " 6.2", " 6.7", " 5.2", " 6.3", " 7.1", " 7.1", " 4.8", " 4.4", " 6.3", " 7.1", " 6.0", " 5.5", " 6.4", " 6.0", " 6.0", " 4.2", " 4.3", " ", " 5.5", " 6.2", " 6.6", " ", " 5.1", " 5.8", " 7.0", " 3.9", " 6.2", " 6.2", " 6.2", " 6.0", " 3.9", " 6.2", " 3.2"
"30", "", "False", "2E,4E,8E,10E-Dodecatetraenedioic acid", "C12 H14 O4", "Full match", " No results", " No results", " Partial match", " Full match", "-2.52", "222.08865", "221.08137", "2.267", "148468709.155319", "7", "0", "0", "", "", "", "No matches found", " No matches found", " No matches found", " No matches found", " No matches found", "", "Single match found", "PreferredDDA", "CO2", "[M-H]-1", "30362752.1027849", " 34264203.7180225", " 10084248.6421419", " 13769006.7180121", " 12473846.2578373", "81.9175322076046", " 58.8995001074626", " 87.1292962462943", " 147.35611302541", " 91.8861445423105", "3.011", " 1.365", " 1.237", " 2.489", " 0.906", "1.59", " 0.45", " 0.31", " 1.32", " -0.14", "0.196172447353857", " 0.859202743144311", " 0.999712194781", " 0.567017322740237", " 0.938401798037432", "0.999999999876955", " 0.999999999849258", " 0.999999999961495", " 0.999999999989872", " 1", "6.6", "6.2", " 5.8", " 6.2", " 6.4", " 6.6", " 4.8", " 6.2", " 5.5", " 6.2", " 6.2", " 5.8", " 6.2", " 6.2", " 6.2", " 5.8", " 5.8", " 6.2", " 5.6", " 4.8", " 6.2", " 4.6", " 5.8", " 5.6", " 6.2", " 5.6", " 5.5", " 5.8", " 6.2", " 5.2", " 5.6", " 5.2", " 5.8", " 4.8", " 6.2", " 6.2", " 5.2", " 2.7", " 6.6", " 6.0", " 5.6"
"41", "", "False", "13(S)-HOTrE", "C18 H30 O3", "Full match", " Full match", " No results", " Not the top hit", " Not the top hit", "0.04", "294.21951", "293.21223", "4.065", "137855300.866903", "66", "3", "0", "88.3", "9.4", "", "No matches found", " No matches found", " No matches found", " No matches found", " No matches found", "", "Multiple matches found", "PreferredDDA", "", "[M-H]-1", "42873121.5251262", " 28579455.2412594", " 82588691.6464072", " 46340359.1750465", " 31073263.8537677", "82.4652432845113", " 75.9222427229934", " 48.3691438105424", " 35.0057103976642", " 41.6036365580382", "0.519", " 0.561", " 0.376", " 0.617", " 0.671", "-0.95", " -0.83", " -1.41", " -0.70", " -0.58", "0.480012536545017", " 0.841125245161708", " 0.222114374760234", " 0.272461763695395", " 0.774167346458569", "0.999999999876955", " 0.999999999849258", " 0.831552163358564", " 0.999999999989872", " 1", "6.6", "4.5", " 5.8", " 6.6", " 5.1", " 6.6", " 6.2", " 6.2", " 6.2", " 5.6", " 5.5", " 6.2", " 5.8", " 3.0", " 4.3", " 5.5", " 4.8", " 5.1", " 5.5", " 4.8", " 6.6", " 5.8", " 6.2", " 6.2", " 5.1", " 5.5", " 5.2", " 5.6", " 5.6", " 6.0", " 4.8", " 5.6", " 5.6", " 5.6", " 5.5", " 5.8", " 6.2", " 5.6", " 5.8", " 5.5", " 6.2"
"33", "", "False", "CP 47,497-C8-Homolog C-8-hydroxy metabolite", "C22 H36 O3", "Full match", " Full match", " No results", " Partial match", " Partial match", "-0.17", "348.26638", "347.25911", "5.398", "129019896.061228", "5", "1", "0", "65.6", "8.3", "", "No matches found", " No matches found", " No matches found", " No matches found", " No matches found", "", "Multiple matches found", "PreferredDDA", "", "[M-H]-1", "80562605.889073", " 78346101.8283449", " 41791693.1636123", " 57838146.6489808", " 35311044.8675886", "50.8994929321672", " 49.0194505040839", " 45.8428862405354", " 47.2099054313173", " 58.9867183457367", "1.928", " 1.384", " 0.845", " 1.355", " 0.611", "0.95", " 0.47", " -0.24", " 0.44", " -0.71", "0.479609738995506", " 0.763839236422879", " 0.921026976021131", " 0.99994265192939", " 0.304786645938978", "0.999999999876955", " 0.999999999849258", " 0.999999999961495", " 0.999999999989872", " 1", "7.0", "5.5", " 6.2", " 6.6", " 7.0", " 6.6", " 6.2", " 6.2", " 7.0", " 5.1", " 7.0", " 5.5", " 6.2", " 7.0", " 5.8", " 7.0", " 6.2", " 5.8", " 5.1", " 6.6", " 7.0", " 6.2", " 6.2", " 5.5", " 5.5", " 6.2", " 7.0", " 5.5", " 7.0", " 5.5", " 5.5", " 7.0", " 6.2", " 5.8", " 5.8", " 6.2", " 6.2", " 6.0", " 5.5", " 7.0", " 5.5"
"63", "", "False", "12-epi Leukotriene B4", "C20 H32 O4", "Full match", " Full match", " Full match", " Full match", " Not the top hit", "0.19", "336.23012", "335.22285", "3.420", "121800213.418388", "78", "22", "5", "81.8", "67.0", "68.6", "Multiple matches found", " No matches found", " No matches found", " Single match found", " No matches found", "", "Multiple matches found", "PreferredDDA", "", "[M-H]-1", "42414601.8218066", " 53235683.9221086", " 30763174.5665631", " 69793129.8723025", " 32569153.6133341", "57.2865593590805", " 62.551836362278", " 49.9088511451808", " 38.4570536347511", " 71.9817510578048", "1.379", " 2.269", " 1.059", " 0.763", " 0.467", "0.46", " 1.18", " 0.08", " -0.39", " -1.10", "0.958185400935592", " 0.183076468334781", " 0.938019006203911", " 0.813331154547655", " 0.0423514678631522", "0.999999999876955", " 0.485734676102107", " 0.999999999961495", " 0.999999999989872", " 0.68019456989282", "6.3", "5.1", " 5.1", " 5.1", " 5.1", " 5.5", " 5.1", " 4.7", " 5.5", " 3.3", " 5.5", " 6.2", " 5.8", " 5.5", " 6.2", " ", " 5.5", " 5.5", " 5.1", " 4.1", " 5.5", " 5.5", " 5.5", " 5.5", " 5.1", " 5.5", " 4.8", " 5.6", " 6.0", " 6.0", " 3.3", " 5.6", " 6.3", " 5.6", " 3.6", " 5.5", " 3.6", " 5.5", " 4.8", " 5.5", " 5.8"
"38", "", "False", "LPC 16:0", "C24 H50 N O7 P", "No match", " No results", " Invalid mass", " No match", " No match", "121173.00", "555.35341", "554.34614", "4.352", "119093440.688685", "2", "0", "17", "", "", "86.5", "No matches found", " No matches found", " No matches found", " Multiple matches found", " No matches found", "", "Multiple matches found", "PreferredDDA", "", "[M-H]-1", "47947826.7049513", " 39878386.5739931", " 43211242.1118322", " 32753960.9868236", " 40478826.9186928", "45.7832864849805", " 31.4255850395798", " 41.7129594811296", " 36.2783843158334", " 50.8122146192804", "1.110", " 0.758", " 0.937", " 1.218", " 1.236", "0.15", " -0.40", " -0.09", " 0.28", " 0.31", "0.792519875185716", " 0.939033784983257", " 0.910392532919061", " 0.955543838444224", " 0.999952946670299", "0.999999999876955", " 0.999999999849258", " 0.999999999961495", " 0.999999999989872", " 1", "7.1", "6.2", " 5.5", " 5.1", " 6.2", " 5.1", " 6.2", " 5.5", " 7.0", " 7.1", " 6.0", " 5.2", " 6.0", " 4.4", " 7.1", " 6.0", " 6.7", " 7.1", " 5.8", " 5.5", " 5.5", " 5.5", " 3.9", " 5.1", " 5.8", " 5.8", " 3.7", " 3.3", " 4.1", " 5.6", " 6.7", " 4.1", " 4.8", " 6.3", " 5.8", " 4.7", " 6.2", " 6.0", " 5.5", " 5.1", " 6.2"
"34", "", "False", "8(S)-Hydroxy-(5Z,9E,11Z,14Z)-eicosatetraenoic acid", "C20 H32 O3", "Full match", " Full match", " Full match", " Not the top hit", " Not the top hit", "-0.43", "320.23501", "319.22773", "4.592", "118996437.635945", "72", "5", "3", "75.4", "47.3", "65.4", "Multiple matches found", " No matches found", " No matches found", " No matches found", " No matches found", "", "Multiple matches found", "PreferredDDA", "CO2", "[M-H]-1", "19445185.8388533", " 65393242.905603", " 25689362.2147092", " 100055879.502906", " 49371533.9744016", "34.7535802106934", " 28.5131067218807", " 35.9651116059846", " 16.9961527571304", " 38.9136402579185", "0.757", " 3.895", " 1.922", " 0.654", " 0.493", "-0.40", " 1.96", " 0.94", " -0.61", " -1.02", "0.28779863664041", " 4.96575677436661E-05", " 0.0883468008159829", " 0.195331370312452", " 0.0140282301080266", "0.999999999876955", " 0.000758641353567334", " 0.526593431179477", " 0.999999999989872", " 0.432882240422483", "7.3", "5.6", " 6.3", " ", " 5.4", " ", " 5.2", " ", " ", " 6.5", " 4.9", " 6.5", " 4.6", " 6.1", " ", " 6.8", " 4.9", " ", " ", " 2.9", " 6.3", " 5.2", " 5.2", " ", " 4.1", " ", " 5.8", " ", " 5.1", " 5.1", " 7.3", " 5.5", " ", " 6.6", " 6.0", " 5.6", " 6.0", " 6.0", " 4.4", " 6.0", " 4.1"
"326", "", "False", "", "C5 H5 N3 O7 S", "Full match", " No results", " No results", " No results", " No results", "1.65", "250.98524", "249.97796", "1.190", "114222783.726553", "0", "0", "0", "", "", "", "No matches found", " No matches found", " No matches found", " No matches found", " No matches found", "", "No matches found", "PreferredDDA", "", "[M-H]-1", "104996773.609815", " 113452831.121636", " 79331197.3770012", " 108865716.019409", " 111159486.33742", "", " 1.23239525187671", " 4.22102317598927", " 1.54536302199869", " 2.11365701442457", "1.324", " 1.372", " 1.401", " 1.042", " 1.021", "0.40", " 0.46", " 0.49", " 0.06", " 0.03", "", " 3.7140685653636E-06", " 6.98049670866396E-06", " 0.282067840926525", " 0.83839818769461", "", " 0.00013113519011553", " 0.000351351667669419", " 0.999999999989872", " 1", "6.2", "", " ", " ", " ", " ", " ", " 2.4", " ", " ", " ", " ", " 5.8", " ", " ", " 5.5", " ", " 5.8", " ", " ", " ", " ", " 5.5", " 5.8", " ", " ", " 5.1", " ", " ", " 5.5", " ", " ", " 5.8", " 5.8", " 6.2", " ", " 5.8", " ", " ", " ", " "
"36", "", "False", "9,10-epoxy-11,13-docosadiynoic acid", "C22 H34 O3", "Full match", " No results", " No results", " Not the top hit", " Full match", "-0.35", "346.25067", "345.24339", "4.936", "111381700.327562", "8", "0", "0", "", "", "", "No matches found", " No matches found", " No matches found", " No matches found", " No matches found", "", "Multiple matches found", "PreferredDDA", "", "[M-H]-1", "60779396.5017755", " 55342010.138159", " 38199760.3905165", " 42034294.4511273", " 25928122.9561715", "54.0772571155301", " 53.6818884618756", " 46.9301817584806", " 45.4140315672168", " 46.6174799962667", "1.591", " 1.100", " 0.679", " 1.317", " 0.617", "0.67", " 0.14", " -0.56", " 0.40", " -0.70", "0.383938767776644", " 0.901611882338921", " 0.972234713965769", " 0.992380041341344", " 0.591777356276927", "0.999999999876955", " 0.999999999849258", " 0.999999999961495", " 0.999999999989872", " 1", "6.6", "5.5", " 5.8", " 6.2", " 6.2", " 5.8", " 5.8", " 6.2", " 5.1", " 6.2", " 5.8", " 5.8", " 6.2", " 5.8", " 6.6", " 6.2", " 5.8", " 5.8", " 4.7", " 5.2", " 4.7", " 5.8", " 6.6", " 6.2", " 6.2", " 5.8", " 5.8", " 5.5", " 4.3", " 5.8", " 4.3", " 6.2", " 4.7", " 5.1", " 5.8", " 4.7", " 5.8", " 4.8", " 6.2", " 5.8", " 5.5"
"44", "", "False", "12S-hydroxy-16-heptadecynoic acid", "C17 H30 O3", "Full match", " No results", " No results", " Full match", " Full match", "-0.40", "282.21938", "281.21210", "4.053", "104971471.312991", "5", "0", "0", "", "", "", "No matches found", " No matches found", " No matches found", " No matches found", " No matches found", "", "Multiple matches found", "PreferredDDA", "", "[M-H]-1", "32304542.9824288", " 55929799.5193686", " 26584978.1117892", " 76322735.4739453", " 37519820.6775719", "50.8752755935452", " 40.6270553132074", " 29.9211434615965", " 24.5756465023009", " 33.2415044933704", "1.215", " 2.871", " 1.411", " 0.733", " 0.492", "0.28", " 1.52", " 0.50", " -0.45", " -1.02", "0.999476274987937", " 9.92679217214354E-05", " 0.544443711608745", " 0.517491027506775", " 0.0130054894609091", "0.999999999876955", " 0.00134011694323938", " 0.999999999961495", " 0.999999999989872", " 0.432882240422483", "8.0", "6.2", " 6.6", " 6.6", " 6.0", " 6.6", " 6.2", " 5.8", " 7.0", " 7.0", " 6.2", " 5.8", " 7.0", " 5.8", " 7.0", " 7.0", " 6.6", " 6.6", " 7.2", " 7.6", " 8.0", " 7.6", " 7.2", " 7.8", " 8.0", " 6.1", " 7.2", " 7.2", " 8.0", " 8.0", " 7.2", " 7.6", " 8.0", " 8.0", " 7.1", " 7.5", " 7.1", " 7.5", " 7.5", " 7.1", " 6.7"
"35", "", "False", "11(Z),14(Z)-Eicosadienoic acid", "C20 H36 O2", "Full match", " Full match", " No results", " Not the top hit", " Full match", "-0.24", "308.27146", "307.26418", "7.220", "104604193.682154", "36", "2", "0", "96.5", "9.8", "", "No matches found", " No matches found", " No matches found", " No matches found", " No matches found", "", "Multiple matches found", "PreferredDDA", "", "[M-H]-1", "30200124.650895", " 70833681.5230408", " 29334507.5809048", " 81342122.6012639", " 58063564.4804196", "46.3953051374135", " 19.2084394590365", " 37.6344251585063", " 14.7430106303569", " 27.7007277757764", "1.030", " 2.773", " 1.979", " 0.871", " 0.714", "0.04", " 1.47", " 0.99", " -0.20", " -0.49", "0.999330729138624", " 7.35455099576399E-06", " 0.0351818366349922", " 0.917231778159348", " 0.0630694779096626", "0.999999999876955", " 0.000160749471764556", " 0.282722633237227", " 0.999999999989872", " 0.717790724781398", "9.0", "6.2", " 6.2", " 4.7", " 4.7", " 7.0", " 7.0", " 7.0", " 7.0", " 7.7", " 8.5", " 7.7", " 8.5", " 8.5", " 8.5", " 8.5", " 7.7", " 8.5", " 6.7", " 6.7", " 5.2", " 7.5", " 6.7", " 6.7", " 7.5", " 6.7", " 9.0", " 7.5", " 9.0", " 8.2", " 8.2", " 7.9", " 6.7", " 9.0", " 8.0", " 7.6", " 8.0", " 7.2", " 8.0", " 8.0", " 8.0"
"96", "", "False", "Thromboxane B2", "C20 H34 O6", "Not the top hit", " Full match", " Full match", " Full match", " Not the top hit", "-0.34", "370.23541", "369.22814", "1.616", "101937218.193904", "265", "8", "1", "97.7", "65.7", "74.9", "Single match found", " No matches found", " No matches found", " No matches found", " No matches found", "", "Multiple matches found", "PreferredDDA", "", "[M-H]-1", "42707202.4795073", " 56614947.2290794", " 36311003.416386", " 67596679.2227493", " 55569084.7851538", "50.5695408065407", " 42.096630416043", " 38.8456579196029", " 32.652182329844", " 35.8116340325167", "1.176", " 1.862", " 1.530", " 0.838", " 0.822", "0.23", " 0.90", " 0.61", " -0.26", " -0.28", "0.836463909502983", " 0.0216601674891064", " 0.678063329465682", " 0.700884693055245", " 0.396579874358965", "0.999999999876955", " 0.0974707537009787", " 0.999999999961495", " 0.999999999989872", " 1", "5.6", "3.6", " 3.2", " 3.6", " 2.4", " 3.6", " 2.8", " 4.7", " 3.9", " 3.6", " 3.9", " 3.6", " 3.6", " 5.1", " 3.6", " 3.6", " 4.3", " 3.6", " 2.9", " 3.3", " 3.7", " 3.7", " 3.7", " 5.6", " 3.3", " 4.1", " 3.7", " 4.4", " 4.4", " 3.3", " 5.2", " 3.3", " 5.6", " 2.9", " 4.8", " 4.1", " 4.1", " 3.1", " 2.9", " 2.6", " 4.4"
"69", "", "False", "20-hydroxy Leukotriene B4", "C20 H32 O5", "No match", " Invalid mass", " No match", " No match", " No match", "-51133.88", "334.21434", "333.20711", "2.122", "101621641.013668", "113", "26", "2", "94.9", "97.4", "66.9", "Multiple matches found", " No matches found", " No matches found", " No matches found", " No matches found", "", "Multiple matches found", "PreferredDDA", "CO2", "[M-H]-1", "", " 49979069.7464848", " 39868097.8719585", " 86402885.6435786", " 46889631.9066005", "", " 64.5370883087416", " ", " 24.9095502846993", " 79.4339719156141", "0.000", " 2.167", " 1.176", " 0.578", " 0.543", "-Infinity", " 1.12", " 0.23", " -0.79", " -0.88", "", " ", " ", " 0.702292196972581", " 0.817863552508908", "", " ", " ", " 0.999999999989872", " 1", "6.5", "", " ", " ", " ", " ", " ", " ", " ", " ", " ", " ", " 1.8", " 5.5", " ", " 5.1", " 5.1", " ", " ", " ", " ", " ", " ", " ", " ", " 4.7", " 4.9", " ", " ", " ", " ", " ", " ", " 6.5", " ", " ", " ", " 5.1", " 5.1", " ", " "
"74", "", "False", "11ß-13,14-dihydro-15-keto Prostaglandin F2a", "C20 H34 O5", "Not the top hit", " Full match", " Full match", " Not the top hit", " Not the top hit", "0.09", "354.24066", "353.23338", "2.395", "101100552.068371", "91", "17", "2", "84.0", "9.2", "13.4", "Multiple matches found", " No matches found", " No matches found", " No matches found", " No matches found", "", "Multiple matches found", "PreferredDDA", "", "[M-H]-1", "39181426.7656556", " 44277853.7105386", " 30165688.5742821", " 71210979.3001231", " 28049562.8320799", "57.5308704869009", " 39.8662367834108", " 38.3919285626053", " 33.956696224574", " 31.006635006959", "1.299", " 2.361", " 0.930", " 0.622", " 0.394", "0.38", " 1.24", " -0.10", " -0.69", " -1.34", "0.782363006145584", " 0.00523042721861755", " 0.999327042195033", " 0.299874427800144", " 0.00392860725580457", "0.999999999876955", " 0.0352896596476753", " 0.999999999961495", " 0.999999999989872", " 0.187787426827459", "6.7", "3.6", " 5.5", " 3.6", " 4.1", " 4.3", " 5.8", " 5.1", " 5.8", " 4.4", " 6.0", " 5.2", " 4.8", " 5.6", " 6.3", " 5.2", " 4.4", " 6.3", " 6.3", " 4.8", " 4.4", " 6.0", " 6.0", " 6.1", " 5.6", " 6.0", " 4.4", " 6.3", " 6.7", " 6.3", " 5.2", " 5.2", " 6.3", " 6.3", " 4.1", " 6.3", " 4.8", " 5.0", " 6.3", " 5.6", " 5.2"
"26", "", "False", "Oleic Acid", "C18 H34 O2", "No match", " Invalid mass", " No match", " No match", " No match", "999999.08", "564.51150", "563.50422", "7.101", "97078884.6010345", "10", "3", "2", "97.2", "9.9", "80.9", "No matches found", " No matches found", " No matches found", " Multiple matches found", " No matches found", "", "Multiple matches found", "PreferredDDA", "Fatty_Acid_18:1", "[M-H]-1", "87408547.1869717", " ", " 12678704.616016", " 59514282.7687893", " 10606978.7384548", "", " ", " ", " 89.26322708566", " ", "6.894", " 4.694", " 0.837", " 0.000", " 0.178", "2.79", " 2.23", " -0.26", " -Infinity", " -2.49", "", " ", " ", " ", " ", "", " ", " ", " ", " ", "5.1", "", " ", " ", " ", " 2.0", " ", " ", " ", " ", " ", " ", " ", " ", " ", " ", " ", " ", " ", " ", " ", " ", " 4.8", " ", " ", " ", " ", " 4.7", " ", " ", " 5.1", " ", " ", " ", " ", " 4.5", " ", " ", " ", " ", " "
"43", "", "False", "ascr#26", "C21 H40 O6", "Not the top hit", " No results", " No results", " Full match", " Full match", "0.06", "388.28251", "387.27524", "5.616", "96941799.2536473", "2", "0", "0", "", "", "", "No matches found", " No matches found", " No matches found", " No matches found", " No matches found", "", "Multiple matches found", "PreferredDDA", "", "[M-H]-1", "6323163.2930825", " 2908699.19913964", " 2942680.6512818", " 7558902.75649638", " 3327594.90128487", "56.5673005249685", " 186.68747523336", " 128.305251523435", " 121.7986084012", " 169.185942771252", "2.149", " 2.569", " 1.131", " 0.385", " 0.440", "1.10", " 1.36", " 0.18", " -1.38", " -1.18", "0.999995606616656", " 0.911586580777258", " 0.996811203225059", " 0.742859884441792", " 0.787093360756966", "0.999999999876955", " 0.999999999849258", " 0.999999999961495", " 0.999999999989872", " 1", "7.0", "4.8", " 4.8", " 4.5", " 5.2", " ", " 5.4", " 6.7", " 5.2", " 3.1", " 6.6", " 7.0", " 0.8", " 5.0", " 3.6", " 2.6", " 3.6", " 4.8", " 5.0", " 4.6", " 5.5", " 5.0", " 4.0", " 5.2", " 5.5", " 5.5", " 4.1", " 5.5", " 3.7", " 5.8", " 4.8", " 2.5", " 6.0", " 5.2", " 2.3", " ", " 4.6", " 6.1", " 4.6", " 5.0", " 5.8"
"48", "", "False", "3-dehydroecdysone", "C27 H42 O6", "Not the top hit", " No results", " No results", " Not the top hit", " Full match", "0.16", "462.29821", "461.29093", "5.714", "94591114.3107678", "8", "0", "0", "", "", "", "No matches found", " No matches found", " No matches found", " No matches found", " No matches found", "", "Multiple matches found", "PreferredDDA", "", "[M-H]-1", "3703925.74926345", " 21817451.5006522", " 2331683.88756773", " 33614083.766702", " 13625164.3430064", "64.0429305535792", " 47.4928205561106", " 101.246815049967", " 71.385157165441", " 76.6626663917862", "1.589", " 14.416", " 5.843", " 0.649", " 0.405", "0.67", " 3.85", " 2.55", " -0.62", " -1.30", "0.990589976656071", " 6.35415610628076E-06", " 0.031721475148663", " 0.865811833059902", " 0.0624990482455693", "0.999999999876955", " 0.000147693784771796", " 0.271128834761214", " 0.999999999989872", " 0.717790724781398", "7.0", "3.6", " 6.0", " 6.0", " 6.1", " 6.0", " 4.2", " 3.9", " 5.8", " 4.7", " 6.6", " 6.6", " 6.4", " 6.6", " 7.0", " 7.0", " 6.2", " 6.4", " 3.9", " 4.8", " 3.1", " 4.2", " 3.9", " 3.8", " 6.2", " 4.8", " 6.0", " 6.6", " 5.1", " 4.7", " 7.0", " 6.6", " 7.0", " 5.1", " 6.6", " 5.4", " 6.4", " 4.6", " 4.7", " 5.2", " 6.2"
"75", "", "False", "(+/-)12-HpETE", "C20 H32 O4", "Full match", " Full match", " Full match", " Not the top hit", " Not the top hit", "0.15", "336.23011", "335.22283", "4.141", "82332545.5029506", "78", "1", "5", "67.5", "66.5", "39.3", "Multiple matches found", " No matches found", " No matches found", " Single match found", " No matches found", "", "Multiple matches found", "PreferredDDA", "", "[M-H]-1", "23771933.0336964", " 66155025.8133323", " 23726523.9614456", " 67413212.478712", " 45117764.8714019", "41.7863906737816", " 35.1427895880032", " 32.768667192683", " 19.6665576859776", " 36.9600002410124", "1.002", " 2.841", " 1.902", " 0.981", " 0.669", "0.00", " 1.51", " 0.93", " -0.03", " -0.58", "0.999938917854426", " 0.00168176054791547", " 0.236035376146516", " 0.980937800601137", " 0.17764065969052", "0.999999999876955", " 0.0145646809715698", " 0.862290527373964", " 0.999999999989872", " 1", "6.7", "5.1", " 5.8", " ", " 4.1", " ", " ", " 6.2", " 4.7", " 4.4", " 6.3", " ", " 6.3", " 5.6", " 5.2", " 4.4", " 6.3", " 3.7", " 6.0", " 5.2", " 6.1", " 6.0", " 5.2", " 2.2", " 6.3", " 4.8", " 6.6", " 6.2", " ", " 6.6", " 6.6", " ", " ", " 6.2", " 4.8", " 5.6", " 4.1", " 5.7", " 5.6", " 5.6", " 6.7"
"37", "", "False", "11(Z)-Eicosenoic acid", "C20 H38 O2", "Full match", " Full match", " No results", " Partial match", " Not the top hit", "-0.06", "310.28716", "309.27989", "7.729", "79647194.3402095", "39", "3", "0", "96.8", "9.8", "", "No matches found", " No matches found", " No matches found", " No matches found", " No matches found", "", "Multiple matches found", "PreferredDDA", "", "[M-H]-1", "25104308.6698204", " 43266720.5873996", " 16815804.7905818", " 35504836.0930368", " 21251949.6279057", "50.5658897463441", " 42.6335531412316", " 66.3953333375201", " 26.7887498325373", " 64.568974577746", "1.493", " 2.111", " 1.264", " 1.219", " 0.599", "0.58", " 1.08", " 0.34", " 0.29", " -0.74", "0.951532015733556", " 0.186483464704363", " 0.989714212563823", " 0.990657890486136", " 0.445177525979744", "0.999999999876955", " 0.48875262342461", " 0.999999999961495", " 0.999999999989872", " 1", "8.0", "4.5", " 5.6", " 7.0", " 3.9", " 6.2", " 3.9", " 5.8", " 5.1", " 5.1", " 5.1", " 5.8", " 5.1", " 6.2", " 6.2", " 5.8", " 7.0", " 6.2", " 6.0", " 6.7", " 5.1", " 7.0", " 5.1", " 5.2", " 6.6", " 5.1", " 7.2", " 7.6", " 8.0", " 6.5", " 7.6", " 7.2", " 5.3", " 4.6", " 6.2", " 5.1", " 6.2", " 6.7", " 5.1", " 5.1", " 7.0"
"65", "", "False", "8-iso-13,14-dihydro-15-keto Prostaglandin F2?", "C20 H34 O5", "Not the top hit", " Full match", " Full match", " Not the top hit", " Not the top hit", "-0.03", "354.24061", "353.23334", "2.805", "79272023.6329571", "91", "4", "2", "70.0", "67.0", "8.7", "Multiple matches found", " No matches found", " No matches found", " No matches found", " No matches found", "", "Multiple matches found", "PreferredDDA", "", "[M-H]-1", "46241051.989199", " 42604353.6884189", " 28641212.3232219", " 51177336.7321449", " 21629421.1424665", "59.1969169905412", " 56.635122401681", " 61.279886418374", " 33.7480259008606", " 51.6034286446912", "1.614", " 1.787", " 0.755", " 0.832", " 0.423", "0.69", " 0.84", " -0.41", " -0.26", " -1.24", "0.719925870487164", " 0.235840724040523", " 0.922992303700162", " 0.438928733022335", " 0.0512794406560648", "0.999999999876955", " 0.569741538603159", " 0.999999999961495", " 0.999999999989872", " 0.707779048083497", "7.1", "5.2", " 6.2", " 6.2", " 5.5", " 7.0", " 6.2", " 6.2", " 5.8", " 2.7", " 5.8", " 5.5", " 6.2", " 6.2", " 6.2", " 5.8", " 5.1", " 5.8", " 5.8", " 2.2", " 5.8", " 6.2", " 5.8", " 5.6", " 6.2", " 5.8", " 6.3", " 6.0", " 6.3", " 6.3", " 6.3", " 7.1", " 7.1", " 5.2", " 4.1", " 5.5", " 5.8", " 5.2", " 5.5", " 6.2", " 5.2"
"45", "", "False", "", "C36 H63 N4 O5 P", "Full match", " No results", " No results", " No results", " No results", "-2.14", "662.45219", "661.44491", "4.820", "78863094.2833642", "0", "0", "0", "", "", "", "No matches found", " No matches found", " No matches found", " No matches found", " No matches found", "", "No matches found", "PreferredDDA", "", "[M-H]-1", "45357352.4539737", " 60887130.5888475", " 26161807.8527785", " 66939225.1020167", " 39329244.0346963", "40.7567930078532", " 36.9467402548268", " 41.7256846618595", " 19.1712496830088", " 36.8213589543675", "1.734", " 2.559", " 1.503", " 0.910", " 0.588", "0.79", " 1.36", " 0.59", " -0.14", " -0.77", "0.161350256521911", " 0.000992048925725686", " 0.189509624353618", " 0.618590479798788", " 0.302630044159463", "0.999999999876955", " 0.00901011730615386", " 0.759871791907023", " 0.999999999989872", " 1", "7.3", "5.5", " 4.3", " 3.2", " 6.6", " 4.3", " 4.3", " 3.6", " 4.7", " 6.9", " 4.1", " 4.1", " 3.3", " 5.2", " 4.8", " 4.4", " 6.3", " 4.8", " 3.9", " 4.5", " 6.2", " 4.7", " 6.2", " 5.8", " 6.2", " 3.9", " 6.6", " 5.8", " 3.6", " 7.3", " 5.8", " 5.1", " 3.9", " 3.9", " 7.1", " 5.2", " 7.1", " 6.3", " 5.6", " 6.0", " 4.8"
"86", "", "False", "(15Z)-9,12,13-Trihydroxy-15-octadecenoic acid", "C18 H34 O5", "Full match", " Full match", " No results", " Partial match", " Partial match", "-0.04", "330.24061", "329.23334", "1.799", "78711824.966542", "28", "1", "0", "90.4", "52.2", "", "No matches found", " No matches found", " No matches found", " No matches found", " No matches found", "", "Multiple matches found", "PreferredDDA", "", "[M-H]-1", "20034309.5389839", " 20063341.9104275", " 28584141.4834614", " 30240993.7374456", " 16555249.6042225", "77.8056269855962", " 55.780974235623", " 61.8048514221253", " 35.1391149019042", " 44.9038002884955", "0.701", " 1.058", " 0.579", " 0.663", " 0.547", "-0.51", " 0.08", " -0.79", " -0.59", " -0.87", "0.688134310337039", " 0.999446125778331", " 0.302087834193169", " 0.455839333196133", " 0.210343225885029", "0.999999999876955", " 0.999999999849258", " 0.919879674422995", " 0.999999999989872", " 1", "6.3", "3.7", " 5.8", " 5.8", " 4.5", " 5.5", " 5.5", " 5.8", " 5.5", " 4.5", " 4.7", " 4.7", " 5.1", " 6.2", " 3.9", " 5.5", " 4.1", " 5.6", " 5.5", " 5.8", " 5.1", " 5.5", " 5.8", " 5.1", " 5.8", " 5.5", " 6.3", " 6.0", " 4.8", " 5.2", " 5.2", " 6.3", " 4.4", " 5.6", " 4.7", " 4.7", " 5.8", " 4.5", " 4.7", " 5.1", " 5.1"
"31", "", "False", "Thromboxane B2", "C20 H34 O6", "Not the top hit", " Full match", " Full match", " Full match", " Not the top hit", "-0.28", "370.23544", "369.22809", "1.979", "75308778.5675814", "265", "2", "1", "97.5", "65.4", "74.7", "Single match found", " No matches found", " No matches found", " No matches found", " No matches found", "", "Multiple matches found", "PreferredDDA", "", "[M-H]-1", "32209016.8242522", " 41445995.2265906", " 25541129.3751592", " 54642976.1401154", " 43478185.7278206", "50.5915706201096", " 40.4481901861321", " 39.5229287869967", " 27.8583817243482", " 36.7838406485711", "1.261", " 2.139", " 1.702", " 0.758", " 0.796", "0.33", " 1.10", " 0.77", " -0.40", " -0.33", "0.767016920682849", " 0.00427428603510194", " 0.346995232877623", " 0.665973932660471", " 0.374654028436643", "0.999999999876955", " 0.0306546451579967", " 0.976328201823373", " 0.999999999989872", " 1", "6.8", "3.9", " 5.1", " 5.5", " 4.8", " 5.5", " 4.7", " 5.1", " 3.9", " 4.7", " 4.7", " 5.5", " 5.1", " 3.6", " 4.7", " 2.8", " 5.1", " 5.1", " 5.6", " 5.2", " 5.6", " 6.3", " 5.0", " 4.6", " 5.2", " 4.4", " 6.8", " 6.1", " 6.5", " 6.5", " 6.8", " 6.5", " 5.7", " 5.3", " 5.6", " 4.8", " 6.0", " 3.8", " 4.8", " 4.8", " 5.2"
"49", "", "False", "trans-10-Heptadecenoic acid", "C17 H32 O2", "Full match", " Full match", " No results", " Not the top hit", " Not the top hit", "-0.33", "268.24014", "267.23287", "6.722", "75232252.2897132", "51", "2", "0", "97.1", "9.9", "", "No matches found", " No matches found", " No matches found", " No matches found", " No matches found", "", "Multiple matches found", "PreferredDDA", "", "[M-H]-1", "18819699.3315175", " 13463377.4745504", " 23745994.7541338", " 21182868.9245082", " 14556941.0227108", "60.1440595703972", " 66.1627189693208", " 69.4688883713635", " 55.1727635503533", " 75.700527608845", "0.793", " 0.892", " 0.613", " 0.636", " 0.687", "-0.34", " -0.16", " -0.71", " -0.65", " -0.54", "0.68648960687209", " 0.992068947178867", " 0.457795167562809", " 0.767604669864174", " 0.717012921261801", "0.999999999876955", " 0.999999999849258", " 0.999999999961495", " 0.999999999989872", " 1", "6.7", "6.0", " 3.7", " 5.8", " 6.6", " 4.7", " 6.4", " 6.6", " 6.6", " 6.4", " 6.2", " 5.5", " 6.0", " 6.4", " 3.6", " 6.2", " 4.5", " 6.7", " 4.3", " 4.7", " 5.8", " 6.6", " 6.6", " 4.5", " 5.1", " 6.2", " 6.6", " 6.6", " 6.6", " 6.2", " 6.6", " 6.2", " 6.6", " 6.6", " 5.5", " 4.1", " 5.8", " 6.4", " 4.7", " 6.2", " 4.7"
"25", "", "False", "", "C34 H69 N2 O3 P", "Invalid mass", " No results", " No results", " No results", " No results", "-5.27", "584.50150", "583.49422", "6.334", "72590785.5035108", "0", "0", "0", "", "", "", "No matches found", " No matches found", " No matches found", " No matches found", " No matches found", "", "No matches found", "PreferredDDA", "", "[M-H]-1", "12225256.9882938", " 6189445.80121267", " 22288655.128024", " 9211992.11735351", " 7462000.24713392", "95.9091819459377", " 149.040524642971", " 97.433072946567", " 93.7296328132937", " 128.431430210057", "0.548", " 0.413", " 0.335", " 0.672", " 0.810", "-0.87", " -1.27", " -1.58", " -0.57", " -0.30", "0.99577565851283", " 0.999910142613583", " 0.945015482993833", " 0.88262509871284", " 0.878171607036224", "0.999999999876955", " 0.999999999849258", " 0.999999999961495", " 0.999999999989872", " 1", "7.0", "", " 5.0", " 4.8", " 6.6", " 4.3", " ", " 6.6", " 1.2", " 5.4", " 6.2", " 7.0", " 5.4", " 6.0", " 5.6", " 5.6", " 6.0", " 2.6", " ", " 3.5", " 7.0", " 3.1", " 3.9", " ", " 5.1", " 7.0", " 5.6", " 4.7", " 6.4", " 6.6", " 5.6", " 3.0", " 5.8", " 5.6", " 5.6", " 3.5", " 5.2", " 2.7", " 6.4", " 6.0", " 7.0"
"54", "", "False", "ethyl 3-cyano-2-hydroxy-6-phenylisonicotinate", "C15 H12 N2 O3", "No match", " Invalid mass", " No results", " No match", " No results", "-15.18", "268.08072", "267.07345", "0.566", "71975193.3374491", "2", "1", "0", "60.9", "8.0", "", "No matches found", " No matches found", " No matches found", " No matches found", " No matches found", "", "No matches found", "PreferredDDA", "", "[M-H]-1", "14641222.643632", " 26189473.032623", " 10367044.1763283", " 23920136.1708602", " 23536138.7398546", "76.2487047841549", " 56.4279343124329", " 79.5509058108996", " 29.6216721679539", " 42.8091859512668", "1.412", " 2.307", " 2.270", " 1.095", " 0.984", "0.50", " 1.21", " 1.18", " 0.13", " -0.02", "0.478687980474655", " 0.0324802328010445", " 0.390190940215792", " 0.991166997224852", " 0.776616217224235", "0.999999999876955", " 0.132007237065588", " 0.999999999961495", " 0.999999999989872", " 1", "7.2", "6.0", " 6.4", " 6.7", " 6.0", " 6.2", " 6.2", " 6.2", " 6.2", " 6.2", " 6.2", " 6.2", " 6.2", " 6.2", " 6.2", " 6.2", " 6.2", " 5.8", " 5.2", " 6.2", " 6.0", " 6.4", " 6.1", " 6.4", " 7.0", " 6.2", " 7.2", " 7.2", " 7.2", " 7.2", " 7.2", " 7.2", " 7.2", " 7.2", " 6.2", " 6.4", " 6.2", " 4.6", " 6.2", " 6.2", " 6.2"
"55", "", "False", "LPC 20:4", "C28 H50 N O7 P", "No match", " No results", " Invalid mass", " No results", " No results", "110468.88", "603.35382", "602.34654", "3.919", "68949133.2768684", "0", "0", "5", "", "", "80.9", "No matches found", " No matches found", " No matches found", " Multiple matches found", " No matches found", "", "No matches found", "PreferredDDA", "", "[M-H]-1", "21133187.6510638", " 19466916.4221562", " 16555540.0448234", " 26661002.2813234", " 23723129.1080839", "57.6836605773457", " 35.0552088569138", " 91.0876279435037", " 53.0715149181961", " 50.4131712710069", "1.277", " 1.610", " 1.433", " 0.730", " 0.890", "0.35", " 0.69", " 0.52", " -0.45", " -0.17", "0.756519848132663", " 0.238528281766662", " 0.925353736089884", " 0.844615531070829", " 0.735708783686309", "0.999999999876955", " 0.573217179742921", " 0.999999999961495", " 0.999999999989872", " 1", "7.5", "6.6", " 6.2", " 6.4", " 5.2", " 6.2", " 5.8", " 6.6", " 6.2", " 7.5", " 6.0", " 6.7", " 6.3", " 7.5", " 6.3", " 6.3", " 6.7", " 6.0", " 5.1", " 7.0", " 6.0", " 7.0", " 4.5", " 5.6", " 5.1", " 6.6", " 5.1", " 6.6", " 6.6", " 6.2", " 7.0", " 6.6", " 6.6", " 6.6", " 6.2", " 6.0", " 7.0", " 6.1", " 5.5", " 5.8", " 6.2"
"50", "", "False", "", "C40 H64 N4 O2", "Full match", " No results", " No results", " No results", " No results", "-2.20", "632.50154", "631.49426", "6.003", "67049005.5126191", "0", "0", "0", "", "", "", "No matches found", " No matches found", " No matches found", " No matches found", " No matches found", "", "No matches found", "PreferredDDA", "", "[M-H]-1", "3676866.31297068", " 1505470.84349493", " 3355285.93662371", " 5718358.99198652", " 1710740.76155398", "154.210252363096", " 183.747727369497", " 141.495606878086", " 108.679384781352", " 194.652117879605", "1.096", " 1.704", " 0.510", " 0.263", " 0.299", "0.13", " 0.77", " -0.97", " -1.93", " -1.74", "0.995574998127195", " 0.975416622325462", " 0.916421938377572", " 0.387858326493205", " 0.64566521262724", "0.999999999876955", " 0.999999999849258", " 0.999999999961495", " 0.999999999989872", " 1", "6.4", "5.7", " 3.3", " 3.9", " 6.4", " 4.3", " 5.8", " 5.2", " 2.1", " 2.1", " 3.9", " 4.7", " 1.1", " 1.7", " 0.6", " 3.9", " 2.7", " 0.6", " 0.6", " 5.4", " 2.4", " 3.3", " 1.5", " ", " 4.3", " 3.6", " 5.2", " 3.9", " 2.0", " 4.7", " 6.0", " ", " 1.8", " 4.5", " 0.6", " ", " 2.7", " ", " 1.7", " 2.1", " 3.2"
"57", "", "False", "FAHFA 2:0/18:3", "C20 H32 O4", "Full match", " No results", " Full match", " Partial match", " Partial match", "-0.17", "336.23000", "317.21216", "4.963", "66964370.7668339", "78", "0", "5", "", "", "3.9", "Multiple matches found", " No matches found", " No matches found", " Single match found", " No matches found", "", "Multiple matches found", "PreferredDDA", "", "[M-H-H2O]-1", "", " 54105445.0050041", " ", " 38337339.3137063", " 45563583.7913194", "", " ", " ", " ", " 66.4242815596876", "", " Infinity", " Infinity", " 1.411", " 1.188", "", " Infinity", " Infinity", " 0.50", " 0.25", "", " ", " ", " ", " ", "", " ", " ", " ", " ", "6.6", "", " ", " ", " ", " ", " ", " ", " ", " ", " ", " ", " ", " ", " ", " ", " ", " 6.2", " ", " ", " ", " ", " ", " ", " ", " ", " ", " ", " ", " ", " ", " ", " 6.2", " ", " 6.6", " ", " ", " ", " 5.5", " ", " "
"71", "", "False", "LPC 18:2", "C26 H50 N O7 P", "No match", " No results", " Invalid mass", " No match", " No match", "115573.30", "579.35346", "578.34618", "3.887", "66257288.8293311", "2", "0", "5", "", "", "81.3", "No matches found", " No matches found", " No matches found", " Multiple matches found", " No matches found", "", "Single match found", "PreferredDDA", "", "[M-H]-1", "11742161.7199428", " 14007826.5080037", " 10597419.347774", " 22661276.2362292", " 26347098.1759499", "65.6976896471735", " 40.9960208268338", " 113.626091019279", " 44.9774827828143", " 57.598424695975", "1.108", " 2.138", " 2.486", " 0.618", " 1.163", "0.15", " 1.10", " 1.31", " -0.69", " 0.22", "0.999999990243255", " 0.189808654506959", " 0.765109668489714", " 0.685274322059141", " 0.859409834038864", "0.999999999876955", " 0.492215663382454", " 0.999999999961495", " 0.999999999989872", " 1", "6.6", "5.5", " 3.7", " 4.8", " 3.3", " 5.5", " 5.1", " 5.2", " 5.5", " 5.5", " 4.3", " 3.0", " 5.2", " 5.2", " 5.1", " 5.5", " 4.1", " 5.1", " 5.2", " 6.6", " 5.2", " 5.2", " 5.2", " 4.8", " 5.1", " 5.5", " 5.1", " 5.5", " 5.5", " 5.5", " 3.9", " 5.5", " 3.9", " 5.8", " 5.1", " 4.8", " 4.7", " 5.0", " 3.9", " 5.5", " 5.5"
"105", "", "False", "8-iso Prostaglandin A2", "C20 H30 O4", "No match", " Invalid mass", " No results", " No match", " No match", "-53889.82", "316.20365", "315.19638", "2.111", "65857662.5618115", "53", "14", "0", "95.5", "62.6", "", "No matches found", " No matches found", " No matches found", " No matches found", " No matches found", "", "Multiple matches found", "PreferredDDA", "CO2", "[M-H]-1", "28803097.9562131", " 56033756.8460781", " 31488066.9480936", " 46163097.0317704", " 43716436.7411351", "50.930467581761", " 48.6882641398684", " 48.8950823521229", " 30.3798420151219", " 23.7099488641621", "0.915", " 1.466", " 1.388", " 1.214", " 0.947", "-0.13", " 0.55", " 0.47", " 0.28", " -0.08", "0.867207678318115", " 0.1773757539794", " 0.266110855418087", " 0.988008842980045", " 0.999956548625553", "0.999999999876955", " 0.476113865944705", " 0.873537808002851", " 0.999999999989872", " 1", "6.8", "5.1", " 5.8", " 6.2", " 6.4", " 4.7", " 5.5", " 6.2", " 5.1", " 5.2", " 4.3", " 4.7", " 4.3", " ", " 5.5", " ", " 3.9", " 5.8", " 5.1", " 4.7", " 5.5", " 5.5", " 4.1", " 5.2", " 6.2", " ", " ", " 5.6", " 6.3", " 6.3", " 6.3", " 6.3", " 5.6", " ", " 6.5", " 6.8", " 5.7", " ", " ", " 6.8", " 5.7"
"52", "", "False", "4,7,10-hexadecatrienoic acid", "C16 H26 O2", "Full match", " No results", " No results", " Not the top hit", " Full match", "-1.04", "250.19302", "249.18574", "5.425", "64591408.8986102", "21", "0", "0", "", "", "", "No matches found", " No matches found", " No matches found", " No matches found", " No matches found", "", "Multiple matches found", "PreferredDDA", "CO2", "[M-H]-1", "9684359.69647567", " 36711748.1988183", " 6099541.27307259", " 45444990.6719906", " 27833193.9649223", "107.810181396338", " 49.2958384786919", " 63.5061209064643", " 25.5724773510801", " 30.5122897541925", "1.588", " 7.451", " 4.563", " 0.808", " 0.612", "0.67", " 2.90", " 2.19", " -0.31", " -0.71", "0.31602887906902", " 1.46881176321667E-06", " 0.00173101183971947", " 0.809623936853887", " 0.198276018278112", "0.999999999876955", " 8.42730749145565E-05", " 0.0339140066405297", " 0.999999999989872", " 1", "8.0", "6.4", " 6.7", " 5.5", " 4.8", " 6.2", " 4.8", " 6.0", " 6.4", " 6.6", " 7.0", " 7.0", " ", " 6.6", " ", " 7.0", " 6.2", " 6.0", " 5.4", " 6.7", " 5.2", " 6.4", " 6.4", " 5.9", " 7.0", " 7.0", " 8.0", " 8.0", " 7.2", " 7.2", " 8.0", " 6.8", " 6.8", " 8.0", " 6.7", " 7.5", " 7.5", " 6.5", " 7.5", " 7.5", " 6.7"
"78", "", "False", "4-Dodecylbenzenesulfonic acid", "C18 H30 O3 S", "Not the top hit", " Full match", " No results", " No results", " No results", "-0.26", "326.19148", "325.18420", "7.777", "64524629.0406885", "0", "3", "0", "99.6", "10.0", "", "No matches found", " No matches found", " No matches found", " No matches found", " No matches found", "", "No matches found", "PreferredDDA", "", "[M-H]-1", "", " 34192380.441673", " 10027524.2803604", " 35047583.4531702", " 10979242.5628657", "", " 42.3912904858972", " 95.8294888446722", " 20.9942077046282", " 67.752277740978", "0.000", " 3.495", " 1.095", " 0.976", " 0.313", "-Infinity", " 1.81", " 0.13", " -0.04", " -1.67", "", " 0.00496853586524604", " 0.738958310010446", " 0.998157342275929", " 0.00289608065576807", "", " 0.0350855071099682", " 0.999999999961495", " 0.999999999989872", " 0.162812484293155", "4.6", "", " ", " ", " ", " ", " ", " ", " ", " 3.2", " 3.9", " 2.8", " 3.9", " 3.9", " 3.6", " 3.2", " 3.6", " 4.1", " ", " ", " 3.6", " 3.5", " ", " ", " ", " ", " 4.6", " 4.2", " 4.2", " 4.2", " 4.6", " 4.2", " 4.6", " 4.6", " 4.1", " 2.8", " 1.4", " ", " 1.1", " 1.4", " 1.1"
"70", "", "False", "Uridine", "C9 H12 N2 O6", "Full match", " No results", " No results", " Full match", " No results", "-1.33", "244.06921", "243.06193", "0.564", "61467068.4907232", "3", "0", "0", "", "", "", "No matches found", " No matches found", " No matches found", " No matches found", " No matches found", "", "No matches found", "PreferredDDA", "", "[M-H]-1", "31507091.9933209", " 11173686.7677086", " 28012052.1014004", " 9607603.76763477", " 12305508.8349982", "44.767508241611", " 49.3185460628466", " 50.2837544757927", " 86.5053162888151", " 46.9026090929373", "1.125", " 0.343", " 0.439", " 1.163", " 1.281", "0.17", " -1.54", " -1.19", " 0.22", " 0.36", "0.878408201223175", " 0.14570322988719", " 0.0297844879973607", " 0.999822736106709", " 0.92989832070947", "0.999999999876955", " 0.405319894049819", " 0.259468712746238", " 0.999999999989872", " 1", "7.0", "6.2", " 6.2", " 6.2", " 5.8", " 7.0", " 6.2", " 6.2", " 6.6", " 5.6", " 5.8", " 5.6", " 6.0", " 6.2", " 6.2", " 5.1", " 6.0", " 5.2", " 6.2", " 6.2", " 6.2", " 6.2", " 6.4", " 6.0", " 6.6", " 6.2", " 6.2", " 6.2", " 6.0", " 5.6", " 5.2", " 5.6", " 6.0", " 6.4", " 5.8", " 6.4", " 6.2", " 5.0", " 6.4", " 6.0", " 5.6"
"176", "", "False", "(15Z)-9,12,13-Trihydroxy-15-octadecenoic acid", "C18 H34 O5", "Full match", " Full match", " No results", " Partial match", " Partial match", "-0.06", "330.24060", "329.23333", "2.221", "60486678.8845247", "28", "1", "0", "84.1", "49.7", "", "No matches found", " No matches found", " No matches found", " No matches found", " No matches found", "", "Multiple matches found", "PreferredDDA", "", "[M-H]-1", "16112537.7081214", " 21507618.3718069", " 23635403.2228634", " 29341693.5129803", " 10334296.5348238", "71.1903663936947", " 49.2378300273428", " 56.817055642549", " 44.5685351250658", " 64.1759056593133", "0.682", " 1.241", " 0.437", " 0.733", " 0.352", "-0.55", " 0.31", " -1.19", " -0.45", " -1.51", "0.803905134487754", " 0.974348907542432", " 0.159130716787374", " 0.72113750235642", " 0.0460902810474882", "0.999999999876955", " 0.999999999849258", " 0.702290791176125", " 0.999999999989872", " 0.688473573146856", "5.5", "2.6", " 2.6", " 3.3", " 3.0", " 3.9", " 3.9", " 3.6", " 3.6", " 5.5", " 3.9", " 3.2", " 3.9", " 3.2", " 2.4", " 3.2", " 3.0", " 2.2", " 4.3", " 3.2", " 4.1", " 3.9", " 4.7", " 3.6", " 3.6", " 5.5", " 5.1", " 3.9", " 4.3", " 3.6", " 3.6", " 3.9", " 3.3", " 3.6", " 3.7", " 3.7", " 5.1", " 2.2", " 3.7", " 4.3", " 3.0"
"60", "", "False", "methyl 9,10-epoxy-12,15-octadecadienoate", "C19 H32 O3", "Full match", " No results", " No results", " Not the top hit", " Full match", "-0.26", "308.23506", "307.22779", "4.519", "60421499.0404824", "10", "0", "0", "", "", "", "No matches found", " No matches found", " No matches found", " No matches found", " No matches found", "", "Multiple matches found", "PreferredDDA", "", "[M-H]-1", "32936896.6165285", " 28033842.0888573", " 20034561.9982418", " 29319045.1977238", " 15870116.7982115", "44.2321067850537", " 50.5741269806604", " 29.6906768954227", " 27.7857179412408", " 48.0996607568951", "1.644", " 1.463", " 0.792", " 0.956", " 0.541", "0.72", " 0.55", " -0.34", " -0.06", " -0.89", "0.382027746370936", " 0.534541125002361", " 0.96407951236826", " 0.999999521711286", " 0.218444553545197", "0.999999999876955", " 0.993337556178476", " 0.999999999961495", " 0.999999999989872", " 1", "8.0", "6.6", " 2.8", " 6.6", " 5.2", " 7.0", " 5.5", " 6.2", " 6.2", " 6.4", " 5.1", " 6.6", " 6.2", " 5.8", " 6.6", " 7.0", " 7.0", " 5.5", " 7.2", " 6.8", " 7.4", " 7.6", " 8.0", " 7.0", " 6.5", " 7.6", " 6.1", " 6.2", " 6.5", " 6.1", " 7.6", " 7.6", " 7.6", " 7.2", " 4.8", " 6.2", " 6.6", " 6.4", " 6.6", " 6.2", " 6.6"
"56", "", "False", "9,10-epoxy-11,13-docosadiynoic acid", "C22 H34 O3", "Full match", " No results", " No results", " Not the top hit", " Full match", "-0.23", "346.25072", "345.24344", "5.200", "60042580.6764388", "8", "0", "0", "", "", "", "No matches found", " No matches found", " No matches found", " No matches found", " No matches found", "", "Multiple matches found", "PreferredDDA", "CO2", "[M-H]-1", "34945105.3196703", " 45432197.5693986", " 15176473.0991692", " 28737123.2545701", " 14828635.0025654", "49.8366833343773", " 57.7368307739766", " 46.2762573784539", " 46.233178086355", " 54.2272690113665", "2.303", " 1.894", " 0.977", " 1.581", " 0.516", "1.20", " 0.92", " -0.03", " 0.66", " -0.95", "0.208747590496601", " 0.0856725834869062", " 0.999999909952874", " 0.994044428057431", " 0.0983293924584071", "0.999999999876955", " 0.27104645562657", " 0.999999999961495", " 0.999999999989872", " 0.886819803681483", "6.6", "5.5", " 6.6", " 5.8", " 6.4", " 5.8", " 6.6", " 5.8", " 5.8", " 4.1", " 6.2", " 6.6", " 5.8", " 5.8", " 6.6", " 6.6", " 6.2", " 5.5", " 6.4", " 5.6", " 6.0", " 6.2", " 5.5", " 5.6", " 5.8", " 5.1", " 4.7", " 5.5", " 6.6", " 5.1", " 6.6", " 6.6", " 5.8", " 6.2", " 5.6", " 5.5", " 5.5", " 5.2", " 5.8", " 6.2", " 5.8"
"46", "", "False", "4-Dodecylbenzenesulfonic acid", "C18 H30 O3 S", "Full match", " Full match", " No results", " No results", " No results", "-0.08", "326.19154", "325.18426", "8.867", "58495280.3316598", "0", "3", "0", "97.2", "9.9", "", "No matches found", " No matches found", " No matches found", " No matches found", " No matches found", "", "No matches found", "PreferredDDA", "", "[M-H]-1", "9495509.89301151", " 1366325.16704961", " 12790238.4151591", " 1933622.80822267", " 742897.871110543", "35.3076220823303", " 33.8889969085025", " 104.524964669534", " 42.6944303353344", " 12.0267294523717", "0.742", " 0.151", " 0.058", " 0.707", " 0.384", "-0.43", " -2.73", " -4.11", " -0.50", " -1.38", "0.686001533257934", " 1.02499541387857E-06", " 1.452867661067E-06", " 0.271530143113444", " 0.128015323047771", "0.999999999876955", " 6.72104135671806E-05", " 0.000164537262615838", " 0.999999999989872", " 0.960192670412619", "7.2", "6.9", " 7.1", " 7.2", " 5.0", " 6.9", " 6.9", " 6.6", " 6.5", " 6.0", " 4.5", " 4.9", " 2.8", " 4.5", " 3.9", " ", " ", " 5.1", " 3.9", " 4.5", " 6.0", " 5.2", " 5.5", " 5.6", " 5.6", " 5.8", " 4.8", " 5.8", " 5.4", " 4.6", " 5.5", " 5.5", " 5.2", " 4.9", " 5.1", " ", " ", " ", " ", " ", " 3.9"
"59", "", "False", "3beta-(3-methyl-butanoyloxy)-villanovane-13alpha,17-diol", "C25 H42 O6", "Not the top hit", " No results", " No results", " Full match", " Full match", "-0.24", "438.29803", "437.29076", "5.837", "56972800.3516702", "1", "0", "0", "", "", "", "No matches found", " No matches found", " No matches found", " No matches found", " No matches found", "", "Single match found", "PreferredDDA", "", "[M-H]-1", "8859031.95400703", " 13767271.8152321", " 6622492.00094365", " 20951604.7508367", " 10881538.7702967", "60.7620095169026", " 40.8979499939666", " 71.2550553472522", " 58.5004831252231", " 75.0093166209737", "1.338", " 3.164", " 1.643", " 0.657", " 0.519", "0.42", " 1.66", " 0.72", " -0.61", " -0.95", "0.97246082610457", " 0.00947397221488111", " 0.999987511823844", " 0.426453002798039", " 0.010392865837515", "0.999999999876955", " 0.0523922077907281", " 0.999999999961495", " 0.999999999989872", " 0.413982489194347", "6.7", "3.1", " 4.8", " 5.5", " 6.4", " 6.2", " 4.8", " 5.6", " 6.4", " 5.8", " 6.6", " 6.6", " 4.8", " 6.7", " 5.5", " 6.0", " 4.8", " 5.6", " 4.6", " 4.8", " 4.1", " 6.4", " 6.4", " 5.4", " 6.6", " 5.8", " 6.4", " 5.5", " 6.2", " 5.8", " 5.5", " 6.0", " 6.2", " 6.2", " 6.4", " 5.8", " 6.0", " 4.6", " 6.4", " 5.2", " 5.5"
"112", "", "False", "Prostaglandin E2", "C20 H32 O5", "Full match", " No results", " Full match", " Partial match", " Partial match", "0.05", "352.22499", "351.21772", "2.393", "56585827.7087614", "197", "0", "6", "", "", "27.6", "Multiple matches found", " No matches found", " No matches found", " No matches found", " No matches found", "", "Multiple matches found", "PreferredDDA", "", "[M-H]-1", "26483517.4748727", " 37322826.3548388", " 15816737.8454003", " 46757655.8670864", " 22470329.7434187", "55.5524039550332", " 37.0513370448742", " 55.0065014176113", " 35.0968464068133", " 38.8851400646998", "1.674", " 2.956", " 1.421", " 0.798", " 0.481", "0.74", " 1.56", " 0.51", " -0.33", " -1.06", "0.623081315242234", " 0.0639584177920006", " 0.951803895235106", " 0.917933294963836", " 0.310348409157791", "0.999999999876955", " 0.220728674936303", " 0.999999999961495", " 0.999999999989872", " 1", "6.0", "", " ", " 5.1", " 1.8", " 5.5", " 3.9", " ", " 3.6", " ", " 5.2", " 5.2", " 5.2", " 4.8", " 4.4", " 4.4", " 6.0", " 5.6", " 3.6", " ", " ", " 3.6", " 1.8", " 1.8", " ", " 2.4", " 3.7", " ", " ", " 5.2", " 5.6", " ", " 2.9", " 5.6", " 6.0", " ", " ", " 3.8", " 5.2", " ", " 5.6"
"66", "", "False", "LPE 20:4", "C25 H44 N O7 P", "Not the top hit", " No results", " Full match", " Not the top hit", " Partial match", "0.12", "501.28560", "500.27832", "3.893", "55171503.2126995", "6", "0", "1", "", "", "74.3", "No matches found", " No matches found", " No matches found", " Single match found", " No matches found", "", "Multiple matches found", "PreferredDDA", "Fatty_Acid_20:4", "[M-H]-1", "13638479.19431", " 7916845.61898951", " 13387787.5109345", " 11565997.317574", " 10431073.0444638", "67.5953369563912", " 74.1229912611332", " 43.5545958220132", " 89.0546186061768", " 91.8864768287424", "1.019", " 0.864", " 0.779", " 0.684", " 0.902", "0.03", " -0.21", " -0.36", " -0.55", " -0.15", "0.998941922840042", " 0.987638643202791", " 0.999976169447996", " 0.4925685830309", " 0.995596548922572", "0.999999999876955", " 0.999999999849258", " 0.999999999961495", " 0.999999999989872", " 1", "6.6", "5.8", " 5.6", " 4.1", " 5.8", " 6.0", " 6.4", " 6.6", " 5.1", " 6.0", " 6.2", " 2.7", " 5.2", " 5.6", " 3.0", " 6.0", " 3.3", " 5.6", " 6.4", " 3.9", " 6.4", " 6.2", " 5.4", " 6.4", " 6.6", " 6.2", " 6.6", " 5.2", " 4.8", " 6.0", " 5.1", " 4.8", " 5.6", " 5.6", " 6.6", " 6.0", " 4.8", " 5.0", " 6.2", " 6.0", " 4.8"
"85", "", "False", "(+/-)12-HpETE", "C20 H32 O4", "No match", " Invalid mass", " No results", " No match", " No match", "-53566.50", "318.21939", "317.21212", "4.972", "53986323.7794669", "68", "7", "0", "90.8", "24.6", "", "No matches found", " No matches found", " No matches found", " No matches found", " No matches found", "", "Multiple matches found", "PreferredDDA", "CO2", "[M-H]-1", "23986753.9508586", " 29698730.6498875", " 16955883.7101241", " 38171523.8885135", " 23500617.5394182", "47.2817133831409", " 29.4840321857447", " 37.020937980132", " 27.765984165437", " 51.7275695575012", "1.415", " 2.251", " 1.386", " 0.778", " 0.616", "0.50", " 1.17", " 0.47", " -0.36", " -0.70", "0.957279727094983", " 0.0556551379709905", " 0.994771084349597", " 0.803280001341468", " 0.0595344168002421", "0.999999999876955", " 0.198744141120346", " 0.999999999961495", " 0.999999999989872", " 0.714078399527857", "7.6", "6.2", " 5.8", " 5.1", " 6.7", " 5.1", " 5.5", " ", " 6.2", " 7.6", " 5.7", " 6.8", " 6.5", " 5.3", " 6.8", " 4.9", " 6.1", " ", " 6.3", " 6.0", " ", " 7.1", " 6.3", " 7.1", " 6.3", " 6.5", " 6.1", " 6.1", " 6.1", " 6.1", " 6.1", " 6.8", " ", " 5.7", " ", " ", " 4.7", " 5.0", " ", " 6.6", " 5.5"
"68", "", "False", "LPE 22:6", "C27 H44 N O7 P", "Not the top hit", " No results", " Full match", " Partial match", " Partial match", "-0.12", "525.28547", "524.27820", "3.879", "53908535.0948546", "2", "0", "1", "", "", "58.9", "No matches found", " No matches found", " No matches found", " Single match found", " No matches found", "", "Multiple matches found", "PreferredDDA", "Fatty_Acid_22:6", "[M-H]-1", "11730774.9911042", " 7684012.17694344", " 9992489.37806649", " 11113857.6715727", " 8609522.10092562", "61.8340139973217", " 76.3764952399882", " 45.2566733416066", " 93.164594419593", " 86.0832916523216", "1.174", " 1.112", " 0.862", " 0.691", " 0.775", "0.23", " 0.15", " -0.21", " -0.53", " -0.37", "0.971243969047523", " 0.87840264173366", " 0.999911937774601", " 0.673076842750049", " 0.937145458956155", "0.999999999876955", " 0.999999999849258", " 0.999999999961495", " 0.999999999989872", " 1", "6.6", "6.4", " 6.0", " 4.5", " 6.4", " 6.0", " 5.6", " 6.6", " 6.6", " 6.0", " 5.1", " 2.7", " 5.2", " 4.8", " 6.0", " 3.0", " 4.8", " 6.4", " 4.8", " 4.8", " 5.2", " 5.5", " 5.0", " 5.6", " 4.3", " 6.0", " 6.2", " 4.8", " 6.0", " 4.8", " 5.5", " 5.2", " 6.0", " 3.0", " 5.8", " 4.5", " 5.6", " 5.0", " 5.5", " 5.6", " 4.8"
"58", "", "False", "Furmecyclox", "C14 H21 N O3", "Full match", " No results", " No results", " Full match", " No results", "-1.01", "251.15189", "250.14461", "5.232", "53168427.6585252", "1", "0", "0", "", "", "", "No matches found", " No matches found", " No matches found", " No matches found", " No matches found", "", "No matches found", "PreferredDDA", "", "[M-H]-1", "2928665.51343055", " 2877496.77973282", " 3275683.87974478", " 3238341.27934791", " 2418639.43111783", "14.4203934868981", " 25.5903361305271", " 185.081263934408", " 15.3471466366867", " 10.7266553993451", "0.894", " 0.989", " 0.738", " 0.889", " 0.747", "-0.16", " -0.02", " -0.44", " -0.17", " -0.42", "0.271792739815965", " 0.511291694884028", " 0.0654280300736538", " 0.997538785761244", " 0.741357548410796", "0.999999999876955", " 0.961815114556431", " 0.430849134659529", " 0.999999999989872", " 1", "8.2", "5.9", " 6.6", " 6.3", " 6.6", " 5.7", " 6.3", " 6.6", " 5.9", " 6.4", " 5.9", " 6.8", " 5.6", " 7.1", " 4.5", " 4.1", " 5.6", " 5.6", " 4.6", " 6.2", " 3.9", " 5.4", " 5.4", " 3.9", " 3.1", " 4.6", " 5.4", " 6.5", " 7.3", " 6.5", " 7.7", " 6.1", " 6.9", " 5.8", " 6.6", " 5.5", " 8.2", " 7.2", " 5.3", " 6.6", " 7.8"
"76", "", "False", "LPC 18:0", "C26 H54 N O7 P", "No match", " No results", " Invalid mass", " No match", " No match", "114683.48", "583.38497", "582.37770", "5.297", "48659570.5291569", "1", "0", "21", "", "", "88.1", "No matches found", " No matches found", " No matches found", " Multiple matches found", " No matches found", "", "Single match found", "PreferredDDA", "", "[M-H]-1", "19143039.5219053", " 10882311.3790073", " 17846264.7292674", " 12581758.2922153", " 12577459.4828662", "47.6360847448448", " 35.0999826160763", " 42.3977907766594", " 27.4482651386513", " 49.3258324594235", "1.073", " 0.705", " 0.705", " 0.865", " 1.000", "0.10", " -0.50", " -0.50", " -0.21", " 0.00", "0.779157372021913", " 0.640360627680193", " 0.537926956658481", " 0.940713753143834", " 0.999533051314564", "0.999999999876955", " 0.999999999849258", " 0.999999999961495", " 0.999999999989872", " 1", "7.6", "5.1", " 5.8", " 6.2", " 6.2", " 4.3", " 5.8", " 6.6", " 6.6", " 5.2", " 6.7", " 6.1", " 6.5", " 6.9", " 5.4", " 5.6", " 5.7", " 6.9", " 5.8", " 6.2", " 4.5", " 5.1", " 5.2", " 5.2", " 6.2", " 6.6", " 6.1", " 6.6", " 5.3", " 7.4", " 5.3", " 7.0", " 7.4", " 7.6", " 5.8", " 6.0", " 4.1", " 6.1", " 5.8", " 5.6", " 4.7"
"64", "", "False", "5-methyl-2E-tridecenoic acid", "C14 H26 O2", "Full match", " No results", " No results", " Not the top hit", " Full match", "-2.18", "226.19279", "225.18551", "5.564", "46886678.3617738", "45", "0", "0", "", "", "", "No matches found", " No matches found", " No matches found", " No matches found", " No matches found", "", "Multiple matches found", "PreferredDDA", "", "[M-H]-1", "10267153.0395718", " 25500124.8826326", " 7673182.97446636", " 31329156.4968417", " 22084501.6987591", "73.0695759377738", " 51.67601831621", " 30.6782157255651", " 27.2111159443823", " 41.8982448380376", "1.338", " 4.083", " 2.878", " 0.814", " 0.705", "0.42", " 2.03", " 1.53", " -0.30", " -0.50", "0.506743937148362", " 0.000329968102726341", " 0.0250250574409822", " 0.768934400205491", " 0.359450045542257", "0.999999999876955", " 0.00369403315003392", " 0.236173979599269", " 0.999999999989872", " 1", "7.6", "4.8", " 5.6", " 5.2", " ", " 5.8", " 4.8", " 4.8", " 5.6", " 5.8", " 5.1", " ", " ", " 6.2", " ", " 5.8", " 5.8", " 6.4", " ", " 6.5", " ", " 6.1", " 5.7", " 4.7", " ", " ", " 7.2", " 7.6", " 6.8", " ", " 7.2", " 6.8", " 6.5", " 6.8", " 5.5", " 5.6", " 5.8", " 5.6", " 5.8", " 5.8", " "
"164", "", "False", "(+/-)9,10-dihydroxy-12Z-octadecenoic acid", "C18 H34 O4", "No match", " Invalid mass", " No results", " No match", " No match", "-57314.29", "296.23494", "295.22766", "5.216", "46545426.9995986", "55", "9", "0", "96.0", "9.8", "", "No matches found", " No matches found", " No matches found", " No matches found", " No matches found", "", "Multiple matches found", "PreferredDDA", "CO2", "[M-H]-1", "16478951.2668181", " 14445091.9736534", " 15532096.0806752", " 15735685.1447784", " 14735668.4958703", "35.6853003061418", " 48.6682507176461", " 77.1328023997749", " 41.3393027662132", " 64.2833812162661", "1.061", " 1.013", " 0.949", " 0.918", " 0.936", "0.09", " 0.02", " -0.08", " -0.12", " -0.09", "0.983172224075984", " 0.999996237460306", " 0.968636456107633", " 0.99999999994582", " 0.956501072873648", "0.999999999876955", " 0.999999999849258", " 0.999999999961495", " 0.999999999989872", " 1", "5.5", "", " 5.2", " 2.9", " 4.4", " 2.9", " 3.3", " 3.3", " 3.5", " 3.0", " 3.2", " 2.8", " 4.8", " 3.0", " 4.7", " 2.8", " 3.3", " 4.3", " 3.0", " 2.0", " 4.1", " 4.8", " 4.7", " 4.7", " 4.7", " 2.8", " 3.7", " 3.2", " 3.2", " 2.0", " 3.7", " 3.2", " 3.2", " 2.2", " 3.6", " 1.8", " 5.5", " 4.8", " 3.2", " 5.2", " 4.3"
"108", "", "False", "", "C18 H35 N4 O4 P", "Full match", " No results", " No results", " No results", " No results", "-4.10", "402.23794", "401.23067", "4.840", "45385085.8769429", "0", "0", "0", "", "", "", "No matches found", " No matches found", " No matches found", " No matches found", " No matches found", "", "No matches found", "PreferredDDA", "", "[M-H]-1", "33203344.7171973", " 33160280.5934702", " 30567036.4780544", " 34567295.218312", " 39395082.2669034", "16.1545890813418", " 30.4264577410668", " 10.1154848999754", " 40.076999238523", " 11.7973315919564", "1.086", " 1.131", " 1.289", " 0.959", " 1.140", "0.12", " 0.18", " 0.37", " -0.06", " 0.19", "0.978477922790586", " 0.948717739856669", " 0.364392052223534", " 0.946258819018193", " 0.123421987511803", "0.999999999876955", " 0.999999999849258", " 0.994395178658199", " 0.999999999989872", " 0.960192670412619", "7.1", "5.5", " 5.1", " 3.9", " 6.2", " 3.9", " ", " 4.7", " 4.7", " 6.7", " 5.2", " 4.8", " ", " 6.0", " 5.2", " 4.1", " 5.2", " 4.8", " 6.0", " 6.3", " 6.3", " 7.1", " 5.6", " 6.7", " 5.2", " 5.6", " 3.2", " 3.6", " 3.0", " 3.2", " ", " 4.7", " 5.5", " 1.3", " 6.7", " 6.3", " 7.1", " ", " 5.2", " 4.8", " 5.6"
"40", "", "False", "Dodecyl sulfate", "C12 H26 O4 S", "Full match", " Full match", " No results", " No results", " No results", "-0.17", "266.15513", "265.14786", "8.853", "45049740.5238107", "0", "5", "0", "98.2", "9.9", "", "No matches found", " No matches found", " No matches found", " No matches found", " No matches found", "", "No matches found", "PreferredDDA", "", "[M-H]-1", "1080536.34150646", " 19440065.2494745", " 2026159.22948383", " 10557735.5190969", " 16991457.1511081", "76.0590960465997", " 52.0516454805541", " 145.710092784659", " 47.8125248147217", " 55.4074603653872", "0.533", " 5.211", " 8.386", " 1.841", " 1.609", "-0.91", " 2.38", " 3.07", " 0.88", " 0.69", "0.116335659786436", " 0.14929076864774", " 0.00400520058577325", " 0.282953533576988", " 0.382132159718598", "0.999999999876955", " 0.410326124606662", " 0.0566986207923526", " 0.999999999989872", " 1", "7.0", "1.5", " 2.3", " ", " ", " 4.4", " 2.7", " 2.1", " 1.2", " 6.0", " 7.0", " 7.0", " 7.0", " 6.7", " 7.0", " 7.0", " 6.7", " 7.0", " 2.8", " 4.1", " 1.7", " 1.5", " 1.9", " ", " ", " ", " 5.2", " 2.3", " 4.5", " 5.2", " 4.5", " 4.5", " 4.3", " 4.5", " 7.0", " 6.7", " 7.0", " 6.4", " 7.0", " 7.0", " 7.0"
"83", "", "False", "", "C22 H37 Cl N4", "Full match", " No results", " No results", " No results", " No results", "-3.22", "392.26941", "391.26214", "6.503", "44678335.0512777", "0", "0", "0", "", "", "", "No matches found", " No matches found", " No matches found", " No matches found", " No matches found", "", "No matches found", "PreferredDDA", "", "[M-H]-1", "10107802.5031041", " 5525522.10218213", " 13358836.6519793", " 11254084.0413112", " 3590116.2828427", "50.1696401784969", " 121.092009471027", " 67.3945513934555", " 77.8929035497228", " 140.142479423225", "0.757", " 0.842", " 0.269", " 0.491", " 0.319", "-0.40", " -0.25", " -1.90", " -1.03", " -1.65", "0.986118130659149", " 0.999999569648543", " 0.576975624993873", " 0.861450104105601", " 0.555620860772275", "0.999999999876955", " 0.999999999849258", " 0.999999999961495", " 0.999999999989872", " 1", "6.0", "3.9", " 3.3", " 4.5", " 2.8", " 2.0", " 3.3", " 2.4", " 1.8", " 2.6", " 3.2", " 2.4", " ", " 3.1", " 5.2", " ", " ", " 2.1", " 3.0", " 6.0", " 2.8", " 5.0", " ", " ", " 2.8", " 2.4", " 2.2", " 1.7", " 3.9", " 2.0", " ", " ", " 3.9", " 5.6", " ", " ", " 1.6", " 2.3", " 3.9", " 2.0", " 2.4"
"204", "", "False", "Prostaglandin F2?", "C20 H34 O5", "Full match", " Full match", " Full match", " Not the top hit", " Full match", "2.61", "354.24155", "353.23426", "2.054", "44661690.6142575", "91", "24", "2", "89.7", "67.0", "59.1", "Multiple matches found", " No matches found", " No matches found", " No matches found", " No matches found", "", "Multiple matches found", "PreferredDDA", "", "[M-H]-1", "11930565.0026441", " 24921228.1563315", " 11815812.0506795", " 31178156.6607617", " 16368381.2760403", "61.3127121799484", " 40.889680434992", " 43.8094898961348", " 29.4626303697987", " 36.5087369730164", "1.010", " 2.639", " 1.385", " 0.799", " 0.525", "0.01", " 1.40", " 0.47", " -0.32", " -0.93", "0.917707949113903", " 0.008506430159123", " 0.678158285491119", " 0.913373132448021", " 0.15198673618686", "0.999999999876955", " 0.0488056430379682", " 0.999999999961495", " 0.999999999989872", " 0.99837291934121", "4.5", "4.4", " ", " 4.2", " 1.2", " 0.9", " 1.1", " 1.1", " 1.4", " ", " 1.7", " 1.7", " 3.2", " 2.0", " 3.6", " 0.9", " ", " 1.8", " 0.7", " ", " 3.3", " 2.0", " 1.1", " 0.8", " 4.5", " 2.2", " ", " 3.8", " 3.1", " 4.2", " ", " 3.8", " 3.1", " 2.7", " 3.1", " 2.9", " 1.8", " 1.9", " 1.8", " 2.9", " 4.1"
"92", "", "False", "Alepric acid", "C14 H24 O2", "Full match", " No results", " No results", " Partial match", " Full match", "-2.45", "224.17708", "223.16980", "4.950", "44202718.782609", "48", "0", "0", "", "", "", "No matches found", " No matches found", " No matches found", " No matches found", " No matches found", "", "Multiple matches found", "PreferredDDA", "", "[M-H]-1", "9052615.85207922", " 14830905.61374", " 6416163.04365026", " 17978472.4252979", " 13638252.9999395", "100.469037520942", " 55.233185577735", " 40.8776506343551", " 30.4153285379847", " 39.6441452462897", "1.411", " 2.802", " 2.126", " 0.825", " 0.759", "0.50", " 1.49", " 1.09", " -0.28", " -0.40", "0.510699750424012", " 0.00530498151566361", " 0.235991780606323", " 0.999978325453797", " 0.560705547981131", "0.999999999876955", " 0.0352896596476753", " 0.862290527373964", " 0.999999999989872", " 1", "7.5", "5.2", " 3.9", " 4.1", " 5.6", " 5.8", " 5.6", " 5.2", " 4.1", " 5.8", " 5.5", " 5.5", " 5.5", " 4.8", " 5.5", " 4.8", " 5.1", " 5.2", " 4.6", " 5.2", " 5.6", " 5.2", " 5.6", " 5.8", " 5.6", " 5.6", " 6.3", " 6.7", " 7.1", " 6.3", " 6.7", " 6.1", " 6.0", " 6.3", " 7.5", " 6.9", " 7.5", " 7.2", " 6.3", " 6.5", " 6.9"
"84", "", "False", "ascr#30", "C23 H44 O6", "Not the top hit", " No results", " No results", " Full match", " Full match", "-0.36", "416.31364", "415.30636", "6.484", "43670696.8834525", "2", "0", "0", "", "", "", "No matches found", " No matches found", " No matches found", " No matches found", " No matches found", "", "Multiple matches found", "PreferredDDA", "", "[M-H]-1", "8382652.1012817", " 14048585.9845653", " 5354830.07769712", " 21865206.1290443", " 6864346.82574918", "58.6384636846224", " 101.030770400369", " 83.8559969679756", " 72.7352349403516", " 119.993002330925", "1.565", " 4.083", " 1.282", " 0.643", " 0.314", "0.65", " 2.03", " 0.36", " -0.64", " -1.67", "0.995236101119859", " 0.789699333728645", " 0.980221514895885", " 0.992481079892752", " 0.636068546130043", "0.999999999876955", " 0.999999999849258", " 0.999999999961495", " 0.999999999989872", " 1", "6.6", "2.7", " 3.7", " 4.1", " 2.0", " 1.3", " 3.7", " 5.1", " 3.3", " ", " 6.6", " 2.4", " ", " 2.0", " ", " ", " ", " 1.2", " 4.2", " 5.2", " 1.7", " 3.1", " 3.1", " 0.7", " 1.3", " 3.6", " 2.7", " 2.4", " ", " 1.3", " ", " ", " 2.6", " ", " ", " 1.5", " ", " 3.7", " ", " ", " 2.8"
"293", "", "False", "", "C5 H5 N3 O7 S", "Full match", " No results", " No results", " No results", " No results", "1.60", "250.98522", "249.97795", "0.155", "43272667.7661685", "0", "0", "0", "", "", "", "No matches found", " No matches found", " No matches found", " No matches found", " No matches found", "", "No matches found", "PreferredDDA", "", "[M-H]-1", "37277029.0236448", " 42020895.1607123", " 28534544.5509605", " 39644657.1023487", " 41815947.5612658", "4.60570307387708", " 1.98037586845147", " 19.1893538440988", " 4.1010978227359", " 1.79985331393397", "1.306", " 1.389", " 1.465", " 1.060", " 1.055", "0.39", " 0.47", " 0.55", " 0.08", " 0.08", "4.00894373280281E-05", " 3.33199381374882E-06", " 3.24276358654174E-07", " 0.826071239907832", " 0.765067283114507", "0.00948115192807863", " 0.000127448763375893", " 4.89657301567803E-05", " 0.999999999989872", " 1", "4.7", "4.3", " 3.9", " 3.9", " 4.7", " ", " 3.9", " 4.3", " ", " 3.9", " 3.9", " ", " 4.7", " 4.3", " ", " 4.3", " 3.9", " 3.9", " ", " 2.4", " 2.8", " ", " ", " 2.8", " 2.4", " ", " ", " 4.3", " 4.3", " 3.9", " ", " ", " 4.3", " 4.3", " ", " 4.3", " 3.9", " ", " 4.3", " 3.9", " 3.9"
"67", "", "False", "", "C7 H3 N6 O P", "Full match", " No results", " No results", " No results", " No results", "-3.93", "218.00974", "217.00246", "8.895", "43056418.2045149", "0", "0", "0", "", "", "", "No matches found", " No matches found", " No matches found", " No matches found", " No matches found", "", "No matches found", "PreferredDDA", "", "[M-H]-1", "30403055.4434395", " 27372669.8688911", " 33096958.08746", " 27213738.5208188", " 29721905.8949233", "4.76841170833281", " 6.78951700217642", " 14.7318036423818", " 7.80738188247567", " 5.93929780767661", "0.919", " 0.822", " 0.898", " 1.006", " 1.092", "-0.12", " -0.28", " -0.16", " 0.01", " 0.13", "0.0672193490931112", " 1.57687000569284E-05", " 0.0129963663900825", " 0.996793252014607", " 0.230035647871319", "0.999999999876955", " 0.000301576388588756", " 0.141382179268649", " 0.999999999989872", " 1", "8.5", "6.6", " 8.1", " 8.5", " 6.2", " 8.1", " 8.1", " 8.1", " 8.1", " 8.0", " 7.2", " 8.0", " 7.6", " 8.0", " 7.2", " 7.2", " 6.1", " 4.9", " 6.0", " 7.5", " 5.6", " 7.5", " 7.5", " 7.1", " 8.2", " 7.9", " 6.1", " 7.2", " 6.5", " 8.0", " 8.0", " 7.2", " 8.0", " 7.2", " 8.0", " 4.9", " 6.8", " 7.6", " 6.5", " 7.6", " 8.0"
"87", "", "False", "5-[(1S,2R,4aR)-5-(Hydroxymethyl)-1,2,4a-trimethyl-1,2,3,4,4a,7,8,8a-octahydro-1-naphthalenyl]-3-methylpentanoic acid", "C20 H34 O3", "Full match", " Full match", " No results", " Partial match", " Partial match", "-0.28", "322.25070", "321.24343", "5.267", "42736241.2658145", "23", "2", "0", "70.1", "8.5", "", "No matches found", " No matches found", " No matches found", " No matches found", " No matches found", "", "Multiple matches found", "PreferredDDA", "CO2", "[M-H]-1", "16191233.7431091", " 16516030.3823244", " 5380423.27988657", " 13092469.7476439", " 7934497.41877753", "33.9957974221162", " 57.3504684437772", " 55.9652582293469", " 68.2003217160339", " 52.0022330016677", "3.009", " 2.433", " 1.475", " 1.261", " 0.606", "1.59", " 1.28", " 0.56", " 0.34", " -0.72", "0.106150011039272", " 0.0166267237131604", " 0.924804613825538", " 0.870737301590188", " 0.146114415640646", "0.999999999876955", " 0.0829528933080504", " 0.999999999961495", " 0.999999999989872", " 0.986252815134008", "6.7", "6.5", " ", " 6.7", " ", " 6.7", " 5.2", " ", " 5.6", " 2.9", " 5.8", " 5.8", " 5.5", " 5.6", " 5.8", " 5.8", " 5.2", " 4.5", " 5.2", " 1.7", " 4.8", " 5.6", " 5.6", " 5.4", " 5.2", " ", " 4.1", " 4.5", " 4.7", " 4.8", " 5.2", " 5.8", " 4.7", " 5.6", " 3.5", " 5.6", " ", " 5.4", " 4.8", " 5.2", " 5.2"
"254", "", "False", "(±)9-HpODE", "C18 H32 O4", "Full match", " Full match", " Full match", " Not the top hit", " Not the top hit", "0.13", "312.23010", "311.22282", "3.522", "42444638.6526337", "47", "1", "1", "84.9", "49.9", "0.2", "No matches found", " No matches found", " No matches found", " Single match found", " No matches found", "", "Multiple matches found", "PreferredDDA", "", "[M-H]-1", "14181016.334269", " 11262268.3272591", " 17272111.3890371", " 15691069.4624901", " 10511999.6452171", "60.8858796275948", " 36.0439305427908", " 40.9102466575673", " 56.0594206967753", " 36.1963382603138", "0.821", " 0.908", " 0.609", " 0.718", " 0.670", "-0.28", " -0.14", " -0.72", " -0.48", " -0.58", "0.999915197374344", " 0.999999999849258", " 0.464990123274624", " 0.832666170662038", " 0.532618650418891", "0.999999999876955", " 0.999999999849258", " 0.999999999961495", " 0.999999999989872", " 1", "5.1", "3.0", " 3.2", " 2.2", " 2.6", " 3.6", " 2.6", " 3.9", " 3.6", " ", " 3.7", " 2.9", " 3.1", " 3.1", " ", " 1.9", " ", " 3.5", " 3.2", " 3.2", " 1.8", " 1.1", " 2.8", " 3.7", " 5.1", " 3.2", " 3.9", " 3.6", " ", " ", " 3.9", " 2.6", " 3.6", " 2.6", " 2.9", " 3.5", " 2.3", " 1.9", " 3.5", " 3.7", " 3.5"
"119", "", "False", "(+/-)12-HpETE", "C20 H32 O4", "Full match", " Full match", " Full match", " Not the top hit", " Not the top hit", "0.01", "336.23006", "335.22278", "3.914", "42267358.5647626", "78", "1", "5", "60.1", "65.1", "30.5", "Multiple matches found", " No matches found", " No matches found", " Single match found", " No matches found", "", "Multiple matches found", "PreferredDDA", "", "[M-H]-1", "9794681.615746", " 14931626.4629953", " 9981573.97993767", " 28085115.0180751", " 14229806.8798659", "81.7592691643164", " 39.0681768928344", " 38.7148416441041", " 18.0308005807258", " 47.2542619360356", "0.981", " 2.814", " 1.426", " 0.532", " 0.507", "-0.03", " 1.49", " 0.51", " -0.91", " -0.98", "0.989765873808605", " 0.0877025511330601", " 0.999999999961495", " 0.462820075871805", " 0.157465057193803", "0.999999999876955", " 0.271996425473477", " 0.999999999961495", " 0.999999999989872", " 0.99837291934121", "6.2", "4.5", " 5.2", " 2.0", " 1.4", " ", " 5.8", " 3.3", " 3.9", " 2.7", " 1.8", " ", " 3.7", " 3.5", " ", " 4.8", " ", " ", " 5.6", " 3.5", " 3.5", " 4.6", " 5.4", " ", " 1.6", " 5.6", " 2.8", " ", " 4.7", " ", " ", " 6.2", " 4.7", " ", " ", " 2.8", " ", " 2.7", " ", " 1.4", " 4.3"
"201", "", "False", "", "C19 H25 N2 P", "Full match", " No results", " No results", " No results", " No results", "1.14", "312.17589", "311.16862", "7.750", "40594618.2184578", "0", "0", "0", "", "", "", "No matches found", " No matches found", " No matches found", " No matches found", " No matches found", "", "No matches found", "PreferredDDA", "", "[M-H]-1", "25775024.0812545", " ", " 2049605.58800088", " 8103506.45625273", " ", "37.9305665950473", " ", " ", " 32.7316613232393", " ", "12.576", " 3.954", " 0.000", " 0.000", " 0.000", "3.65", " 1.98", " -Infinity", " -Infinity", " -Infinity", "", " ", " ", " ", " ", "", " ", " ", " ", " ", "4.6", "", " 2.9", " 4.1", " 4.6", " 4.1", " 4.1", " 4.1", " 4.4", " ", " ", " ", " ", " ", " ", " ", " ", " ", " ", " ", " ", " ", " ", " 0.6", " ", " ", " 3.1", " 3.5", " 3.8", " 1.6", " ", " ", " ", " ", " ", " ", " ", " ", " ", " ", " "
"97", "", "False", "Margaric acid", "C17 H34 O2", "Full match", " No results", " No results", " Not the top hit", " Full match", "-0.20", "270.25583", "269.24855", "7.331", "38224236.5988146", "33", "0", "0", "", "", "", "No matches found", " No matches found", " No matches found", " No matches found", " No matches found", "", "Multiple matches found", "PreferredDDA", "", "[M-H]-1", "13486870.0934411", " 14950749.4194403", " 16013978.5516612", " 19547507.2630821", " 13034441.0269802", "59.9494533856248", " 46.8439609798785", " 55.0307952951716", " 36.4786663857709", " 63.3135522098113", "0.842", " 1.221", " 0.814", " 0.765", " 0.667", "-0.25", " 0.29", " -0.30", " -0.39", " -0.58", "0.92938429389196", " 0.905786761263225", " 0.840421943040091", " 0.797402790756093", " 0.352094145357227", "0.999999999876955", " 0.999999999849258", " 0.999999999961495", " 0.999999999989872", " 1", "7.5", "6.4", " 3.7", " 4.7", " 6.6", " 5.5", " 4.8", " 5.5", " 5.6", " 6.0", " 5.8", " 7.0", " 7.0", " 6.6", " 7.0", " 4.7", " 5.2", " 5.6", " 5.5", " 4.8", " 6.2", " 4.8", " 5.2", " 5.2", " 7.0", " 5.5", " 6.0", " 7.5", " 5.6", " 7.5", " 4.8", " 5.7", " 5.6", " 7.5", " 4.5", " 4.8", " 6.7", " 5.2", " 5.2", " 5.2", " 6.6"
"99", "", "False", "", "C21 H39 Cl O4", "Full match", " No results", " No results", " No results", " No results", "-0.03", "390.25368", "389.24640", "5.915", "38113766.7810684", "0", "0", "0", "", "", "", "No matches found", " No matches found", " No matches found", " No matches found", " No matches found", "", "No matches found", "PreferredDDA", "", "[M-H]-1", "5643786.72129969", " 2539682.08073625", " 6088277.47317086", " 6126917.08177211", " 1815454.77420114", "103.523209647561", " 158.121956124037", " 87.9233300631756", " 92.9336912224169", " 187.82992276326", "0.927", " 1.006", " 0.298", " 0.415", " 0.296", "-0.11", " 0.01", " -1.75", " -1.27", " -1.75", "0.997068038205301", " 0.994199949325923", " 0.114786139711595", " 0.731436027115943", " 0.240153478190871", "0.999999999876955", " 0.999999999849258", " 0.597679555050032", " 0.999999999989872", " 1", "7.0", "4.2", " 4.2", " 2.2", " 1.1", " 1.3", " 2.3", " 1.8", " 2.7", " 1.6", " 1.7", " 2.0", " 4.9", " 2.0", " 1.0", " 3.1", " 1.7", " 2.9", " 4.2", " 4.8", " 2.4", " 5.8", " 3.5", " 2.3", " 3.6", " 3.2", " 4.5", " 2.0", " 1.6", " 7.0", " 3.1", " 4.8", " 3.3", " 2.2", " 4.8", " 2.3", " 5.5", " 3.1", " 5.9", " 4.2", " 1.3"
"258", "", "False", "6-Ketoprostaglandin F1a", "C20 H34 O6", "Full match", " Full match", " Full match", " Partial match", " Full match", "-0.33", "370.23542", "369.22814", "1.149", "37687218.6372239", "265", "10", "1", "94.4", "89.3", "30.1", "Single match found", " No matches found", " No matches found", " No matches found", " No matches found", "", "Multiple matches found", "PreferredDDA", "", "[M-H]-1", "19636500.0965984", " 14662392.8460668", " 10270216.2452524", " 14832008.5913542", " 16792082.3787814", "51.7717272208802", " 40.6396460014919", " 53.3539161985457", " 34.7880448162103", " 50.3128950259237", "1.912", " 1.444", " 1.635", " 0.989", " 1.132", "0.94", " 0.53", " 0.71", " -0.02", " 0.18", "0.22951961797832", " 0.628940077072999", " 0.758385984359309", " 0.999999999942187", " 0.999961049728411", "0.999999999876955", " 0.999999999849258", " 0.999999999961495", " 0.999999999989872", " 1", "5.5", "3.3", " 2.6", " 3.9", " 2.6", " 5.5", " 3.2", " 3.9", " 4.7", " 1.2", " 2.8", " 2.8", " 3.2", " 3.2", " 2.8", " 3.9", " 3.7", " 2.6", " 4.8", " 2.4", " 2.6", " 3.6", " 1.8", " 2.6", " 1.8", " 3.6", " 4.1", " 2.7", " 2.6", " 4.2", " 3.7", " 3.8", " 4.6", " 3.7", " 3.2", " 2.6", " 3.9", " 1.2", " ", " 3.9", " 3.3"
"159", "", "False", "16,16-dimethyl-PGD2", "C22 H36 O5", "Full match", " No results", " No results", " Partial match", " Full match", "0.06", "380.25630", "379.24902", "2.594", "37592066.2920679", "18", "0", "0", "", "", "", "No matches found", " No matches found", " No matches found", " No matches found", " No matches found", "", "Multiple matches found", "PreferredDDA", "", "[M-H]-1", "17924438.0395427", " 36242915.7769096", " 6738179.38663425", " 22158365.5007138", " 19730767.5914901", "79.6040660126264", " 34.7461491699868", " ", " 36.2876461283461", " ", "2.660", " 3.288", " 2.928", " 1.636", " 0.890", "1.41", " 1.72", " 1.55", " 0.71", " -0.17", "", " ", " ", " 0.787799501407528", " ", "", " ", " ", " 0.999999999989872", " ", "6.7", "2.2", " ", " ", " ", " ", " 4.7", " ", " ", " ", " 6.7", " ", " 6.0", " 5.6", " ", " 5.2", " ", " ", " ", " 3.7", " ", " ", " ", " ", " ", " ", " ", " 4.6", " ", " 4.8", " ", " 4.8", " ", " ", " ", " ", " ", " ", " ", " 5.8", " "
"162", "", "False", "13(S)-HOTrE", "C18 H30 O3", "Full match", " Full match", " No results", " Not the top hit", " Not the top hit", "0.06", "294.21951", "293.21224", "4.698", "37312311.950112", "66", "3", "0", "95.7", "9.8", "", "No matches found", " No matches found", " No matches found", " No matches found", " No matches found", "", "Multiple matches found", "PreferredDDA", "CO2", "[M-H]-1", "11209201.7527328", " 11726401.032064", " 16401739.398775", " 17012390.4320826", " 6928835.17128268", "31.5797674435399", " 59.4705234637546", " 49.1476653155506", " 70.9038267739449", " 86.6179258889065", "0.683", " 1.037", " 0.422", " 0.689", " 0.407", "-0.55", " 0.05", " -1.24", " -0.54", " -1.30", "0.973968320901428", " 0.999999998997103", " 0.391085957785248", " 0.861315723353505", " 0.386616490394595", "0.999999999876955", " 0.999999999849258", " 0.999999999961495", " 0.999999999989872", " 1", "6.1", "3.5", " 4.6", " 5.7", " ", " 5.2", " 3.8", " ", " 6.1", " ", " 2.0", " 2.2", " 5.0", " 5.6", " 2.2", " ", " 2.6", " ", " 3.5", " 3.9", " 3.9", " 3.2", " 2.8", " ", " ", " ", " 5.5", " ", " ", " 3.9", " 1.4", " 5.6", " ", " 3.2", " ", " 3.3", " 2.8", " 2.3", " 3.7", " 1.4", " 5.0"
"242", "", "False", "", "C20 H30 N6 O5", "Full match", " No results", " No results", " No results", " No results", "0.33", "434.22791", "433.22063", "2.113", "36638305.73807", "0", "0", "0", "", "", "", "No matches found", " No matches found", " No matches found", " No matches found", " No matches found", "", "No matches found", "PreferredDDA", "", "[M-H]-1", "16505646.7358109", " 18240820.4953259", " 11178063.5505652", " 26783611.0802694", " 19851677.0884161", "45.881704412492", " 47.5012766334646", " 48.4371282496235", " 23.8076714196891", " 33.8343391438733", "1.477", " 2.396", " 1.776", " 0.681", " 0.741", "0.56", " 1.26", " 0.83", " -0.55", " -0.43", "0.518588570897166", " 0.00519301469588807", " 0.122493483607842", " 0.809803678604694", " 0.765778511134107", "0.999999999876955", " 0.0352896596476753", " 0.61655053415947", " 0.999999999989872", " 1", "5.6", "5.2", " 5.6", " 3.9", " 3.0", " 2.8", " 3.2", " 2.6", " 3.9", " 3.0", " 3.2", " 3.6", " 2.0", " 2.0", " 2.4", " 2.8", " 1.7", " 2.4", " 1.8", " 3.3", " 4.1", " 2.4", " 2.6", " 2.7", " 5.1", " 2.2", " 3.8", " 4.9", " 4.9", " 3.8", " 3.4", " 4.2", " 4.9", " 3.4", " 3.7", " 4.1", " 4.8", " 3.1", " 3.3", " 4.1", " 4.4"
"171", "", "False", "", "C14 H20 O4", "Full match", " No results", " No results", " No results", " No results", "-1.50", "252.13578", "233.11789", "2.115", "36315121.3332984", "0", "0", "0", "", "", "", "No matches found", " No matches found", " No matches found", " No matches found", " No matches found", "", "No matches found", "PreferredDDA", "CO2", "[M-H-H2O]-1", "16052230.6797734", " 23167049.2116974", " 14842673.2774174", " 24360106.0445688", " 22262819.1013094", "50.4673075208433", " 44.3392032553556", " 45.8356454875435", " 27.6686108615275", " 38.6841158406742", "1.081", " 1.641", " 1.500", " 0.951", " 0.914", "0.11", " 0.71", " 0.58", " -0.07", " -0.13", "0.856497714701274", " 0.112347105779809", " 0.592919586413123", " 0.921448999331827", " 0.871487197462737", "0.999999999876955", " 0.332692397115693", " 0.999999999961495", " 0.999999999989872", " 1", "7.2", "5.5", " 4.5", " 5.8", " 3.7", " 4.7", " 4.7", " 4.5", " 5.1", " 4.1", " 4.3", " 4.3", " 5.8", " 5.2", " 5.5", " 5.5", " 3.9", " 4.5", " 6.2", " 5.8", " 4.8", " 5.5", " 4.1", " 3.9", " 5.5", " 4.1", " 4.9", " 5.3", " 6.8", " 7.2", " 6.5", " 6.5", " 5.7", " 5.7", " 6.0", " 6.0", " 6.0", " 6.1", " 5.2", " 6.3", " 5.6"
"39", "", "False", "13(S)-HpOTrE", "C18 H30 O4", "No match", " Invalid mass", " No results", " No results", " No results", "-58047.54", "292.20723", "291.19996", "8.869", "35743816.5078457", "0", "2", "0", "92.6", "9.6", "", "No matches found", " No matches found", " No matches found", " No matches found", " No matches found", "", "No matches found", "PreferredDDA", "", "[M-H]-1", "7329124.21919426", " 1212302.76642807", " 2091171.47140835", " 2040797.30828545", " 1184954.34326028", "104.421605355574", " 49.0801221713941", " 68.0687111885788", " 38.4382606809528", " 43.051505084892", "3.505", " 0.976", " 0.567", " 0.594", " 0.581", "1.81", " -0.04", " -0.82", " -0.75", " -0.78", "0.0149299466587181", " 0.993674666029721", " 0.525804163978066", " 0.760824457443118", " 0.746083359960727", "0.706186476957364", " 0.999999999849258", " 0.999999999961495", " 0.999999999989872", " 1", "7.0", "6.0", " 6.5", " 6.4", " 4.2", " 5.9", " 7.0", " 6.4", " 6.2", " 6.5", " 4.0", " 5.5", " ", " ", " 4.9", " ", " 4.2", " 3.8", " 2.5", " 5.2", " ", " 1.7", " 2.9", " ", " 2.1", " 5.2", " 6.4", " 4.1", " 6.4", " 6.6", " 6.2", " ", " 6.4", " 6.6", " 5.9", " 3.3", " 1.7", " 3.8", " 5.7", " 6.5", " 5.2"
"114", "", "False", "Tridecylic acid", "C13 H26 O2", "Full match", " Full match", " No results", " Not the top hit", " Full match", "-2.74", "214.19269", "213.18542", "5.512", "35666573.5979747", "27", "1", "0", "99.9", "10.0", "", "No matches found", " No matches found", " No matches found", " No matches found", " No matches found", "", "Multiple matches found", "PreferredDDA", "", "[M-H]-1", "4572102.00882836", " 4375962.78406077", " 6796345.56096069", " 5496266.60933925", " 4031527.91593996", "17.8694696778196", " 39.3099881660624", " 108.397894303461", " 53.1696173332602", " 7.31567072452613", "0.673", " 0.809", " 0.593", " 0.796", " 0.734", "-0.57", " -0.31", " -0.75", " -0.33", " -0.45", "0.143429182025508", " 0.596650556202906", " 0.184406535083851", " 0.999866146028793", " 0.974555679940734", "0.999999999876955", " 0.999999999849258", " 0.759871791907023", " 0.999999999989872", " 1", "6.5", "5.6", " ", " 6.5", " 5.8", " ", " 3.9", " ", " 2.3", " 3.6", " 2.3", " ", " ", " ", " ", " 4.7", " 2.9", " ", " 5.5", " ", " ", " ", " 4.8", " ", " 4.5", " 3.0", " ", " ", " 1.6", " 3.7", " ", " ", " ", " ", " ", " 4.5", " 4.5", " ", " ", " 5.3", " "
"332", "", "False", "", "C9 H4 N5 O5 P", "Full match", " No results", " No results", " No results", " No results", "3.41", "292.99600", "291.98873", "0.137", "35388738.5405551", "0", "0", "0", "", "", "", "No matches found", " No matches found", " No matches found", " No matches found", " No matches found", "", "No matches found", "PreferredDDA", "", "[M-H]-1", "30238888.3900061", " 34314772.4924376", " 19353947.645754", " 32626879.5449121", " 35122217.9803119", "3.7579091272113", " 2.74743338851492", " 22.604005411585", " 4.30213182449877", " 2.03357295162605", "1.562", " 1.686", " 1.815", " 1.052", " 1.076", "0.64", " 0.75", " 0.86", " 0.07", " 0.11", "3.07628055921105E-05", " 4.81333906221515E-06", " 1.81970630330763E-06", " 0.936997449000038", " 0.838301724336068", "0.00948115192807863", " 0.000139682290620613", " 0.000164865391079672", " 0.999999999989872", " 1", "4.7", "3.9", " ", " 3.9", " 3.9", " 3.9", " ", " ", " 4.7", " 3.9", " 4.7", " ", " ", " ", " 3.9", " ", " 4.3", " ", " 1.9", " 1.9", " 2.7", " ", " 1.9", " ", " ", " ", " 3.9", " 3.9", " ", " ", " 4.3", " 3.9", " 3.9", " ", " ", " 4.3", " 4.3", " ", " 3.9", " 3.9", " "
"107", "", "False", "(+/-)12(13)-DiHOME", "C18 H34 O4", "No match", " Invalid mass", " No results", " No match", " No match", "-57313.31", "296.23525", "295.22797", "4.097", "35244278.9070706", "55", "9", "0", "92.0", "9.6", "", "No matches found", " No matches found", " No matches found", " No matches found", " No matches found", "", "Multiple matches found", "PreferredDDA", "CO2", "[M-H]-1", "7639795.47979099", " 7664007.85764923", " 9867020.08110629", " 14115793.3543685", " 6175935.9023821", "70.6622576235511", " 34.7591352410568", " 45.0511933090656", " 56.8200941170288", " 42.518020536132", "0.774", " 1.431", " 0.626", " 0.543", " 0.438", "-0.37", " 0.52", " -0.68", " -0.88", " -1.19", "0.500160095834089", " 0.925284109746153", " 0.247563819428602", " 0.0343442344893182", " 0.0408268077647372", "0.999999999876955", " 0.999999999849258", " 0.867564255943152", " 0.999999999989872", " 0.68019456989282", "6.5", "5.0", " 2.3", " 5.6", " 4.1", " 6.2", " 4.1", " 4.1", " 3.3", " 4.6", " ", " 3.1", " 5.0", " 4.0", " 6.1", " 4.2", " 6.5", " 5.7", " 4.1", " 5.2", " 5.2", " ", " 5.2", " 5.6", " 5.8", " 3.9", " 6.2", " 3.3", " 4.5", " 4.3", " 6.2", " 3.0", " 4.1", " 6.2", " 4.8", " 6.0", " 2.6", " 2.7", " 4.5", " 3.0", " 5.6"
"129", "", "False", "", "C16 H35 N4 O4 P", "Full match", " No results", " No results", " No results", " No results", "-3.51", "378.23827", "377.23099", "4.482", "33923494.3450415", "0", "0", "0", "", "", "", "No matches found", " No matches found", " No matches found", " No matches found", " No matches found", "", "No matches found", "PreferredDDA", "", "[M-H]-1", "23395477.8089208", " 23263532.2352263", " 23886052.4626864", " 23325094.8683988", " 22194222.1182948", "33.0161437616596", " 36.4844588902069", " 30.8872842783153", " 7.04338897768796", " 25.3385664479844", "0.979", " 0.977", " 0.929", " 0.997", " 0.952", "-0.03", " -0.03", " -0.11", " 0.00", " -0.07", "0.99994407844213", " 0.995919072356882", " 0.954365209378529", " 0.515215079659719", " 0.826106091522747", "0.999999999876955", " 0.999999999849258", " 0.999999999961495", " 0.999999999989872", " 1", "8.7", "5.0", " 6.3", " 4.8", " 7.5", " 6.3", " 4.8", " 5.6", " 6.0", " 6.5", " 5.6", " 4.1", " 4.8", " 5.6", " 6.0", " 5.2", " 5.0", " 7.1", " 4.4", " 5.4", " 6.7", " 4.1", " 3.3", " 5.6", " 5.6", " 5.6", " 6.8", " 8.4", " 8.4", " 4.6", " 6.5", " 8.7", " 7.2", " 8.0", " 6.5", " 6.1", " 4.9", " 5.9", " 6.8", " 6.8", " 6.5"
"132", "", "False", "", "C20 H28 N6 O3", "Full match", " No results", " No results", " No results", " No results", "0.52", "400.22250", "399.21522", "4.327", "32173489.142423", "0", "0", "0", "", "", "", "No matches found", " No matches found", " No matches found", " No matches found", " No matches found", "", "No matches found", "PreferredDDA", "", "[M-H]-1", "4957628.19739724", " 15023673.7502862", " 3893749.60249127", " 22142227.8407754", " 14137707.9758262", "49.7288226267572", " 38.522382108167", " 35.9755534504297", " 23.5655679465001", " 27.5689190382168", "1.273", " 5.687", " 3.631", " 0.679", " 0.638", "0.35", " 2.51", " 1.86", " -0.56", " -0.65", "0.891456960228821", " 6.22650708770323E-10", " 3.16806535849423E-06", " 0.157121989760834", " 0.158737116882703", "0.999999999876955", " 2.85796675325578E-07", " 0.000205019086771127", " 0.999999999989872", " 0.99837291934121", "7.6", "3.5", " 5.0", " 4.1", " 5.8", " 4.8", " 6.0", " 3.0", " 6.0", " 5.7", " 6.7", " 6.7", " 6.7", " 5.4", " 4.4", " 5.2", " 6.9", " 6.5", " 5.5", " 5.3", " 6.3", " 5.9", " 4.7", " 5.7", " 6.5", " 6.5", " 5.3", " 4.9", " 5.7", " 5.7", " 5.3", " 5.7", " 6.5", " 6.1", " 7.0", " 6.8", " 4.7", " 6.2", " 6.5", " ", " 7.6"
"47", "", "False", "Myristyl sulfate", "C14 H30 O4 S", "Not the top hit", " Full match", " No results", " No results", " No results", "0.17", "294.18653", "293.17931", "8.859", "32070884.3943675", "0", "2", "0", "97.4", "9.9", "", "No matches found", " No matches found", " No matches found", " No matches found", " No matches found", "", "No matches found", "PreferredDDA", "", "[M-H]-1", "635059.986664109", " ", " 3037938.24241359", " ", " ", "11.4763713154501", " ", " 161.494951699386", " ", " ", "0.209", " 0.000", " 0.000", " ", " ", "-2.26", " -Infinity", " -Infinity", " ", " ", "0.0408756961717037", " ", " ", " ", " ", "0.999999999876955", " ", " ", " ", " ", "7.0", "4.3", " ", " 3.5", " ", " 3.9", " ", " ", " ", " ", " ", " ", " ", " ", " ", " ", " ", " ", " 7.0", " ", " 3.3", " 6.5", " 4.6", " 3.6", " 2.9", " 3.6", " ", " ", " ", " ", " ", " ", " ", " ", " ", " ", " ", " ", " ", " ", " "
"128", "", "False", "", "C17 H26 N6 O3", "Full match", " No results", " No results", " No results", " No results", "1.27", "362.20710", "361.19982", "3.747", "32054141.3556052", "0", "0", "0", "", "", "", "No matches found", " No matches found", " No matches found", " No matches found", " No matches found", "", "No matches found", "PreferredDDA", "", "[M-H]-1", "16069527.8087178", " 23983603.5657798", " 11990678.8067405", " 23307208.5077748", " 19278348.1341617", "44.3515943140997", " 23.6774541103035", " 35.884166024827", " 25.2255403872733", " 27.6281660867148", "1.340", " 1.944", " 1.608", " 1.029", " 0.827", "0.42", " 0.96", " 0.69", " 0.04", " -0.27", "0.596142416512898", " 0.00183831412860092", " 0.159513730082987", " 0.999875133267146", " 0.466233334922169", "0.999999999876955", " 0.0156256700931078", " 0.702290791176125", " 0.999999999989872", " 1", "7.6", "5.2", " 6.4", " 5.8", " 4.8", " 3.6", " 6.6", " 6.6", " 5.8", " 5.3", " 6.1", " 6.1", " 6.1", " 7.6", " 7.2", " 4.2", " 5.3", " 6.8", " 5.4", " 5.2", " 6.1", " 5.2", " 6.9", " 5.4", " 6.7", " 6.5", " 5.3", " 5.7", " 6.8", " 6.5", " 5.3", " 5.3", " 6.5", " 4.9", " 4.9", " 5.3", " 6.1", " 6.6", " 6.5", " 7.2", " 7.6"
"295", "", "False", "(+/-)9,10-dihydroxy-12Z-octadecenoic acid", "C18 H34 O4", "Full match", " Full match", " Full match", " Partial match", " Not the top hit", "0.59", "314.24589", "313.23862", "3.454", "31809719.1826303", "44", "5", "4", "93.7", "9.7", "6.9", "No matches found", " No matches found", " No matches found", " Multiple matches found", " No matches found", "", "Multiple matches found", "PreferredDDA", "", "[M-H]-1", "12108738.814397", " 9970993.3041301", " 8844057.53556253", " 10538366.0423319", " 3870851.87673973", "69.1810079865264", " 26.28423364869", " 38.8700187948782", " 44.7442288070689", " 66.1543677919722", "1.369", " 1.192", " 0.438", " 0.946", " 0.367", "0.45", " 0.25", " -1.19", " -0.08", " -1.44", "0.495670748523674", " 0.998931512327001", " 0.112621317200342", " 0.99272044475973", " 0.0681700709420581", "0.999999999876955", " 0.999999999849258", " 0.597679555050032", " 0.999999999989872", " 0.720190678784478", "5.7", "", " 1.1", " ", " ", " 3.6", " 2.2", " ", " 2.2", " 3.6", " 5.7", " 3.2", " 2.4", " 2.4", " 2.8", " 2.1", " 2.4", " ", " 2.7", " 2.3", " 3.1", " 1.6", " 3.8", " 3.8", " 3.7", " 4.2", " 1.7", " 1.8", " 2.6", " 3.2", " 1.1", " 1.8", " 0.8", " 1.8", " ", " 0.8", " 0.8", " 2.3", " 1.6", " 1.8", " 4.2"
"173", "", "False", "Prostaglandin F1a", "C20 H36 O5", "Full match", " Full match", " No results", " Full match", " Full match", "0.91", "356.25660", "355.24932", "2.428", "30751015.9113782", "5", "5", "0", "86.5", "9.3", "", "No matches found", " No matches found", " No matches found", " No matches found", " No matches found", "", "Multiple matches found", "PreferredDDA", "", "[M-H]-1", "9722872.81163489", " 14592651.160356", " 6492607.63328315", " 17170241.5083811", " 6724566.54962968", "62.2856089534316", " 46.2040244797639", " 46.3571443950626", " 41.5993714146109", " 44.7582973416915", "1.498", " 2.645", " 1.036", " 0.850", " 0.392", "0.58", " 1.40", " 0.05", " -0.23", " -1.35", "0.686275484981341", " 0.00259326398641868", " 0.999991873877062", " 0.403526010095278", " 0.00306550702644015", "0.999999999876955", " 0.0212555030315388", " 0.999999999961495", " 0.999999999989872", " 0.162812484293155", "6.2", "3.5", " 4.2", " 4.5", " 4.2", " 5.8", " 5.6", " 2.2", " 2.6", " 1.6", " 5.8", " 5.1", " 5.1", " 3.3", " 5.5", " 5.8", " 3.7", " 6.0", " 5.6", " 0.5", " 3.3", " 4.8", " 4.2", " 3.5", " 3.3", " 5.2", " 3.9", " 6.2", " 5.1", " 5.8", " 5.2", " 6.2", " 6.0", " 4.7", " 2.7", " 4.8", " 2.0", " 2.1", " 5.6", " 4.1", " 4.8"
"118", "", "False", "", "C17 H41 N4 O5 P", "Full match", " No results", " No results", " No results", " No results", "2.21", "412.28237", "411.27509", "5.331", "30725579.0582129", "0", "0", "0", "", "", "", "No matches found", " No matches found", " No matches found", " No matches found", " No matches found", "", "No matches found", "PreferredDDA", "", "[M-H]-1", "2711545.41950165", " 1377776.88799156", " 1644634.13023761", " 4089848.31232592", " 968896.050525876", "76.3599193808884", " 145.516973179564", " 142.443832549467", " 93.3337516988167", " 180.783006458177", "1.649", " 2.487", " 0.589", " 0.337", " 0.237", "0.72", " 1.31", " -0.76", " -1.57", " -2.08", "0.999999673710591", " 0.905249093957679", " 0.890361296242669", " 0.573183041673741", " 0.474548494243831", "0.999999999876955", " 0.999999999849258", " 0.999999999961495", " 0.999999999989872", " 1", "7.0", "3.4", " 2.5", " 3.5", " 5.2", " 5.2", " 3.5", " 3.7", " 2.9", " 1.7", " 5.6", " 7.0", " ", " 1.9", " 1.5", " 0.4", " ", " 1.7", " 4.8", " 3.6", " 5.6", " 4.8", " 1.1", " 3.3", " 7.0", " 5.6", " 4.2", " 5.1", " 3.3", " 6.2", " 4.2", " ", " 6.4", " 3.1", " 4.5", " ", " ", " 4.5", " 2.1", " 4.2", " 5.8"
"157", "", "False", "12-oxo Leukotriene B4", "C20 H30 O4", "Full match", " Full match", " Full match", " Not the top hit", " Not the top hit", "0.08", "334.21444", "333.20717", "3.560", "30384488.8740454", "113", "2", "2", "73.4", "67.0", "21.7", "Multiple matches found", " No matches found", " No matches found", " No matches found", " No matches found", "", "Multiple matches found", "PreferredDDA", "CO2", "[M-H]-1", "9320395.53493307", " 13544425.3217364", " 7915251.91128799", " 19991771.1075069", " 16631496.5346834", "40.7373984114077", " 49.2861956500967", " 74.3321396430049", " 24.3217086237", " 43.5645610043397", "1.178", " 2.526", " 2.101", " 0.678", " 0.832", "0.24", " 1.34", " 1.07", " -0.56", " -0.27", "0.999999633835501", " 0.0123530583463527", " 0.241411277116116", " 0.440815546523884", " 0.707961495220314", "0.999999999876955", " 0.0655446939350182", " 0.867564255943152", " 0.999999999989872", " 1", "5.5", "4.1", " 1.8", " 1.8", " 4.2", " 1.1", " 2.2", " 2.2", " 5.5", " 1.8", " 2.0", " 1.4", " 1.8", " 1.1", " 3.2", " 2.4", " 2.2", " 3.9", " 4.7", " ", " 0.8", " 1.8", " 0.8", " 1.6", " 1.4", " 2.6", " 3.8", " 3.2", " 3.4", " 2.7", " 3.4", " 4.2", " 3.1", " 3.1", " 2.8", " 1.7", " 2.8", " 1.2", " 5.1", " 2.4", " 2.8"
"103", "", "False", "LPC 16:0", "C24 H50 N O7 P", "No match", " No results", " Invalid mass", " No match", " No match", "121173.08", "555.35345", "554.34618", "4.179", "30229347.2920717", "2", "0", "17", "", "", "72.8", "No matches found", " No matches found", " No matches found", " Multiple matches found", " No matches found", "", "Multiple matches found", "PreferredDDA", "", "[M-H]-1", "8854411.22858373", " 9759232.97431797", " 8387318.10829693", " 15395617.0166691", " 14816463.3310292", "66.1423251025247", " 34.9038416545012", " 83.8194234956103", " 42.1331524063972", " 49.8454810819685", "1.056", " 1.836", " 1.767", " 0.634", " 0.962", "0.08", " 0.88", " 0.82", " -0.66", " -0.06", "0.992960475818032", " 0.499898667548646", " 0.91354354041301", " 0.900913883041267", " 0.938667816891846", "0.999999999876955", " 0.952089163505513", " 0.999999999961495", " 0.999999999989872", " 1", "6.0", "5.2", " 5.2", " 4.5", " 5.2", " 5.1", " 5.2", " 4.8", " 3.6", " 5.6", " 5.6", " 4.6", " 5.7", " 5.7", " 5.7", " 6.0", " 5.7", " 5.7", " 5.2", " 5.5", " 3.7", " 5.2", " ", " 5.0", " 3.7", " 4.8", " ", " 5.2", " 3.6", " 5.5", " 5.1", " 5.2", " 5.2", " 5.5", " 5.5", " 4.8", " 5.5", " 3.1", " 5.5", " 5.2", " 5.5"
"104", "", "False", "fucoxanthin", "C42 H58 O6", "Not the top hit", " No results", " No results", " Full match", " Full match", "-3.82", "658.42083", "657.41355", "4.336", "30217593.7802991", "1", "0", "0", "", "", "", "No matches found", " No matches found", " No matches found", " No matches found", " No matches found", "", "Single match found", "PreferredDDA", "", "[M-H]-1", "1375142.05728772", " 5023864.78024834", " 600824.777663496", " 11807310.0549864", " 3872123.24758659", "84.0325337613156", " 58.6625945521016", " ", " 59.3456716100432", " 68.4304119199035", "2.289", " 19.652", " 6.445", " 0.425", " 0.328", "1.19", " 4.30", " 2.69", " -1.23", " -1.61", "", " ", " ", " 0.334787342972465", " 0.0296269685400458", "", " ", " ", " 0.999999999989872", " 0.544680421620841", "6.4", "", " ", " ", " ", " 5.2", " ", " ", " 4.9", " ", " 4.1", " 6.4", " 4.1", " ", " 3.7", " 5.4", " 5.0", " 5.8", " ", " ", " ", " ", " ", " ", " 1.5", " ", " 4.8", " 5.6", " 2.0", " 4.7", " 4.1", " 4.3", " 1.8", " 3.9", " 5.8", " 3.7", " 3.5", " 5.3", " ", " 6.0", " 6.1"
"133", "", "False", "17(S)-HpDHA", "C22 H32 O4", "Full match", " Full match", " Full match", " Not the top hit", " Not the top hit", "0.33", "360.23018", "359.22290", "3.554", "29559239.7276222", "26", "1", "2", "63.9", "65.8", "30.6", "Multiple matches found", " No matches found", " No matches found", " No matches found", " No matches found", "", "Multiple matches found", "PreferredDDA", "", "[M-H]-1", "6259816.5149255", " 8419285.24600822", " 6566972.4126831", " 8876691.20222042", " 4706332.65483332", "87.5494676588483", " 73.4234056468508", " 55.8696028050283", " 52.1515386762868", " 82.0003574450997", "0.953", " 1.352", " 0.717", " 0.948", " 0.530", "-0.07", " 0.43", " -0.48", " -0.08", " -0.92", "0.99996260978063", " 0.829547353393636", " 0.969955872381585", " 0.991569013979", " 0.994862242682267", "0.999999999876955", " 0.999999999849258", " 0.999999999961495", " 0.999999999989872", " 1", "6.6", "1.0", " 4.2", " 5.2", " 4.0", " 4.7", " 3.3", " 2.0", " 4.7", " 2.6", " 6.2", " 4.7", " 6.2", " 3.9", " 4.3", " 4.8", " 3.7", " 4.6", " 5.6", " 4.0", " 6.4", " 6.0", " 4.1", " 3.9", " 6.0", " 5.2", " 2.2", " 2.7", " 4.5", " 5.1", " 4.1", " 4.1", " 4.1", " 4.6", " 6.0", " 3.5", " 5.5", " 5.8", " 2.3", " 6.6", " 2.3"
"80", "", "False", "", "C21 H24 N4 O S", "Invalid mass", " No results", " No results", " No match", " No results", "-5.48", "380.16500", "379.15772", "6.532", "29361533.4954372", "1", "0", "0", "", "", "", "No matches found", " No matches found", " No matches found", " No matches found", " No matches found", "", "No matches found", "PreferredDDA", "", "[M-H]-1", "7510774.768697", " 4395505.99435842", " 13683147.6615011", " 7049647.71070776", " 4952612.1986044", "83.8990485938486", " 37.5777666632157", " 58.298509186291", " 25.7137858031453", " 61.2188836054677", "0.549", " 0.515", " 0.362", " 0.624", " 0.703", "-0.87", " -0.96", " -1.47", " -0.68", " -0.51", "0.71131492619706", " 0.337411865733153", " 0.259581760496337", " 0.80340549075768", " 0.999999752591316", "0.999999999876955", " 0.741014575940274", " 0.867564255943152", " 0.999999999989872", " 1", "6.5", "4.2", " ", " 1.8", " ", " 2.4", " 3.3", " 3.7", " ", " 5.4", " ", " ", " 4.0", " ", " 3.5", " 6.5", " 4.4", " 2.9", " 3.9", " 3.6", " 3.6", " 3.7", " 3.7", " 2.7", " 3.0", " ", " 3.2", " ", " 3.7", " ", " 3.2", " ", " ", " 4.7", " 2.7", " ", " 4.5", " ", " 5.4", " 2.2", " 3.9"
"389", "", "False", "", "C7 H3 N6 O P", "Full match", " No results", " No results", " No results", " No results", "-3.70", "218.00979", "217.00251", "0.181", "29134075.3967751", "0", "0", "0", "", "", "", "No matches found", " No matches found", " No matches found", " No matches found", " No matches found", "", "No matches found", "PreferredDDA", "", "[M-H]-1", "27291172.5186573", " 29033509.5058752", " 26232070.210314", " 27351217.9606818", " 29134075.3967751", "3.1087062668735", " 0.130581667354978", " 7.39082937138357", " ", " ", "1.040", " 1.043", " 1.111", " 1.062", " 1.065", "0.06", " 0.06", " 0.15", " 0.09", " 0.09", "0.559912753595298", " ", " ", " ", " ", "0.999999999876955", " ", " ", " ", " ", "4.3", "", " ", " ", " 4.3", " ", " ", " ", " 4.3", " ", " 4.3", " ", " ", " ", " ", " ", " ", " 4.3", " 4.2", " ", " ", " 4.2", " ", " 3.4", " ", " ", " ", " ", " ", " 0.9", " ", " ", " ", " ", " ", " ", " 1.7", " ", " ", " ", " "
"79", "", "False", "", "C43 H74 O6", "Full match", " No results", " No results", " No results", " No results", "-0.20", "686.54840", "685.54112", "6.523", "28923177.0192109", "0", "0", "0", "", "", "", "No matches found", " No matches found", " No matches found", " No matches found", " No matches found", "", "No matches found", "PreferredDDA", "", "[M-H]-1", "3760486.42268348", " 5935862.7146026", " 8605579.93119523", " 17534988.3896922", " 11192124.1075756", "86.0911692788882", " 93.548891442474", " 61.4605936634496", " 54.9293810531435", " 114.679014148424", "0.437", " 2.038", " 1.301", " 0.339", " 0.638", "-1.19", " 1.03", " 0.38", " -1.56", " -0.65", "0.972071242217081", " 0.904359743099222", " 0.999708131595665", " 0.905456017782893", " 0.815057305395474", "0.999999999876955", " 0.999999999849258", " 0.999999999961495", " 0.999999999989872", " 1", "6.2", "", " ", " 2.0", " ", " 4.1", " 3.9", " 3.5", " ", " 3.5", " 2.0", " 6.2", " ", " 1.2", " ", " 3.3", " ", " ", " ", " ", " ", " ", " ", " ", " 3.0", " 2.3", " ", " 3.6", " ", " 2.8", " ", " ", " 3.3", " 4.1", " ", " ", " ", " ", " ", " 4.4", " 4.3"
"141", "", "False", "Embelin", "C17 H26 O4", "Full match", " No results", " No results", " Full match", " Full match", "0.19", "294.18317", "293.17589", "2.922", "28841818.0904791", "4", "0", "0", "", "", "", "No matches found", " No matches found", " No matches found", " No matches found", " No matches found", "", "Single match found", "PreferredDDA", "", "[M-H]-1", "9819287.43148071", " 20268431.1835309", " 6383834.4308742", " 14140421.7269147", " 14852797.3722488", "43.7972934953315", " 43.7960611667365", " 42.6765192929525", " 30.419702934408", " 45.2264374864959", "1.538", " 2.215", " 2.327", " 1.433", " 1.050", "0.62", " 1.15", " 1.22", " 0.52", " 0.07", "0.267830682322345", " 0.00559057838442434", " 0.0343316510107832", " 0.904165876272013", " 0.977518226121085", "0.999999999876955", " 0.036141908147194", " 0.282722633237227", " 0.999999999989872", " 1", "7.1", "5.8", " 4.8", " 5.1", " 6.4", " 4.8", " 4.8", " 5.8", " 4.8", " 5.6", " 6.2", " 5.2", " 5.8", " 5.8", " 5.8", " 6.6", " 5.2", " 5.2", " 4.8", " 6.0", " 3.6", " 4.8", " 5.2", " 4.6", " 3.5", " 6.0", " 6.3", " 7.1", " 5.7", " 6.0", " 5.4", " 6.1", " 5.4", " 6.0", " 5.8", " 5.6", " 4.8", " 4.2", " 6.6", " 5.5", " 6.6"
"156", "", "False", "Thymidine", "C10 H14 N2 O5", "Full match", " Full match", " No results", " Full match", " No results", "-1.10", "242.09000", "241.08269", "0.576", "28328164.7281803", "3", "2", "0", "84.9", "9.2", "", "No matches found", " No matches found", " No matches found", " No matches found", " No matches found", "", "No matches found", "PreferredDDA", "", "[M-H]-1", "8494921.90023983", " 21498190.1969956", " 9865479.38880115", " 20773102.7597731", " 15396789.1618127", "47.8015660829626", " 31.2221394987427", " 60.7255508276361", " 23.2096509643783", " 31.3754459606348", "0.861", " 2.106", " 1.561", " 1.035", " 0.741", "-0.22", " 1.07", " 0.64", " 0.05", " -0.43", "0.996575384707935", " 0.0175319962231172", " 0.440971848146228", " 0.98591463802515", " 0.580069140660837", "0.999999999876955", " 0.0847072238569557", " 0.999999999961495", " 0.999999999989872", " 1", "7.6", "6.4", " 6.0", " 6.0", " 5.6", " 5.8", " 5.6", " 5.6", " 6.0", " 6.5", " 6.3", " 6.7", " 6.3", " 6.7", " 6.3", " 6.0", " 6.7", " 5.7", " 6.0", " 6.6", " 5.6", " 5.2", " 5.6", " 5.2", " 6.0", " 5.6", " 7.2", " 7.6", " 7.2", " 6.8", " 6.5", " 5.7", " 7.4", " 6.8", " 5.6", " 6.1", " 6.7", " 6.1", " 7.1", " 6.7", " 5.7"
"93", "", "False", "", "C22 H38 N4 O2", "Full match", " No results", " No results", " No results", " No results", "-3.58", "390.29808", "389.29080", "6.335", "28247561.8113213", "0", "0", "0", "", "", "", "No matches found", " No matches found", " No matches found", " No matches found", " No matches found", "", "No matches found", "PreferredDDA", "", "[M-H]-1", "7960074.67205161", " 12501115.3608827", " 4264486.55372439", " 13958370.2734791", " 10922735.5146724", "45.7694710033672", " 38.9998805383005", " 78.4930697607705", " 42.0788879706886", " 55.8817908308251", "1.867", " 3.273", " 2.561", " 0.896", " 0.783", "0.90", " 1.71", " 1.36", " -0.16", " -0.35", "0.969883137309507", " 0.0748619139394172", " 0.46903841825643", " 0.986782174702565", " 0.858467887661167", "0.999999999876955", " 0.247985170462366", " 0.999999999961495", " 0.999999999989872", " 1", "7.0", "6.0", " 4.1", " 5.6", " 3.3", " 3.6", " 5.2", " ", " ", " 6.5", " 4.8", " 6.0", " 5.7", " 6.1", " 2.7", " 5.4", " 4.2", " 1.6", " 3.9", " ", " 3.9", " 2.3", " 1.6", " 0.8", " 7.0", " 2.8", " 2.6", " 3.9", " 3.7", " 2.8", " 6.2", " 3.7", " 3.9", " 5.2", " 4.5", " 5.2", " 1.4", " 1.1", " 5.6", " 5.6", " 3.2"
"196", "", "False", "", "C37 H76 N7 O2 P", "Full match", " No results", " No results", " No results", " No results", "3.97", "681.58251", "680.57524", "7.753", "27835764.6297652", "0", "0", "0", "", "", "", "No matches found", " No matches found", " No matches found", " No matches found", " No matches found", "", "No matches found", "PreferredDDA", "", "[M-H]-1", "13023483.8609028", " 9751958.28878418", " 14179875.5217117", " 15020747.7369201", " 11332564.6694415", "19.6027332577795", " 45.6941667905575", " 25.7695118317703", " 39.1768840589298", " 35.8462970881165", "0.918", " 1.059", " 0.799", " 0.649", " 0.754", "-0.12", " 0.08", " -0.32", " -0.62", " -0.41", "0.999864332989684", " 0.982558930226902", " 0.950106659943429", " 0.1202375133173", " 0.47080495327321", "0.999999999876955", " 0.999999999849258", " 0.999999999961495", " 0.999999999989872", " 1", "4.8", "3.6", " ", " 3.7", " 3.9", " 4.1", " 3.3", " 2.6", " 4.1", " 1.1", " 1.4", " 2.4", " 2.2", " 1.1", " 2.2", " 1.7", " 1.2", " 4.8", " ", " ", " ", " ", " ", " 3.6", " 3.8", " 3.8", " 1.2", " 2.9", " 3.3", " 1.9", " 2.2", " 2.9", " 3.5", " 2.9", " 3.1", " 3.1", " 2.6", " 1.6", " 3.6", " 2.6", " 3.5"
"151", "", "False", "9-oxo-7E-hexadecenoic acid", "C16 H28 O3", "Full match", " No results", " No results", " Not the top hit", " Full match", "-0.17", "268.20380", "267.19652", "3.644", "27645662.5319082", "9", "0", "0", "", "", "", "No matches found", " No matches found", " No matches found", " No matches found", " No matches found", "", "Multiple matches found", "PreferredDDA", "", "[M-H]-1", "5630429.89219558", " 15360215.7053913", " 2448597.68929955", " 3490271.69383596", " 2179734.69290086", "98.3211215906848", " 73.7131566327925", " 25.1223740945256", " 25.6125473627743", " 21.440978523465", "2.299", " 1.425", " 0.890", " 4.401", " 0.625", "1.20", " 0.51", " -0.17", " 2.14", " -0.68", "0.078008258145607", " 0.948703851154787", " 0.999960013325217", " 0.0685180088831062", " 0.9437064650215", "0.999999999876955", " 0.999999999849258", " 0.999999999961495", " 0.999999999989872", " 1", "6.6", "2.7", " 2.3", " 5.8", " 4.8", " 5.5", " 5.6", " 5.6", " 2.7", " ", " 5.5", " 6.6", " 1.2", " ", " ", " 3.3", " ", " ", " ", " ", " 4.5", " 2.8", " 1.6", " ", " 4.1", " 4.1", " 1.5", " 1.8", " 1.8", " 2.6", " ", " ", " ", " ", " ", " ", " 1.6", " ", " ", " 2.8", " 2.2"
"174", "", "False", "NP-011548", "C18 H34 O3", "Full match", " Full match", " No results", " Partial match", " Partial match", "-0.58", "298.25062", "297.24334", "4.954", "27582869.0560094", "73", "1", "0", "96.4", "9.8", "", "No matches found", " No matches found", " No matches found", " No matches found", " No matches found", "", "Multiple matches found", "PreferredDDA", "", "[M-H]-1", "8733674.64860804", " 10534799.4643926", " 11653016.9760577", " 10334006.2932586", " 6829879.78773468", "45.8943258301766", " 21.1863013362935", " 52.6860631210305", " 60.652734373984", " 47.3248506093277", "0.749", " 0.887", " 0.586", " 1.019", " 0.661", "-0.42", " -0.17", " -0.77", " 0.03", " -0.60", "0.717817622713695", " 0.985671532355582", " 0.305978177269723", " 0.999879645808508", " 0.576170534131761", "0.999999999876955", " 0.999999999849258", " 0.924054095354562", " 0.999999999989872", " 1", "6.2", "2.2", " 5.1", " 5.6", " 1.8", " 3.9", " 2.6", " 0.7", " 3.0", " 3.6", " 2.8", " 2.1", " 5.5", " 2.8", " 2.8", " 5.5", " 2.8", " ", " 1.8", " 2.2", " 1.4", " 2.6", " 5.8", " 3.0", " 5.2", " 3.6", " 6.2", " 2.4", " 2.2", " 2.4", " 2.2", " 3.3", " 0.7", " 1.8", " 2.2", " 0.7", " 1.1", " 0.7", " 2.2", " 3.2", " "
"106", "", "False", "3E,9Z,12Z,15Z-octadecatetraenoic acid", "C18 H28 O2", "Full match", " No results", " No results", " Partial match", " Full match", "-0.70", "276.20874", "275.20146", "5.566", "27468995.2912955", "73", "0", "0", "", "", "", "No matches found", " No matches found", " No matches found", " No matches found", " No matches found", "", "Multiple matches found", "PreferredDDA", "CO2", "[M-H]-1", "4232991.92827582", " 5242034.01385834", " 4444559.61827381", " 16793595.1642386", " 11439523.972882", "113.217631718576", " 67.9435985647606", " 76.1596404703514", " 41.3925798633549", " 46.6160806754093", "0.952", " 3.778", " 2.574", " 0.312", " 0.681", "-0.07", " 1.92", " 1.36", " -1.68", " -0.55", "0.935342882899204", " 0.0526003829919699", " 0.845981186856941", " 0.033816564010517", " 0.385960154086455", "0.999999999876955", " 0.193452077347907", " 0.999999999961495", " 0.999999999989872", " 1", "6.6", "4.6", " 6.1", " 6.0", " 5.6", " 5.5", " 5.0", " 4.8", " 3.9", " 6.1", " 6.4", " 5.5", " 5.2", " 6.1", " 5.6", " 3.7", " 5.0", " 5.0", " ", " 6.1", " 4.8", " 5.4", " 5.8", " 4.4", " 5.8", " 5.2", " 5.2", " 6.6", " 6.6", " 6.2", " 6.6", " 6.4", " 6.4", " 6.2", " 5.8", " 6.1", " 5.6", " 5.0", " 6.0", " 5.2", " 6.6"
"113", "", "False", "Pentadecanoic acid", "C15 H30 O2", "Full match", " Full match", " No results", " Full match", " Full match", "-1.74", "242.22416", "241.21688", "6.468", "26807897.4383238", "24", "2", "0", "97.6", "9.9", "", "No matches found", " No matches found", " No matches found", " No matches found", " No matches found", "", "Multiple matches found", "PreferredDDA", "", "[M-H]-1", "4842422.27950199", " 3535517.1556344", " 4212196.90232401", " ", " 2539175.32970093", "23.6835558561619", " ", " 97.2137301881667", " ", " ", "1.150", " 0.000", " 0.603", " Infinity", " Infinity", "0.20", " -Infinity", " -0.73", " Infinity", " Infinity", "0.70740039282738", " ", " ", " ", " ", "0.999999999876955", " ", " ", " ", " ", "6.6", "6.6", " ", " ", " 4.7", " 6.2", " 4.1", " 6.0", " 3.7", " ", " ", " ", " 3.1", " ", " ", " ", " ", " ", " 5.8", " ", " 5.4", " 1.6", " 4.8", " 2.3", " 3.9", " 4.8", " ", " ", " ", " ", " ", " ", " ", " ", " ", " 1.6", " ", " ", " ", " ", " "
"213", "", "False", "", "C16 H26 N6 O2", "Full match", " No results", " No results", " No results", " No results", "0.79", "334.21199", "333.20471", "5.783", "26729016.7293706", "0", "0", "0", "", "", "", "No matches found", " No matches found", " No matches found", " No matches found", " No matches found", "", "No matches found", "PreferredDDA", "", "[M-H]-1", "4979531.67511122", " 8132418.5607693", " 1892975.21111263", " 5710364.91415293", " 4314028.52068753", "100.069791637214", " 57.4246171008869", " 75.7923999397903", " 32.2501460545656", " 49.9242746289855", "2.631", " 3.017", " 2.279", " 1.424", " 0.755", "1.40", " 1.59", " 1.19", " 0.51", " -0.40", "0.0571077645368272", " 0.0677873038493447", " 0.626593061067994", " 0.707557422528123", " 0.728426907444603", "0.999999999876955", " 0.228782150491538", " 0.999999999961495", " 0.999999999989872", " 1", "6.9", "2.0", " 1.6", " 5.4", " 1.8", " 2.0", " 4.6", " 3.7", " 2.2", " 3.0", " 3.2", " 1.7", " 2.2", " 2.6", " 2.6", " 2.6", " 3.0", " 5.9", " 4.4", " 2.9", " 4.2", " 4.0", " 4.8", " 2.7", " 3.0", " 5.2", " 5.5", " 3.8", " 4.6", " 5.4", " 6.9", " 3.2", " 6.1", " 6.1", " 6.0", " 5.8", " 4.6", " 5.5", " 4.2", " 5.8", " 5.2"
"367", "", "False", "5(S),14(R)-Lipoxin B4", "C20 H32 O5", "Not the top hit", " No results", " Full match", " Partial match", " Partial match", "-0.06", "352.22495", "351.21768", "3.127", "26506062.3273588", "197", "0", "6", "", "", "39.6", "Multiple matches found", " No matches found", " No matches found", " No matches found", " No matches found", "", "Multiple matches found", "PreferredDDA", "", "[M-H]-1", "9995240.89805709", " 13057162.6133677", " 7030309.42361418", " 15783459.2089259", " 12487644.3000463", "59.7528737057808", " 43.6995300344309", " 42.2443429150479", " 26.1329809963288", " 31.9383018726611", "1.422", " 2.245", " 1.776", " 0.827", " 0.791", "0.51", " 1.17", " 0.83", " -0.27", " -0.34", "0.792690074467716", " 0.00804015599753871", " 0.491999805125112", " 0.643094128318878", " 0.351136962099614", "0.999999999876955", " 0.0467143240869654", " 0.999999999961495", " 0.999999999989872", " 1", "5.6", "2.6", " 1.1", " 1.8", " 0.8", " 2.4", " 1.4", " ", " ", " 2.6", " 3.2", " 3.7", " 2.4", " 3.3", " 3.6", " 3.0", " 5.5", " 2.2", " 2.2", " 3.3", " 1.1", " 1.8", " 1.1", " 0.8", " 1.4", " 1.8", " 4.2", " 4.2", " 3.4", " 3.6", " 4.9", " 4.7", " 4.6", " 5.3", " 3.8", " 5.6", " 4.2", " 3.6", " 1.9", " 3.3", " 3.1"
"110", "", "False", "", "C28 H59 N10 O3 P", "Full match", " No results", " No results", " No results", " No results", "2.10", "614.45221", "613.44494", "4.477", "26392749.7731982", "0", "0", "0", "", "", "", "No matches found", " No matches found", " No matches found", " No matches found", " No matches found", "", "No matches found", "PreferredDDA", "", "[M-H]-1", "9091756.89792919", " 8881183.45723558", " 9756650.55645343", " 9465594.01985821", " 7126937.3192652", "81.5076370361036", " 59.9497261909884", " 66.4843689057953", " 23.889685118854", " 47.4974901584592", "0.932", " 0.970", " 0.730", " 0.938", " 0.753", "-0.10", " -0.04", " -0.45", " -0.09", " -0.41", "0.999372520504874", " 0.974789776979148", " 0.889655404937959", " 0.760034766578776", " 0.576223051718578", "0.999999999876955", " 0.999999999849258", " 0.999999999961495", " 0.999999999989872", " 1", "7.4", "3.3", " 5.4", " 6.0", " 5.0", " 3.2", " 4.8", " 3.9", " 4.1", " ", " 6.2", " 3.7", " 6.0", " 5.4", " 5.6", " 6.0", " 3.3", " 3.9", " 3.9", " 6.1", " 6.0", " 3.3", " 3.6", " 4.1", " 6.4", " 4.7", " 7.4", " 6.6", " 5.1", " 5.1", " 5.5", " 7.4", " 5.5", " 6.2", " 5.8", " 6.0", " 6.0", " 2.7", " 4.8", " 5.6", " 6.0"
"102", "", "False", "", "C13 H14 N6 O5", "Full match", " No results", " No results", " No match", " No results", "-3.70", "334.10133", "333.09398", "0.627", "25779187.5192709", "1", "0", "0", "", "", "", "No matches found", " No matches found", " No matches found", " No matches found", " No matches found", "", "No matches found", "PreferredDDA", "", "[M-H]-1", "2508347.40843895", " 696161.981559278", " 1952130.14710167", " ", " ", "136.294695982987", " ", " ", " ", " ", "1.285", " 0.000", " 0.000", " Infinity", " ", "0.36", " -Infinity", " -Infinity", " Infinity", " ", "", " ", " ", " ", " ", "", " ", " ", " ", " ", "6.6", "", " ", " ", " ", " 2.5", " ", " 5.8", " 6.6", " ", " 4.5", " ", " ", " ", " ", " ", " ", " ", " ", " ", " ", " ", " ", " ", " ", " 4.0", " ", " ", " ", " ", " ", " ", " ", " ", " ", " ", " ", " ", " ", " ", " "
"89", "", "False", "", "C24 H22 N4 O", "Full match", " No results", " No results", " No results", " No results", "4.11", "382.18093", "381.17366", "7.098", "25502499.3166927", "0", "0", "0", "", "", "", "No matches found", " No matches found", " No matches found", " No matches found", " No matches found", "", "No matches found", "PreferredDDA", "CO2", "[M-H]-1", "5660396.80364539", " 5402595.71346705", " 15934588.2898023", " 7264457.93751322", " 4130735.03634121", "80.0253872090675", " 64.7572931819708", " 67.0046698644685", " 59.3715257326483", " 97.9415824225967", "0.355", " 0.456", " 0.259", " 0.744", " 0.569", "-1.49", " -1.13", " -1.95", " -0.43", " -0.81", "0.505213581040646", " 0.981721178701245", " 0.443066142199057", " 0.985652029063735", " 0.777654288156843", "0.999999999876955", " 0.999999999849258", " 0.999999999961495", " 0.999999999989872", " 1", "7.0", "", " 2.9", " 3.7", " 4.1", " 1.3", " 3.9", " 4.5", " 2.7", " 2.2", " 3.9", " 3.9", " 6.1", " 3.9", " 4.8", " 4.8", " 4.5", " ", " 3.6", " 5.5", " 3.6", " 4.1", " 5.4", " 2.9", " 1.7", " 2.8", " 2.6", " 3.6", " 2.0", " 7.0", " 4.6", " ", " 3.3", " 3.7", " 3.1", " 2.9", " 3.5", " ", " 3.5", " 3.5", " 5.1"
"313", "", "False", "", "C5 H5 N3 O7 S", "Full match", " No results", " No results", " No results", " No results", "1.61", "250.98522", "249.97795", "0.849", "25488774.3625646", "0", "0", "0", "", "", "", "No matches found", " No matches found", " No matches found", " No matches found", " No matches found", "", "No matches found", "PreferredDDA", "", "[M-H]-1", "17707898.6881877", " 18330579.4936455", " 19317450.7137129", " 21080241.0998296", " 17573759.8007921", "62.2731207334868", " 7.5002411178827", " 5.05700397206535", " 18.6881912553701", " 15.9466333156583", "0.917", " 1.091", " 0.910", " 0.870", " 0.834", "-0.13", " 0.13", " -0.14", " -0.20", " -0.26", "0.610719475374279", " 0.999828485730949", " 0.99881708403424", " 0.995709525103738", " 0.990199751705494", "0.999999999876955", " 0.999999999849258", " 0.999999999961495", " 0.999999999989872", " 1", "5.1", "1.7", " ", " ", " ", " 0.9", " ", " 3.2", " 1.0", " ", " ", " ", " 4.6", " ", " ", " 4.9", " 3.8", " 4.6", " ", " ", " ", " ", " 3.8", " 4.6", " ", " 4.2", " ", " 5.1", " 2.8", " 3.6", " 2.4", " ", " 2.8", " ", " 3.6", " ", " 3.6", " ", " 3.9", " ", " "
"94", "", "False", "", "C26 H20 N4 O2", "Full match", " No results", " No results", " No results", " No results", "3.60", "420.16014", "419.15286", "4.812", "25216085.0972962", "0", "0", "0", "", "", "", "No matches found", " No matches found", " No matches found", " No matches found", " No matches found", "", "No matches found", "PreferredDDA", "", "[M-H]-1", "10949582.9153258", " 14027582.6646408", " 14047483.7050309", " 14349732.7360557", " 6086366.91244229", "57.2892981589866", " 25.7586136828228", " 42.5152472780048", " 34.7610815122015", " 47.8272908530445", "0.779", " 1.022", " 0.433", " 0.978", " 0.424", "-0.36", " 0.03", " -1.21", " -0.03", " -1.24", "0.81901353034077", " 0.99152590391831", " 0.220061701682852", " 0.990855937071584", " 0.119759948505536", "0.999999999876955", " 0.999999999849258", " 0.830732923852767", " 0.999999999989872", " 0.960192670412619", "6.4", "5.2", " 6.0", " 3.2", " 6.1", " 3.2", " 3.3", " 3.0", " 4.5", " ", " 4.0", " 4.0", " 4.2", " ", " 4.9", " 3.4", " 5.1", " ", " 3.9", " 3.3", " 6.2", " 4.7", " 4.1", " 3.9", " 6.4", " 5.8", " 4.4", " 3.8", " 6.0", " 5.4", " 5.0", " 3.7", " 4.4", " 4.4", " ", " ", " 0.8", " ", " 3.3", " 3.7", " "
"199", "", "False", "NP-011548", "C18 H34 O3", "Full match", " Full match", " No results", " Partial match", " Partial match", "-0.45", "298.25066", "297.24338", "4.728", "24794076.3652215", "73", "1", "0", "94.6", "9.7", "", "No matches found", " No matches found", " No matches found", " No matches found", " No matches found", "", "Multiple matches found", "PreferredDDA", "", "[M-H]-1", "5722130.88008068", " 7281163.81374633", " 11203497.2464738", " 14452255.1015629", " 7242688.7915155", "53.5507705858833", " 39.8644107369722", " 56.5800833005649", " 41.3541670431953", " 32.434385055852", "0.511", " 1.290", " 0.646", " 0.504", " 0.501", "-0.97", " 0.37", " -0.63", " -0.99", " -1.00", "0.237640860881843", " 0.971747885066297", " 0.278228203711231", " 0.227266467823598", " 0.128315590475216", "0.999999999876955", " 0.999999999849258", " 0.878557459169109", " 0.999999999989872", " 0.960192670412619", "5.4", "1.6", " 4.8", " 5.0", " 1.1", " 0.9", " 0.7", " 2.2", " 3.3", " 3.5", " 1.9", " 1.9", " 2.7", " 3.1", " 3.5", " 3.8", " 3.5", " 1.7", " 3.7", " 1.4", " 2.0", " 1.1", " ", " 1.8", " 5.1", " 5.2", " 3.9", " 1.3", " ", " 3.2", " 1.4", " ", " ", " 2.2", " 3.5", " ", " 2.3", " 2.5", " 3.2", " 4.6", " 5.4"
"122", "", "False", "Cer 18:1;2O/2:0", "C20 H39 N O3", "Full match", " No results", " Full match", " Partial match", " Partial match", "-0.57", "341.29280", "400.30665", "5.258", "24605137.4257807", "3", "0", "11", "", "", "88.6", "No matches found", " No matches found", " No matches found", " Multiple matches found", " No matches found", "", "Multiple matches found", "PreferredDDA", "", "[M-H+HAc]-1", "6173924.1145539", " 14273411.1724302", " 6118846.25865611", " 14967656.5289335", " 10837928.4785391", "20.3105208339003", " 37.5802525204328", " 42.6544152526738", " 50.3609941266048", " 44.2061331016608", "1.009", " 2.446", " 1.771", " 0.954", " 0.724", "0.01", " 1.29", " 0.82", " -0.07", " -0.47", "0.999999996741408", " 0.117045810600762", " 0.716424632755542", " 0.998107813261173", " 0.783642846682589", "0.999999999876955", " 0.34253348756735", " 0.999999999961495", " 0.999999999989872", " 1", "7.4", "7.4", " 7.4", " 7.0", " 7.1", " 7.0", " 7.4", " 7.0", " 7.0", " 6.5", " 7.1", " 5.4", " 6.1", " 6.7", " 6.3", " 7.1", " 6.1", " 7.1", " 6.0", " 6.4", " 5.8", " 5.2", " 5.8", " 3.9", " 6.4", " 6.0", " 4.1", " 3.9", " 6.6", " 6.4", " 5.1", " 6.6", " 5.8", " 6.6", " 4.1", " 6.0", " 5.2", " 5.5", " 6.0", " 6.4", " 5.8"
"239", "", "False", "Prostaglandin F2?", "C20 H34 O5", "Full match", " Full match", " Full match", " Not the top hit", " Full match", "0.30", "354.24073", "353.23345", "1.808", "24486900.0624597", "91", "17", "2", "94.4", "82.6", "76.4", "Multiple matches found", " No matches found", " No matches found", " No matches found", " No matches found", "", "Multiple matches found", "PreferredDDA", "", "[M-H]-1", "10180660.5023754", " 9430439.38994195", " 8433260.27958247", " 23398292.2964805", " 10695796.3595094", "52.8721701610879", " 45.6627522764498", " 65.7121066005005", " 5.66266732696199", " 36.2342914202326", "1.207", " 2.775", " 1.268", " 0.403", " 0.457", "0.27", " 1.47", " 0.34", " -1.31", " -1.13", "0.97168463615708", " 0.0533966970247491", " 0.967537304299669", " 0.279119346360856", " 0.128561361728886", "0.999999999876955", " 0.194516539161586", " 0.999999999961495", " 0.999999999989872", " 0.960192670412619", "7.6", "4.5", " 3.5", " 2.6", " 3.5", " 5.5", " 3.3", " 3.0", " 3.3", " 4.8", " ", " ", " ", " ", " ", " 3.6", " 3.7", " 3.7", " ", " 5.5", " ", " ", " 2.3", " 3.1", " 3.0", " 2.6", " 7.6", " ", " ", " ", " 7.2", " ", " ", " 6.5", " 5.0", " 3.5", " 3.1", " 2.1", " ", " 4.6", " 4.6"
"138", "", "False", "4,7,10-hexadecatrienoic acid", "C16 H26 O2", "Full match", " No results", " No results", " Not the top hit", " Full match", "-1.06", "250.19302", "249.18575", "5.196", "24193839.2391714", "21", "0", "0", "", "", "", "No matches found", " No matches found", " No matches found", " No matches found", " No matches found", "", "Multiple matches found", "PreferredDDA", "CO2", "[M-H]-1", "3327827.30494172", " 2562724.76939056", " 2815722.88916142", " 5032558.14509429", " 3701104.431097", "131.701610425213", " 108.435279404805", " 86.1313742466342", " 58.6741678724413", " 70.2309085678511", "1.182", " 1.787", " 1.314", " 0.509", " 0.735", "0.24", " 0.84", " 0.39", " -0.97", " -0.44", "0.999689328508896", " 0.80186457425539", " 0.999410189946076", " 0.646168834636926", " 0.669902384376682", "0.999999999876955", " 0.999999999849258", " 0.999999999961495", " 0.999999999989872", " 1", "6.0", "4.4", " 4.0", " 5.0", " 5.6", " 5.8", " 4.4", " 5.6", " 4.8", " 4.8", " 6.0", " 4.7", " 3.9", " 5.5", " 3.5", " 5.4", " 4.8", " 4.8", " 3.6", " ", " 6.0", " 4.8", " 5.4", " 4.8", " 6.0", " 5.6", " 5.4", " 5.6", " 5.2", " 5.6", " 5.2", " 5.4", " 5.6", " 5.4", " 5.8", " 1.4", " 5.0", " 4.8", " 5.4", " 5.0", " 6.0"
"148", "", "False", "", "C24 H42 N4 O2", "Full match", " No results", " No results", " No results", " No results", "-3.33", "418.32938", "417.32211", "7.281", "24111708.0503217", "0", "0", "0", "", "", "", "No matches found", " No matches found", " No matches found", " No matches found", " No matches found", "", "No matches found", "PreferredDDA", "", "[M-H]-1", "12011428.7454515", " 11274026.6421345", " 6763686.60137777", " 9198081.8312422", " 10737933.8198106", "34.98584255225", " 32.6095497232069", " 45.8463626898493", " 28.9490554219607", " 51.1735089167815", "1.776", " 1.360", " 1.588", " 1.226", " 1.167", "0.83", " 0.44", " 0.67", " 0.29", " 0.22", "0.281943565224381", " 0.675401337239244", " 0.121047443472522", " 0.998635075424543", " 0.759343033509075", "0.999999999876955", " 0.999999999849258", " 0.61655053415947", " 0.999999999989872", " 1", "7.4", "7.2", " 6.5", " 6.5", " 5.1", " 6.5", " 6.7", " 5.7", " 6.5", " 5.0", " 5.7", " 5.7", " 5.4", " 4.6", " 7.2", " 6.1", " 5.7", " 6.9", " 6.0", " 5.6", " 4.6", " 4.8", " 6.7", " 6.0", " 6.1", " 6.4", " 7.0", " 5.9", " 6.2", " 7.4", " 5.9", " 5.9", " 7.4", " 7.0", " 6.6", " 6.0", " 7.0", " 6.7", " 6.0", " 6.4", " 6.0"
"155", "", "False", "", "C18 H28 N6 O2", "Full match", " No results", " No results", " No results", " No results", "0.75", "360.22765", "359.22037", "6.011", "24046097.8101833", "0", "0", "0", "", "", "", "No matches found", " No matches found", " No matches found", " No matches found", " No matches found", "", "No matches found", "PreferredDDA", "", "[M-H]-1", "14277932.285418", " 12438669.938128", " 15727280.2407453", " 17406099.262877", " 15961165.0944346", "31.889482320901", " 23.6298693794336", " 25.7834170613317", " 12.8167590024627", " 27.3827546143046", "0.908", " 1.107", " 1.015", " 0.715", " 0.917", "-0.14", " 0.15", " 0.02", " -0.48", " -0.13", "0.712225951184854", " 0.986892649759503", " 0.996641410346896", " 0.17712690788892", " 0.918816256570465", "0.999999999876955", " 0.999999999849258", " 0.999999999961495", " 0.999999999989872", " 1", "7.5", "6.9", " 6.1", " 3.7", " 4.8", " 3.3", " 6.9", " 3.7", " 6.1", " 6.2", " 2.7", " 6.5", " 6.2", " 7.0", " 5.5", " 4.2", " 6.2", " 6.6", " 5.9", " 6.1", " 3.4", " 6.5", " 5.7", " 5.5", " 3.8", " 4.2", " 6.3", " 6.7", " 7.1", " 7.5", " 4.4", " 5.6", " 6.7", " 6.7", " 6.5", " 5.9", " 5.3", " 5.1", " 6.5", " 4.6", " 3.1"
"255", "", "False", "Resolvin T1", "C22 H34 O5", "Not the top hit", " No results", " No results", " Partial match", " Full match", "-0.26", "378.24053", "377.23325", "2.461", "23847042.7677265", "140", "0", "0", "", "", "", "No matches found", " No matches found", " No matches found", " No matches found", " No matches found", "", "Multiple matches found", "PreferredDDA", "", "[M-H]-1", "8771583.18880322", " 16372996.5217441", " 7028290.34413123", " 17182500.9432496", " 6994758.9150452", "64.5640854131911", " 48.6285844269981", " 45.5813532003024", " 28.9935691356308", " 38.8101655183636", "1.248", " 2.445", " 0.995", " 0.953", " 0.407", "0.32", " 1.29", " -0.01", " -0.07", " -1.30", "0.938980891544924", " 0.0207172017253126", " 0.999810107161473", " 0.968854279755332", " 0.0518248256964904", "0.999999999876955", " 0.0950919559191846", " 0.999999999961495", " 0.999999999989872", " 0.707779048083497", "6.8", "2.0", " 3.7", " 5.6", " 3.1", " 6.2", " 4.5", " 3.3", " ", " 4.5", " 5.1", " ", " 5.5", " ", " 6.2", " 4.3", " 4.5", " 4.8", " 4.8", " 3.1", " 4.5", " 6.0", " 5.0", " 2.3", " 4.5", " 4.5", " 4.6", " 4.3", " 6.8", " 6.1", " ", " 6.5", " 6.6", " 5.3", " 3.5", " 5.0", " ", " 3.6", " 3.8", " 3.8", " 6.5"
"323", "", "False", "", "C13 H25 N O3", "Full match", " No results", " No results", " No results", " No results", "-1.26", "243.18314", "242.17586", "1.696", "23839888.9604738", "0", "0", "0", "", "", "", "No matches found", " No matches found", " No matches found", " No matches found", " No matches found", "", "No matches found", "PreferredDDA", "CO2", "[M-H]-1", "14158622.6444553", " 18471996.9132663", " 13351113.1499594", " 13037714.7260191", " 17856391.4242237", "8.25470700547918", " 18.7117752452628", " 14.6051914641898", " 11.4831262814615", " 24.308684273151", "1.060", " 0.977", " 1.337", " 1.417", " 1.370", "0.08", " -0.03", " 0.42", " 0.50", " 0.45", "0.723717798724883", " 0.996042318067894", " 0.0700340983056869", " 0.00412355557684208", " 0.14649361898434", "0.999999999876955", " 0.999999999849258", " 0.453220664749659", " 0.546781939240464", " 0.986252815134008", "6.6", "5.7", " 5.7", " 5.9", " 6.1", " 5.7", " 5.3", " 5.7", " 5.1", " 4.3", " 5.5", " 6.2", " 5.1", " 6.2", " 6.2", " 5.1", " 5.5", " 6.6", " 5.6", " 5.4", " 4.6", " 5.0", " 4.6", " 5.2", " 4.6", " 4.6", " 4.6", " 5.2", " 4.6", " 4.8", " 4.6", " 4.6", " 4.6", " 4.8", " 4.6", " 4.3", " 4.6", " 3.4", " 6.1", " 4.6", " 5.3"
"442", "", "False", "13,14-dihydro-15-keto-tetranor Prostaglandin D2", "C16 H26 O5", "No match", " Invalid mass", " No results", " No results", " No results", "-60391.19", "280.17070", "279.16342", "7.886", "23702415.2561103", "0", "1", "0", "78.6", "8.9", "", "No matches found", " No matches found", " No matches found", " No matches found", " No matches found", "", "No matches found", "PreferredDDA", "", "[M-H]-1", "5307799.66187058", " ", " 6778853.88840699", " ", " ", "17.7297107287701", " ", " 90.9948097767627", " ", " ", "0.783", " 0.000", " 0.000", " ", " ", "-0.35", " -Infinity", " -Infinity", " ", " ", "0.297362202587135", " ", " ", " ", " ", "0.999999999876955", " ", " ", " ", " ", "5.6", "4.1", " 4.6", " 5.6", " 4.5", " 4.6", " 4.2", " ", " ", " ", " ", " ", " ", " ", " ", " ", " ", " ", " 3.6", " ", " ", " ", " ", " 3.3", " 2.6", " 3.1", " ", " ", " ", " ", " ", " ", " ", " ", " ", " ", " ", " ", " ", " ", " "
"244", "", "False", "", "C9 H14 N6 O4", "Full match", " No results", " No results", " No results", " No results", "0.97", "270.10791", "269.10064", "1.691", "23646141.8271875", "0", "0", "0", "", "", "", "No matches found", " No matches found", " No matches found", " No matches found", " No matches found", "", "No matches found", "PreferredDDA", "", "[M-H]-1", "14392598.2843481", " 15670538.0050151", " 9631828.46426343", " 13990804.7712424", " 15451810.4727533", "20.1515301953404", " 23.8730416939148", " 30.4790711329757", " 24.7158229775038", " 40.4319307201411", "1.494", " 1.453", " 1.604", " 1.120", " 1.104", "0.58", " 0.54", " 0.68", " 0.16", " 0.14", "0.219283325407805", " 0.229449569693126", " 0.987903241739326", " 0.994061042419889", " 0.524855749265435", "0.999999999876955", " 0.557234669254734", " 0.999999999961495", " 0.999999999989872", " 1", "7.2", "5.5", " 6.2", " 6.1", " 6.5", " 6.8", " 4.3", " 7.2", " 5.9", " 6.1", " 6.1", " 5.9", " 5.7", " 5.7", " 6.8", " 5.7", " 5.5", " 6.6", " 5.4", " 5.4", " 5.0", " 5.0", " 5.6", " 5.0", " 4.4", " 5.4", " 6.2", " 5.3", " 6.5", " 5.5", " 5.3", " 6.1", " 7.2", " 5.5", " 5.6", " 5.1", " 3.3", " 3.5", " 5.1", " 4.7", " 5.1"
"130", "", "False", "Labdanolic acid", "C20 H36 O3", "Full match", " Full match", " No results", " Partial match", " Partial match", "-0.11", "324.26641", "323.25913", "5.262", "23375459.3504612", "7", "2", "0", "83.5", "9.2", "", "No matches found", " No matches found", " No matches found", " No matches found", " No matches found", "", "Multiple matches found", "PreferredDDA", "", "[M-H]-1", "15277130.0317753", " 13701142.3919061", " 13557990.0038239", " 15574880.0829592", " 9884926.07274143", "47.6481128163814", " 46.1787195862959", " 43.7049690523537", " 17.4781804899205", " 38.6860348393623", "1.127", " 1.149", " 0.729", " 0.880", " 0.635", "0.17", " 0.20", " -0.46", " -0.18", " -0.66", "0.999999776238007", " 0.976959112912302", " 0.776076781509756", " 0.688145811094401", " 0.437025739726568", "0.999999999876955", " 0.999999999849258", " 0.999999999961495", " 0.999999999989872", " 1", "8.1", "5.6", " 5.6", " 6.2", " 5.6", " 5.8", " 6.6", " 6.2", " 5.1", " 5.0", " 6.2", " 4.8", " 5.8", " 6.4", " 5.8", " 6.6", " 4.8", " 6.0", " 6.4", " 5.6", " 5.6", " 6.2", " 6.2", " 5.6", " 5.5", " 6.6", " 7.7", " 6.4", " 7.7", " 7.0", " 7.7", " 8.1", " 7.3", " 7.0", " 5.4", " 7.1", " 7.1", " 6.6", " 6.5", " 6.3", " 6.5"
"175", "", "False", "FAHFA 18:2/20:4", "C38 H62 O4", "Not the top hit", " No results", " Full match", " No results", " No results", "-4.37", "582.46227", "581.45499", "6.570", "23350247.1236241", "0", "0", "2", "", "", "74.7", "No matches found", " No matches found", " No matches found", " Multiple matches found", " No matches found", "", "No matches found", "PreferredDDA", "", "[M-H]-1", "8701761.98797815", " 5889172.3511776", " 11253329.4081819", " 7617024.49699723", " 8076785.89340425", "20.5504797819696", " 41.4008137591282", " 41.8969302897998", " 17.6829485334751", " 36.7636389731451", "0.773", " 0.677", " 0.718", " 0.773", " 1.060", "-0.37", " -0.56", " -0.48", " -0.37", " 0.08", "0.533865140767282", " 0.102048924853823", " 0.0739832044276336", " 0.997602419591631", " 0.998894362186705", "0.999999999876955", " 0.306146774561468", " 0.472033684587578", " 0.999999999989872", " 1", "6.9", "4.3", " 4.3", " 2.1", " ", " ", " 3.2", " 4.3", " 4.7", " ", " 1.4", " 0.7", " 0.7", " 0.7", " 1.1", " 6.5", " 2.0", " 2.6", " 3.7", " 0.9", " 0.9", " 1.1", " 2.6", " 2.6", " 2.2", " 2.4", " 5.6", " ", " ", " ", " ", " 2.6", " 6.7", " 3.0", " 3.8", " 6.9", " 4.4", " 4.2", " 2.7", " 3.1", " 1.2"
"165", "", "False", "", "C7 H5 Cl N4 O3 P2", "Full match", " No results", " No results", " No results", " No results", "2.81", "289.95336", "288.94608", "0.616", "23276502.1011796", "0", "0", "0", "", "", "", "No matches found", " No matches found", " No matches found", " No matches found", " No matches found", "", "No matches found", "PreferredDDA", "", "[M-H]-1", "308789.351110169", " ", " 386667.336661331", " 364136.689177149", " ", "", " ", " 9.81101957094293", " 167.250397521529", " ", "0.799", " 0.942", " 0.000", " 0.000", " 0.000", "-0.32", " -0.09", " -Infinity", " -Infinity", " -Infinity", "", " 0.848647753628564", " ", " ", " ", "", " 0.999999999849258", " ", " ", " ", "4.7", "", " ", " ", " 2.7", " ", " ", " ", " ", " ", " ", " ", " ", " ", " ", " ", " ", " ", " ", " ", " 3.3", " ", " ", " 3.7", " ", " ", " ", " ", " ", " 2.3", " 4.7", " ", " ", " 3.8", " ", " ", " ", " ", " ", " ", " "
"406", "", "False", "", "C7 H3 N6 O P", "Full match", " No results", " No results", " No results", " No results", "-3.69", "218.00979", "217.00251", "0.838", "23193252.4330986", "0", "0", "0", "", "", "", "No matches found", " No matches found", " No matches found", " No matches found", " No matches found", "", "No matches found", "PreferredDDA", "", "[M-H]-1", "15672906.6311104", " 17422018.1105238", " 21194685.2386952", " 15127487.4833688", " 16262667.7649612", "19.4429063761543", " 6.59346248627973", " 15.8007455025271", " 5.57925864728062", " 21.7651204110436", "0.739", " 0.714", " 0.767", " 1.152", " 1.075", "-0.44", " -0.49", " -0.38", " 0.20", " 0.10", "0.506521449834591", " 0.423958204087609", " 0.448491738406257", " 0.922882876741368", " 0.995711424271132", "0.999999999876955", " 0.853419200664822", " 0.999999999961495", " 0.999999999989872", " 1", "6.1", "", " ", " ", " ", " 3.2", " ", " 4.1", " ", " ", " 5.7", " ", " ", " ", " ", " ", " 6.1", " ", " ", " ", " ", " ", " 2.8", " 2.8", " ", " 3.2", " ", " 4.6", " ", " 4.6", " ", " ", " ", " ", " 1.9", " ", " 3.1", " ", " 4.0", " ", " 2.7"
"191", "", "False", "(±)17-HDoHE", "C22 H32 O3", "Full match", " No results", " Full match", " Partial match", " Partial match", "-0.44", "344.23499", "343.22775", "4.481", "23144483.8699431", "34", "0", "1", "", "", "36.2", "Single match found", " No matches found", " No matches found", " No matches found", " No matches found", "", "Multiple matches found", "PreferredDDA", "CO2", "[M-H]-1", "2708218.76196695", " 8060819.70836968", " 4235123.0465453", " 18397802.96146", " 5394789.6791262", "6.50028466493794", " 44.3335188566821", " 44.8391518964297", " 16.5789480668623", " 42.7071383910847", "0.639", " 4.344", " 1.274", " 0.438", " 0.293", "-0.65", " 2.12", " 0.35", " -1.19", " -1.77", "0.923411137803321", " 0.0285061512750147", " 0.999996624408006", " 0.0597749656450579", " 0.00565565054052064", "0.999999999876955", " 0.12003966454341", " 0.999999999961495", " 0.999999999989872", " 0.245763723488079", "7.0", "5.3", " 3.7", " ", " ", " ", " ", " ", " ", " 4.8", " ", " ", " ", " 2.7", " ", " 5.2", " 5.2", " 1.6", " 2.0", " 2.6", " ", " ", " ", " ", " ", " ", " 5.5", " ", " ", " ", " 5.5", " ", " ", " 7.0", " ", " 1.4", " 3.7", " 1.7", " ", " 3.7", " 0.8"
"139", "", "False", "PA(O-16:0/12:0)", "C31 H63 O7 P", "Not the top hit", " No results", " No results", " Full match", " Full match", "-0.52", "578.43084", "577.42356", "6.014", "22783452.4524866", "1", "0", "0", "", "", "", "No matches found", " No matches found", " No matches found", " No matches found", " No matches found", "", "Single match found", "PreferredDDA", "", "[M-H]-1", "4118446.55809635", " 2959003.80845762", " 5297881.75651151", " 6754755.77822565", " 4555633.03843447", "117.504880973316", " 89.9194615328832", " 77.3454937298193", " 47.6643928241697", " 104.941047574234", "0.777", " 1.275", " 0.860", " 0.438", " 0.674", "-0.36", " 0.35", " -0.22", " -1.19", " -0.57", "0.654531439744566", " 0.994965786568234", " 0.832994740573345", " 0.234182460423489", " 0.61970335229032", "0.999999999876955", " 0.999999999849258", " 0.999999999961495", " 0.999999999989872", " 1", "6.4", "2.5", " 3.3", " 3.1", " 6.4", " 2.4", " 4.2", " 3.3", " 3.1", " 5.2", " 1.4", " 4.1", " 4.0", " 2.1", " 2.7", " 3.5", " 1.4", " 3.9", " 5.4", " 6.0", " 3.2", " 5.6", " 4.6", " 3.9", " 2.8", " 4.7", " 3.3", " 2.0", " 2.2", " 2.4", " 4.5", " 2.3", " 4.1", " 4.1", " 5.4", " 3.6", " 3.7", " 2.9", " 3.9", " 5.6", " 2.0"
"100", "", "False", "N-(2-Furylmethyl)-3-[(2S,5aS,8aR)-1-methyl-5-oxodecahydropyrrolo[3,2-E][1,4]diazepin-2-yl]propanamide", "C16 H24 N4 O3", "No match", " Invalid mass", " No results", " No results", " No results", "112374.30", "356.16539", "355.15811", "6.975", "22527528.0944513", "0", "1", "0", "75.2", "47.2", "", "No matches found", " No matches found", " No matches found", " No matches found", " No matches found", "", "No matches found", "PreferredDDA", "CO2", "[M-H]-1", "4336377.26473525", " 5316155.23141702", " 15213886.338922", " 6259924.40673795", " 4078615.22603426", "76.3342908288866", " 63.4798833840049", " 52.9306880024819", " 39.7976152950829", " 68.6336911188888", "0.285", " 0.411", " 0.268", " 0.849", " 0.652", "-1.81", " -1.28", " -1.90", " -0.24", " -0.62", "0.0393370577742781", " 0.518278975081348", " 0.134696478527059", " 0.959561771654159", " 0.8494898424337", "0.999999999876955", " 0.970979794131995", " 0.642289523923766", " 0.999999999989872", " 1", "6.9", "3.3", " ", " 4.8", " 3.3", " 2.8", " 2.3", " 3.5", " 3.5", " 4.1", " 3.3", " 5.8", " ", " 6.1", " 2.0", " 4.8", " 2.7", " ", " 4.7", " 5.5", " 4.3", " 4.2", " 2.3", " ", " 3.2", " 4.5", " 4.2", " 6.9", " ", " 2.3", " 3.5", " ", " 6.3", " 4.6", " ", " ", " 4.6", " ", " 3.9", " 1.2", " 2.2"
"181", "", "False", "LPC 22:6", "C30 H50 N O7 P", "No match", " No results", " Invalid mass", " No results", " No results", "105795.29", "627.35359", "626.34632", "3.907", "22257881.2036937", "0", "0", "1", "", "", "69.2", "No matches found", " No matches found", " No matches found", " Single match found", " No matches found", "", "No matches found", "PreferredDDA", "", "[M-H]-1", "5521348.53947966", " 8709130.6493462", " 4358693.15682371", " 9978006.96642738", " 7970250.31553041", "52.8192548484584", " 38.6282109131323", " 78.0993464457885", " 48.5799313652103", " 48.3571073036611", "1.267", " 2.289", " 1.829", " 0.873", " 0.799", "0.34", " 1.19", " 0.87", " -0.20", " -0.32", "0.631620857757434", " 0.0186855301623408", " 0.3719530131294", " 0.993351554094597", " 0.670775810556037", "0.999999999876955", " 0.0866329125708526", " 0.997010147619044", " 0.999999999989872", " 1", "6.9", "6.0", " 4.6", " 5.4", " 5.0", " 4.5", " 5.6", " 3.5", " 6.0", " 6.9", " 6.7", " 5.0", " 6.1", " 6.1", " 6.1", " 6.7", " 5.7", " 6.1", " 2.7", " 6.2", " 3.5", " 4.8", " 2.1", " 3.6", " 5.6", " 4.1", " 3.7", " 4.5", " 6.0", " 6.0", " 6.2", " 5.6", " 3.0", " 5.8", " 4.8", " 5.8", " 4.8", " 4.8", " 5.6", " 3.7", " 4.5"
"115", "", "False", "", "C8 H4 N4 O S2", "Full match", " No results", " No results", " No results", " No results", "0.11", "235.98268", "234.97540", "8.896", "22123200.4365824", "0", "0", "0", "", "", "", "No matches found", " No matches found", " No matches found", " No matches found", " No matches found", "", "No matches found", "PreferredDDA", "CO2", "[M-H]-1", "20288580.3305246", " 18579055.1192006", " 17747924.7902599", " 21268730.4600364", " 16198836.0458004", "11.8674292765052", " 7.44177261946807", " 12.4375652012085", " 6.75176915807449", " 9.60141767586095", "1.143", " 1.198", " 0.913", " 0.874", " 0.762", "0.19", " 0.26", " -0.13", " -0.20", " -0.39", "0.41989288605649", " 0.0562891902955229", " 0.191226013857397", " 0.330248302369874", " 0.000211136457593852", "0.999999999876955", " 0.198744141120346", " 0.759871791907023", " 0.999999999989872", " 0.0504616133649307", "8.6", "6.3", " 8.2", " 7.5", " 7.5", " 7.1", " 7.1", " 7.1", " 6.3", " 7.6", " 7.6", " 7.6", " 6.1", " 8.0", " 7.6", " 8.4", " 6.1", " 7.2", " 7.1", " 5.2", " 7.5", " 7.1", " 8.6", " 7.9", " 8.2", " 8.2", " 5.7", " 8.0", " 7.6", " 6.1", " 7.2", " 6.8", " ", " 6.1", " 8.0", " 7.2", " 6.1", " 8.0", " 6.1", " 6.2", " 8.0"
"91", "", "False", "PG O-19:1_10:0", "C35 H69 O9 P", "No match", " No results", " Full match", " Partial match", " Partial match", "0.66", "664.46836", "663.46108", "4.784", "21995686.6989047", "1", "0", "1", "", "", "2.7", "No matches found", " No matches found", " No matches found", " Single match found", " No matches found", "", "Single match found", "PreferredDDA", "", "[M-H]-1", "1883160.3313001", " 4049354.64398781", " 2452144.7745669", " 9299647.48493288", " 2894209.55733815", "112.719448722937", " 63.7315931221949", " 100.341693845557", " 62.1956265255384", " 85.1662916514351", "0.768", " 3.792", " 1.180", " 0.435", " 0.311", "-0.38", " 1.92", " 0.24", " -1.20", " -1.68", "0.998617621140344", " 0.0761784510570666", " 0.998425775950036", " 0.886696378282389", " 0.181507662768643", "0.999999999876955", " 0.247985170462366", " 0.999999999961495", " 0.999999999989872", " 1", "6.4", "5.7", " ", " 0.6", " 3.6", " ", " ", " 1.7", " 6.0", " ", " 4.5", " 6.0", " ", " 6.1", " ", " ", " 6.1", " 5.4", " 5.4", " 5.7", " ", " ", " ", " 4.5", " 5.0", " 3.0", " ", " 5.4", " 4.3", " 3.3", " 3.3", " 5.0", " 2.4", " ", " ", " 6.4", " 0.0", " ", " 5.0", " ", " 4.6"
"210", "", "False", "N-(1-adamantyl)-N'-(2,2-diethoxyethyl)thiourea", "C17 H30 N2 O2 S", "No match", " Invalid mass", " No match", " No match", " No match", "19.86", "326.20928", "325.20200", "2.707", "21919227.3169301", "42", "1", "1", "87.3", "9.4", "1.5", "Single match found", " No matches found", " No matches found", " No matches found", " No matches found", "", "Multiple matches found", "PreferredDDA", "CO2", "[M-H]-1", "2525596.00065314", " 1655702.95902624", " 1365340.02682015", " 1406694.65684448", " 1361464.93182262", "126.008506344278", " 12.0432957009421", " 94.152185126714", " 51.7016555366737", " 17.9621466822088", "1.850", " 1.030", " 0.997", " 1.177", " 0.968", "0.89", " 0.04", " 0.00", " 0.24", " -0.05", "0.58121288527845", " 0.79606150953202", " 0.371553536410573", " 0.997849256871769", " 0.897193905771979", "0.999999999876955", " 0.999999999849258", " 0.997010147619044", " 0.999999999989872", " 1", "5.8", "", " 5.8", " ", " ", " 2.0", " 2.3", " ", " ", " 3.8", " 2.2", " 3.0", " 3.8", " 3.4", " 3.8", " ", " 3.8", " ", " 1.7", " ", " ", " 1.7", " 5.2", " 1.7", " ", " 4.8", " 1.6", " 2.3", " 1.7", " 1.0", " 1.4", " 1.0", " 2.1", " 1.4", " 2.3", " 2.9", " 2.9", " ", " 1.7", " 2.9", " 3.3"
"168", "", "False", "Embelin", "C17 H26 O4", "Full match", " No results", " No results", " Full match", " Full match", "0.17", "294.18316", "293.17588", "3.430", "21827063.2223096", "4", "0", "0", "", "", "", "No matches found", " No matches found", " No matches found", " No matches found", " No matches found", "", "Single match found", "PreferredDDA", "CO2", "[M-H]-1", "3026667.88823582", " 8159539.63353657", " 1484834.28137743", " 3161657.06929984", " 3272328.78058031", "101.826023680603", " 79.8110641757574", " 47.4338444628202", " 49.8133543671025", " 79.3067348332478", "2.038", " 2.129", " 2.204", " 2.581", " 1.035", "1.03", " 1.09", " 1.14", " 1.37", " 0.05", "0.40884663862501", " 0.800587474459588", " 0.408371112743859", " 0.681701023393419", " 0.999962078010653", "0.999999999876955", " 0.999999999849258", " 0.999999999961495", " 0.999999999989872", " 1", "5.8", "", " 5.8", " 3.9", " ", " 2.3", " 5.2", " 0.0", " ", " ", " ", " ", " ", " 5.6", " 5.6", " 5.8", " 4.8", " 3.6", " 3.5", " 0.2", " 0.6", " 1.9", " 1.0", " 1.7", " ", " ", " ", " ", " ", " ", " ", " 2.9", " 4.2", " ", " 4.6", " 4.6", " 5.6", " 1.1", " 5.4", " 5.2", " 2.5"
"143", "", "False", "Pentadecanoic acid", "C15 H30 O2", "Full match", " Full match", " No results", " Full match", " Full match", "-1.59", "242.22419", "241.21692", "6.597", "21788020.5382717", "24", "2", "0", "97.9", "9.9", "", "No matches found", " No matches found", " No matches found", " No matches found", " No matches found", "", "Multiple matches found", "PreferredDDA", "", "[M-H]-1", "8108219.06902485", " 7915020.51600314", " 9104056.98028035", " 7738887.14399193", " 7783439.22375063", "12.4392960696487", " 13.6837335091701", " 50.0493250140351", " 21.5766067893497", " 11.1019684721153", "0.891", " 0.850", " 0.855", " 1.023", " 1.006", "-0.17", " -0.23", " -0.23", " 0.03", " 0.01", "0.621134397972123", " 0.117909130796604", " 0.246986092834333", " 0.950050232554465", " 0.993512454299633", "0.999999999876955", " 0.34253348756735", " 0.867564255943152", " 0.999999999989872", " 1", "8.4", "7.6", " 6.9", " ", " 6.1", " ", " 5.7", " 6.5", " 7.6", " 5.0", " ", " ", " 5.7", " ", " 6.5", " 5.0", " 6.5", " ", " 6.2", " 6.0", " 3.7", " 5.2", " 3.0", " 4.1", " ", " ", " 5.5", " 5.5", " ", " ", " 5.1", " 4.3", " 6.0", " 4.3", " 6.1", " 6.1", " 4.2", " 5.0", " 6.5", " 8.4", " "
"172", "", "False", "7-hydroxy-10E,16-heptadecadien-8-ynoic acid", "C17 H26 O3", "Full match", " No results", " No results", " Not the top hit", " Full match", "-0.25", "278.18812", "277.18085", "3.991", "21480115.7802765", "10", "0", "0", "", "", "", "No matches found", " No matches found", " No matches found", " No matches found", " No matches found", "", "Multiple matches found", "PreferredDDA", "CO2", "[M-H]-1", "7785735.54647552", " 4387060.80657961", " 3831390.44393595", " 4200833.6782967", " 4886276.63395784", "48.5801939855948", " 83.0626881174198", " 35.0475665907909", " 40.391027666817", " 42.7279325247541", "2.032", " 1.096", " 1.275", " 1.044", " 1.163", "1.02", " 0.13", " 0.35", " 0.06", " 0.22", "0.535855591769482", " 0.816088102253439", " 0.999999494461879", " 0.998555234275011", " 0.85172155772715", "0.999999999876955", " 0.999999999849258", " 0.999999999961495", " 0.999999999989872", " 1", "6.4", "3.1", " 6.0", " 6.4", " 3.3", " 5.2", " 4.8", " 5.2", " 6.0", " 5.0", " 3.1", " 3.1", " 5.8", " 6.0", " 5.2", " 5.1", " 5.6", " 3.1", " 5.4", " 3.2", " 6.3", " 5.7", " 4.0", " 5.5", " 5.5", " 6.1", " 4.1", " 4.2", " 4.2", " 5.4", " 6.0", " 3.5", " 4.6", " 3.7", " 5.8", " 5.6", " 5.6", " 3.3", " 6.0", " 5.2", " 5.0"
"127", "", "False", "", "C3 H4 N6 O3 P2", "Full match", " No results", " No results", " No results", " No results", "0.53", "233.98214", "232.97486", "8.931", "21250615.766884", "0", "0", "0", "", "", "", "No matches found", " No matches found", " No matches found", " No matches found", " No matches found", "", "No matches found", "PreferredDDA", "CO2", "[M-H]-1", "2252725.42612123", " 1541301.15919225", " 2758505.50927939", " 1643344.13194116", " 1330866.95560096", "16.7649109364939", " 17.1132950961165", " 25.1302850228159", " 145.735119383906", " ", "0.817", " 0.596", " 0.482", " 0.938", " 0.810", "-0.29", " -0.75", " -1.05", " -0.09", " -0.30", "0.9553033983209", " 0.999357899819557", " ", " 0.50259390362043", " ", "0.999999999876955", " 0.999999999849258", " ", " 0.999999999989872", " ", "7.4", "4.0", " 4.6", " ", " ", " ", " 3.3", " ", " ", " ", " 4.0", " ", " 7.4", " ", " 5.2", " ", " 3.6", " ", " 3.0", " 5.3", " ", " 4.5", " 4.5", " 4.3", " ", " ", " 6.1", " ", " 2.5", " 2.5", " ", " 1.4", " 5.1", " ", " 4.0", " ", " ", " ", " ", " ", " "
"315", "", "False", "", "", "No results", " No results", " No results", " No results", " No results", "", "220.86213", "219.85486", "0.966", "21021276.1436975", "0", "0", "0", "", "", "", "No matches found", " No matches found", " No matches found", " No matches found", " No matches found", "", "No matches found", "PreferredDDA", "", "[M-H]-1", "1990268.00657443", " 6399807.57735296", " 4740589.42368391", " 2102791.45597324", " 1401413.50134109", "135.886276070717", " 15.6634055391053", " 49.3657728843858", " 119.741539856135", " 111.451378308491", "0.420", " 0.444", " 0.296", " 3.043", " 0.666", "-1.25", " -1.17", " -1.76", " 1.61", " -0.59", "0.944742583104496", " 0.884457256116411", " 0.436680814178265", " 0.545886514799769", " 0.891297830246208", "0.999999999876955", " 0.999999999849258", " 0.999999999961495", " 0.999999999989872", " 1", "7.5", "6.5", " 3.0", " ", " 4.0", " 4.4", " 4.2", " 5.2", " 1.7", " ", " ", " ", " 7.5", " ", " ", " 7.5", " 7.1", " 7.1", " 4.2", " 4.2", " ", " ", " 5.4", " 5.2", " ", " 5.2", " 5.9", " 3.0", " 4.4", " 4.8", " 6.1", " ", " 4.4", " 4.2", " 5.4", " 2.3", " 4.8", " 4.9", " 5.6", " ", " 3.8"
"249", "", "False", "16,16-dimethyl-PGD2", "C22 H36 O5", "Not the top hit", " No results", " No results", " Partial match", " Full match", "-0.07", "380.25625", "379.24895", "3.022", "20939279.0401798", "18", "0", "0", "", "", "", "No matches found", " No matches found", " No matches found", " No matches found", " No matches found", "", "Multiple matches found", "PreferredDDA", "", "[M-H]-1", "9639539.83586215", " 12849448.217976", " 7154198.10456531", " 10667964.8990647", " 6402032.63307563", "57.7690077494647", " 45.868694208827", " 45.6246088390141", " 29.59985581632", " 41.3096647271709", "1.347", " 1.491", " 0.895", " 1.204", " 0.600", "0.43", " 0.58", " -0.16", " 0.27", " -0.74", "0.510196749696809", " 0.443045727416924", " 0.999242802328998", " 0.999666327881178", " 0.342488518510143", "0.999999999876955", " 0.880337614218044", " 0.999999999961495", " 0.999999999989872", " 1", "6.2", "4.1", " 3.0", " 3.3", " 4.6", " 5.5", " 5.5", " 5.2", " 5.1", " 3.1", " 3.6", " 5.8", " 5.8", " 4.8", " 4.8", " 3.9", " 4.5", " 3.7", " 3.7", " 1.6", " 2.6", " 4.8", " 3.7", " 5.0", " 3.0", " 4.1", " 4.3", " 4.5", " 4.3", " 5.9", " 4.3", " 6.2", " 4.0", " 5.9", " 3.5", " 4.1", " 4.8", " 4.4", " 3.3", " 3.7", " 4.5"
"238", "", "False", "9,10-dihydroxy-2-decenoic acid", "C10 H18 O4", "Full match", " No results", " No results", " Not the top hit", " Full match", "-3.82", "202.11974", "201.11246", "2.009", "20680818.1646467", "6", "0", "0", "", "", "", "No matches found", " No matches found", " No matches found", " No matches found", " No matches found", "", "Multiple matches found", "PreferredDDA", "", "[M-H]-1", "12002411.8824135", " 11971781.1243227", " 5643642.99966288", " 9215715.59509679", " 9358686.00631348", "37.4513282561908", " 38.3299728108057", " 52.3592670132723", " 38.5183941136995", " 35.6426158389525", "2.127", " 1.633", " 1.658", " 1.299", " 1.016", "1.09", " 0.71", " 0.73", " 0.38", " 0.02", "0.0210858398670152", " 0.213752680680425", " 0.256961812081903", " 0.791406920313948", " 0.999997778303001", "0.831133521424848", " 0.531602813981239", " 0.867564255943152", " 0.999999999989872", " 1", "6.3", "5.7", " 5.7", " 6.3", " 5.7", " 6.1", " 5.4", " 6.0", " 5.7", " 5.7", " 6.0", " 2.7", " 4.6", " 6.3", " 6.3", " 4.6", " 4.6", " 5.7", " 4.1", " 4.6", " 5.2", " 2.5", " 5.2", " 4.6", " 5.2", " 4.8", " 4.6", " 5.4", " 6.3", " 4.6", " 4.6", " 5.0", " 6.0", " 4.6", " 5.4", " 6.0", " 4.2", " ", " 5.4", " 4.6", " 5.4"
"200", "", "False", "threo-9,10-Dihydroxystearic acid", "C18 H36 O4", "Full match", " No results", " No results", " Full match", " Full match", "-0.60", "316.26117", "315.25389", "4.007", "20075529.1151016", "22", "0", "0", "", "", "", "No matches found", " No matches found", " No matches found", " No matches found", " No matches found", "", "Multiple matches found", "PreferredDDA", "", "[M-H]-1", "13099337.775542", " 9804472.5351009", " 13133462.0196762", " 14027331.4708598", " 6533092.20818301", "22.0243274226806", " 25.3146786501795", " 12.7575190655719", " 28.7770998474215", " 9.70867749461221", "0.997", " 1.068", " 0.497", " 0.699", " 0.466", "0.00", " 0.09", " -1.01", " -0.52", " -1.10", "0.99996066485242", " 0.999998056315171", " 2.32059664218021E-06", " 0.146819655019417", " 2.70901072452201E-06", "0.999999999876955", " 0.999999999849258", " 0.000175205046484606", " 0.999999999989872", " 0.00129490712632152", "7.9", "4.6", " 6.2", " 3.6", " 5.1", " 6.6", " 5.1", " 6.1", " 5.3", " 6.5", " 5.1", " 5.5", " 5.5", " 5.1", " 5.9", " 4.7", " 4.0", " 4.0", " 6.5", " 5.0", " 6.7", " 5.7", " 5.4", " 5.0", " 6.0", " 7.9", " 5.7", " 6.1", " 5.7", " 7.6", " 3.6", " 5.1", " 5.1", " 4.3", " 5.9", " 3.6", " 7.4", " 5.1", " 6.2", " 7.4", " 7.0"
"98", "", "False", "", "C20 H35 Cl N4", "Full match", " No results", " No results", " No results", " No results", "-4.67", "366.25331", "365.24604", "6.331", "19990376.5966079", "0", "0", "0", "", "", "", "No matches found", " No matches found", " No matches found", " No matches found", " No matches found", "", "No matches found", "PreferredDDA", "", "[M-H]-1", "4345971.47566667", " 4539894.51674179", " 13058544.6159605", " 7484343.55496508", " 4673646.93517285", "95.5211320966057", " 85.1013532524931", " 72.0750786201887", " 60.6281287837189", " 73.4521013795355", "0.333", " 0.573", " 0.358", " 0.607", " 0.624", "-1.59", " -0.80", " -1.48", " -0.72", " -0.68", "0.876379745457599", " 0.998721078256333", " 0.972754683993907", " 0.924162592660349", " 0.876607440265344", "0.999999999876955", " 0.999999999849258", " 0.999999999961495", " 0.999999999989872", " 1", "6.6", "", " ", " 5.0", " 4.2", " 3.2", " 5.2", " 6.1", " ", " 3.5", " 2.2", " 5.8", " ", " 2.3", " 3.5", " 1.4", " 2.3", " 1.7", " ", " 1.7", " 5.8", " ", " 1.4", " ", " 6.6", " 3.3", " 2.0", " 2.8", " 4.1", " 2.4", " 1.8", " 2.0", " 1.8", " 1.1", " 1.1", " ", " 1.6", " ", " 2.7", " 2.0", " 2.2"
"180", "", "False", "7-oxo-11E-Tetradecenoic acid", "C14 H24 O3", "Full match", " No results", " No results", " Not the top hit", " Full match", "-1.44", "240.17220", "239.16492", "3.623", "19990268.2551127", "5", "0", "0", "", "", "", "No matches found", " No matches found", " No matches found", " No matches found", " No matches found", "", "Multiple matches found", "PreferredDDA", "CO2", "[M-H]-1", "1840669.88927575", " 3686680.09859092", " 1858243.51800188", " 6098780.58848234", " 4501316.724543", "43.0563102152629", " 50.5489178713797", " 27.3761824641473", " 72.8557171766655", " 60.9929505010918", "0.991", " 3.282", " 2.422", " 0.604", " 0.738", "-0.01", " 1.71", " 1.28", " -0.73", " -0.44", "0.999999852605104", " 0.000111684438202309", " 0.0297081196886112", " 0.176474253938867", " 0.373599315120409", "0.999999999876955", " 0.00146466163242456", " 0.259468712746238", " 0.999999999989872", " 1", "6.4", "1.7", " 2.1", " 1.9", " 1.5", " 1.2", " 2.3", " 3.1", " 2.1", " 2.7", " 5.6", " 5.4", " 3.7", " 3.1", " 5.6", " 1.6", " 4.8", " 2.9", " 5.8", " 6.0", " 3.3", " 3.1", " 4.6", " 3.1", " 3.9", " 2.8", " 5.1", " 6.4", " 2.6", " 3.7", " 4.5", " 4.6", " 3.9", " 4.6", " 4.8", " 3.1", " 4.8", " 3.5", " 4.2", " 4.6", " 3.6"
"260", "", "False", "Myristyl sulfate", "C14 H30 O4 S", "Not the top hit", " Full match", " No results", " No results", " No results", "0.05", "294.18649", "293.17922", "7.972", "19874613.2399065", "0", "2", "0", "97.7", "9.9", "", "No matches found", " No matches found", " No matches found", " No matches found", " No matches found", "", "No matches found", "PreferredDDA", "", "[M-H]-1", "15346608.4296646", " ", " 8826943.2470263", " 17404535.2459235", " ", "12.8630795094461", " ", " ", " 20.0707330006311", " ", "1.739", " 1.972", " 0.000", " 0.000", " 0.000", "0.80", " 0.98", " -Infinity", " -Infinity", " -Infinity", "", " ", " ", " ", " ", "", " ", " ", " ", " ", "7.5", "", " ", " ", " 7.5", " 6.3", " 6.3", " 6.3", " 6.3", " ", " ", " ", " ", " ", " ", " ", " ", " ", " ", " 2.6", " ", " ", " ", " ", " ", " ", " 5.3", " 5.3", " ", " ", " ", " ", " ", " ", " ", " ", " ", " ", " ", " ", " "
"73", "", "False", "", "C40 H73 N2 O3 P", "Full match", " No results", " No results", " No results", " No results", "-4.10", "660.53317", "659.52589", "6.471", "19873502.9575456", "0", "0", "0", "", "", "", "No matches found", " No matches found", " No matches found", " No matches found", " No matches found", "", "No matches found", "PreferredDDA", "", "[M-H]-1", "2502900.14495397", " 10378307.8911399", " 4052289.87740212", " 4413812.03732517", " 14048025.1096705", "89.2965516733877", " 92.3051364738347", " 70.0394992319485", " 85.1657979159165", " ", "0.618", " 1.089", " 3.467", " 2.351", " 3.183", "-0.70", " 0.12", " 1.79", " 1.23", " 1.67", "0.829180303825483", " 0.999999533105159", " ", " 0.986601202404448", " ", "0.999999999876955", " 0.999999999849258", " ", " 0.999999999989872", " ", "6.2", "", " ", " 2.0", " ", " 5.6", " ", " 5.2", " 4.5", " ", " 6.2", " 4.7", " ", " 1.7", " ", " ", " 2.0", " ", " ", " ", " 0.5", " ", " ", " ", " 5.6", " 3.9", " 3.1", " 5.8", " 2.1", " ", " 3.5", " ", " 6.0", " 5.8", " ", " ", " ", " ", " ", " ", " 3.2"
"278", "", "False", "1a,1b-Dihomo prostaglandin F2a", "C22 H38 O5", "Full match", " Full match", " No results", " Not the top hit", " Not the top hit", "0.05", "382.27194", "381.26467", "2.926", "19857268.747617", "71", "2", "0", "85.7", "9.3", "", "No matches found", " No matches found", " No matches found", " No matches found", " No matches found", "", "Multiple matches found", "PreferredDDA", "", "[M-H]-1", "10730969.3659886", " 10307725.0730352", " 6567428.02258419", " 10006640.9311021", " 4916189.23551033", "46.4848840923652", " 42.3802423226787", " 37.2846603655194", " 31.4621415698519", " 43.4739566960925", "1.634", " 1.524", " 0.749", " 1.030", " 0.491", "0.71", " 0.61", " -0.42", " 0.04", " -1.03", "0.205352391859001", " 0.360130730441931", " 0.506963792834138", " 0.999915853316265", " 0.0144897821061919", "0.999999999876955", " 0.769553866817397", " 0.999999999961495", " 0.999999999989872", " 0.432882240422483", "6.5", "4.1", " 3.7", " 4.1", " ", " 5.1", " 4.1", " 6.0", " 6.2", " ", " 3.3", " 5.2", " 3.7", " 3.0", " 3.0", " 2.8", " 5.2", " 5.2", " 5.0", " 3.5", " 4.6", " 6.1", " 3.6", " 5.9", " 3.1", " 6.5", " 3.5", " 4.6", " 5.4", " 2.7", " 2.7", " 5.6", " 5.0", " 4.2", " 2.0", " 5.6", " 4.1", " 2.5", " 3.9", " 3.7", " 3.3"
"219", "", "False", "16-Hydroxyhexadecanoic acid", "C16 H32 O3", "Full match", " Full match", " No results", " Full match", " Not the top hit", "-0.08", "272.23512", "271.22785", "4.436", "19846200.7245968", "21", "1", "0", "97.1", "9.9", "", "No matches found", " No matches found", " No matches found", " No matches found", " No matches found", "", "Multiple matches found", "PreferredDDA", "", "[M-H]-1", "3314505.77153789", " 6652181.34626072", " 8017334.00713596", " 8418592.72789868", " 5558579.04377995", "40.5043653648454", " 48.4516580773305", " 57.068689815256", " 45.4034542813639", " 52.4645670355036", "0.413", " 1.050", " 0.693", " 0.790", " 0.660", "-1.27", " 0.07", " -0.53", " -0.34", " -0.60", "0.0800423704260184", " 0.999848793633744", " 0.308743921545458", " 0.929795552207603", " 0.490876541768041", "0.999999999876955", " 0.999999999849258", " 0.926231764636374", " 0.999999999989872", " 1", "5.8", "", " ", " 2.0", " 2.0", " 2.2", " 1.4", " 0.5", " ", " ", " 2.2", " 5.6", " ", " ", " ", " 1.1", " 0.8", " 1.2", " 2.6", " 5.2", " 4.8", " 3.3", " ", " ", " 2.8", " 2.6", " 3.0", " 4.8", " ", " 5.8", " ", " ", " ", " 2.3", " 0.5", " ", " 3.0", " 2.9", " ", " 2.2", " 5.2"
"146", "", "False", "17-methyl-6Z-octadecenoic acid", "C19 H36 O2", "Full match", " No results", " No results", " Partial match", " Full match", "-0.67", "296.27133", "295.26406", "7.419", "19660401.4985684", "31", "0", "0", "", "", "", "No matches found", " No matches found", " No matches found", " No matches found", " No matches found", "", "Multiple matches found", "PreferredDDA", "", "[M-H]-1", "3989886.34366008", " 4635794.65442609", " 3861904.73840695", " 8575633.48255766", " 4949239.62924204", "83.9868547266734", " 64.7151914590937", " 85.7574947967997", " 45.3914294420848", " 85.4100009522716", "1.033", " 2.221", " 1.282", " 0.541", " 0.577", "0.05", " 1.15", " 0.36", " -0.89", " -0.79", "0.964798219910329", " 0.441557847968578", " 0.998995168302712", " 0.588850517426256", " 0.332065624604559", "0.999999999876955", " 0.880337614218044", " 0.999999999961495", " 0.999999999989872", " 1", "7.0", "5.9", " 6.1", " 6.4", " 6.1", " 6.2", " 6.1", " 6.7", " 5.8", " 6.1", " 6.6", " 7.0", " 6.1", " 6.1", " 6.4", " 6.4", " 4.2", " 5.0", " 6.1", " 6.1", " 6.7", " 5.8", " 5.4", " 4.8", " 7.0", " 6.4", " 6.7", " 7.0", " 6.4", " 7.0", " 6.7", " 6.4", " 6.4", " 6.7", " 6.0", " 6.1", " 6.4", " 6.3", " 6.1", " 6.0", " 7.0"
"272", "", "False", "Prostaglandin F1a", "C20 H36 O5", "Full match", " Full match", " No results", " Full match", " Full match", "0.37", "356.25641", "355.24913", "2.906", "19593468.1126558", "5", "5", "0", "86.4", "9.3", "", "No matches found", " No matches found", " No matches found", " No matches found", " No matches found", "", "Multiple matches found", "PreferredDDA", "", "[M-H]-1", "4316776.41157166", " 6188842.02594994", " 3235870.68806911", " 9893843.79576826", " 1959613.23110664", "56.5351339042398", " 61.255613181584", " 64.7613192177287", " 46.9076244057028", " 63.2921915087219", "1.334", " 3.058", " 0.606", " 0.626", " 0.198", "0.42", " 1.61", " -0.72", " -0.68", " -2.34", "0.656932349863417", " 0.00402798045475139", " 0.958561777715772", " 0.440483551561199", " 0.000906535624294325", "0.999999999876955", " 0.0293467147417601", " 0.999999999961495", " 0.999999999989872", " 0.0777589128949352", "5.5", "1.4", " 2.3", " 2.3", " 3.3", " 4.8", " 3.7", " 2.2", " 3.3", " 0.4", " 4.1", " 4.5", " ", " 3.1", " 4.5", " 3.7", " 3.1", " 3.5", " 1.1", " ", " 3.5", " 1.8", " 2.7", " 1.7", " 3.1", " 0.8", " 3.3", " 4.5", " 5.1", " 5.2", " 3.5", " 5.5", " 4.5", " 4.8", " 2.1", " 4.6", " 2.9", " 1.7", " 0.8", " ", " 4.2"
"179", "", "False", "LPC 18:1", "C26 H52 N O7 P", "No match", " No results", " Invalid mass", " No match", " No match", "115126.71", "581.36923", "580.36196", "4.593", "19559987.2897955", "1", "0", "11", "", "", "89.7", "No matches found", " No matches found", " No matches found", " Multiple matches found", " No matches found", "", "Single match found", "PreferredDDA", "", "[M-H]-1", "9972900.24847861", " 8066515.43612488", " 10006922.6288466", " 12043142.3020531", " 9899333.5216285", "41.629009769528", " 36.4208464643265", " 43.049086994359", " 30.5235926192485", " 50.8265848422109", "0.997", " 1.203", " 0.989", " 0.670", " 0.822", "0.00", " 0.27", " -0.02", " -0.58", " -0.28", "0.918509487711686", " 0.956618451990806", " 0.999996075821551", " 0.823602842113574", " 0.97319053131955", "0.999999999876955", " 0.999999999849258", " 0.999999999961495", " 0.999999999989872", " 1", "6.1", "5.1", " 5.6", " 3.3", " 5.6", " 4.3", " 3.7", " 4.5", " 3.9", " 5.7", " 5.0", " 5.1", " 5.7", " 5.4", " 3.5", " 3.8", " 5.0", " 4.6", " 5.2", " 3.7", " 3.0", " 4.3", " 2.7", " 2.6", " 4.3", " 3.7", " 6.0", " 6.1", " 2.3", " 5.0", " 5.7", " 5.7", " 2.7", " 5.7", " 4.3", " 5.2", " 4.1", " 4.6", " 3.0", " 1.8", " 5.5"
"183", "", "False", "", "C20 H32 N6 O3", "Full match", " No results", " No results", " No results", " No results", "0.41", "404.25376", "403.24648", "5.033", "19552927.7793667", "0", "0", "0", "", "", "", "No matches found", " No matches found", " No matches found", " No matches found", " No matches found", "", "No matches found", "PreferredDDA", "", "[M-H]-1", "6886467.31045534", " 9928666.34158737", " 4516025.91799285", " 10639821.6039302", " 7222478.34809625", "38.2331113482732", " 45.3634891487166", " 47.4517114971349", " 37.731994489225", " 54.4075740931561", "1.525", " 2.356", " 1.599", " 0.933", " 0.679", "0.61", " 1.24", " 0.68", " -0.10", " -0.56", "0.856264754494211", " 0.00751934032868906", " 0.833669498565324", " 0.622466447492255", " 0.122720406978288", "0.999999999876955", " 0.0442484257803626", " 0.999999999961495", " 0.999999999989872", " 0.960192670412619", "6.5", "5.5", " 2.9", " 6.5", " 5.9", " 4.6", " 6.5", " 6.1", " 6.1", " 3.3", " 5.6", " 4.1", " 2.4", " 4.1", " 3.7", " 4.1", " 4.1", " 6.0", " 5.4", " 1.4", " 2.3", " 5.6", " 5.2", " 4.2", " 2.0", " 5.6", " 6.1", " 5.0", " 5.6", " 6.5", " 5.0", " 6.0", " 6.1", " 5.4", " 2.0", " 5.6", " 3.5", " 5.8", " 2.2", " 3.7", " 4.5"
"95", "", "False", "7-{[(2E)-3,7-Dimethyl-2,6-octadien-1-yl]oxy}-1,3-dihydroxy-9H-xanthen-9-one", "C23 H24 O5", "No match", " Invalid mass", " No results", " No match", " No results", "7.11", "380.16508", "379.15780", "6.568", "19532309.1758332", "2", "1", "0", "64.0", "8.2", "", "No matches found", " No matches found", " No matches found", " No matches found", " No matches found", "", "No matches found", "PreferredDDA", "CO2", "[M-H]-1", "8308182.79949596", " 14807432.3435717", " 16769598.0293426", " 11546466.6144685", " ", "", " ", " 31.6587439580268", " 37.1142774033294", " ", "0.495", " 0.689", " 0.000", " 1.282", " 0.000", "-1.01", " -0.54", " -Infinity", " 0.36", " -Infinity", "", " 0.818027404346639", " ", " ", " ", "", " 0.999999999849258", " ", " ", " ", "5.7", "", " ", " ", " 2.6", " ", " ", " ", " ", " ", " 0.9", " ", " ", " ", " ", " ", " ", " ", " ", " ", " 4.1", " ", " ", " ", " 5.7", " 3.7", " ", " 5.2", " ", " ", " ", " ", " 3.1", " ", " ", " ", " ", " ", " ", " ", " "
"158", "", "False", "3-pentadecynoic acid", "C15 H26 O2", "Full match", " No results", " No results", " Partial match", " Full match", "-1.56", "238.19291", "237.18563", "5.106", "19379670.2454346", "30", "0", "0", "", "", "", "No matches found", " No matches found", " No matches found", " No matches found", " No matches found", "", "Multiple matches found", "PreferredDDA", "", "[M-H]-1", "11094171.9065672", " 2198453.552892", " 4072918.30867627", " 4063504.37988925", " 1515183.76779795", "62.6899966389745", " 57.1295050203019", " 36.4589172535599", " 35.009607767488", " 67.4940063297686", "2.724", " 0.998", " 0.372", " 0.541", " 0.373", "1.45", " 0.00", " -1.43", " -0.89", " -1.42", "0.102537469589278", " 0.985972724275171", " 0.124392466754533", " 0.126926625203703", " 0.0426900357673318", "0.999999999876955", " 0.999999999849258", " 0.617263409676923", " 0.999999999989872", " 0.68019456989282", "7.0", "5.8", " ", " 4.8", " 4.6", " 7.0", " 6.0", " 6.4", " 5.2", " 5.2", " 2.0", " ", " 4.6", " 4.9", " 5.4", " 4.2", " 5.5", " 1.5", " 5.7", " 4.7", " 5.5", " 6.9", " 5.1", " 6.6", " 5.9", " 5.9", " 6.5", " 5.4", " 5.1", " 5.9", " 5.1", " 5.1", " 4.7", " 5.9", " 4.6", " 5.2", " 4.6", " 4.9", " 3.6", " 3.6", " 3.6"
"195", "", "False", "", "C16 H34 O6 S", "Full match", " No results", " No results", " No results", " No results", "-0.27", "354.20751", "353.20024", "7.789", "18580500.3284579", "0", "0", "0", "", "", "", "No matches found", " No matches found", " No matches found", " No matches found", " No matches found", "", "No matches found", "PreferredDDA", "", "[M-H]-1", "7239993.54884255", " ", " ", " 5650995.87475896", " ", "58.6964298900008", " ", " ", " 57.7466246920792", " ", "Infinity", " Infinity", " ", " 0.000", " 0.000", "Infinity", " Infinity", " ", " -Infinity", " -Infinity", "", " ", " ", " ", " ", "", " ", " ", " ", " ", "5.6", "", " ", " 3.5", " 5.2", " 3.0", " 4.1", " 4.1", " 3.2", " ", " ", " ", " ", " ", " ", " ", " ", " ", " ", " ", " ", " ", " ", " ", " ", " ", " 2.6", " 3.0", " 5.6", " 3.3", " 2.0", " 1.6", " ", " ", " ", " ", " ", " ", " ", " ", " "
"333", "", "False", "Protectin D1", "C22 H32 O4", "Not the top hit", " Full match", " Full match", " No match", " Not the top hit", "0.50", "360.23024", "359.22296", "3.216", "18521598.2904948", "1", "3", "2", "85.4", "67.0", "60.1", "Multiple matches found", " No matches found", " No matches found", " No matches found", " No matches found", "", "Multiple matches found", "PreferredDDA", "", "[M-H]-1", "4626377.29147154", " 9396432.79541103", " 4831261.6918757", " 11960288.1427118", " 4615268.88318695", "73.1958037795268", " 52.0846521906305", " 35.3883600800192", " 37.3801432475024", " 67.2027421211679", "0.958", " 2.476", " 0.955", " 0.786", " 0.386", "-0.06", " 1.31", " -0.07", " -0.35", " -1.37", "0.993358710990317", " 0.0811336583258022", " 0.990174744900601", " 0.982880401075726", " 0.240001979514734", "0.999999999876955", " 0.26225598008129", " 0.999999999961495", " 0.999999999989872", " 1", "4.7", "0.2", " 0.5", " 4.1", " 0.2", " 3.7", " 3.3", " 1.0", " 3.0", " 2.2", " 3.6", " 3.9", " 4.7", " 1.2", " 3.7", " 2.2", " 2.6", " 0.8", " 2.7", " 1.0", " 1.7", " 3.8", " 2.9", " 2.2", " 3.8", " 3.5", " 1.8", " 1.6", " 3.5", " 4.4", " 2.7", " 2.3", " 1.6", " 2.7", " 2.6", " 0.5", " 3.3", " 3.1", " 2.0", " 3.0", " 1.6"
"135", "", "False", "", "C30 H67 N6 O7 P S", "Full match", " No results", " No results", " No results", " No results", "-0.97", "686.45229", "685.44501", "4.758", "17917433.6967198", "0", "0", "0", "", "", "", "No matches found", " No matches found", " No matches found", " No matches found", " No matches found", "", "No matches found", "PreferredDDA", "", "[M-H]-1", "7368220.84256015", " 11003872.9925472", " 3924519.82651739", " 10292149.944028", " 6212024.52975728", "55.1256214148988", " 34.198828242299", " 52.7256368499306", " 33.0768164935065", " 57.5056849588884", "1.877", " 2.623", " 1.583", " 1.069", " 0.604", "0.91", " 1.39", " 0.66", " 0.10", " -0.73", "0.609130540065879", " 0.00575425113221739", " 0.464307776270908", " 0.998436377872783", " 0.278536690760597", "0.999999999876955", " 0.0361808393107915", " 0.999999999961495", " 0.999999999989872", " 1", "6.1", "5.5", " 2.3", " 3.7", " 2.9", " 4.8", " 2.6", " 3.0", " 2.2", " ", " 4.6", " 3.8", " 5.2", " 5.0", " 6.1", " 4.6", " 4.6", " 4.6", " 3.3", " ", " 0.8", " 3.0", " 2.2", " 2.5", " 2.3", " 3.7", " 5.4", " 4.6", " 3.7", " 5.4", " 2.7", " 5.4", " 3.5", " 5.4", " 3.1", " 6.0", " 3.0", " 5.5", " 4.8", " 3.3", " 1.1"
"232", "", "False", "Myristyl sulfate", "C14 H30 O4 S", "Not the top hit", " Full match", " No results", " No results", " No results", "0.00", "294.18648", "293.17920", "7.672", "17719720.3010616", "0", "2", "0", "97.8", "9.9", "", "No matches found", " No matches found", " No matches found", " No matches found", " No matches found", "", "No matches found", "PreferredDDA", "", "[M-H]-1", "", " 14401082.915922", " ", " 16139840.5183322", " ", "", " 24.2388392134084", " ", " 7.78324084491555", " ", "", " Infinity", " ", " 0.892", " 0.000", "", " Infinity", " ", " -0.16", " -Infinity", "", " ", " ", " 0.126536597677054", " ", "", " ", " ", " 0.999999999989872", " ", "7.6", "", " ", " ", " ", " ", " ", " ", " ", " 4.9", " 1.7", " 4.6", " 3.2", " 3.1", " ", " ", " ", " ", " ", " ", " ", " ", " ", " ", " ", " ", " ", " ", " 7.2", " 6.8", " 6.5", " 7.6", " 6.5", " 5.7", " ", " ", " ", " ", " ", " ", " "
"193", "", "False", "", "C12 H31 N4 O3 P", "Full match", " No results", " No results", " No results", " No results", "-4.68", "310.21193", "309.20465", "6.145", "17692654.3357142", "0", "0", "0", "", "", "", "No matches found", " No matches found", " No matches found", " No matches found", " No matches found", "", "No matches found", "PreferredDDA", "", "[M-H]-1", "10402802.2026954", " 8802085.24224231", " 12973929.2123423", " 10159082.0653809", " 9731435.15919159", "24.9714185838987", " 29.7926317855515", " 34.1767111114213", " 22.2567830429637", " 31.1157905951903", "0.802", " 0.783", " 0.750", " 0.866", " 0.958", "-0.32", " -0.35", " -0.41", " -0.21", " -0.06", "0.939177769449776", " 0.978702853669161", " 0.937532123971088", " 0.999782162510345", " 0.999451587747781", "0.999999999876955", " 0.999999999849258", " 0.999999999961495", " 0.999999999989872", " 1", "6.6", "5.1", " 6.6", " 6.6", " 5.1", " 2.8", " 5.9", " 4.7", " 4.7", " 2.8", " 2.3", " 4.2", " 6.6", " 4.3", " 5.1", " 4.7", " 6.2", " 6.2", " 4.2", " 5.7", " 1.8", " 6.1", " 5.7", " 4.6", " 2.7", " 4.1", " 6.2", " 3.8", " 6.2", " 4.0", " 6.2", " 4.3", " 4.7", " 5.9", " 4.2", " 4.2", " 4.2", " 6.1", " 3.1", " 3.8", " 3.7"
"51", "", "False", "(±)9-HpODE", "C18 H32 O4", "Full match", " Full match", " Full match", " Not the top hit", " Not the top hit", "0.11", "312.23009", "311.22282", "4.652", "17671300.7474006", "47", "1", "1", "70.5", "45.9", "0.6", "No matches found", " No matches found", " No matches found", " Single match found", " No matches found", "", "Multiple matches found", "PreferredDDA", "", "[M-H]-1", "1208660.69168002", " 2723177.01535127", " 4856430.55499725", " 2656976.83892585", " 8558589.99256839", "60.8558849538254", " 71.9963824705167", " 64.9943268884737", " 69.2620717701907", " 67.1462487166074", "0.249", " 0.547", " 1.762", " 1.025", " 3.221", "-2.01", " -0.87", " 0.82", " 0.04", " 1.69", "0.317076890192036", " 0.94182754266075", " 0.537302914097504", " 0.999637679591146", " 0.231196734935088", "0.999999999876955", " 0.999999999849258", " 0.999999999961495", " 0.999999999989872", " 1", "6.2", "0.2", " ", " ", " 3.9", " ", " 0.0", " 2.7", " ", " 3.1", " ", " 0.2", " ", " ", " ", " 1.9", " ", " 4.5", " 4.1", " 0.6", " 0.8", " ", " ", " 3.6", " 5.2", " 3.7", " 1.4", " 4.1", " 1.1", " ", " 2.0", " ", " 2.7", " ", " 3.3", " ", " 0.8", " ", " 6.2", " ", " 5.6"
"447", "", "False", "", "C14 H32 O3 P2", "Full match", " No results", " No results", " No results", " No results", "-4.06", "310.18141", "309.17413", "7.997", "17624588.7369651", "0", "0", "0", "", "", "", "No matches found", " No matches found", " No matches found", " No matches found", " No matches found", "", "No matches found", "PreferredDDA", "", "[M-H]-1", "10686518.6703481", " ", " 8756753.61181818", " ", " ", "8.0748286809821", " ", " 36.9895026449282", " ", " ", "1.220", " 0.000", " 0.000", " ", " ", "0.29", " -Infinity", " -Infinity", " ", " ", "0.98778654324946", " ", " ", " ", " ", "0.999999999876955", " ", " ", " ", " ", "5.9", "5.1", " 5.9", " 5.5", " ", " ", " ", " ", " ", " ", " ", " ", " ", " ", " ", " ", " ", " ", " 2.9", " ", " ", " ", " 3.5", " 1.9", " 3.3", " 3.5", " ", " ", " ", " ", " ", " ", " ", " ", " ", " ", " ", " ", " ", " ", " "
"198", "", "False", "", "C16 H28 N6 O2", "Full match", " No results", " No results", " No results", " No results", "0.91", "336.22768", "335.22040", "6.342", "17513376.4223755", "0", "0", "0", "", "", "", "No matches found", " No matches found", " No matches found", " No matches found", " No matches found", "", "No matches found", "PreferredDDA", "", "[M-H]-1", "10999214.9207159", " 5947594.84960908", " 12365908.4530553", " 7137981.90880478", " 7938465.00942987", "20.6295931536126", " 12.017606047667", " 21.0711563919534", " 20.9506000667174", " 24.825075511079", "0.889", " 0.577", " 0.642", " 0.833", " 1.112", "-0.17", " -0.79", " -0.64", " -0.26", " 0.15", "0.917860684155593", " 2.19275046322576E-05", " 0.00285890076672402", " 0.998421764707896", " 0.24289045054589", "0.999999999876955", " 0.000402588985048249", " 0.047966001752814", " 0.999999999989872", " 1", "7.6", "6.6", " 5.1", " 4.3", " 4.6", " 1.7", " 6.6", " 1.9", " 2.8", " 5.7", " ", " ", " 5.4", " 6.1", " ", " 5.4", " 4.2", " 7.6", " 6.2", " 5.1", " 3.1", " 5.5", " 4.0", " 2.8", " 3.6", " 1.7", " 2.8", " ", " 4.3", " ", " ", " 4.3", " 3.2", " 3.0", " 3.2", " 5.5", " 5.5", " 5.5", " 5.5", " 4.3", " 4.3"
"194", "", "False", "", "C19 H40 N2 O4", "Full match", " No results", " No results", " No results", " No results", "0.12", "360.29885", "359.29158", "5.624", "17506049.5245582", "0", "0", "0", "", "", "", "No matches found", " No matches found", " No matches found", " No matches found", " No matches found", "", "No matches found", "PreferredDDA", "", "[M-H]-1", "833360.06421941", " 510255.937733773", " ", " 778253.260081839", " 688969.092554852", "21.4165955825038", " 50.8399274202229", " ", " 183.813912429192", " 23.8363938736302", "Infinity", " Infinity", " Infinity", " 0.656", " 0.885", "Infinity", " Infinity", " Infinity", " -0.61", " -0.18", "", " ", " ", " 0.725984124098346", " 0.910434741103965", "", " ", " ", " 0.999999999989872", " 1", "5.9", "", " ", " 5.6", " ", " 5.6", " 3.3", " 5.9", " ", " ", " ", " ", " ", " ", " 2.7", " ", " ", " 0.8", " ", " ", " ", " ", " ", " ", " ", " ", " 1.9", " ", " 3.6", " ", " 5.8", " 2.3", " ", " 4.5", " ", " 5.9", " ", " ", " ", " 5.6", " "
"169", "", "False", "", "C10 H14 O10", "Full match", " No results", " No results", " No results", " No results", "0.86", "294.05895", "293.05167", "0.559", "17447475.3167516", "0", "0", "0", "", "", "", "No matches found", " No matches found", " No matches found", " No matches found", " No matches found", "", "No matches found", "PreferredDDA", "", "[M-H]-1", "5072913.22501068", " 5925303.89558263", " 5077284.3879754", " 7773814.37595734", " 5123906.26809173", "62.5950744650652", " 59.2886949841091", " 56.5175454072614", " 44.9358956012512", " 19.970172172675", "0.999", " 1.531", " 1.009", " 0.762", " 0.659", "0.00", " 0.61", " 0.01", " -0.39", " -0.60", "0.553616249487912", " 0.597912738429487", " 0.972961518399923", " 0.36546371575835", " 0.945495431796653", "0.999999999876955", " 0.999999999849258", " 0.999999999961495", " 0.999999999989872", " 1", "7.9", "6.0", " 5.8", " 5.8", " 5.8", " 6.2", " 6.0", " 6.0", " ", " 5.3", " 5.6", " 6.0", " 5.6", " 5.0", " 6.0", " 6.4", " 5.5", " 5.5", " 5.8", " 6.0", " 5.4", " 6.4", " 4.9", " 5.5", " 6.0", " 6.0", " 6.0", " 5.4", " 6.0", " 6.0", " 3.5", " 6.0", " 5.4", " 6.4", " 7.5", " 7.3", " 7.9", " ", " 7.7", " 7.5", " 7.5"
"390", "", "False", "", "C9 H4 N5 O5 P", "Full match", " No results", " No results", " No results", " No results", "3.52", "292.99604", "291.98876", "0.829", "17418440.4720347", "0", "0", "0", "", "", "", "No matches found", " No matches found", " No matches found", " No matches found", " No matches found", "", "No matches found", "PreferredDDA", "", "[M-H]-1", "12566023.3114568", " 14314814.0119005", " 14888812.1122557", " 11797629.6344607", " 12517384.3513396", "78.0197169202024", " 9.5335577899924", " 2.80109289181252", " ", " 9.92012250583688", "0.844", " 0.792", " 0.841", " 1.213", " 1.061", "-0.24", " -0.34", " -0.25", " 0.28", " 0.09", "0.705758078359011", " ", " 0.998885145823015", " ", " ", "0.999999999876955", " ", " 0.999999999961495", " ", " ", "6.1", "1.3", " ", " ", " ", " ", " ", " 3.3", " 2.9", " ", " 3.4", " ", " 3.4", " ", " ", " 4.9", " 6.1", " 3.8", " ", " ", " ", " ", " 4.7", " 4.7", " ", " ", " ", " 1.8", " ", " ", " ", " ", " ", " ", " 5.5", " ", " ", " ", " 5.1", " ", " "
"338", "", "False", "Myristyl sulfate", "C14 H30 O4 S", "Full match", " Full match", " No results", " No results", " No results", "0.18", "294.18653", "293.17926", "8.329", "17411505.6276237", "0", "2", "0", "98.1", "9.9", "", "No matches found", " No matches found", " No matches found", " No matches found", " No matches found", "", "No matches found", "PreferredDDA", "", "[M-H]-1", "12603639.1471298", " ", " 10768745.952984", " ", " ", "21.029677334401", " ", " 10.7359404349944", " ", " ", "1.170", " 0.000", " 0.000", " ", " ", "0.23", " -Infinity", " -Infinity", " ", " ", "0.189940509033822", " ", " ", " ", " ", "0.999999999876955", " ", " ", " ", " ", "5.4", "5.1", " 4.9", " 5.1", " ", " ", " ", " ", " ", " ", " ", " ", " ", " ", " ", " ", " ", " ", " ", " ", " ", " ", " ", " 5.0", " 5.4", " 5.4", " ", " ", " ", " ", " ", " ", " ", " ", " ", " ", " ", " ", " ", " ", " "
"353", "", "False", "Maresin 1", "C22 H32 O4", "Not the top hit", " No results", " Full match", " Not the top hit", " Not the top hit", "0.25", "360.23015", "359.22287", "4.092", "17401167.7194521", "25", "0", "2", "", "", "28.8", "Multiple matches found", " No matches found", " No matches found", " No matches found", " No matches found", "", "Multiple matches found", "PreferredDDA", "", "[M-H]-1", "3387297.6534352", " 9700726.10935328", " 3924240.8775214", " 8726861.52556133", " 7484469.39440829", "40.5785802232851", " 34.5102962384942", " 49.2457846526002", " 21.108121124771", " 39.7185425559907", "0.863", " 2.224", " 1.907", " 1.112", " 0.858", "-0.21", " 1.15", " 0.93", " 0.15", " -0.22", "0.96268315353501", " 0.0271432209963571", " 0.302565279225223", " 0.958755062579879", " 0.822345907821459", "0.999999999876955", " 0.117065532786047", " 0.919879674422995", " 0.999999999989872", " 1", "5.9", "0.6", " 0.5", " 1.8", " 0.2", " ", " 2.6", " 1.6", " 1.1", " 5.0", " 3.7", " 1.9", " 3.1", " 2.3", " 2.3", " 1.9", " 1.9", " ", " 0.8", " 1.8", " 0.5", " 1.2", " 0.8", " ", " 1.1", " 1.1", " 2.1", " 1.7", " 2.8", " 4.3", " 2.4", " 5.9", " ", " 4.3", " 1.2", " 5.0", " 1.9", " 2.1", " 1.6", " 2.7", " "
"271", "", "False", "NP-011548", "C18 H34 O3", "Full match", " Full match", " No results", " Partial match", " Partial match", "-0.56", "298.25063", "297.24335", "5.711", "17324451.2496067", "73", "1", "0", "96.2", "9.8", "", "No matches found", " No matches found", " No matches found", " No matches found", " No matches found", "", "Multiple matches found", "PreferredDDA", "CO2", "[M-H]-1", "8638835.52026786", " 8470407.18490637", " 9487192.23264309", " 9176713.35600284", " 7737677.49243788", "37.6868535083552", " 31.2993363281347", " 39.1037506954378", " 33.8335209051085", " 38.9942841696612", "0.911", " 0.967", " 0.816", " 0.923", " 0.843", "-0.14", " -0.05", " -0.29", " -0.12", " -0.25", "0.966013054016568", " 0.997692226895051", " 0.934097002598179", " 0.760448942419707", " 0.811276347677236", "0.999999999876955", " 0.999999999849258", " 0.999999999961495", " 0.999999999989872", " 1", "5.7", "1.9", " 2.7", " 1.9", " 3.8", " 1.8", " 1.9", " 1.9", " ", " 1.9", " 3.1", " ", " 3.8", " 2.3", " 1.6", " 2.3", " 4.6", " 3.5", " 1.2", " 1.6", " 4.6", " 1.2", " 2.7", " 4.2", " 4.6", " 3.7", " 1.6", " 1.8", " 1.2", " 1.8", " 1.6", " 1.2", " 4.6", " 3.1", " 5.7", " 1.2", " 1.6", " 1.0", " 1.6", " 1.2", " 5.2"
"186", "", "False", "", "C23 H34 N4 O2", "Full match", " No results", " No results", " No results", " No results", "-3.53", "398.26677", "397.25941", "2.582", "17263670.5835", "0", "0", "0", "", "", "", "No matches found", " No matches found", " No matches found", " No matches found", " No matches found", "", "No matches found", "PreferredDDA", "", "[M-H]-1", "8600357.58978444", " 10152807.1542892", " 5581334.54429744", " 8900484.49037776", " 4871294.98350607", "54.310826652457", " 53.5088228611907", " 46.0844157830549", " 25.5181274872848", " 38.239900011882", "1.541", " 1.595", " 0.873", " 1.141", " 0.547", "0.62", " 0.67", " -0.20", " 0.19", " -0.87", "0.528033928676434", " 0.360466408204227", " 0.997671696560988", " 0.999599060935377", " 0.239113929642826", "0.999999999876955", " 0.769553866817397", " 0.999999999961495", " 0.999999999989872", " 1", "5.5", "3.5", " 2.7", " 3.3", " 4.2", " 4.3", " 4.1", " 4.1", " 3.7", " 1.7", " 4.3", " 4.5", " 3.7", " 3.7", " 4.8", " 3.9", " 4.5", " 4.2", " 3.3", " 2.7", " 3.7", " 4.1", " 4.2", " 4.8", " 2.2", " 3.7", " 5.1", " 3.6", " 4.7", " 3.2", " 4.7", " 4.3", " 5.1", " 5.5", " 3.6", " 5.0", " 4.2", " 4.5", " 2.9", " 3.5", " 3.2"
"283", "", "False", "Resolvin T1", "C22 H34 O5", "Not the top hit", " No results", " No results", " Partial match", " Full match", "-0.23", "378.24054", "377.23326", "2.869", "17152656.62316", "140", "0", "0", "", "", "", "No matches found", " No matches found", " No matches found", " No matches found", " No matches found", "", "Multiple matches found", "PreferredDDA", "", "[M-H]-1", "8684239.56066792", " 10503747.0690926", " 7515658.89716187", " 11739758.7828608", " 4613989.51524994", "63.2293634735954", " 54.5967801473828", " 47.0572657758085", " 32.1537640804581", " 55.7213406405371", "1.155", " 1.562", " 0.614", " 0.895", " 0.393", "0.21", " 0.64", " -0.70", " -0.16", " -1.35", "0.995992681916276", " 0.503159815770847", " 0.907418375475079", " 0.865933184341055", " 0.114133412034142", "0.999999999876955", " 0.954340311730656", " 0.999999999961495", " 0.999999999989872", " 0.957118788637188", "6.5", "1.4", " 3.9", " 4.8", " 4.2", " 5.8", " 4.1", " 4.8", " 5.1", " 2.0", " 5.1", " 4.5", " 3.3", " 3.1", " 4.8", " 4.5", " 4.1", " 3.5", " 4.8", " ", " 4.8", " 4.8", " 3.9", " 4.6", " 4.8", " 5.6", " 5.6", " 6.5", " 5.4", " 5.6", " 5.0", " 5.0", " 4.6", " 4.2", " 3.5", " 4.8", " 4.5", " 2.5", " 3.5", " 4.5", " 3.9"
"237", "", "False", "(S)-3-hydroxystearic acid", "C18 H36 O3", "Full match", " No results", " No results", " Not the top hit", " Full match", "-0.38", "300.26633", "299.25905", "5.283", "17132457.103488", "29", "0", "0", "", "", "", "No matches found", " No matches found", " No matches found", " No matches found", " No matches found", "", "Multiple matches found", "PreferredDDA", "", "[M-H]-1", "3720118.65313957", " 5238543.65747975", " 12091303.7242012", " 9967807.12677272", " 4487518.26590621", "20.8562619217438", " 68.2983574815693", " 49.3300685143013", " 13.2811109911029", " 49.4577796403835", "0.308", " 0.824", " 0.371", " 0.526", " 0.450", "-1.70", " -0.28", " -1.43", " -0.93", " -1.15", "0.075616050978715", " 0.999971954231833", " 0.109329476679693", " 0.363968275896308", " 0.135182623293285", "0.999999999876955", " 0.999999999849258", " 0.596701842601217", " 0.999999999989872", " 0.985418290556098", "8.0", "3.4", " ", " 1.5", " 1.5", " ", " 2.8", " ", " ", " 2.6", " 0.7", " 1.1", " 2.7", " 1.6", " 0.5", " 5.1", " ", " 1.2", " ", " 5.5", " ", " 3.7", " 1.2", " ", " 0.7", " ", " ", " ", " 6.9", " ", " 8.0", " ", " ", " 6.9", " 2.0", " 0.5", " 1.8", " 1.0", " ", " 0.8", " 1.4"
"177", "", "False", "4,8,12,15,19,21-tetracosahexaenoic acid", "C24 H36 O2", "Full match", " No results", " No results", " Partial match", " Full match", "-0.29", "356.27143", "355.26415", "6.773", "17115935.9795071", "10", "0", "0", "", "", "", "No matches found", " No matches found", " No matches found", " No matches found", " No matches found", "", "Multiple matches found", "PreferredDDA", "CO2", "[M-H]-1", "2631076.54632775", " 6982501.34200913", " 3885031.62217673", " 9450895.16050021", " 4446697.97171265", "70.7065529834116", " 32.3176475321228", " 58.5079205699298", " 34.612116718986", " 56.2341595756968", "0.677", " 2.433", " 1.145", " 0.739", " 0.471", "-0.56", " 1.28", " 0.19", " -0.44", " -1.09", "0.775358431928711", " 0.0139907271058624", " 0.9997601516053", " 0.466188393972314", " 0.0293025057680566", "0.999999999876955", " 0.0729743606998957", " 0.999999999961495", " 0.999999999989872", " 0.544680421620841", "6.9", "5.2", " 4.2", " 6.1", " 5.9", " 4.1", " 5.8", " 3.9", " 5.4", " 6.9", " 4.6", " 4.2", " 4.4", " 4.6", " 6.5", " 6.5", " 6.5", " 5.5", " 5.8", " 5.6", " 5.8", " 5.4", " 6.5", " 3.3", " 6.0", " 4.8", " 6.5", " 6.3", " 6.9", " 6.9", " 4.2", " 6.9", " 6.9", " 6.9", " 3.9", " 6.4", " 6.4", " 5.5", " 4.2", " 5.8", " 4.5"
"247", "", "False", "Cholic acid", "C24 H40 O5", "Full match", " Full match", " Full match", " Full match", " Full match", "-0.32", "408.28745", "407.28016", "2.551", "16979948.1931073", "80", "4", "3", "99.6", "10.0", "2.9", "No matches found", " No matches found", " No matches found", " Multiple matches found", " No matches found", "", "Multiple matches found", "PreferredDDA", "CO2", "[M-H]-1", "1366548.36805176", " 1058779.33660104", " 2343995.46227142", " 1203647.08866657", " 704665.79264546", "56.5499049235274", " 47.7065837620073", " 123.067046122347", " 109.221687222273", " 13.1419785697556", "0.583", " 0.514", " 0.301", " 0.880", " 0.585", "-0.78", " -0.96", " -1.73", " -0.19", " -0.77", "0.230516420041516", " 0.653479494240716", " 0.145050912746708", " 0.965699656612732", " 0.757658541957031", "0.999999999876955", " 0.999999999849258", " 0.683574832858631", " 0.999999999989872", " 1", "6.6", "4.2", " ", " 3.0", " 5.2", " 2.5", " 2.1", " ", " ", " ", " ", " ", " ", " ", " ", " 4.0", " ", " 3.0", " 5.0", " 6.6", " ", " 2.9", " ", " ", " ", " ", " 4.8", " ", " ", " 1.9", " ", " ", " 3.6", " ", " 2.4", " ", " ", " ", " 3.9", " 6.6", " "
"149", "", "False", "tetracosatetraenoic acid n-6", "C24 H40 O2", "Full match", " No results", " No results", " Not the top hit", " Full match", "0.10", "360.30287", "359.29559", "7.508", "16973177.9299743", "6", "0", "0", "", "", "", "No matches found", " No matches found", " No matches found", " No matches found", " No matches found", "", "Multiple matches found", "PreferredDDA", "", "[M-H]-1", "4844196.69139928", " 8502157.32414618", " 2734820.44649453", " 7106099.55373716", " 5578265.56080983", "48.153814091522", " 35.2354117829604", " 52.3999951581087", " 37.2875234798375", " 34.1489801921824", "1.771", " 2.598", " 2.040", " 1.196", " 0.785", "0.82", " 1.38", " 1.03", " 0.26", " -0.35", "0.291025134183893", " 0.000268827765564361", " 0.132881602643665", " 0.936918499378551", " 0.198279922634926", "0.999999999876955", " 0.00324715643142215", " 0.640376234016811", " 0.999999999989872", " 1", "7.2", "5.8", " 6.1", " 6.0", " 5.5", " 6.4", " 5.6", " 6.1", " 5.6", " 6.5", " 6.5", " 5.4", " 5.7", " 5.7", " 6.1", " 7.1", " 7.2", " 6.9", " 5.9", " 6.4", " 5.5", " 5.0", " 4.6", " 5.5", " 5.8", " 5.4", " 5.7", " 6.1", " 7.2", " 6.9", " 6.3", " 5.4", " 6.1", " 6.1", " 6.9", " 6.1", " 6.9", " 6.4", " 5.4", " 6.9", " 5.4"
"137", "", "False", "PA(P-16:0/20:5(5Z,8Z,11Z,14Z,17Z))", "C39 H67 O7 P", "Not the top hit", " No results", " No results", " Full match", " Full match", "-0.46", "678.46213", "677.45485", "6.277", "16811399.3924912", "1", "0", "0", "", "", "", "No matches found", " No matches found", " No matches found", " No matches found", " No matches found", "", "Single match found", "PreferredDDA", "", "[M-H]-1", "3364881.72559297", " 12773659.697242", " 2323151.52665162", " 12161777.3726095", " 11944410.4540756", "74.3052915711855", " 26.8257957904722", " 54.4254248915377", " 25.8160650529071", " 34.767188040013", "1.448", " 5.235", " 5.141", " 1.050", " 0.982", "0.53", " 2.39", " 2.36", " 0.07", " -0.03", "0.33652206316023", " 1.98397445383414E-06", " 4.93820754519092E-05", " 0.999997376059276", " 0.878253874691097", "0.999999999876955", " 8.90482777731082E-05", " 0.00203364365270135", " 0.999999999989872", " 1", "7.0", "4.4", " ", " 2.6", " 1.7", " 3.3", " 6.1", " 0.5", " 3.9", " 4.3", " 6.5", " ", " 7.0", " 2.4", " 4.7", " 3.8", " 3.6", " 4.3", " 2.3", " ", " 1.0", " 5.8", " 3.3", " 4.9", " 2.0", " 2.3", " 2.4", " 4.7", " 3.6", " 3.6", " 4.2", " 5.9", " 6.5", " 5.3", " 6.9", " 2.3", " 5.0", " 3.2", " 3.1", " 4.6", " 3.1"
"280", "", "False", "diginatigenin", "C23 H34 O6", "Not the top hit", " No results", " No results", " Full match", " Full match", "-0.25", "406.23544", "405.22816", "1.809", "16483347.4121377", "4", "0", "0", "", "", "", "No matches found", " No matches found", " No matches found", " No matches found", " No matches found", "", "Multiple matches found", "PreferredDDA", "", "[M-H]-1", "1568984.53845389", " 13117847.9271301", " 1223351.02881985", " 8025003.86107393", " 6182581.75030562", "66.7419527482068", " 43.3851255754492", " 60.5470547673931", " 31.6607671062785", " 32.2881995798372", "1.283", " 6.560", " 5.054", " 1.635", " 0.770", "0.36", " 2.71", " 2.34", " 0.71", " -0.38", "0.952591173107461", " 4.86909945518477E-06", " 0.000534184484147993", " 0.941644615763951", " 0.592758802682902", "0.999999999876955", " 0.000139682290620613", " 0.0142344453717083", " 0.999999999989872", " 1", "6.5", "2.3", " ", " 2.5", " 1.1", " 5.4", " 3.9", " 2.9", " 1.7", " 5.6", " 4.8", " 6.0", " 5.5", " 3.5", " 4.7", " 6.0", " 5.6", " 5.4", " 3.6", " 3.1", " 0.4", " 4.4", " 2.7", " ", " 3.5", " 4.2", " 5.7", " 5.0", " 5.0", " 5.0", " 5.7", " 5.7", " 4.4", " 5.4", " 6.1", " 6.1", " 5.0", " 4.0", " 6.5", " 5.0", " 4.0"
"246", "", "False", "", "C18 H30 N6 O2", "Full match", " No results", " No results", " No results", " No results", "0.78", "362.24331", "361.23603", "6.618", "16426477.6929459", "0", "0", "0", "", "", "", "No matches found", " No matches found", " No matches found", " No matches found", " No matches found", "", "No matches found", "PreferredDDA", "", "[M-H]-1", "14341959.8751329", " 11154484.5180116", " 14037776.2617171", " 9599316.65731435", " 13265862.0602588", "36.5662131947141", " 11.8520223676932", " 27.4149176190881", " 26.8378435626345", " 17.057213481706", "1.022", " 0.684", " 0.945", " 1.162", " 1.382", "0.03", " -0.55", " -0.08", " 0.22", " 0.47", "0.987807457977561", " 0.180491062824238", " 0.968758394506685", " 0.364263723497525", " 0.0576640929528033", "0.999999999876955", " 0.481659289746078", " 0.999999999961495", " 0.999999999989872", " 0.714078399527857", "7.4", "2.9", " 1.8", " ", " 1.4", " ", " ", " 6.5", " 2.7", " 3.1", " 2.7", " 2.7", " 2.7", " 3.5", " 2.7", " 7.2", " 2.7", " 3.5", " 3.4", " 2.8", " 2.3", " 2.3", " 3.2", " 2.7", " 2.1", " 3.6", " 3.6", " 2.4", " 7.4", " 3.4", " 1.7", " 4.3", " 2.1", " 3.6", " 2.2", " 5.2", " 3.7", " 3.2", " 2.8", " 4.8", " 3.9"
"140", "", "False", "", "C26 H20 N4 O", "Full match", " No results", " No results", " No match", " No results", "3.17", "404.16499", "403.15772", "6.424", "16370564.0818709", "1", "0", "0", "", "", "", "No matches found", " No matches found", " No matches found", " No matches found", " No matches found", "", "No matches found", "PreferredDDA", "", "[M-H]-1", "2171083.52449377", " 4676940.56410555", " 2753100.20767362", " 3449554.17263192", " 3794133.16482983", "", " 28.8503624678131", " 112.564855736975", " 37.7190640603579", " 2.39111196560546", "0.789", " 1.253", " 1.378", " 1.356", " 1.100", "-0.34", " 0.33", " 0.46", " 0.44", " 0.14", "", " 0.990017059954613", " 0.993501965065172", " 0.998797293149475", " 0.999996585205377", "", " 0.999999999849258", " 0.999999999961495", " 0.999999999989872", " 1", "6.6", "", " ", " ", " ", " 4.4", " ", " ", " ", " ", " 1.7", " ", " ", " ", " 2.6", " 5.6", " 6.6", " ", " 2.0", " 5.1", " 1.7", " ", " ", " ", " ", " ", " 3.6", " 4.0", " 4.0", " 5.5", " 4.6", " ", " ", " 4.6", " 5.0", " ", " 6.1", " ", " ", " ", " "
"61", "", "False", "", "C19 H25 N2 P", "Full match", " No results", " No results", " No results", " No results", "1.35", "312.17596", "311.16868", "8.864", "16278143.3014058", "0", "0", "0", "", "", "", "No matches found", " No matches found", " No matches found", " No matches found", " No matches found", "", "No matches found", "PreferredDDA", "", "[M-H]-1", "1410654.20416674", " ", " 4336887.37229143", " ", " 1061966.46703363", "68.6872735404593", " ", " 72.1578198241777", " ", " 30.4155208755502", "0.325", " 0.000", " 0.245", " ", " Infinity", "-1.62", " -Infinity", " -2.03", " ", " Infinity", "0.00597999382166259", " ", " 0.0131082815215966", " ", " ", "0.565707415529281", " ", " 0.141382179268649", " ", " ", "6.4", "2.1", " 6.1", " ", " 0.4", " ", " ", " 4.9", " ", " ", " ", " ", " ", " ", " ", " ", " ", " ", " 6.4", " ", " 5.1", " 5.4", " 6.4", " 6.1", " 3.5", " 4.6", " ", " ", " ", " ", " ", " ", " ", " ", " ", " ", " 0.5", " ", " ", " 1.6", " 3.0"
"222", "", "False", "11,12-Epoxy-(5Z,8Z,11Z)-icosatrienoic acid", "C20 H32 O3", "Full match", " Full match", " Full match", " Not the top hit", " Not the top hit", "-0.34", "320.23504", "319.22776", "5.214", "15988220.1774112", "72", "8", "3", "91.6", "54.7", "61.8", "Multiple matches found", " No matches found", " No matches found", " No matches found", " No matches found", "", "Multiple matches found", "PreferredDDA", "CO2", "[M-H]-1", "7878412.67182326", " 8910800.40717037", " 2314283.58273971", " 9052972.82868757", " 9183187.88613914", "44.4554327809427", " 47.3266390493857", " 88.5633562599042", " 30.9058964267645", " 4.31659751999755", "3.404", " 3.912", " 3.968", " 0.984", " 1.014", "1.77", " 1.97", " 1.99", " -0.02", " 0.02", "0.562164056584996", " 0.0979111695520573", " 0.263521180341568", " 0.9920763349096", " 0.999130466943359", "0.999999999876955", " 0.297624018704598", " 0.871351056165914", " 0.999999999989872", " 1", "8.3", "1.7", " 5.2", " ", " ", " ", " 3.7", " ", " 4.8", " 4.6", " 4.5", " 2.8", " ", " ", " ", " 4.1", " ", " 5.2", " ", " ", " 4.8", " ", " 4.8", " 5.0", " 0.8", " 5.2", " ", " ", " 5.6", " 4.6", " ", " ", " ", " 5.4", " ", " 7.5", " ", " ", " 8.3", " ", " "
"264", "", "False", "2,5-dimethyl-2E-tridecenoic acid", "C15 H28 O2", "Full match", " No results", " No results", " Not the top hit", " Full match", "-2.01", "240.20845", "239.20117", "5.934", "15871106.6748648", "42", "0", "0", "", "", "", "No matches found", " No matches found", " No matches found", " No matches found", " No matches found", "", "Multiple matches found", "PreferredDDA", "", "[M-H]-1", "3479668.62544085", " 4716315.29636886", " 7741967.35856658", " 4063832.92036187", " 3237823.69470124", "55.9602658466475", " 49.080259850406", " 57.8325127639512", " 43.15439215935", " 52.3732947297457", "0.449", " 0.525", " 0.418", " 1.161", " 0.797", "-1.15", " -0.93", " -1.26", " 0.21", " -0.33", "0.196840830351221", " 0.730839080639305", " 0.333915423759987", " 0.998902983268214", " 0.965620606847822", "0.999999999876955", " 0.999999999849258", " 0.957365107362495", " 0.999999999989872", " 1", "5.5", "2.0", " 1.2", " 3.5", " 2.7", " 1.8", " 2.0", " 2.0", " 3.5", " 2.0", " 2.6", " 3.3", " 3.7", " 2.3", " 3.1", " 2.6", " 2.0", " 1.6", " 5.5", " 1.2", " 2.2", " ", " 2.0", " 5.0", " 3.0", " 5.2", " 3.1", " 5.2", " 0.8", " 4.8", " ", " 2.0", " 2.0", " ", " 3.3", " 2.0", " 4.6", " 1.4", " 1.2", " ", " 2.6"
"125", "", "False", "ST 27:1;O;S", "C27 H46 O4 S", "Not the top hit", " No results", " Full match", " Partial match", " Partial match", "-0.39", "466.31150", "465.30422", "8.824", "15638184.4559064", "1", "0", "1", "", "", "67.4", "No matches found", " No matches found", " No matches found", " Single match found", " No matches found", "", "Single match found", "PreferredDDA", "", "[M-H]-1", "2864028.12579548", " 3142741.85054222", " 2976007.15937994", " 1444727.17127849", " 5054298.10153329", "106.267493675487", " 52.3830972503172", " 53.6240921807032", " 153.019547579611", " 64.2301557774872", "0.962", " 0.485", " 1.698", " 2.175", " 3.498", "-0.06", " -1.04", " 0.76", " 1.12", " 1.81", "0.998346799731395", " 0.957471767505916", " 0.949822171375396", " 0.7383807262886", " 0.246915758855823", "0.999999999876955", " 0.999999999849258", " 0.999999999961495", " 0.999999999989872", " 1", "6.7", "1.7", " 1.9", " ", " ", " 5.4", " 6.0", " 5.2", " 4.6", " 1.7", " ", " 2.3", " 4.2", " 6.3", " 4.8", " 5.8", " 6.7", " 5.6", " ", " ", " ", " ", " ", " ", " 5.2", " 5.0", " 2.0", " 5.9", " 5.9", " 5.0", " 5.3", " ", " 4.2", " 1.9", " 4.1", " 3.9", " 5.2", " 6.0", " 6.0", " 6.4", " 5.2"
"223", "", "False", "", "C12 H22 N6 O2", "Full match", " No results", " No results", " No results", " No results", "0.64", "282.18060", "281.17333", "5.137", "15627321.8543313", "0", "0", "0", "", "", "", "No matches found", " No matches found", " No matches found", " No matches found", " No matches found", "", "No matches found", "PreferredDDA", "", "[M-H]-1", "3826039.13385266", " 3740432.89534441", " 4685626.17319189", " 4264964.47859949", " 3622860.41434185", "57.2058489703292", " 68.0092079941275", " 60.5945473863242", " 72.0088192324796", " 68.3536001625006", "0.817", " 0.910", " 0.773", " 0.877", " 0.849", "-0.29", " -0.14", " -0.37", " -0.19", " -0.24", "0.941589378310659", " 0.997069293308765", " 0.985319409325943", " 0.990136515189101", " 0.915928966934689", "0.999999999876955", " 0.999999999849258", " 0.999999999961495", " 0.999999999989872", " 1", "6.7", "4.6", " 3.1", " 6.1", " 4.6", " 5.2", " 3.9", " 6.5", " 3.9", " 5.4", " 6.7", " 6.4", " 4.6", " 5.0", " 4.2", " 3.5", " 5.0", " 3.1", " 4.8", " 4.6", " 5.6", " 3.1", " 3.9", " 4.4", " 5.6", " 5.2", " 4.6", " 6.4", " 5.4", " 5.8", " 5.8", " 4.2", " 5.2", " 4.6", " 4.6", " 4.6", " 3.9", " 4.6", " 4.6", " 5.8", " 5.2"
"117", "", "False", "FAHFA 20:4/20:4", "C40 H62 O4", "No match", " No results", " Full match", " Partial match", " Not the top hit", "-2.64", "606.46321", "605.45593", "6.430", "15479256.5026414", "4", "0", "2", "", "", "39.7", "No matches found", " No matches found", " No matches found", " Multiple matches found", " No matches found", "", "Multiple matches found", "PreferredDDA", "", "[M-H]-1", "1440616.24581577", " ", " 1900381.42335544", " ", " 2037570.8458651", "99.1434345910069", " ", " 132.448435111807", " ", " 131.03099318366", "0.758", " 0.000", " 1.072", " ", " Infinity", "-0.40", " -Infinity", " 0.10", " ", " Infinity", "0.714874973446382", " ", " 0.999034386702581", " ", " ", "0.999999999876955", " ", " 0.999999999961495", " ", " ", "6.2", "4.2", " ", " 3.0", " 5.3", " 5.5", " 5.2", " ", " ", " ", " ", " ", " ", " ", " ", " ", " ", " ", " 2.1", " 6.2", " ", " 1.5", " ", " ", " ", " ", " ", " ", " ", " ", " ", " ", " ", " ", " ", " ", " ", " 5.3", " ", " 3.2", " 5.5"
"289", "", "False", "14,14,14-Trifluoro-11E-tetradecenyl acetate", "C16 H27 F3 O2", "No match", " No results", " No results", " Full match", " Full match", "-0.24", "308.19624", "307.18897", "5.431", "15473866.7904804", "2", "0", "0", "", "", "", "No matches found", " No matches found", " No matches found", " No matches found", " No matches found", "", "Multiple matches found", "PreferredDDA", "", "[M-H]-1", "2211450.74581423", " 2418453.79811822", " 2274438.03824459", " 2490006.84607456", " 2003273.92472006", "89.2603452822867", " 113.914969048775", " 96.0714888318399", " 96.1872290556998", " 111.19252784535", "0.972", " 1.095", " 0.881", " 0.971", " 0.805", "-0.04", " 0.13", " -0.18", " -0.04", " -0.31", "0.948758679459876", " 0.970381466210028", " 0.999860292665984", " 0.999920593419881", " 0.995643742353189", "0.999999999876955", " 0.999999999849258", " 0.999999999961495", " 0.999999999989872", " 1", "6.4", "2.3", " 4.2", " 2.9", " 4.6", " 3.7", " ", " 5.0", " 2.7", " ", " 5.2", " 5.1", " ", " 2.3", " ", " 2.7", " ", " 1.7", " 3.3", " 5.4", " 5.2", " 1.9", " 1.9", " 2.7", " 6.4", " 4.1", " 5.0", " 4.8", " ", " 4.1", " ", " 4.5", " 2.7", " 2.9", " ", " ", " 3.1", " 4.8", " ", " 4.8", " 3.7"
"209", "", "False", "Tridecylic acid", "C13 H26 O2", "Full match", " Full match", " No results", " Not the top hit", " Full match", "-2.90", "214.19266", "213.18538", "5.655", "15452859.7373582", "27", "1", "0", "99.9", "10.0", "", "No matches found", " No matches found", " No matches found", " No matches found", " No matches found", "", "Multiple matches found", "PreferredDDA", "", "[M-H]-1", "6993925.33106426", " 7236651.84132093", " 7867526.73422258", " 6776477.33331158", " 6098547.89732109", "25.3427890215055", " 21.3201694752699", " 33.6546007668793", " 23.9429903752467", " 21.6967753105326", "0.889", " 0.861", " 0.775", " 1.068", " 0.900", "-0.17", " -0.22", " -0.37", " 0.09", " -0.15", "0.682472147401639", " 0.876212052932574", " 0.294193196037023", " 0.999962689166584", " 0.820635071879377", "0.999999999876955", " 0.999999999849258", " 0.912223102794", " 0.999999999989872", " 1", "7.0", "7.0", " 5.5", " 5.5", " 6.2", " 6.6", " 5.9", " 5.9", " 5.9", " 5.5", " 5.5", " 5.1", " 5.9", " 5.1", " 6.6", " 5.5", " 5.5", " 4.0", " 6.0", " 5.4", " 5.7", " 4.6", " 5.0", " 4.6", " 6.1", " 5.4", " 5.9", " 5.1", " 5.1", " 6.6", " 4.3", " 6.6", " 5.5", " 5.5", " 6.2", " 5.9", " 5.1", " 4.0", " 5.1", " 5.9", " 5.1"
"160", "", "False", "6Z,9Z,12Z,15Z,18Z-tetracosapentaenoic acid", "C24 H38 O2", "Full match", " No results", " No results", " Not the top hit", " Full match", "-0.27", "358.28708", "357.27981", "7.118", "15297288.6950795", "16", "0", "0", "", "", "", "No matches found", " No matches found", " No matches found", " No matches found", " No matches found", "", "Multiple matches found", "PreferredDDA", "CO2", "[M-H]-1", "2705812.23671806", " 7250413.8510691", " 2474322.28460083", " 8876725.72557957", " 4212889.43508959", "84.1145560954377", " 53.5150111312387", " 82.4873425724698", " 36.787026423156", " 44.7429304492685", "1.094", " 3.588", " 1.703", " 0.817", " 0.475", "0.13", " 1.84", " 0.77", " -0.29", " -1.08", "0.724536936064784", " 0.00212666291284769", " 0.187512717093404", " 0.823648268046377", " 0.351082991455956", "0.999999999876955", " 0.0177479686726743", " 0.759871791907023", " 0.999999999989872", " 1", "5.8", "4.4", " 0.2", " 3.9", " ", " 1.4", " 0.5", " ", " 2.7", " 4.5", " 5.1", " 3.0", " 4.8", " 4.5", " 5.8", " 4.2", " 2.6", " 0.5", " ", " 5.4", " ", " ", " 2.1", " 4.2", " 5.2", " 4.2", " 2.3", " 2.7", " 4.6", " 3.8", " 4.2", " 4.4", " 1.9", " 3.7", " 3.5", " 2.0", " 2.7", " ", " 2.7", " 2.3", " 4.1"
"111", "", "False", "", "C42 H66 N4 O2", "Full match", " No results", " No results", " No results", " No results", "0.83", "658.51913", "657.51185", "6.322", "15172981.9555224", "0", "0", "0", "", "", "", "No matches found", " No matches found", " No matches found", " No matches found", " No matches found", "", "No matches found", "PreferredDDA", "", "[M-H]-1", "", " 4980814.84580023", " 2482892.32036613", " 5294854.17514888", " 1683564.07290272", "", " 83.7980583953365", " 10.2958141945464", " 62.9981555102952", " 110.151250827868", "0.000", " 2.133", " 0.678", " 0.941", " 0.318", "-Infinity", " 1.09", " -0.56", " -0.09", " -1.65", "", " 0.336958755943624", " 0.992858724778834", " 0.88837362636228", " 0.486073299392699", "", " 0.741014575940274", " 0.999999999961495", " 0.999999999989872", " 1", "8.5", "", " ", " ", " ", " ", " ", " ", " ", " 2.1", " 3.3", " 3.7", " ", " ", " ", " 3.3", " ", " ", " ", " ", " 3.4", " ", " ", " ", " 8.5", " 8.2", " ", " 3.6", " 3.1", " 1.4", " ", " ", " 2.3", " 2.2", " ", " ", " ", " ", " 2.9", " 1.7", " 2.6"
"228", "", "False", "14-hydroxy-12-tetradecenoic acid", "C14 H26 O3", "Full match", " No results", " No results", " Not the top hit", " Full match", "-1.43", "242.18785", "241.18057", "4.188", "15149108.6707492", "12", "0", "0", "", "", "", "No matches found", " No matches found", " No matches found", " No matches found", " No matches found", "", "Multiple matches found", "PreferredDDA", "", "[M-H]-1", "1594510.12493812", " 3625293.66712945", " 2272711.98979616", " 5072986.20144094", " 3614694.90982259", "", " 37.4368453542944", " ", " 69.0082534246455", " 56.2236145155024", "0.702", " 2.232", " 1.590", " 0.715", " 0.713", "-0.51", " 1.16", " 0.67", " -0.48", " -0.49", "", " ", " ", " 0.828433901236338", " 0.957919119340846", "", " ", " ", " 0.999999999989872", " 1", "5.7", "1.4", " ", " ", " ", " ", " ", " ", " ", " 4.0", " 5.7", " ", " 2.5", " 2.9", " ", " 3.2", " 3.6", " ", " ", " 1.7", " ", " ", " ", " ", " ", " ", " 5.1", " 4.8", " 5.6", " 2.2", " 3.7", " 1.2", " 2.7", " 1.2", " 4.1", " ", " ", " 3.9", " 3.1", " ", " "
"147", "", "False", "", "C22 H30 N6 O3", "Full match", " No results", " No results", " No results", " No results", "1.01", "426.23837", "425.23109", "4.714", "15099581.4739689", "0", "0", "0", "", "", "", "No matches found", " No matches found", " No matches found", " No matches found", " No matches found", "", "No matches found", "PreferredDDA", "", "[M-H]-1", "8998854.75598258", " 11733786.1009241", " 6029246.23400795", " 9530956.39801963", " 7580696.16795494", "34.3242694423053", " 31.758895914996", " 37.3832797291856", " 23.6786655375055", " 34.2005874221303", "1.493", " 1.581", " 1.257", " 1.231", " 0.795", "0.58", " 0.66", " 0.33", " 0.30", " -0.33", "0.552352831357492", " 0.0323101518136025", " 0.279049506394367", " 0.99999999342367", " 0.847692405579694", "0.999999999876955", " 0.132007237065588", " 0.878557459169109", " 0.999999999989872", " 1", "7.6", "5.5", " 6.9", " 5.0", " 6.9", " 6.5", " 4.6", " 4.2", " 6.1", " 5.0", " 6.0", " 6.1", " 6.3", " 5.4", " 5.4", " 6.5", " 6.5", " 6.5", " 6.1", " 3.6", " 5.0", " 6.9", " 6.5", " 6.6", " 5.4", " 6.1", " 4.7", " 5.9", " 7.6", " ", " 5.5", " 4.0", " 7.0", " 6.2", " 5.4", " 6.5", " 6.5", " 6.9", " 6.9", " 5.4", " 6.9"
"230", "", "False", "", "C12 H26 O3 S3", "Full match", " No results", " No results", " No match", " No results", "0.09", "314.10443", "313.09716", "8.841", "14972057.4850972", "1", "0", "0", "", "", "", "No matches found", " No matches found", " No matches found", " No matches found", " No matches found", "", "No matches found", "PreferredDDA", "", "[M-H]-1", "", " 5056484.40223223", " ", " ", " 2634973.1842777", "", " 80.2930162042204", " ", " ", " 90.1331999799524", "", " ", " Infinity", " Infinity", " Infinity", "", " ", " Infinity", " Infinity", " Infinity", "", " ", " ", " ", " ", "", " ", " ", " ", " ", "6.7", "", " ", " ", " ", " ", " ", " ", " ", " ", " ", " 4.4", " 6.7", " 6.7", " 5.0", " 6.1", " ", " 6.2", " ", " ", " ", " ", " ", " ", " ", " ", " ", " ", " ", " ", " ", " ", " ", " ", " 5.6", " 2.1", " 5.0", " ", " 5.2", " 3.1", " "
"166", "", "False", "", "C31 H63 O2 P S", "Full match", " No results", " No results", " No results", " No results", "4.35", "530.43094", "529.42367", "6.338", "14527382.9709574", "0", "0", "0", "", "", "", "No matches found", " No matches found", " No matches found", " No matches found", " No matches found", "", "No matches found", "PreferredDDA", "", "[M-H]-1", "4314256.74201652", " ", " 5209676.62991403", " 1401968.20080656", " 1670567.78124549", "38.9662495198044", " ", " 64.8114411982331", " 21.148003978857", " ", "0.828", " 0.269", " 0.321", " 0.000", " 1.192", "-0.27", " -1.89", " -1.64", " -Infinity", " 0.25", "0.708563140049798", " 0.0367788576684162", " ", " ", " ", "0.999999999876955", " 0.146795614520026", " ", " ", " ", "6.6", "3.0", " 4.0", " 6.3", " 3.8", " 3.6", " 5.1", " 4.6", " ", " ", " ", " ", " ", " ", " ", " ", " ", " ", " 3.7", " 2.7", " 6.6", " 5.8", " 2.7", " 2.1", " 3.0", " 3.0", " 1.6", " ", " ", " ", " ", " 3.5", " ", " ", " ", " ", " ", " ", " 5.9", " ", " "
"197", "", "False", "", "C10 H14 O11", "Full match", " No results", " No results", " No results", " No results", "0.39", "310.05373", "309.04645", "0.561", "14458790.6178373", "0", "0", "0", "", "", "", "No matches found", " No matches found", " No matches found", " No matches found", " No matches found", "", "No matches found", "PreferredDDA", "", "[M-H]-1", "6572510.93264201", " 6406495.29982892", " 5128395.94881145", " 11016607.8104344", " 5588345.87409777", "51.76919805585", " 65.6004721507212", " 50.1025729292764", " 38.6319768464601", " 48.5533474295383", "1.282", " 2.148", " 1.090", " 0.582", " 0.507", "0.36", " 1.10", " 0.12", " -0.78", " -0.98", "0.913882566197085", " 0.494138842140994", " 0.992433528197998", " 0.274419094670185", " 0.272390784006721", "0.999999999876955", " 0.948559359435934", " 0.999999999961495", " 0.999999999989872", " 1", "6.9", "5.6", " 5.8", " 5.0", " 5.8", " 6.0", " 6.0", " 4.5", " ", " 5.2", " 6.4", " 6.0", " 6.0", " 5.8", " 6.4", " 4.5", " 5.5", " 5.5", " 5.8", " 6.0", " 5.8", " 6.4", " ", " 5.8", " 6.0", " 6.0", " 6.5", " ", " 6.7", " 6.5", " ", " 6.9", " 6.3", " 6.5", " 6.4", " 5.8", " 6.4", " 4.9", " 6.0", " 6.4", " 6.0"
"214", "", "False", "", "C8 H4 Cl2 N4 O", "Full match", " No results", " No results", " No results", " No results", "1.22", "241.97651", "240.96923", "8.915", "14367205.503697", "0", "0", "0", "", "", "", "No matches found", " No matches found", " No matches found", " No matches found", " No matches found", "", "No matches found", "PreferredDDA", "CO2", "[M-H]-1", "12795765.0186704", " 11887647.7070151", " 13144810.4079145", " 12191402.8596262", " 11774976.0669505", "6.05153925738394", " 7.05715147072114", " 6.96042012994083", " 4.86099531210786", " 7.3866410260021", "0.973", " 0.927", " 0.896", " 0.975", " 0.966", "-0.04", " -0.11", " -0.16", " -0.04", " -0.05", "0.808228945660629", " 0.0677444451577381", " 0.00375614236496014", " 0.798692377792173", " 0.731329991077643", "0.999999999876955", " 0.228782150491538", " 0.0548881448815142", " 0.999999999989872", " 1", "8.3", "5.7", " 7.8", " 7.8", " 5.1", " 7.8", " 7.4", " 7.0", " 7.8", " 3.6", " 7.4", " 7.8", " 7.8", " 7.4", " 7.4", " 5.5", " 7.0", " 3.6", " 6.6", " 6.8", " 5.5", " 7.8", " 8.0", " 7.4", " 7.8", " 8.0", " 7.9", " 7.1", " 7.5", " 8.3", " 7.9", " 7.5", " 8.3", " 8.3", " 7.0", " 5.5", " 7.4", " 7.8", " 5.5", " 5.9", " 7.4"
"310", "", "False", "1a,1b-Dihomo prostaglandin F2a", "C22 H38 O5", "Full match", " Full match", " No results", " Not the top hit", " Not the top hit", "0.03", "382.27194", "381.26466", "3.388", "14366857.9030753", "71", "2", "0", "77.0", "8.9", "", "No matches found", " No matches found", " No matches found", " No matches found", " No matches found", "", "Multiple matches found", "PreferredDDA", "", "[M-H]-1", "7170313.10920678", " 5255098.70772397", " 4596138.40226556", " 4835774.34613001", " 1982797.32794754", "61.4408027615726", " 45.9397067755921", " 55.9177594043205", " 35.869382795273", " 48.9961020218134", "1.560", " 1.052", " 0.431", " 1.087", " 0.410", "0.64", " 0.07", " -1.21", " 0.12", " -1.29", "0.509235147168652", " 0.959084022217203", " 0.311365008397977", " 0.999999138818972", " 0.0910913368680301", "0.999999999876955", " 0.999999999849258", " 0.927949663186077", " 0.999999999989872", " 0.837339596594584", "6.5", "2.9", " 4.2", " 6.4", " 4.6", " 6.4", " 5.6", " 5.2", " 5.1", " ", " 5.6", " 5.2", " 3.3", " 2.3", " 3.7", " 5.6", " 5.4", " 3.3", " 4.5", " 0.4", " 5.8", " 4.8", " 4.6", " 3.3", " 4.8", " 6.0", " 4.6", " 5.9", " 5.0", " 4.2", " 3.2", " 6.5", " 4.7", " 2.5", " 1.4", " 5.4", " 3.1", " 1.5", " 2.5", " 4.2", " 2.5"
"425", "", "False", "", "C18 H31 N2 O2 P", "Full match", " No results", " No results", " No results", " No results", "1.33", "338.21276", "337.20550", "7.850", "14357948.5356321", "0", "0", "0", "", "", "", "No matches found", " No matches found", " No matches found", " No matches found", " No matches found", "", "No matches found", "PreferredDDA", "", "[M-H]-1", "", " 3596093.51747784", " 6908828.15215003", " ", " 6742220.22852659", "", " 54.7152259205176", " 76.8945995039335", " ", " 56.1227775702921", "0.000", " 0.000", " 0.976", " Infinity", " Infinity", "-Infinity", " -Infinity", " -0.04", " Infinity", " Infinity", "", " ", " 0.969699182728828", " ", " ", "", " ", " 0.999999999961495", " ", " ", "5.8", "", " ", " ", " ", " ", " ", " ", " ", " ", " 2.7", " 2.3", " 3.9", " 3.1", " 3.9", " 3.9", " 4.5", " 4.6", " ", " 2.6", " ", " 2.3", " ", " ", " ", " ", " ", " ", " ", " ", " ", " ", " ", " ", " 5.8", " 3.3", " 2.3", " 3.0", " ", " 3.9", " 3.3"
"262", "", "False", "", "C9 H16 N6 O2", "Full match", " No results", " No results", " No results", " No results", "-0.03", "240.13347", "239.12619", "3.423", "14341711.0662564", "0", "0", "0", "", "", "", "No matches found", " No matches found", " No matches found", " No matches found", " No matches found", "", "No matches found", "PreferredDDA", "", "[M-H]-1", "5675082.98779296", " 11344123.7784892", " 4674043.28082698", " 6246135.30764132", " 9866493.11280159", "19.6003313073022", " 29.7586760688136", " 10.0655308472763", " 10.3155710825284", " 30.6348937496673", "1.214", " 1.336", " 2.111", " 1.816", " 1.580", "0.28", " 0.42", " 1.08", " 0.86", " 0.66", "0.778435105851801", " 0.327184670639467", " 0.000145362168869623", " 0.00126221255163228", " 0.0255668913632202", "0.999999999876955", " 0.729018270987938", " 0.00506531249984147", " 0.546781939240464", " 0.544680421620841", "7.6", "7.3", " 4.8", " 6.0", " 5.0", " 6.0", " 6.4", " 5.2", " 6.7", " 5.3", " 5.9", " 6.2", " 7.0", " 6.6", " 7.4", " 6.1", " 7.4", " 5.9", " 5.9", " 7.6", " 5.1", " 5.9", " 6.5", " 5.5", " 7.4", " 5.7", " 6.5", " 6.1", " 5.7", " 6.1", " 6.9", " 7.2", " 6.5", " 6.5", " 5.7", " 6.1", " 5.7", " 4.4", " 5.4", " 4.6", " 5.0"
"134", "", "False", "PA(P-16:0/16:1(9Z))", "C35 H67 O7 P", "Not the top hit", " No results", " No results", " Full match", " Full match", "-0.37", "630.46221", "629.45493", "6.425", "14284545.9186816", "2", "0", "0", "", "", "", "No matches found", " No matches found", " No matches found", " No matches found", " No matches found", "", "Multiple matches found", "PreferredDDA", "", "[M-H]-1", "2624079.94105114", " 10031582.1138998", " 2606530.51101073", " 8372564.93021888", " 8342818.98239401", "56.7039982286731", " 28.892145637232", " 107.554362317195", " 31.5965645777098", " 46.8949359622248", "1.007", " 3.212", " 3.201", " 1.198", " 0.996", "0.01", " 1.68", " 1.68", " 0.26", " -0.01", "0.99918501624682", " 0.00324010472059755", " 0.0377416191295945", " 0.997690078308733", " 0.985262908744091", "0.999999999876955", " 0.0256415183923151", " 0.29029609952346", " 0.999999999989872", " 1", "7.2", "4.6", " 3.1", " 5.4", " 2.5", " 5.2", " 5.8", " 1.5", " 2.7", " 4.0", " 2.4", " 4.3", " 5.1", " 4.0", " 6.6", " 6.2", " 7.2", " 4.7", " 3.1", " 6.0", " 4.8", " 4.8", " ", " 4.5", " 2.2", " 4.6", " 5.4", " 3.5", " 5.7", " 3.1", " 4.6", " 6.3", " 3.1", " 4.2", " ", " 6.0", " 1.4", " 2.7", " 2.6", " ", " 6.0"
"322", "", "False", "11,12-Epoxy-(5Z,8Z,11Z)-icosatrienoic acid", "C20 H32 O3", "Not the top hit", " Full match", " Full match", " Not the top hit", " Not the top hit", "-0.54", "320.23497", "319.22769", "5.413", "14129800.3219415", "72", "6", "3", "84.0", "49.7", "55.8", "Multiple matches found", " No matches found", " No matches found", " No matches found", " No matches found", "", "Multiple matches found", "PreferredDDA", "CO2", "[M-H]-1", "3909195.63974483", " 6412323.37672493", " 3724534.20662727", " 6414897.14106421", " 4823954.18531466", "78.2877306636779", " 15.3841004943753", " 59.3394541469454", " 49.8534726949894", " 58.1301768911309", "1.050", " 1.722", " 1.295", " 1.000", " 0.752", "0.07", " 0.78", " 0.37", " 0.00", " -0.41", "0.999467512592282", " 0.369403633873699", " 0.921814408976045", " 0.997451811117042", " 0.776191014625476", "0.999999999876955", " 0.781365290083077", " 0.999999999961495", " 0.999999999989872", " 1", "5.2", "1.5", " 3.1", " ", " ", " ", " 2.6", " ", " ", " ", " 5.2", " ", " ", " ", " ", " 5.2", " ", " ", " ", " ", " ", " 4.6", " ", " 4.5", " 0.8", " 1.2", " 1.8", " ", " 3.9", " 1.8", " ", " ", " ", " ", " ", " 1.1", " 4.6", " 0.8", " 3.0", " ", " "
"188", "", "False", "7-heptadecynoic acid", "C17 H30 O2", "Full match", " No results", " No results", " Partial match", " Full match", "-0.73", "266.22439", "265.21711", "6.154", "13998141.6887715", "19", "0", "0", "", "", "", "No matches found", " No matches found", " No matches found", " No matches found", " No matches found", "", "Multiple matches found", "PreferredDDA", "", "[M-H]-1", "3291699.35986565", " 2135202.81994399", " 3727724.06985914", " 4245034.42479585", " 2775590.32286288", "83.4111104929114", " 68.3693424295641", " 73.530076098713", " 55.0839478562023", " 86.3054138181263", "0.883", " 1.139", " 0.745", " 0.503", " 0.654", "-0.18", " 0.19", " -0.43", " -0.99", " -0.61", "0.796839702140319", " 0.999995314681301", " 0.492454929607876", " 0.372406703629419", " 0.453797379311587", "0.999999999876955", " 0.999999999849258", " 0.999999999961495", " 0.999999999989872", " 1", "6.4", "4.8", " 3.3", " 3.9", " 5.4", " 3.3", " 3.1", " 3.9", " 6.1", " 3.3", " 3.7", " 5.2", " 3.3", " 1.7", " 5.8", " 3.5", " 2.5", " 5.2", " 3.5", " 5.8", " 3.3", " 4.2", " 5.4", " 4.8", " 4.7", " 5.2", " 5.8", " 5.2", " 4.2", " 6.4", " 5.4", " 5.4", " 5.0", " 3.9", " 3.5", " 4.8", " 5.8", " 5.2", " 5.0", " 5.0", " 5.6"
"202", "", "False", "Zooxanthellactone", "C22 H30 O2", "Full match", " No results", " No results", " Not the top hit", " Full match", "-0.10", "326.22455", "325.21727", "5.883", "13884954.1124815", "4", "0", "0", "", "", "", "No matches found", " No matches found", " No matches found", " No matches found", " No matches found", "", "Multiple matches found", "PreferredDDA", "CO2", "[M-H]-1", "1778211.95871984", " 8288407.77691981", " 704433.056509817", " 6366837.77294957", " 3633603.66564027", "54.7798990510297", " 44.8195224199383", " 72.3379656781531", " 43.7272332801018", " 43.938513603686", "2.524", " 9.038", " 5.158", " 1.302", " 0.571", "1.34", " 3.18", " 2.37", " 0.38", " -0.81", "0.153442082190289", " 4.44697889667722E-06", " 0.00414646101984162", " 0.981606401996309", " 0.215248960983782", "0.999999999876955", " 0.000139682290620613", " 0.0569196012723713", " 0.999999999989872", " 1", "6.4", "5.2", " 5.5", " 4.2", " ", " 2.0", " 2.5", " 2.7", " 3.6", " 4.5", " 3.3", " 2.6", " 5.8", " 5.6", " 6.4", " 5.1", " 6.0", " 5.2", " 3.0", " 5.5", " ", " 2.3", " 3.0", " 4.5", " 4.8", " ", " 2.7", " 5.6", " 5.6", " 6.4", " 6.0", " 5.0", " 5.8", " 5.2", " 5.8", " 4.6", " 3.7", " 2.7", " 5.4", " 5.4", " "
"366", "", "False", "1-Dodecanesulfonic acid", "C12 H26 O3 S", "Full match", " Full match", " No results", " No results", " No results", "-0.83", "250.16006", "249.15268", "7.668", "13805708.6034497", "0", "6", "0", "97.2", "9.9", "", "No matches found", " No matches found", " No matches found", " No matches found", " No matches found", "", "No matches found", "PreferredDDA", "", "[M-H]-1", "3801961.93265124", " ", " ", " 7226728.32891606", " ", "95.8199977809776", " ", " ", " 34.5472909474161", " ", "Infinity", " Infinity", " ", " 0.000", " 0.000", "Infinity", " Infinity", " ", " -Infinity", " -Infinity", "", " ", " ", " ", " ", "", " ", " ", " ", " ", "3.8", "", " ", " ", " 2.3", " 3.7", " 2.7", " 2.8", " 2.7", " ", " ", " ", " ", " ", " ", " ", " ", " ", " ", " ", " ", " ", " ", " ", " ", " ", " 3.1", " 3.8", " 3.1", " 2.3", " 1.7", " 1.6", " ", " ", " ", " ", " ", " ", " ", " ", " "
"287", "", "False", "Docosatrienoic acid", "C22 H38 O2", "Full match", " Full match", " No results", " Full match", " Not the top hit", "0.07", "334.28720", "333.27993", "7.366", "13731220.0171143", "22", "2", "0", "95.3", "9.8", "", "No matches found", " No matches found", " No matches found", " No matches found", " No matches found", "", "Multiple matches found", "PreferredDDA", "", "[M-H]-1", "3082177.05319132", " 7743870.50537919", " 2120632.43763955", " 7171024.19281841", " 4196991.89762259", "50.1114785819185", " 37.098875371213", " 41.846172024143", " 23.1474874369099", " 37.121834365285", "1.453", " 3.382", " 1.979", " 1.080", " 0.585", "0.54", " 1.76", " 0.98", " 0.11", " -0.77", "0.641646846209787", " 3.40318780742699E-05", " 0.212484091395531", " 0.997644536774265", " 0.0271916986160932", "0.999999999876955", " 0.000600793539849611", " 0.815813526447613", " 0.999999999989872", " 0.544680421620841", "7.8", "1.7", " 5.0", " 2.7", " 2.1", " 4.8", " 3.9", " 4.6", " 2.3", " 5.4", " 6.5", " 3.8", " 6.1", " 6.1", " 6.1", " 2.7", " 5.0", " 5.9", " 3.6", " 5.8", " 2.9", " 5.2", " 5.5", " 4.9", " 5.0", " 3.1", " 6.6", " 4.0", " 5.1", " 5.1", " 7.0", " 7.8", " 7.0", " 7.0", " 4.4", " 6.9", " 6.3", " 5.7", " 5.9", " 6.3", " 6.5"
"243", "", "False", "LPC 18:1", "C26 H52 N O7 P", "No match", " No results", " Invalid mass", " No match", " No match", "115126.74", "581.36925", "580.36198", "4.426", "13623834.5483936", "1", "0", "6", "", "", "79.1", "No matches found", " No matches found", " No matches found", " Multiple matches found", " No matches found", "", "Single match found", "PreferredDDA", "", "[M-H]-1", "3849065.77406128", " 6182056.29656042", " 2520666.94720891", " 6734521.88818811", " 4953683.29538823", "54.9958017921675", " 46.0801744790612", " 107.392220127362", " 25.6306947107065", " 56.9037180293079", "1.527", " 2.672", " 1.965", " 0.918", " 0.736", "0.61", " 1.42", " 0.97", " -0.12", " -0.44", "0.783818490570505", " 0.187408413339284", " 0.938220633453019", " 0.99607597866118", " 0.522810199745726", "0.999999999876955", " 0.48875262342461", " 0.999999999961495", " 0.999999999989872", " 1", "6.2", "5.2", " 4.6", " ", " 2.0", " 5.6", " 3.1", " 1.2", " 4.1", " 5.6", " 5.2", " 2.3", " ", " 4.8", " 4.6", " 3.7", " 3.3", " 4.6", " 2.1", " 5.2", " 4.8", " 3.5", " ", " 2.1", " ", " 0.5", " 5.9", " ", " 5.9", " 6.2", " 4.3", " ", " 2.6", " 3.6", " 4.8", " 2.5", " 5.2", " 3.4", " 3.3", " 5.0", " 5.2"
"203", "", "False", "OH-Diaponeurosporene glucoside ester", "C36 H54 O6", "No match", " No results", " No results", " Full match", " Full match", "-4.08", "582.38966", "581.38238", "3.745", "13483012.1680668", "1", "0", "0", "", "", "", "No matches found", " No matches found", " No matches found", " No matches found", " No matches found", "", "Single match found", "PreferredDDA", "", "[M-H]-1", "3368138.64872864", " 5928574.53824437", " 1487275.92863636", " 5607846.95499914", " 3888875.60920965", "84.5793442424515", " 53.9327010356807", " 86.3615648516607", " 57.9952555367142", " 52.3375947547828", "2.265", " 3.771", " 2.615", " 1.057", " 0.693", "1.18", " 1.91", " 1.39", " 0.08", " -0.53", "0.369618957649869", " 0.00540095817942932", " 0.460416129455271", " 0.996346834328966", " 0.227557782614469", "0.999999999876955", " 0.0354148543479722", " 0.999999999961495", " 0.999999999989872", " 1", "6.4", "3.3", " 3.4", " 6.4", " ", " 5.6", " 3.9", " 4.4", " 5.8", " 5.4", " 5.6", " 5.8", " 5.2", " 5.8", " 4.5", " 6.0", " 6.0", " 5.5", " 5.2", " 5.8", " ", " ", " 4.9", " 4.5", " 5.2", " 4.8", " 4.1", " 2.3", " 6.0", " 3.9", " 3.7", " 5.2", " 4.2", " 5.2", " 4.2", " 4.1", " 5.8", " 4.9", " 5.2", " 6.1", " 5.4"
"257", "", "False", "1,4-bis[(2-ethylhexyl)oxy]-1,4-dioxobutane-2-sulfonic acid", "C20 H38 O7 S", "Not the top hit", " No results", " No results", " No results", " Full match", "-0.06", "422.23380", "421.22652", "7.855", "13460954.2082999", "0", "0", "0", "", "", "", "No matches found", " No matches found", " No matches found", " No matches found", " No matches found", "", "Single match found", "PreferredDDA", "", "[M-H]-1", "3955602.66882431", " ", " 2087029.63957869", " 2768958.20623878", " ", "78.1274602172991", " ", " ", " 49.4314165814458", " ", "1.895", " 1.327", " 0.000", " 0.000", " 0.000", "0.92", " 0.41", " -Infinity", " -Infinity", " -Infinity", "", " ", " ", " ", " ", "", " ", " ", " ", " ", "4.5", "2.9", " 3.5", " 4.2", " 3.5", " 3.3", " 4.5", " 3.7", " 2.3", " ", " ", " ", " ", " ", " ", " ", " ", " ", " ", " ", " ", " ", " ", " ", " ", " 3.3", " 1.6", " 2.3", " 3.1", " 1.7", " 0.2", " ", " ", " ", " ", " ", " ", " ", " ", " ", " "
"286", "", "False", "Arachidic acid", "C20 H40 O2", "Full match", " Full match", " No results", " Full match", " Full match", "0.07", "312.30285", "311.29558", "8.332", "13189347.5523984", "26", "2", "0", "100.0", "10.0", "", "No matches found", " No matches found", " No matches found", " No matches found", " No matches found", "", "Multiple matches found", "PreferredDDA", "", "[M-H]-1", "3245579.2003195", " 3726214.88412484", " 2336121.39716675", " 4682803.57662704", " 3128883.93225777", "73.5986964641574", " 31.4742533230834", " 75.0852114181077", " 42.7161428877134", " 97.6558380669057", "1.389", " 2.005", " 1.339", " 0.796", " 0.668", "0.47", " 1.00", " 0.42", " -0.33", " -0.58", "0.99999422805655", " 0.585350203910374", " 0.999793848971788", " 0.897866983959606", " 0.509573211590799", "0.999999999876955", " 0.999999999849258", " 0.999999999961495", " 0.999999999989872", " 1", "7.0", "5.2", " 4.8", " 4.6", " 5.4", " 6.7", " 6.1", " 5.4", " 5.0", " 6.6", " 6.1", " 6.5", " 5.5", " 7.0", " 5.9", " 5.5", " 6.6", " 5.5", " 4.8", " 5.4", " 5.0", " 5.9", " 5.2", " 3.6", " 6.0", " 6.0", " 5.4", " 6.0", " 5.4", " 5.6", " 5.4", " 5.0", " 5.6", " 6.5", " 4.6", " 4.8", " 5.4", " 3.3", " 6.1", " 5.8", " 6.7"
"327", "", "False", "8-iso-15-keto Prostaglandin E2", "C20 H30 O5", "No match", " Invalid mass", " No results", " No match", " No match", "-51428.33", "332.19864", "331.19157", "3.767", "12974945.5209759", "26", "4", "0", "64.5", "65.9", "", "No matches found", " No matches found", " No matches found", " No matches found", " No matches found", "", "Multiple matches found", "PreferredDDA", "CO2", "[M-H]-1", "1275234.3528933", " 2615519.69449507", " 1776666.31120027", " 3220919.67561001", " 2586339.19988343", "25.1058941047356", " 79.1790081589921", " 59.9333994612527", " 29.7271908647183", " 108.083649550478", "0.718", " 1.813", " 1.456", " 0.812", " 0.803", "-0.48", " 0.86", " 0.54", " -0.30", " -0.32", "0.869898035682727", " 0.981376438924018", " 0.923069759516345", " 0.999764524697455", " 0.998203156496082", "0.999999999876955", " 0.999999999849258", " 0.999999999961495", " 0.999999999989872", " 1", "6.0", "2.8", " ", " 3.3", " ", " ", " ", " ", " ", " ", " ", " 2.9", " ", " 0.4", " 5.8", " 4.1", " 5.0", " ", " ", " ", " ", " ", " 2.5", " 5.5", " ", " 4.6", " 3.7", " 6.0", " ", " ", " ", " 4.3", " ", " 3.4", " ", " 3.6", " 4.6", " ", " 5.6", " ", " 2.1"
"291", "", "False", "", "C12 H12 N6 O4", "Full match", " No results", " No results", " No results", " No results", "0.63", "304.09220", "303.08492", "2.267", "12601603.4256792", "0", "0", "0", "", "", "", "No matches found", " No matches found", " No matches found", " No matches found", " No matches found", "", "No matches found", "PreferredDDA", "", "[M-H]-1", "3226004.16306002", " 3237604.14736221", " 1153485.84886533", " 2156633.82472444", " 1730055.46516316", "69.0087597822621", " 56.6859128819725", " 81.7555972032037", " 122.689625670471", " 72.6954117691034", "2.797", " 1.870", " 1.500", " 1.501", " 0.802", "1.48", " 0.90", " 0.58", " 0.59", " -0.32", "0.0895321635001466", " 0.670025922333659", " 0.729970688813609", " 0.776382850932555", " 0.999999702683256", "0.999999999876955", " 0.999999999849258", " 0.999999999961495", " 0.999999999989872", " 1", "6.4", "6.4", " 4.8", " 5.4", " 5.2", " 6.0", " ", " 4.5", " 2.3", " 4.8", " 3.7", " 2.0", " 2.7", " 5.6", " 3.5", " 5.4", " 3.3", " 2.5", " 0.0", " 0.0", " 4.6", " ", " 5.2", " 3.4", " 3.9", " 1.4", " 2.1", " 4.2", " 5.6", " ", " ", " 1.9", " 4.2", " 2.7", " 1.7", " 5.2", " ", " ", " 4.6", " 1.4", " 2.1"
"241", "", "False", "", "C10 H10 N2 O7", "Full match", " No results", " No results", " No results", " No results", "-4.17", "270.04767", "269.04040", "0.562", "12493379.5303973", "0", "0", "0", "", "", "", "No matches found", " No matches found", " No matches found", " No matches found", " No matches found", "", "No matches found", "PreferredDDA", "", "[M-H]-1", "4069283.20249455", " 7119797.95907887", " 3733791.65333293", " 9705906.20911084", " 6253598.42410124", "46.7860150032649", " 56.1425291341788", " 40.420344226715", " 22.2369103522919", " 35.1921407614566", "1.090", " 2.599", " 1.675", " 0.734", " 0.644", "0.12", " 1.38", " 0.74", " -0.45", " -0.63", "0.922823842634835", " 0.00105699645228641", " 0.272827587863486", " 0.281747565945235", " 0.211881277799013", "0.999999999876955", " 0.00933002637691271", " 0.878557459169109", " 0.999999999989872", " 1", "7.4", "5.4", " 5.4", " 5.8", " 5.2", " 5.2", " 3.9", " 5.8", " ", " 5.5", " 5.6", " 6.0", " 6.4", " 5.4", " 5.6", " ", " 5.8", " 5.5", " 5.8", " 5.0", " 5.8", " 5.2", " 4.9", " 5.5", " 5.0", " 5.8", " 5.5", " 7.4", " 6.6", " 6.2", " 7.0", " 7.0", " 6.6", " 7.0", " 6.5", " 6.9", " 6.5", " 3.8", " 6.5", " 6.5", " 5.4"
"253", "", "False", "LPA 16:0", "C19 H39 O7 P", "No match", " No results", " Full match", " Partial match", " Partial match", "-0.75", "410.24303", "409.23576", "6.245", "12333870.748068", "3", "0", "1", "", "", "3.0", "No matches found", " No matches found", " No matches found", " Single match found", " No matches found", "", "Multiple matches found", "PreferredDDA", "", "[M-H]-1", "6058741.16964178", " 10191707.0175046", " 4589740.35149159", " 8494511.57142408", " 9674034.38066367", "28.7195900084762", " 28.0208502337057", " 39.6551020461877", " 29.7464946666248", " 23.4992611939414", "1.320", " 1.851", " 2.108", " 1.200", " 1.139", "0.40", " 0.89", " 1.08", " 0.26", " 0.19", "0.871835019132211", " 0.0184740119109857", " 0.00168514222177107", " 0.880309003108454", " 0.855478329965394", "0.999999999876955", " 0.0866329125708526", " 0.0339140066405297", " 0.999999999989872", " 1", "7.4", "6.6", " 5.1", " 5.9", " 6.4", " 3.0", " 7.4", " 7.1", " 6.2", " 2.8", " 4.0", " 2.6", " 5.1", " 5.5", " 2.8", " 3.2", " 4.7", " 5.5", " 4.6", " 5.0", " 1.7", " 5.4", " 5.4", " 4.4", " 1.3", " 2.9", " 2.4", " 3.0", " 3.2", " 4.1", " 4.0", " 4.7", " 5.1", " 2.1", " 5.1", " 3.6", " 4.7", " 5.5", " 4.7", " 4.7", " 3.6"
"478", "", "False", "16-Hydroxyhexadecanoic acid", "C16 H32 O3", "Full match", " Full match", " No results", " Full match", " Not the top hit", "-0.15", "272.23510", "271.22783", "4.170", "11993335.1961941", "21", "1", "0", "97.2", "9.9", "", "No matches found", " No matches found", " No matches found", " No matches found", " No matches found", "", "Multiple matches found", "PreferredDDA", "", "[M-H]-1", "6010004.78698471", " 7188721.94097556", " 9825128.99807245", " 6069118.22609935", " 5253676.02078333", "36.5160899980518", " 27.4698071542152", " 44.342143560508", " 33.8106040852067", " 30.9253261686318", "0.612", " 0.618", " 0.535", " 1.184", " 0.866", "-0.71", " -0.69", " -0.90", " 0.24", " -0.21", "0.954518255466052", " 0.996538382294137", " 0.614961719150873", " 0.979720535427455", " 0.613743368185208", "0.999999999876955", " 0.999999999849258", " 0.999999999961495", " 0.999999999989872", " 1", "5.0", "1.7", " 1.6", " 2.3", " 2.3", " 3.5", " ", " 2.3", " 1.2", " 2.4", " 4.0", " 2.8", " 3.2", " 2.4", " 3.2", " 2.8", " 2.4", " ", " ", " ", " ", " ", " 2.2", " 1.6", " ", " 3.3", " 2.7", " 3.8", " 1.9", " 1.6", " 5.0", " 2.1", " 1.9", " 1.9", " 1.9", " 2.3", " 3.8", " 1.3", " 1.6", " 2.7", " "
"380", "", "False", "5(S)-HpEPE", "C20 H30 O4", "Not the top hit", " Full match", " Full match", " Not the top hit", " Not the top hit", "0.06", "334.21443", "333.20717", "3.026", "11983292.1846903", "113", "7", "2", "72.5", "67.0", "32.9", "Multiple matches found", " No matches found", " No matches found", " No matches found", " No matches found", "", "Multiple matches found", "PreferredDDA", "", "[M-H]-1", "2277727.44049624", " 6178866.99559005", " 1866281.27585371", " 4780341.19378985", " 3240351.0727931", "77.3945935699152", " 50.4387945290836", " 42.5006857539773", " 56.5210846169792", " 54.8591660331092", "1.220", " 2.561", " 1.736", " 1.293", " 0.678", "0.29", " 1.36", " 0.80", " 0.37", " -0.56", "0.999304238015799", " 0.0430743500967321", " 0.478618513813157", " 0.994050635956401", " 0.817463102349894", "0.999999999876955", " 0.164851645070983", " 0.999999999961495", " 0.999999999989872", " 1", "5.0", "", " 4.2", " 3.1", " 4.5", " 4.8", " 1.7", " ", " 5.0", " ", " 4.8", " 4.5", " 3.7", " 1.0", " 3.0", " 1.6", " 3.1", " ", " ", " ", " 2.9", " 4.2", " 4.0", " 3.8", " 3.5", " 3.6", " 2.7", " 2.0", " 1.8", " 3.3", " 2.0", " 3.3", " 2.7", " 3.7", " 4.2", " ", " 4.2", " 2.9", " ", " 3.0", " 1.2"
"267", "", "False", "", "C35 H66 O6", "Full match", " No results", " No results", " No results", " No results", "-0.10", "582.48588", "581.47860", "6.104", "11897758.7044908", "0", "0", "0", "", "", "", "No matches found", " No matches found", " No matches found", " No matches found", " No matches found", "", "No matches found", "PreferredDDA", "", "[M-H]-1", "1113647.5478059", " 11897758.7044908", " 4146705.30792212", " 4267953.01474491", " 5159468.5080947", "109.812691909705", " ", " 36.0469481209774", " 49.6617252880359", " ", "0.269", " 1.029", " 1.244", " 2.788", " 1.209", "-1.90", " 0.04", " 0.32", " 1.48", " 0.27", "0.519791311136624", " 0.997569298496752", " ", " ", " ", "0.999999999876955", " 0.999999999849258", " ", " ", " ", "5.6", "1.9", " 1.5", " ", " 5.0", " 5.6", " 0.8", " 2.9", " ", " ", " ", " 2.2", " ", " ", " ", " ", " ", " ", " ", " ", " ", " ", " ", " ", " 3.8", " 3.6", " ", " 3.9", " ", " 3.1", " ", " ", " 3.3", " ", " ", " ", " ", " ", " ", " ", " 3.3"
"303", "", "False", "Methyl 8-hydroxy-11E,17-Octadecadien-9-ynoate", "C19 H30 O3", "Full match", " No results", " No results", " Not the top hit", " Full match", "0.13", "306.21953", "305.21226", "4.255", "11798600.9774543", "12", "0", "0", "", "", "", "No matches found", " No matches found", " No matches found", " No matches found", " No matches found", "", "Multiple matches found", "PreferredDDA", "CO2", "[M-H]-1", "2706193.96579121", " 6561004.26598727", " 1404959.06696094", " 8633532.4575382", " 3080215.66546869", "", " 45.2283308442015", " ", " 25.5692118007386", " 59.7901629112559", "1.926", " 6.145", " 2.192", " 0.760", " 0.357", "0.95", " 2.62", " 1.13", " -0.40", " -1.49", "", " ", " ", " 0.707915234539116", " 0.0597555146048416", "", " ", " ", " 0.999999999989872", " 0.714078399527857", "6.0", "", " ", " ", " 2.3", " ", " ", " ", " ", " 2.3", " 4.1", " 3.3", " ", " 4.6", " 4.5", " 4.8", " 3.7", " 2.3", " ", " ", " ", " ", " ", " 1.4", " ", " ", " ", " ", " 4.0", " ", " 5.1", " 4.0", " ", " ", " 2.7", " ", " 6.0", " 2.1", " 2.0", " 3.9", " 3.1"
"240", "", "False", "(S)-3-hydroxystearic acid", "C18 H36 O3", "Full match", " No results", " No results", " Not the top hit", " Full match", "-0.42", "300.26632", "299.25904", "5.438", "11768555.2852115", "29", "0", "0", "", "", "", "No matches found", " No matches found", " No matches found", " No matches found", " No matches found", "", "Multiple matches found", "PreferredDDA", "", "[M-H]-1", "4348574.14008097", " 3474939.60043779", " 7078814.50063642", " 6374039.38030919", " 3934164.17676722", "40.4300928519039", " 29.1703550526515", " 41.5146755337042", " 37.344924115921", " 46.0103324460925", "0.614", " 0.900", " 0.556", " 0.545", " 0.617", "-0.70", " -0.15", " -0.85", " -0.88", " -0.70", "0.109316431379113", " 0.9682577455026", " 0.296019417462954", " 0.214300939444962", " 0.729098151431982", "0.999999999876955", " 0.999999999849258", " 0.912223102794", " 0.999999999989872", " 1", "6.1", "1.7", " 3.9", " 2.7", " 1.4", " 3.0", " 2.7", " 1.1", " 4.2", " ", " 5.3", " 4.1", " 3.4", " 2.8", " ", " 4.1", " ", " 3.7", " 4.8", " ", " 4.1", " ", " 4.5", " 2.7", " 5.2", " 4.5", " 5.4", " 4.6", " ", " 6.1", " ", " 4.4", " 4.4", " ", " 3.9", " 3.5", " 4.5", " 2.5", " 3.9", " 5.0", " 3.0"
"535", "", "False", "", "C38 H66 N10 O", "Full match", " No results", " No results", " No results", " No results", "2.07", "678.54351", "677.53623", "8.233", "11767993.6524422", "0", "0", "0", "", "", "", "No matches found", " No matches found", " No matches found", " No matches found", " No matches found", "", "No matches found", "PreferredDDA", "", "[M-H]-1", "3058565.37867994", " 2859248.2021283", " 3490331.77759957", " 3247045.23238787", " 2482649.26596301", "84.2023320509182", " 75.5784041131762", " 18.8597467904841", " 48.652382182294", " 61.0710133316262", "0.876", " 0.930", " 0.711", " 0.881", " 0.765", "-0.19", " -0.10", " -0.49", " -0.18", " -0.39", "0.999679708711779", " 0.999728839849998", " 0.694822102196157", " 0.994795681462215", " 0.397991353765336", "0.999999999876955", " 0.999999999849258", " 0.999999999961495", " 0.999999999989872", " 1", "5.0", "0.6", " 3.0", " 3.3", " 2.0", " 2.1", " 1.4", " 2.3", " 2.7", " 2.7", " 2.0", " 3.0", " 1.6", " 2.2", " 3.0", " 1.4", " 1.4", " 1.2", " ", " ", " ", " 3.1", " 3.9", " 3.9", " 5.0", " ", " 2.3", " 2.0", " 3.5", " 3.0", " 2.3", " 3.1", " 3.0", " 1.7", " 2.3", " 0.6", " 2.3", " 1.6", " 0.8", " 3.1", " 0.8"
"438", "", "False", "4-Heptyloxyphenol", "C13 H20 O2", "Full match", " No results", " No results", " Full match", " No results", "-3.27", "208.14565", "207.13837", "2.983", "11679557.0304782", "1", "0", "0", "", "", "", "No matches found", " No matches found", " No matches found", " No matches found", " No matches found", "", "No matches found", "PreferredDDA", "", "[M-H]-1", "2043963.63465026", " 3185819.24876696", " ", " ", " 1953291.54469951", "34.1581301964238", " 87.5635620943421", " ", " ", " ", "Infinity", " ", " Infinity", " Infinity", " Infinity", "Infinity", " ", " Infinity", " Infinity", " Infinity", "", " ", " ", " ", " ", "", " ", " ", " ", " ", "5.8", "", " 5.5", " 3.0", " ", " ", " 1.9", " ", " ", " ", " ", " ", " ", " 5.8", " 1.7", " 4.8", " 3.1", " ", " ", " ", " ", " ", " ", " ", " ", " ", " ", " ", " ", " ", " ", " ", " ", " ", " ", " ", " ", " ", " ", " 1.4", " "
"252", "", "False", "LPC 18:2", "C26 H50 N O7 P", "No match", " No results", " Invalid mass", " No match", " No match", "115573.33", "579.35348", "578.34620", "4.025", "11677588.5804545", "2", "0", "5", "", "", "82.6", "No matches found", " No matches found", " No matches found", " Multiple matches found", " No matches found", "", "Single match found", "PreferredDDA", "", "[M-H]-1", "6408997.06723813", " 7461697.43830573", " 6087249.75058565", " 8578270.90221813", " 6533939.5645192", "32.4704909876775", " ", " 40.5994071120116", " 50.3959987504278", " 76.7419096164022", "1.053", " 1.409", " 1.073", " 0.870", " 0.762", "0.07", " 0.49", " 0.10", " -0.20", " -0.39", "0.956913644690565", " 0.959740020803797", " 0.985854656440801", " ", " 0.856850809371398", "0.999999999876955", " 0.999999999849258", " 0.999999999961495", " ", " 1", "6.0", "4.2", " 5.0", " 5.4", " 5.7", " ", " 4.6", " 4.6", " ", " ", " ", " ", " 4.5", " ", " ", " ", " ", " ", " 4.1", " ", " 4.8", " 3.7", " 4.2", " 3.1", " 5.2", " ", " 3.7", " ", " ", " ", " ", " 3.3", " ", " ", " 6.0", " ", " ", " 4.8", " ", " 3.3", " "
"192", "", "False", "", "C39 H70 O6", "Full match", " No results", " No results", " No results", " No results", "0.94", "634.51784", "633.51056", "6.390", "11493281.949284", "0", "0", "0", "", "", "", "No matches found", " No matches found", " No matches found", " No matches found", " No matches found", "", "No matches found", "PreferredDDA", "", "[M-H]-1", "5192279.64936516", " 5885668.19776669", " 2455536.26244046", " 3782596.30200441", " 2558182.50403479", "", " 33.8642740267767", " ", " 64.1528662709091", " 83.684819594425", "2.115", " 1.540", " 1.042", " 1.556", " 0.676", "1.08", " 0.62", " 0.06", " 0.64", " -0.56", "", " ", " ", " 0.998144538813247", " 0.493044905032762", "", " ", " ", " 0.999999999989872", " 1", "6.0", "", " ", " ", " ", " 2.2", " ", " ", " ", " ", " 3.1", " 5.7", " ", " ", " ", " 2.1", " ", " ", " ", " ", " ", " ", " ", " ", " ", " 5.8", " ", " 6.0", " 1.6", " 2.2", " ", " ", " 0.8", " 5.0", " ", " ", " 0.5", " ", " ", " 3.0", " "
"189", "", "False", "", "C3 H10 N6 O7 S3", "Full match", " No results", " No results", " No match", " No results", "2.90", "337.97829", "336.97099", "0.495", "11488487.1293824", "1", "0", "0", "", "", "", "No matches found", " No matches found", " No matches found", " No matches found", " No matches found", "", "No matches found", "PreferredDDA", "", "[M-H]-1", "6320869.516572", " 742445.988917052", " 1089613.61239169", " ", " ", "115.618822600817", " ", " ", " ", " ", "5.801", " 0.000", " 0.000", " Infinity", " ", "2.54", " -Infinity", " -Infinity", " Infinity", " ", "", " ", " ", " ", " ", "", " ", " ", " ", " ", "5.6", "", " ", " ", " ", " ", " ", " 5.2", " 5.6", " ", " ", " ", " ", " ", " ", " 4.9", " ", " ", " ", " ", " ", " ", " ", " ", " ", " 5.3", " ", " ", " ", " ", " ", " ", " ", " ", " ", " ", " ", " ", " ", " ", " "
"216", "", "False", "ascr#30", "C23 H44 O6", "Not the top hit", " No results", " No results", " Full match", " Full match", "-0.23", "416.31369", "415.30642", "6.655", "11404897.7730854", "2", "0", "0", "", "", "", "No matches found", " No matches found", " No matches found", " No matches found", " No matches found", "", "Multiple matches found", "PreferredDDA", "", "[M-H]-1", "3629117.17012899", " 5387542.23082873", " 3863414.53197982", " 4730176.76653587", " 3525146.04282007", "27.5236852788086", " 41.9925629112864", " 75.4803986315068", " 30.9599202938628", " 8.30818841822749", "0.939", " 1.224", " 0.912", " 1.139", " 0.745", "-0.09", " 0.29", " -0.13", " 0.19", " -0.42", "0.997639949624435", " 0.995390889872427", " 0.993793195045762", " 0.878470017096383", " 0.934918962290253", "0.999999999876955", " 0.999999999849258", " 0.999999999961495", " 0.999999999989872", " 1", "7.5", "3.7", " 6.4", " ", " ", " ", " 3.7", " 6.2", " ", " 1.6", " 4.5", " ", " ", " ", " ", " 0.7", " 0.7", " 5.4", " 5.0", " 6.4", " 4.5", " 4.6", " 2.3", " ", " ", " ", " 6.1", " ", " 2.9", " ", " 3.1", " 1.0", " 3.8", " 3.6", " 7.5", " ", " 5.3", " ", " 5.6", " 6.4", " "
"231", "", "False", "Ethyl myristate", "C16 H32 O2", "Full match", " Full match", " No results", " Not the top hit", " Not the top hit", "-0.82", "256.24002", "255.23274", "8.977", "11287613.9813743", "32", "2", "0", "97.4", "9.9", "", "No matches found", " No matches found", " No matches found", " No matches found", " No matches found", "", "Multiple matches found", "PreferredDDA", "", "[M-H]-1", "4868722.66218318", " 6160242.77223137", " 5472938.21960043", " 6093224.63319588", " 4205679.56419275", "38.3499466608472", " 23.6521037605373", " 37.8593401675555", " 26.166751392654", " 20.4115020738195", "0.890", " 1.113", " 0.768", " 1.011", " 0.690", "-0.17", " 0.15", " -0.38", " 0.02", " -0.53", "0.994575236906244", " 0.999988684186756", " 0.396238323983236", " 0.99999997558674", " 0.419806431481113", "0.999999999876955", " 0.999999999849258", " 0.999999999961495", " 0.999999999989872", " 1", "6.2", "", " ", " 3.8", " ", " 3.5", " 4.7", " 5.5", " 2.9", " ", " ", " 6.2", " 5.5", " 4.3", " 4.0", " ", " ", " ", " 3.1", " 3.5", " 5.4", " 3.5", " 3.2", " 2.9", " 3.8", " 5.7", " 4.0", " 5.1", " 5.9", " 6.2", " ", " 2.8", " ", " ", " ", " 3.7", " ", " ", " 6.0", " ", " "
"154", "", "False", "", "C12 H26 O3 S3", "Full match", " No results", " No results", " No match", " No results", "0.32", "314.10451", "313.09723", "8.839", "11279830.4818618", "1", "0", "0", "", "", "", "No matches found", " No matches found", " No matches found", " No matches found", " No matches found", "", "No matches found", "PreferredDDA", "", "[M-H]-1", "", " 2415088.45367498", " ", " 2249766.25124498", " 3112960.24639672", "", " 104.719397415704", " ", " 37.3096470177135", " 44.6951596269641", "", " Infinity", " Infinity", " 1.073", " 1.384", "", " Infinity", " Infinity", " 0.10", " 0.47", "", " ", " ", " 0.488724892289483", " 0.973158706025679", "", " ", " ", " 0.999999999989872", " 1", "7.0", "", " ", " ", " ", " ", " ", " ", " ", " 6.3", " 6.7", " ", " ", " ", " ", " ", " 2.3", " ", " ", " ", " ", " ", " ", " ", " ", " ", " ", " 2.6", " 4.0", " 2.6", " 5.7", " 6.4", " 7.0", " 7.0", " ", " ", " 5.0", " 2.9", " ", " ", " 1.2"
"373", "", "False", "(15Z)-9,12,13-Trihydroxy-15-octadecenoic acid", "C18 H34 O5", "Full match", " Full match", " No results", " Partial match", " Partial match", "0.00", "330.24063", "329.23335", "2.865", "10805101.0246204", "28", "1", "0", "79.1", "48.3", "", "No matches found", " No matches found", " No matches found", " No matches found", " No matches found", "", "Multiple matches found", "PreferredDDA", "", "[M-H]-1", "3211011.00830778", " 4496726.20276199", " 4587267.96793885", " 5364254.32191919", " ", "69.26514350567", " 61.6621210429482", " 49.7954931541", " 65.8618977166112", " ", "0.700", " 1.169", " 0.000", " 0.838", " 0.000", "-0.51", " 0.23", " -Infinity", " -0.25", " -Infinity", "0.992190544119235", " 0.990574833812716", " ", " 0.996503502230051", " ", "0.999999999876955", " 0.999999999849258", " ", " 0.999999999989872", " ", "6.0", "3.5", " ", " ", " 1.0", " ", " ", " 5.2", " 2.7", " 6.0", " 2.0", " 3.5", " 4.8", " 1.2", " ", " ", " ", " ", " ", " 4.8", " ", " 3.9", " ", " ", " 1.7", " ", " 2.3", " 4.1", " 4.5", " 4.5", " 1.0", " ", " ", " 2.3", " ", " ", " ", " ", " ", " ", " "
"215", "", "False", "", "C28 H20 N4 O", "Full match", " No results", " No results", " No results", " No results", "3.77", "428.16533", "427.15805", "6.281", "10799548.1305324", "0", "0", "0", "", "", "", "No matches found", " No matches found", " No matches found", " No matches found", " No matches found", "", "No matches found", "PreferredDDA", "", "[M-H]-1", "1814391.59326308", " 3914091.16811365", " 7203757.68446992", " 4344353.92563955", " 2677601.65029396", "63.7623339632092", " 16.9885853958512", " 70.5911531038318", " 25.837008295813", " 28.7154748138841", "0.252", " 0.603", " 0.372", " 0.901", " 0.616", "-1.99", " -0.73", " -1.43", " -0.15", " -0.70", "0.014249467310581", " 0.878120661212182", " 0.150899521602347", " 0.97116891012555", " 0.296091957896875", "0.706186476957364", " 0.999999999849258", " 0.683574832858631", " 0.999999999989872", " 1", "8.0", "", " 0.8", " 4.4", " ", " 3.5", " ", " ", " ", " ", " 3.5", " ", " 8.0", " ", " 5.4", " ", " 3.9", " ", " 4.6", " 2.2", " ", " ", " ", " ", " ", " ", " 4.1", " 4.9", " 3.4", " ", " ", " ", " 5.6", " 5.9", " 4.5", " 3.5", " 2.6", " ", " 3.9", " 5.3", " "
"388", "", "False", "", "C10 H16 N6 O4", "Full match", " No results", " No results", " No results", " No results", "0.53", "284.12345", "283.11618", "2.014", "10700454.105529", "0", "0", "0", "", "", "", "No matches found", " No matches found", " No matches found", " No matches found", " No matches found", "", "No matches found", "PreferredDDA", "", "[M-H]-1", "5598453.14311224", " 6596513.84687776", " 2538687.69565121", " 4096839.65384324", " 5624754.80742091", "35.4369175816924", " 32.7392037267194", " 54.0964488227279", " 42.9961786707189", " 35.7830556083673", "2.205", " 1.614", " 2.216", " 1.610", " 1.373", "1.14", " 0.69", " 1.15", " 0.69", " 0.46", "0.0115226207500827", " 0.147679373115027", " 0.11347327267594", " 0.429647527074331", " 0.992849672008262", "0.706186476957364", " 0.408342363010829", " 0.597679555050032", " 0.999999999989872", " 1", "6.5", "6.5", " 5.5", " 5.4", " 4.7", " 5.0", " 4.0", " 5.0", " 4.6", " 5.4", " 4.6", " ", " 3.1", " 5.0", " 3.5", " 2.7", " 4.2", " 2.9", " 2.1", " 1.7", " 3.1", " 1.1", " 4.2", " 3.6", " 4.1", " 2.3", " 1.6", " 3.7", " 4.5", " 1.6", " 5.0", " 2.0", " 3.3", " 1.6", " ", " 6.1", " 2.9", " ", " 4.2", " 4.2", " 4.0"
"372", "", "False", "7-hydroxy-10E,16-heptadecadien-8-ynoic acid", "C17 H26 O3", "Full match", " No results", " No results", " Not the top hit", " Full match", "-0.26", "278.18812", "277.18084", "3.310", "10613546.3991635", "10", "0", "0", "", "", "", "No matches found", " No matches found", " No matches found", " No matches found", " No matches found", "", "Multiple matches found", "PreferredDDA", "CO2", "[M-H]-1", "1333976.8289637", " 4040299.32924346", " 1641997.50905562", " 6389366.21193696", " 4504823.41186963", "50.0046303126104", " 30.5493341164631", " 18.3158331669495", " 31.6225945164284", " 35.7183682773386", "0.812", " 3.891", " 2.744", " 0.632", " 0.705", "-0.30", " 1.96", " 1.46", " -0.66", " -0.50", "0.88946207609796", " 9.22660766677907E-08", " 0.000583675073189682", " 0.0245730359713352", " 0.0556984678896455", "0.999999999876955", " 1.21004132928593E-05", " 0.014689156008607", " 0.999999999989872", " 0.714078399527857", "7.4", "3.4", " 1.7", " 1.4", " 0.4", " 3.5", " 2.1", " 2.1", " 4.8", " 2.9", " 6.1", " 4.7", " 5.7", " 4.0", " 6.1", " 4.6", " 5.1", " 5.5", " 7.4", " 3.6", " 6.3", " 3.6", " 3.3", " ", " 4.0", " 5.2", " 5.4", " 6.5", " 5.4", " 5.7", " 5.4", " 5.4", " 6.3", " 5.7", " 5.5", " 5.5", " 4.2", " 3.8", " 6.3", " 4.6", " 4.4"
"419", "", "False", "NP-021797", "C12 H22 O3", "Full match", " Full match", " No results", " Not the top hit", " Not the top hit", "-2.81", "214.15629", "213.14902", "3.005", "10368049.5850034", "17", "1", "0", "94.4", "60.5", "", "No matches found", " No matches found", " No matches found", " No matches found", " No matches found", "", "Multiple matches found", "PreferredDDA", "CO2", "[M-H]-1", "2250324.34780791", " 3690682.497399", " 2163250.1032953", " 4946516.876057", " 3623837.61113851", "22.24629130797", " 30.2925714722682", " 19.9194805337743", " 45.0628526908592", " 37.5909833625162", "1.040", " 2.287", " 1.675", " 0.746", " 0.733", "0.06", " 1.19", " 0.74", " -0.42", " -0.45", "0.933134439221118", " 5.12372156004082E-05", " 0.0537490133455106", " 0.0939146692907609", " 0.153555018510595", "0.999999999876955", " 0.000758641353567334", " 0.368913682507823", " 0.999999999989872", " 0.99837291934121", "4.8", "2.2", " 2.0", " 1.6", " ", " 2.6", " 1.8", " 3.5", " 1.6", " 1.3", " 4.2", " 3.2", " 4.7", " 2.5", " 4.4", " 2.5", " 1.7", " 1.1", " 2.5", " 3.5", " 2.5", " 3.3", " 3.3", " 2.1", " 3.1", " 4.2", " 4.8", " 4.1", " 3.3", " 3.3", " 3.1", " 2.3", " 2.3", " 3.5", " 3.8", " 2.9", " 4.4", " 2.5", " 2.5", " 4.4", " 2.5"
"248", "", "False", "", "C42 H64 N4 O2", "Full match", " No results", " No results", " No results", " No results", "-1.91", "656.50167", "655.49440", "5.923", "10038567.131858", "0", "0", "0", "", "", "", "No matches found", " No matches found", " No matches found", " No matches found", " No matches found", "", "No matches found", "PreferredDDA", "", "[M-H]-1", "2310506.88419107", " 703381.068002695", " 1836485.59553595", " 3657634.23819204", " 1027640.64189142", "", " 106.456687490071", " 55.2097785415064", " 80.3602571707187", " 121.854590388964", "1.258", " 1.992", " 0.560", " 0.192", " 0.281", "0.33", " 0.99", " -0.84", " -2.38", " -1.83", "", " 0.952927364379816", " 0.998647085591225", " 0.375401714640404", " 0.647509399744222", "", " 0.999999999849258", " 0.999999999961495", " 0.999999999989872", " 1", "6.3", "", " ", " ", " ", " 5.0", " ", " ", " ", " 6.3", " 3.0", " 2.3", " ", " 2.3", " 1.5", " 1.5", " 0.0", " 1.1", " ", " ", " ", " ", " ", " ", " 3.5", " 0.4", " 4.8", " 2.6", " 1.4", " 5.2", " 3.3", " 1.5", " 3.9", " 5.8", " 2.1", " ", " 1.1", " ", " 0.0", " 0.8", " 4.1"
"281", "", "False", "", "C8 H10 N10 O S2", "Full match", " No results", " No results", " No results", " No results", "1.75", "326.04862", "325.04134", "0.567", "9814399.68550042", "0", "0", "0", "", "", "", "No matches found", " No matches found", " No matches found", " No matches found", " No matches found", "", "No matches found", "PreferredDDA", "", "[M-H]-1", "4471894.61263367", " 3370012.18168133", " 1694805.23851443", " 6421290.46106197", " 4025430.00615574", "45.9074428515896", " 66.862904907676", " 80.7712038383677", " 45.2059804709962", " 40.9580768412642", "2.639", " 3.789", " 2.375", " 0.525", " 0.627", "1.40", " 1.92", " 1.25", " -0.93", " -0.67", "0.712476653235213", " 0.0890009135518783", " 0.772481395502476", " 0.675736080687923", " 0.686424803840227", "0.999999999876955", " 0.274170599465182", " 0.999999999961495", " 0.999999999989872", " 1", "6.0", "5.8", " 5.8", " 5.5", " 5.2", " 5.6", " 4.1", " 5.4", " ", " ", " 6.0", " 5.4", " 5.4", " 5.4", " 4.6", " 5.4", " ", " 5.2", " 5.5", " 4.6", " 5.5", " 5.4", " ", " 5.2", " 6.0", " 5.2", " 5.6", " ", " 6.0", " 6.0", " ", " 6.0", " 4.0", " 6.0", " 5.8", " 5.2", " ", " ", " 5.8", " 6.0", " 5.8"
"312", "", "False", "threo-9,10-Dihydroxystearic acid", "C18 H36 O4", "Full match", " No results", " No results", " Full match", " Full match", "-0.79", "316.26111", "315.25383", "3.824", "9796111.6116356", "22", "0", "0", "", "", "", "No matches found", " No matches found", " No matches found", " No matches found", " No matches found", "", "Multiple matches found", "PreferredDDA", "", "[M-H]-1", "8752364.68424099", " 3878037.7415506", " 9796111.6116356", " 5727213.97427002", " 2608757.95920538", "0.756425210938925", " 14.0835045817823", " ", " 28.032248473931", " 55.6766442431752", "0.893", " 0.585", " 0.266", " 0.677", " 0.456", "-0.16", " -0.77", " -1.91", " -0.56", " -1.13", "", " ", " ", " 0.539549294419272", " 0.110644770224207", "", " ", " ", " 0.999999999989872", " 0.946574419109672", "7.0", "", " ", " ", " ", " 4.5", " 6.4", " ", " ", " 5.9", " 4.7", " ", " ", " 7.0", " 5.1", " ", " ", " ", " ", " ", " ", " ", " ", " ", " ", " 4.8", " 5.1", " 4.7", " ", " 4.0", " ", " ", " ", " 3.7", " 4.8", " ", " 2.3", " ", " ", " 3.7", " 1.6"
"345", "", "False", "Ptilodene", "C20 H28 O4", "Not the top hit", " No results", " No results", " Not the top hit", " Full match", "0.09", "332.19879", "331.19153", "4.180", "9758763.55688108", "26", "0", "0", "", "", "", "No matches found", " No matches found", " No matches found", " No matches found", " No matches found", "", "Multiple matches found", "PreferredDDA", "CO2", "[M-H]-1", "1278932.90540893", " 1270492.73402836", " 664000.13887996", " 1308125.66287776", " 487130.700974948", "44.962464908026", " 121.913215610453", " 91.9375454436663", " 52.9098804199375", " 41.8773170737397", "1.926", " 1.970", " 0.734", " 0.971", " 0.372", "0.95", " 0.98", " -0.45", " -0.04", " -1.43", "0.562830280769433", " 0.609961129392787", " 0.999971252438813", " 0.914503354492525", " 0.478488146127925", "0.999999999876955", " 0.999999999849258", " 0.999999999961495", " 0.999999999989872", " 1", "5.2", "", " 1.9", " 2.5", " ", " 5.2", " 3.0", " 1.7", " ", " ", " ", " 4.5", " 4.6", " 1.9", " 4.0", " 4.1", " 1.0", " ", " ", " 1.9", " ", " ", " 3.4", " ", " ", " ", " ", " 1.7", " 0.6", " 4.9", " ", " 2.1", " 2.3", " ", " ", " 0.4", " ", " 4.5", " ", " 0.8", " 1.9"
"1341", "", "False", "Cladosporester A", "C13 H24 O4", "Full match", " No results", " No results", " Not the top hit", " Full match", "-1.12", "244.16718", "243.15991", "2.544", "9707761.3990707", "7", "0", "0", "", "", "", "No matches found", " No matches found", " No matches found", " No matches found", " No matches found", "", "Multiple matches found", "PreferredDDA", "", "[M-H]-1", "8336927.97205632", " 8561463.85380187", " 6930845.35340748", " 7619866.04665394", " 8135871.26831259", "17.6459143360378", " 8.47771822235831", " 16.5262523283212", " 32.3801789085937", " 22.2846900402994", "1.203", " 1.099", " 1.174", " 1.124", " 1.068", "0.27", " 0.14", " 0.23", " 0.17", " 0.09", "0.91081278154211", " 0.999616088728267", " 0.843376281070033", " 0.692627007609886", " 0.740264857559364", "0.999999999876955", " 0.999999999849258", " 0.999999999961495", " 0.999999999989872", " 1", "4.7", "3.3", " 3.7", " 3.0", " 3.3", " 3.0", " 3.7", " 3.7", " ", " ", " 4.7", " 4.3", " ", " ", " ", " ", " ", " ", " 3.9", " ", " 3.3", " 3.3", " 3.0", " ", " 3.3", " 3.7", " 1.0", " ", " 2.3", " 1.9", " 2.1", " 2.3", " ", " 1.6", " 2.8", " 2.4", " 2.8", " 2.6", " 3.2", " ", " 3.6"
"505", "", "False", "", "C42 H68 N4 O3", "Full match", " No results", " No results", " No results", " No results", "-1.27", "676.52828", "675.52101", "7.886", "9673595.39975752", "0", "0", "0", "", "", "", "No matches found", " No matches found", " No matches found", " No matches found", " No matches found", "", "No matches found", "PreferredDDA", "", "[M-H]-1", "2809730.73200105", " 1608970.51081567", " 1923978.15815654", " 2073818.57600904", " 1546085.27205844", "86.7177529651594", " 86.7023247014305", " 36.9017115258273", " 54.9645452282856", " 51.7807342310285", "1.460", " 1.078", " 0.804", " 0.776", " 0.746", "0.55", " 0.11", " -0.32", " -0.37", " -0.42", "0.872430696935726", " 0.961813836902672", " 0.992815889690885", " 0.807879087931517", " 0.791545932670607", "0.999999999876955", " 0.999999999849258", " 0.999999999961495", " 0.999999999989872", " 1", "4.1", "4.1", " 2.0", " 2.5", " 0.0", " ", " 3.5", " 2.3", " 1.4", " 3.3", " 2.3", " 0.4", " 3.3", " 3.1", " 1.9", " 2.7", " 2.9", " 3.9", " ", " ", " 3.4", " 1.5", " 2.6", " 3.2", " ", " 1.3", " 2.7", " 2.1", " 3.5", " 1.7", " 3.3", " 3.0", " ", " 1.4", " ", " 3.3", " 2.0", " 0.8", " 2.1", " ", " 1.7"
"273", "", "False", "", "C18 H33 N4 O3 P", "Full match", " No results", " No results", " No results", " No results", "-3.83", "384.22756", "383.22028", "5.929", "9664014.37723854", "0", "0", "0", "", "", "", "No matches found", " No matches found", " No matches found", " No matches found", " No matches found", "", "No matches found", "PreferredDDA", "", "[M-H]-1", "304547.995505212", " 3610516.60375435", " 979144.008274242", " 3876184.54732013", " 5124943.20463956", "12.4437421144468", " 56.4796714812203", " 92.224579374685", " 53.3587269620942", " 60.7981962979354", "0.311", " 3.959", " 5.234", " 0.931", " 1.322", "-1.68", " 1.99", " 2.39", " -0.10", " 0.40", "0.585359419258609", " 0.0121877841350846", " 0.0225539707124311", " 0.999715710619262", " 0.999131288238556", "0.999999999876955", " 0.0655446939350182", " 0.222107581146333", " 0.999999999989872", " 1", "6.0", "3.5", " 4.3", " ", " ", " ", " ", " ", " ", " 4.1", " 4.2", " ", " 3.9", " 5.0", " 4.2", " 3.5", " 6.0", " 4.0", " 1.9", " 3.3", " ", " ", " ", " ", " ", " ", " 5.4", " 5.4", " 5.0", " 2.0", " 4.5", " 1.4", " 3.1", " 4.5", " 5.2", " 2.9", " 3.7", " 4.0", " 5.2", " 4.5", " "
"337", "", "False", "13,14-Dihydro-15-keto Prostaglandin J2", "C20 H30 O4", "No match", " Invalid mass", " No results", " No match", " No match", "-53889.26", "316.20384", "315.19646", "3.032", "9641626.8208907", "53", "10", "0", "96.6", "9.8", "", "No matches found", " No matches found", " No matches found", " No matches found", " No matches found", "", "Multiple matches found", "PreferredDDA", "", "[M-H]-1", "3398031.19017594", " 1088552.81757412", " 4280264.59098112", " 1135546.71447423", " 1166531.13432978", "77.598134945891", " 32.3188720887833", " 48.477894161018", " 40.6971920852238", " 16.7108939343354", "0.794", " 0.265", " 0.273", " 0.959", " 1.027", "-0.33", " -1.91", " -1.88", " -0.06", " 0.04", "0.999931871531128", " 0.193817181451458", " 0.187130412913501", " 0.999999994850194", " 0.99899920555817", "0.999999999876955", " 0.49699489545374", " 0.759871791907023", " 0.999999999989872", " 1", "6.0", "3.4", " ", " 3.3", " ", " 6.0", " 6.0", " 5.4", " ", " 1.6", " 1.3", " ", " 1.1", " ", " ", " ", " 0.7", " 1.6", " 4.4", " 5.6", " 6.0", " 4.2", " ", " ", " 0.8", " ", " ", " ", " ", " 0.4", " 0.6", " ", " ", " ", " ", " 2.1", " 2.9", " ", " ", " 2.3", " "
"265", "", "False", "", "C20 H30 N6 O2", "Full match", " No results", " No results", " No results", " No results", "0.23", "386.24311", "385.23584", "6.426", "9571296.16475051", "0", "0", "0", "", "", "", "No matches found", " No matches found", " No matches found", " No matches found", " No matches found", "", "No matches found", "PreferredDDA", "", "[M-H]-1", "5112306.64860075", " 7175751.34574502", " 3983688.77736067", " 5971794.95926243", " 7774360.1945736", "30.4201309955479", " 28.6363963712313", " 48.8965121658428", " 18.2929255815569", " 20.4107433747622", "1.283", " 1.499", " 1.952", " 1.202", " 1.302", "0.36", " 0.58", " 0.96", " 0.26", " 0.38", "0.83189639544276", " 0.167973733387007", " 0.00298990846698177", " 0.976294330612342", " 0.445895189318517", "0.999999999876955", " 0.456212684169445", " 0.0483724476979551", " 0.999999999989872", " 1", "6.7", "6.1", " 5.7", " 6.1", " 5.9", " ", " 4.0", " 2.6", " 3.5", " 3.6", " 1.8", " 3.7", " 6.2", " 4.3", " 6.2", " 2.1", " ", " 6.2", " 2.7", " 3.7", " 5.0", " 3.5", " 5.4", " 3.1", " ", " 2.3", " 6.4", " ", " 5.2", " 2.3", " 2.6", " 6.7", " 4.5", " 4.5", " 3.2", " 3.6", " 3.6", " 4.7", " 3.6", " 3.6", " 3.7"
"528", "", "False", "15R-PGE2 methyl ester, 15-acetate", "C23 H36 O6", "Not the top hit", " No results", " No results", " No match", " Full match", "-0.02", "408.25118", "407.24390", "1.216", "9562323.67435883", "1", "0", "0", "", "", "", "No matches found", " No matches found", " No matches found", " No matches found", " No matches found", "", "Single match found", "PreferredDDA", "", "[M-H]-1", "605260.334067363", " 6043699.64376051", " 1848037.39415657", " 5749604.32503585", " 4390426.93569514", "40.5005720752249", " 45.0376899647013", " ", " 51.7131184666029", " 49.2205054536535", "0.328", " 3.111", " 2.376", " 1.051", " 0.764", "-1.61", " 1.64", " 1.25", " 0.07", " -0.39", "", " ", " ", " 0.99999967751405", " 0.936245023532862", "", " ", " ", " 0.999999999989872", " 1", "5.2", "0.0", " ", " ", " ", " ", " 1.1", " ", " 0.8", " 3.9", " 4.1", " 4.5", " 4.1", " 2.3", " 4.5", " 3.3", " 4.1", " 2.5", " ", " 1.0", " ", " ", " ", " ", " ", " ", " 4.1", " 3.7", " 3.7", " 4.1", " 5.2", " 2.3", " 2.5", " 2.3", " 3.5", " 3.9", " 5.2", " 2.1", " 2.7", " 3.5", " "
"212", "", "False", "13Z,16Z-Docosadienoic Acid", "C22 H40 O2", "Full match", " Full match", " No results", " Partial match", " Partial match", "0.03", "336.30284", "335.29556", "7.800", "9459903.30741191", "14", "1", "0", "95.6", "9.8", "", "No matches found", " No matches found", " No matches found", " No matches found", " No matches found", "", "Multiple matches found", "PreferredDDA", "", "[M-H]-1", "2807428.90253017", " 7416061.78993388", " 1731725.32690214", " 6378052.12351873", " 4216921.65636327", "47.631272130954", " 26.7701804612684", " 57.544248240775", " 23.5811913412648", " 42.6831178665044", "1.621", " 3.683", " 2.435", " 1.163", " 0.661", "0.70", " 1.88", " 1.28", " 0.22", " -0.60", "0.431928945392334", " 6.43545903145082E-06", " 0.0238808963769915", " 0.997858676940617", " 0.077002177522942", "0.999999999876955", " 0.000147693784771796", " 0.23017119273994", " 0.999999999989872", " 0.751164099101353", "7.8", "1.9", " 4.4", " 3.5", " ", " 4.5", " 2.3", " 3.6", " 3.5", " 5.9", " 6.2", " 7.8", " 7.4", " 5.9", " 7.8", " 7.8", " 6.2", " 7.5", " 5.3", " 5.8", " 3.8", " 5.9", " 2.9", " 6.1", " 5.5", " 6.1", " 5.1", " 5.5", " 7.8", " 5.5", " 7.8", " 5.5", " 5.5", " 7.8", " 6.5", " 6.7", " 4.2", " 3.6", " 6.1", " 4.8", " 6.7"
"109", "", "False", "", "C19 H34 O P2", "Full match", " No results", " No results", " No results", " No results", "-4.25", "340.20704", "339.19976", "8.866", "9440236.36761492", "0", "0", "0", "", "", "", "No matches found", " No matches found", " No matches found", " No matches found", " No matches found", "", "No matches found", "PreferredDDA", "", "[M-H]-1", "4481623.57338954", " 2006733.99211384", " 2059684.86883033", " 3146881.23177898", " 1145296.65146074", "40.2505799964391", " 57.4542348593269", " 63.2562751588558", " 28.8462942458317", " 21.3380532036347", "2.176", " 1.528", " 0.556", " 0.638", " 0.364", "1.12", " 0.61", " -0.85", " -0.65", " -1.46", "0.00774735593278109", " 0.698436508703159", " 0.681805903981461", " 0.779792646127131", " 0.162976210371965", "0.610749892700909", " 0.999999999849258", " 0.999999999961495", " 0.999999999989872", " 1", "7.1", "2.3", " 5.2", " 4.2", " 1.6", " 4.2", " 5.2", " 5.0", " 5.6", " 6.5", " 5.5", " 5.8", " 4.4", " 6.4", " 5.5", " 3.3", " 5.9", " 4.5", " 3.0", " 4.6", " 5.8", " 6.3", " 4.2", " ", " 4.8", " 5.0", " 7.1", " 7.1", " 6.8", " 6.8", " 7.1", " 6.8", " 6.8", " 6.5", " 5.4", " 6.9", " ", " ", " ", " 6.9", " "
"206", "", "False", "", "C16 H36 O P2", "Full match", " No results", " No results", " No results", " No results", "-4.33", "306.22281", "305.21553", "8.874", "9422322.44238957", "0", "0", "0", "", "", "", "No matches found", " No matches found", " No matches found", " No matches found", " No matches found", "", "No matches found", "PreferredDDA", "", "[M-H]-1", "4468269.55212959", " 2378794.27505477", " 1587286.7309159", " 1574270.0549294", " 1413191.35867308", "63.7039998399275", " 60.2471403984899", " 24.8367667201605", " 81.1587111517516", " 53.128460056115", "2.815", " 0.992", " 0.890", " 1.511", " 0.898", "1.49", " -0.01", " -0.17", " 0.60", " -0.16", "0.30911609412411", " 0.999998959972892", " 0.99993938091067", " 0.997652740085156", " 0.999967970453042", "0.999999999876955", " 0.999999999849258", " 0.999999999961495", " 0.999999999989872", " 1", "6.5", "", " ", " ", " ", " ", " 2.3", " 4.2", " 4.1", " 5.0", " 5.5", " 6.5", " ", " ", " ", " ", " 3.4", " ", " ", " 2.8", " ", " 4.6", " 5.8", " ", " ", " ", " 6.1", " 2.3", " 4.0", " 2.3", " 4.2", " 3.0", " 4.0", " 5.2", " ", " 6.5", " 5.2", " 5.9", " ", " 6.1", " 5.5"
"261", "", "False", "", "C22 H39 P", "Full match", " No results", " No results", " No results", " No results", "-0.80", "334.27867", "333.27139", "6.152", "9340314.69820235", "0", "0", "0", "", "", "", "No matches found", " No matches found", " No matches found", " No matches found", " No matches found", "", "No matches found", "PreferredDDA", "", "[M-H]-1", "3500468.60829739", " 3065220.10178388", " 3041394.60588622", " 2977619.33995799", " 3863757.20365754", "22.3923100566585", " 17.7041875869918", " 31.900630924339", " 36.2552731805881", " 53.6419485505063", "1.151", " 0.979", " 1.270", " 1.029", " 1.298", "0.20", " -0.03", " 0.35", " 0.04", " 0.38", "0.63998519342819", " 0.896130420890045", " 0.077761077579016", " 0.992085021720604", " 0.383304159927572", "0.999999999876955", " 0.999999999849258", " 0.489246779767975", " 0.999999999989872", " 1", "7.7", "4.9", " 6.8", " 4.9", " ", " 6.0", " 4.5", " 4.9", " 6.4", " 6.9", " ", " ", " 6.9", " 5.4", " 7.3", " 7.7", " 6.9", " 5.0", " 3.8", " 5.9", " ", " 6.3", " 6.3", " 3.8", " 6.6", " ", " 3.4", " ", " 5.5", " ", " 6.1", " 5.1", " 4.4", " 5.9", " 2.7", " 5.4", " 5.4", " ", " 3.9", " 3.5", " 3.3"
"301", "", "False", "(+/-)12(13)-DiHOME", "C18 H34 O4", "No match", " Invalid mass", " No results", " No match", " No match", "-57314.25", "296.23495", "295.22768", "5.039", "9320746.78173877", "55", "9", "0", "94.1", "9.7", "", "No matches found", " No matches found", " No matches found", " No matches found", " No matches found", "", "Multiple matches found", "PreferredDDA", "", "[M-H]-1", "5266868.00679138", " 3978486.90514332", " 6234433.62670815", " 4177389.42672866", " 2200726.79134728", "49.0953849983234", " 16.7032843827709", " 43.8313629565935", " 31.0218710989571", " ", "0.845", " 0.670", " 0.353", " 0.952", " 0.527", "-0.24", " -0.58", " -1.50", " -0.07", " -0.92", "0.915322859472195", " 0.990443190412213", " ", " 0.963169964476122", " ", "0.999999999876955", " 0.999999999849258", " ", " 0.999999999989872", " ", "5.8", "2.0", " 1.2", " 4.6", " ", " 4.5", " 5.2", " 3.7", " 2.2", " ", " ", " ", " ", " 5.8", " 2.3", " 5.4", " ", " ", " ", " 5.0", " 4.5", " ", " 4.1", " ", " 1.4", " ", " ", " ", " 2.9", " 1.9", " ", " 5.5", " ", " ", " ", " 0.6", " ", " ", " ", " ", " "
"321", "", "False", "NP-020078", "C17 H28 O3", "Full match", " Full match", " No results", " Partial match", " Partial match", "-0.61", "280.20367", "279.19640", "4.285", "9131893.88894018", "12", "1", "0", "61.4", "8.1", "", "No matches found", " No matches found", " No matches found", " No matches found", " No matches found", "", "Multiple matches found", "PreferredDDA", "CO2", "[M-H]-1", "4734461.03094019", " 1987313.24937142", " 3063707.81039258", " 2727119.8568811", " 2134828.46971375", "54.7078204164104", " 41.2695592014164", " 48.1526712421214", " 33.4729848029036", " 21.6410510693952", "1.545", " 0.890", " 0.697", " 0.729", " 0.783", "0.63", " -0.17", " -0.52", " -0.46", " -0.35", "0.394218851352501", " 0.985935972738679", " 0.794238072400439", " 0.913555232177705", " 0.966721346785886", "0.999999999876955", " 0.999999999849258", " 0.999999999961495", " 0.999999999989872", " 1", "6.4", "2.9", " 5.8", " 5.0", " 4.0", " 3.3", " 4.5", " 5.2", " 4.8", " 1.0", " ", " 4.2", " 3.1", " 2.9", " ", " 4.2", " 4.0", " 4.4", " 5.4", " 5.0", " 3.6", " 5.6", " 5.4", " 2.9", " 3.6", " 4.2", " 1.3", " 2.9", " ", " 1.7", " 5.5", " 1.7", " 4.3", " 2.1", " 3.1", " ", " 4.3", " ", " 5.0", " 6.4", " 2.8"
"297", "", "False", "16-Hydroxyhexadecanoic acid", "C16 H32 O3", "Full match", " Full match", " No results", " Full match", " Not the top hit", "-0.17", "272.23510", "271.22783", "4.637", "9127123.10112828", "21", "1", "0", "96.1", "9.8", "", "No matches found", " No matches found", " No matches found", " No matches found", " No matches found", "", "Multiple matches found", "PreferredDDA", "", "[M-H]-1", "2099591.15831911", " 5424393.82550442", " 3995310.0469463", " 2248093.00360378", " 2105295.95763963", "31.6343034427613", " ", " 54.639723548696", " 50.2258259222414", " 35.6442930592745", "0.526", " 0.563", " 0.527", " 2.413", " 0.936", "-0.93", " -0.83", " -0.92", " 1.27", " -0.09", "0.399886545037817", " 0.206967768059009", " 0.150280614410082", " ", " 0.996917675730002", "0.999999999876955", " 0.519673047998929", " 0.683574832858631", " ", " 1", "5.1", "", " ", " 0.7", " ", " 3.2", " ", " 1.1", " ", " ", " ", " 4.8", " ", " ", " ", " ", " ", " ", " ", " 4.6", " 3.3", " ", " ", " 1.0", " 4.5", " 0.5", " ", " 1.6", " 1.7", " ", " 0.6", " 4.8", " ", " 2.5", " 5.1", " ", " 5.1", " 0.7", " 1.1", " ", " "
"284", "", "False", "", "C19 H38 O6", "Full match", " No results", " No results", " No results", " No results", "-0.12", "362.26680", "361.25952", "5.361", "8848100.92666554", "0", "0", "0", "", "", "", "No matches found", " No matches found", " No matches found", " No matches found", " No matches found", "", "No matches found", "PreferredDDA", "", "[M-H]-1", "1215484.80468725", " 2177247.28515132", " 3126428.65502643", " 1765910.65222358", " 401670.814407152", "60.7666834981155", " 116.653096596257", " 28.6155890055849", " 76.8633951145182", " 146.399263572635", "0.389", " 0.565", " 0.128", " 1.233", " 0.227", "-1.36", " -0.82", " -2.96", " 0.30", " -2.14", "0.550163034085025", " 0.98499104319732", " 0.254592315769406", " 0.976643846239994", " 0.3704833769983", "0.999999999876955", " 0.999999999849258", " 0.867564255943152", " 0.999999999989872", " 1", "6.8", "", " 0.0", " ", " 5.2", " 3.3", " ", " 4.5", " ", " 1.9", " 5.4", " 6.0", " ", " 3.0", " ", " ", " ", " ", " ", " ", " 6.8", " ", " ", " ", " 6.2", " 6.0", " ", " 6.0", " ", " 6.0", " 4.8", " ", " 4.8", " 1.5", " 5.3", " 1.9", " ", " 0.4", " ", " 4.2", " 5.2"
"331", "", "False", "NP-011548", "C18 H34 O3", "Full match", " Full match", " No results", " Partial match", " Partial match", "-0.49", "298.25065", "297.24337", "5.958", "8760857.27327804", "73", "1", "0", "69.7", "8.5", "", "No matches found", " No matches found", " No matches found", " No matches found", " No matches found", "", "Multiple matches found", "PreferredDDA", "", "[M-H]-1", "3012287.10261594", " 5590174.07971856", " 2836296.73337827", " 5614691.61862217", " 3525075.65542866", "36.708496300446", " 30.9634358770716", " 34.2677460306501", " 31.4472878524917", " 43.199123511758", "1.062", " 1.980", " 1.243", " 0.996", " 0.628", "0.09", " 0.99", " 0.31", " -0.01", " -0.67", "0.893500919819098", " 0.00301795072270861", " 0.463336009473672", " 0.983102644144589", " 0.232209613343181", "0.999999999876955", " 0.0243024452933904", " 0.999999999961495", " 0.999999999989872", " 1", "6.1", "2.1", " 2.5", " 4.9", " 0.7", " 3.1", " 2.9", " 2.1", " 4.0", " 1.3", " 6.1", " 1.6", " ", " 2.1", " 3.1", " 1.9", " ", " ", " 1.0", " 1.0", " ", " 2.9", " 2.5", " 1.1", " 5.3", " 3.6", " 3.1", " 1.6", " 2.7", " 1.9", " 4.6", " 2.9", " 2.5", " 1.3", " 3.3", " 2.7", " 2.6", " 1.7", " 2.3", " 4.2", " "
"354", "", "False", "8-iso Prostaglandin A2", "C20 H30 O4", "No match", " Invalid mass", " No results", " No match", " No match", "-53889.90", "316.20363", "315.19635", "4.504", "8611237.44621958", "53", "14", "0", "69.4", "45.7", "", "No matches found", " No matches found", " No matches found", " No matches found", " No matches found", "", "Multiple matches found", "PreferredDDA", "CO2", "[M-H]-1", "", " 3440745.82704413", " ", " 3580475.40877523", " 6063973.94291195", "", " 49.2684390524838", " ", " 17.5037054903891", " 59.4061687472516", "", " Infinity", " Infinity", " 0.961", " 1.694", "", " Infinity", " Infinity", " -0.06", " 0.76", "", " ", " ", " 0.978159938268697", " 0.672759111970499", "", " ", " ", " 0.999999999989872", " 1", "6.9", "", " ", " ", " ", " ", " ", " ", " ", " 2.1", " ", " ", " ", " ", " ", " ", " ", " 4.2", " ", " ", " ", " ", " ", " ", " ", " ", " ", " ", " 6.9", " ", " ", " ", " 4.6", " ", " 3.1", " ", " ", " ", " 4.5", " ", " "
"335", "", "False", "2-[(2S,4aR,8aS)-2-Hydroxy-4a-methyl-8-methylenedecahydro-2-naphthalenyl]acrylic acid", "C15 H22 O3", "Full match", " Full match", " No results", " Partial match", " Partial match", "-1.07", "250.15663", "249.14935", "5.664", "8542377.98487605", "23", "7", "0", "96.8", "9.8", "", "No matches found", " No matches found", " No matches found", " No matches found", " No matches found", "", "Multiple matches found", "PreferredDDA", "CO2", "[M-H]-1", "4420046.66030888", " 5436576.26119876", " 2991100.47668798", " 5421135.30401283", " 3901098.74510998", "52.1323518237254", " 38.3454889798951", " 22.4828825854375", " 25.7232429347613", " 34.6360778974565", "1.478", " 1.812", " 1.304", " 1.003", " 0.720", "0.56", " 0.86", " 0.38", " 0.00", " -0.47", "0.36538093675382", " 0.0617556203275533", " 0.643645499701783", " 0.999718829294931", " 0.681685996686531", "0.999999999876955", " 0.216380379620969", " 0.999999999961495", " 0.999999999989872", " 1", "7.4", "4.0", " 4.2", " 6.0", " 5.2", " 2.3", " 5.4", " 5.2", " 4.2", " 4.7", " 5.7", " 6.5", " 6.5", " 4.6", " 5.7", " 6.5", " 6.3", " 5.9", " 4.9", " ", " ", " 3.0", " 5.6", " 5.4", " 4.1", " 3.1", " 7.0", " 5.9", " 5.9", " 7.4", " 6.0", " 6.2", " 7.0", " 6.8", " 4.4", " 6.3", " 5.5", " ", " 6.6", " 6.3", " 6.5"
"630", "", "False", "", "", "No results", " No results", " No results", " No results", " No results", "", "202.80863", "201.80136", "0.924", "8506567.19859901", "0", "0", "0", "", "", "", "No matches found", " No matches found", " No matches found", " No matches found", " No matches found", "", "No matches found", "PreferredDDA", "", "[M-H]-1", "2086286.92814927", " 1063350.23653793", " 1664726.82426727", " 502726.372766426", " 951093.567676775", "111.361144515251", " 18.9849734477956", " 35.3193044121064", " 104.99752182542", " 56.4639135522213", "1.253", " 0.302", " 0.571", " 2.115", " 1.892", "0.33", " -1.73", " -0.81", " 1.08", " 0.92", "0.950029595182054", " 0.924782961538302", " 0.961731302661925", " 0.998562193436447", " 0.999996228241062", "0.999999999876955", " 0.999999999849258", " 0.999999999961495", " 0.999999999989872", " 1", "6.4", "4.2", " ", " ", " ", " ", " ", " 5.2", " 1.8", " ", " ", " ", " 5.9", " ", " ", " 6.4", " ", " 6.4", " 5.7", " ", " ", " ", " 5.8", " 5.7", " ", " ", " 4.2", " 5.4", " 2.3", " ", " ", " ", " ", " ", " 2.7", " ", " ", " ", " 3.6", " ", " "
"546", "", "False", "5alpha-androst-16-en-3-one", "C19 H28 O", "Not the top hit", " No results", " No results", " Full match", " Full match", "0.04", "272.21403", "271.20658", "2.109", "8443406.79081554", "2", "0", "0", "", "", "", "No matches found", " No matches found", " No matches found", " No matches found", " No matches found", "", "Multiple matches found", "PreferredDDA", "", "[M-H]-1", "3519124.77739434", " 5919161.44104106", " 3964758.38143117", " 5183462.27705965", " 4985586.80214528", "52.4092124293406", " 47.4904465246193", " 37.957595343344", " 28.8082268463548", " 38.9166073135406", "0.888", " 1.307", " 1.257", " 1.142", " 0.962", "-0.17", " 0.39", " 0.33", " 0.19", " -0.06", "0.99482997837562", " 0.248759052051957", " 0.784823195062167", " 0.963085647281672", " 0.890681801825553", "0.999999999876955", " 0.591608315501805", " 0.999999999961495", " 0.999999999989872", " 1", "4.6", "2.0", " 4.2", " 2.7", " 1.7", " 3.7", " 2.0", " 2.3", " 3.9", " 1.0", " 0.7", " 3.7", " 3.0", " 1.6", " 2.6", " 1.4", " 2.0", " 2.0", " 3.6", " 4.0", " 2.5", " 4.6", " 1.5", " ", " 3.6", " 2.1", " 2.2", " 1.8", " 3.2", " 4.3", " 3.2", " 3.2", " 3.4", " 3.6", " 2.7", " 2.5", " 3.1", " 1.1", " 3.1", " 2.3", " 2.5"
"319", "", "False", "5-({[(2R,4S,5R)-5-(6-Cyclopentyl-2-methyl-4-pyrimidinyl)-1-azabicyclo[2.2.2]oct-2-yl]methyl}amino)-5-oxopentanoic acid", "C23 H34 N4 O3", "No match", " Invalid mass", " No results", " No match", " No match", "-43479.47", "396.25115", "395.24375", "2.430", "8347680.38324441", "2", "1", "0", "74.8", "66.7", "", "No matches found", " No matches found", " No matches found", " No matches found", " No matches found", "", "Multiple matches found", "PreferredDDA", "", "[M-H]-1", "2893260.21866056", " 2639066.85298793", " ", " 2917725.93353535", " 5722378.97003932", "", " 10.8282136196094", " ", " ", " 64.8810028715447", "Infinity", " Infinity", " Infinity", " 0.904", " 1.961", "Infinity", " Infinity", " Infinity", " -0.14", " 0.97", "", " ", " ", " ", " ", "", " ", " ", " ", " ", "7.0", "", " ", " ", " ", " ", " ", " ", " 3.5", " ", " ", " 7.0", " ", " 4.7", " ", " ", " ", " ", " ", " ", " ", " ", " ", " ", " ", " ", " ", " ", " ", " ", " 3.9", " ", " ", " ", " ", " ", " 4.8", " ", " ", " ", " 0.8"
"493", "", "False", "Prostaglandin A1 ethyl ester", "C22 H36 O4", "No match", " Invalid mass", " No results", " No match", " No match", "-49444.21", "346.25074", "345.24347", "5.541", "8341383.48811866", "8", "2", "0", "86.3", "9.3", "", "No matches found", " No matches found", " No matches found", " No matches found", " No matches found", "", "Multiple matches found", "PreferredDDA", "CO2", "[M-H]-1", "3069804.95169547", " 4695552.84344812", " 2041388.32158054", " 4474710.74629919", " 3594077.94539542", "47.6991838087315", " 30.1534608152999", " 34.3203118575412", " 22.0874679154994", " 45.8568631337907", "1.504", " 2.192", " 1.761", " 1.049", " 0.803", "0.59", " 1.13", " 0.82", " 0.07", " -0.32", "0.31537206435396", " 0.00354613184077179", " 0.169290199476589", " 0.948717571683787", " 0.586418923582204", "0.999999999876955", " 0.0266831887690861", " 0.72522691239939", " 0.999999999989872", " 1", "6.8", "4.0", " 4.8", " 4.6", " 4.0", " 2.3", " 4.6", " 2.5", " 4.1", " 4.4", " 5.7", " 5.9", " 5.9", " 5.5", " 5.0", " 5.7", " 5.7", " 4.0", " 4.7", " 3.0", " 0.9", " 3.6", " 3.8", " 4.5", " 2.2", " 2.5", " 4.5", " 3.7", " 5.5", " 6.4", " 3.2", " 6.2", " 3.7", " 6.8", " 2.7", " 5.0", " 3.5", " 1.5", " 3.3", " 3.5", " 5.0"
"131", "", "False", "FAHFA 16:0/18:0", "C34 H66 O4", "Not the top hit", " No results", " Full match", " Partial match", " Partial match", "-0.48", "538.49585", "537.48857", "7.032", "8339351.98579584", "20", "0", "1", "", "", "35.6", "No matches found", " No matches found", " No matches found", " Single match found", " No matches found", "", "Multiple matches found", "PreferredDDA", "Fatty_Acid_16:0;Fatty_Acid_18:1", "[M-H]-1", "2523342.10725898", " 1701950.27129359", " 1802715.02112816", " 4062473.41762802", " 1576737.3149554", "73.8686403334824", " 67.1755046934423", " 81.4926526001093", " 55.6566530947788", " 74.9842818604268", "1.400", " 2.254", " 0.875", " 0.419", " 0.388", "0.49", " 1.17", " -0.19", " -1.26", " -1.37", "0.999865410308188", " 0.990128563481398", " 0.867748249329194", " 0.57891221730918", " 0.652862217511504", "0.999999999876955", " 0.999999999849258", " 0.999999999961495", " 0.999999999989872", " 1", "6.4", "", " ", " 3.9", " 1.4", " 3.7", " 2.9", " ", " ", " 5.9", " 5.8", " 5.6", " 3.3", " 5.3", " 5.9", " 2.9", " 2.1", " ", " ", " 4.8", " ", " 4.0", " 2.1", " ", " 6.4", " 5.6", " ", " 5.2", " ", " 6.4", " 3.6", " ", " 2.5", " ", " 5.5", " ", " 2.1", " ", " 5.9", " 5.2", " 6.0"
"351", "", "False", "Erucic acid", "C22 H42 O2", "Full match", " Full match", " No results", " Full match", " Not the top hit", "0.29", "338.31858", "337.31130", "8.354", "8275928.12332668", "18", "1", "0", "95.0", "9.7", "", "No matches found", " No matches found", " No matches found", " No matches found", " No matches found", "", "Multiple matches found", "PreferredDDA", "", "[M-H]-1", "2397189.91636038", " 4446282.72312215", " 1768142.0270979", " 4497357.15644778", " 2876283.80647315", "58.0811360632985", " 37.9866341658752", " 63.5839679198843", " 21.6519005622904", " 54.361441325316", "1.356", " 2.544", " 1.627", " 0.989", " 0.640", "0.44", " 1.35", " 0.70", " -0.02", " -0.64", "0.942097084791234", " 0.00351880761067269", " 0.739716689927397", " 0.997428938436174", " 0.101643079331117", "0.999999999876955", " 0.0266831887690861", " 0.999999999961495", " 0.999999999989872", " 0.899729480005072", "7.4", "5.5", " 4.4", " 5.0", " 3.6", " 3.7", " 5.4", " 5.0", " 6.1", " 5.1", " 6.5", " 5.9", " 5.9", " 5.9", " 5.7", " 6.1", " 5.5", " 6.0", " 4.4", " 4.8", " 5.2", " 5.5", " 5.5", " 5.3", " 6.4", " 6.1", " 7.1", " 7.0", " 7.1", " 7.4", " 7.1", " 7.1", " 6.0", " 7.0", " 5.8", " 4.6", " 5.8", " 4.9", " 6.5", " 6.1", " 6.0"
"558", "", "False", "", "C H Cl3 N O2 P3", "Full match", " No results", " No results", " No results", " No results", "2.93", "256.82932", "255.82205", "0.981", "8221861.00801744", "0", "0", "0", "", "", "", "No matches found", " No matches found", " No matches found", " No matches found", " No matches found", "", "No matches found", "PreferredDDA", "", "[M-H]-1", "3525518.00992779", " 3465006.29138312", " 908611.938810676", " 8221861.00801744", " 4881040.78299677", "78.4691228117042", " 71.9581972208865", " 81.4520852620154", " ", " ", "3.880", " 9.049", " 5.372", " 0.421", " 0.594", "1.96", " 3.18", " 2.43", " -1.25", " -0.75", "0.988088228486053", " ", " ", " ", " ", "0.999999999876955", " ", " ", " ", " ", "5.0", "", " 1.5", " ", " ", " ", " ", " 5.0", " 4.6", " ", " ", " ", " 3.7", " ", " ", " 1.0", " ", " ", " ", " 3.0", " ", " 1.5", " ", " 4.2", " 1.5", " 4.0", " ", " 2.6", " ", " ", " ", " ", " ", " ", " 3.3", " ", " ", " ", " ", " ", " "
"263", "", "False", "", "C4 H11 N7 O4 P2", "Full match", " No results", " No results", " No results", " No results", "0.87", "283.03502", "282.02774", "0.561", "8125390.61873909", "0", "0", "0", "", "", "", "No matches found", " No matches found", " No matches found", " No matches found", " No matches found", "", "No matches found", "PreferredDDA", "", "[M-H]-1", "4182320.36236687", " 3173952.00669114", " 894582.610313594", " ", " ", "133.331331672445", " ", " 106.882448352218", " ", " ", "4.675", " 0.000", " 0.000", " Infinity", " ", "2.23", " -Infinity", " -Infinity", " Infinity", " ", "0.970153571593023", " ", " ", " ", " ", "0.999999999876955", " ", " ", " ", " ", "6.4", "", " ", " ", " 4.2", " ", " ", " 6.4", " ", " ", " ", " ", " 6.1", " ", " ", " ", " ", " ", " 0.0", " ", " ", " ", " ", " 4.9", " ", " 5.8", " ", " ", " ", " ", " ", " ", " ", " ", " ", " ", " ", " ", " ", " ", " "
"355", "", "False", "alpha-hydroxy lauric acid", "C12 H24 O3", "Full match", " No results", " No results", " Not the top hit", " Full match", "-2.76", "216.17195", "215.16467", "3.528", "8091700.51744127", "15", "0", "0", "", "", "", "No matches found", " No matches found", " No matches found", " No matches found", " No matches found", "", "Multiple matches found", "PreferredDDA", "", "[M-H]-1", "1900076.73342992", " 4048528.61211785", " 1542070.27526097", " 4630283.01297531", " 2892006.0056674", "30.3139901092262", " 33.8623520473395", " 38.4494240255868", " 40.0174464969796", " 49.7964423094922", "1.232", " 3.003", " 1.875", " 0.874", " 0.625", "0.30", " 1.59", " 0.91", " -0.19", " -0.68", "0.988580681619488", " 4.58153425212382E-05", " 0.0274509806645323", " 0.571359813367789", " 0.249450487341727", "0.999999999876955", " 0.000751044364901726", " 0.248705884820663", " 0.999999999989872", " 1", "6.4", "4.5", " 3.0", " 3.0", " 3.9", " 3.6", " 3.8", " 3.8", " 3.8", " 5.1", " 5.7", " 4.7", " 4.7", " 3.6", " 6.3", " 5.5", " 6.3", " 3.0", " 3.4", " 3.6", " 4.9", " 4.5", " 2.6", " 2.0", " 4.5", " 3.0", " 6.4", " 4.8", " 6.4", " 5.2", " 6.1", " 5.0", " 5.0", " 4.6", " 5.6", " 5.5", " 5.2", " 2.1", " 5.0", " 5.0", " 3.3"
"314", "", "False", "", "C21 H32", "Full match", " No results", " No results", " No results", " No results", "-1.71", "284.24991", "283.24264", "6.281", "8032220.67832765", "0", "0", "0", "", "", "", "No matches found", " No matches found", " No matches found", " No matches found", " No matches found", "", "No matches found", "PreferredDDA", "", "[M-H]-1", "1334071.95697557", " 4906042.90281495", " 1363713.77180879", " 6439499.56847022", " 4557025.54362183", "13.6668336824372", " 20.0406033093757", " 52.747727864976", " 20.7413878966732", " 13.0816203591972", "0.978", " 4.722", " 3.342", " 0.762", " 0.708", "-0.03", " 2.24", " 1.74", " -0.39", " -0.50", "0.99999734304444", " 1.05450224774373E-07", " 5.59344143991058E-06", " 0.641255636133239", " 0.420847455778074", "0.999999999876955", " 1.21004132928593E-05", " 0.000316728621534937", " 0.999999999989872", " 1", "6.9", "4.1", " 3.0", " ", " ", " ", " ", " ", " ", " 4.5", " ", " ", " 4.0", " 3.4", " 6.2", " 4.0", " 4.7", " 5.3", " ", " 3.1", " ", " 5.5", " 1.4", " 1.5", " ", " 0.6", " 3.4", " 4.0", " 2.1", " 3.6", " 5.5", " ", " 4.0", " 4.7", " 5.0", " 5.9", " 6.9", " ", " 2.5", " 5.1", " 5.4"
"687", "", "False", "", "C20 H30 N6 O4", "Full match", " No results", " No results", " No results", " No results", "1.20", "418.23335", "417.22608", "3.420", "7960335.28216192", "0", "0", "0", "", "", "", "No matches found", " No matches found", " No matches found", " No matches found", " No matches found", "", "No matches found", "PreferredDDA", "", "[M-H]-1", "3444650.01044116", " 4946898.23707421", " 1973574.85313184", " 3988405.18930553", " 2473374.76368693", "49.0104833040972", " 45.1319157556374", " 46.1401544266765", " 41.8297808017876", " 62.152699123693", "1.745", " 2.021", " 1.253", " 1.240", " 0.620", "0.80", " 1.02", " 0.33", " 0.31", " -0.69", "0.766457132401227", " 0.0756107351837261", " 0.998757561168311", " 0.99788746025399", " 0.136692143420615", "0.999999999876955", " 0.247985170462366", " 0.999999999961495", " 0.999999999989872", " 0.985418290556098", "4.1", "", " 1.7", " 1.2", " 1.1", " 3.3", " 2.0", " 2.0", " 2.0", " ", " 2.6", " 3.3", " 3.7", " 0.6", " 3.0", " 0.8", " 0.6", " 0.8", " ", " ", " 1.7", " 3.5", " 0.6", " 1.1", " 0.2", " 1.6", " 0.5", " 0.8", " 3.3", " 4.1", " 0.8", " 3.3", " 2.3", " 0.8", " ", " 2.7", " 0.8", " 0.4", " 0.2", " 2.2", " 1.2"
"531", "", "False", "NP-011548", "C18 H34 O3", "Full match", " Full match", " No results", " Partial match", " Partial match", "-0.69", "298.25059", "297.24331", "5.493", "7927967.96020723", "73", "1", "0", "92.9", "9.6", "", "No matches found", " No matches found", " No matches found", " No matches found", " No matches found", "", "Multiple matches found", "PreferredDDA", "CO2", "[M-H]-1", "3563717.70179947", " 6190006.80020751", " 7380006.84081045", " ", " 7409868.95383423", "", " 39.7067131374862", " 7.96143784870181", " ", " 8.57727182729467", "0.483", " 0.000", " 1.004", " Infinity", " Infinity", "-1.05", " -Infinity", " 0.01", " Infinity", " Infinity", "", " ", " 0.999998378233025", " ", " ", "", " ", " 0.999999999961495", " ", " ", "5.5", "", " ", " 0.8", " ", " ", " ", " ", " ", " ", " ", " ", " 1.6", " ", " ", " ", " 2.5", " ", " ", " ", " 4.7", " ", " ", " ", " 5.5", " ", " ", " ", " ", " ", " ", " ", " ", " ", " 4.0", " ", " ", " ", " ", " ", " 4.0"
"840", "", "False", "2,3-dinor Prostaglandin E1", "C18 H30 O5", "No match", " Invalid mass", " No results", " No results", " No results", "-55201.54", "308.20207", "307.19481", "7.828", "7925778.97365814", "0", "2", "0", "63.9", "8.2", "", "No matches found", " No matches found", " No matches found", " No matches found", " No matches found", "", "No matches found", "PreferredDDA", "", "[M-H]-1", "3584586.30524858", " 2893584.28253626", " 5250565.727115", " ", " 2573061.46342868", "", " 32.6539286843929", " 72.0555279588942", " ", " 26.2059094208406", "0.683", " 0.000", " 0.490", " Infinity", " Infinity", "-0.55", " -Infinity", " -1.03", " Infinity", " Infinity", "", " ", " 0.323558264362844", " ", " ", "", " ", " 0.954767444898745", " ", " ", "5.4", "", " ", " ", " ", " ", " ", " 0.5", " ", " ", " 2.5", " 2.5", " 2.9", " 3.8", " 2.9", " 2.9", " 2.9", " 5.1", " ", " 2.6", " ", " 2.3", " ", " ", " ", " ", " ", " ", " ", " ", " ", " ", " ", " ", " 5.4", " 4.9", " 4.1", " 4.1", " ", " 4.1", " 3.7"
"211", "", "False", "Eicosapentaenoic acid", "C20 H30 O2", "Full match", " Full match", " No results", " Full match", " Not the top hit", "-0.24", "302.22451", "301.21726", "4.647", "7885755.32103711", "59", "2", "0", "86.1", "71.7", "", "No matches found", " No matches found", " No matches found", " No matches found", " No matches found", "", "Multiple matches found", "PreferredDDA", "CO2", "[M-H]-1", "1367661.62998334", " 2952620.77500723", " 4394905.93343787", " 3693403.48598334", " 3034126.58647866", "41.9119699290286", " 11.3810975694085", " 112.330198254844", " 56.7004285940237", " ", "0.311", " 0.840", " 0.690", " 0.799", " 0.821", "-1.68", " -0.25", " -0.53", " -0.32", " -0.28", "0.755868380695084", " 0.999983659762289", " ", " 0.999997679723553", " ", "0.999999999876955", " 0.999999999849258", " ", " 0.999999999989872", " ", "7.0", "", " 1.9", " 4.0", " ", " 4.8", " ", " ", " 2.3", " ", " ", " ", " ", " ", " 4.7", " 7.0", " ", " ", " 1.5", " ", " ", " ", " 5.6", " ", " ", " ", " 1.8", " ", " ", " ", " ", " 2.1", " ", " 5.0", " ", " ", " 3.5", " ", " ", " ", " "
"296", "", "False", "", "C5 H3 Br N2 O3", "Full match", " No results", " No results", " No results", " No results", "-3.79", "217.93188", "216.92460", "8.899", "7865922.21475298", "0", "0", "0", "", "", "", "No matches found", " No matches found", " No matches found", " No matches found", " No matches found", "", "No matches found", "PreferredDDA", "CO2", "[M-H]-1", "6974874.73601083", " 6936094.80910444", " 5779131.91262333", " 6587832.88368883", " 7174513.10904676", "6.21552782110407", " 10.7489538022614", " 16.3243043210689", " 10.8223002412668", " 6.71342284699728", "1.207", " 1.140", " 1.241", " 1.053", " 1.089", "0.27", " 0.19", " 0.31", " 0.07", " 0.12", "0.0177906652057934", " 0.254697540573672", " 0.021912672859249", " 0.99614917931395", " 0.74275902882696", "0.764998603849117", " 0.599518826273412", " 0.220587573449774", " 0.999999999989872", " 1", "7.8", "5.1", " 5.9", " 7.4", " 5.1", " 5.5", " 4.0", " 4.3", " 5.9", " 4.6", " 5.4", " 4.2", " 6.5", " 6.9", " 3.5", " 6.5", " 3.1", " 7.2", " 3.9", " 7.1", " 4.8", " 6.4", " 6.7", " 6.7", " 5.2", " 4.1", " 4.2", " 2.7", " 3.8", " 4.6", " 3.8", " 4.6", " 7.2", " 5.0", " 7.4", " 7.4", " 5.5", " 7.4", " 5.1", " 4.3", " 7.8"
"374", "", "False", "", "C20 H39 N4 O4 P", "Full match", " No results", " No results", " No results", " No results", "-3.74", "430.26928", "429.26201", "5.394", "7850899.28337104", "0", "0", "0", "", "", "", "No matches found", " No matches found", " No matches found", " No matches found", " No matches found", "", "No matches found", "PreferredDDA", "", "[M-H]-1", "4913355.21789747", " 4081385.60372956", " 2242240.76206641", " 3541132.91891162", " 2342920.32706003", "46.0450856298407", " 45.0157371359927", " 43.6774199557676", " 51.2143252646874", " 59.9385477029752", "2.191", " 1.579", " 1.045", " 1.153", " 0.662", "1.13", " 0.66", " 0.06", " 0.20", " -0.60", "0.24782116755559", " 0.72909888735862", " 0.999998810027128", " 0.946927152201388", " 0.779195129483039", "0.999999999876955", " 0.999999999849258", " 0.999999999961495", " 0.999999999989872", " 1", "6.4", "4.0", " 3.9", " 4.1", " 5.2", " 4.1", " 6.4", " 5.0", " 4.8", " 2.5", " 4.8", " 2.3", " 3.3", " 3.9", " 4.8", " 3.7", " 4.6", " 5.8", " 4.6", " 2.1", " 4.4", " 6.1", " 5.0", " 4.4", " 2.9", " 4.6", " 4.6", " 1.0", " 4.5", " 1.7", " 2.3", " 4.8", " 4.2", " 2.7", " 1.4", " 5.2", " 3.5", " 3.3", " 4.2", " 4.6", " 3.1"
"402", "", "False", "", "C21 H33 N3 O3", "Full match", " No results", " No results", " No results", " No results", "-0.41", "375.25204", "374.24478", "3.213", "7850251.22284708", "0", "0", "0", "", "", "", "No matches found", " No matches found", " No matches found", " No matches found", " No matches found", "", "No matches found", "PreferredDDA", "", "[M-H]-1", "804464.612082451", " 1196012.62445618", " 601765.058438247", " 754582.776930541", " 1718230.63688565", "28.2428570059244", " 48.4110410548369", " 27.9457525077197", " 34.8668996374155", " 91.6728752461413", "1.337", " 1.254", " 2.855", " 1.585", " 2.277", "0.42", " 0.33", " 1.51", " 0.66", " 1.19", "0.937626322480169", " 0.986049117358436", " 0.0178550993919364", " 0.797367723678221", " 0.218674644712225", "0.999999999876955", " 0.999999999849258", " 0.183826364194254", " 0.999999999989872", " 1", "6.0", "", " 5.9", " ", " 4.4", " 5.6", " ", " 5.9", " 3.7", " 2.7", " ", " ", " ", " 5.4", " ", " 4.5", " 5.2", " 4.0", " 4.0", " 3.7", " 4.0", " ", " 2.9", " ", " ", " ", " 0.9", " ", " ", " ", " ", " 3.9", " ", " ", " 5.4", " 3.0", " 5.4", " 5.2", " 6.0", " 3.6", " 3.8"
"250", "", "False", "13,14-dihydro-15-keto-tetranor Prostaglandin D2", "C16 H26 O5", "No match", " Invalid mass", " No results", " No results", " No results", "-60390.91", "280.17078", "279.16351", "8.819", "7837593.71733504", "0", "1", "0", "77.6", "47.9", "", "No matches found", " No matches found", " No matches found", " No matches found", " No matches found", "", "No matches found", "PreferredDDA", "", "[M-H]-1", "845019.203432292", " 1200573.23754571", " 3005538.84226748", " 580149.410634945", " 1955137.86477276", "", " 20.5402239877034", " 90.453927756034", " 32.6733998909961", " 63.8775893924675", "0.281", " 0.193", " 0.651", " 2.069", " 3.370", "-1.83", " -2.37", " -0.62", " 1.05", " 1.75", "", " 0.0962837217282125", " 0.999979467083683", " 0.467789432363797", " 0.0657899516975283", "", " 0.29462818848833", " 0.999999999961495", " 0.999999999989872", " 0.720190678784478", "7.3", "", " ", " ", " ", " 3.8", " ", " ", " ", " ", " 5.4", " 7.3", " 5.8", " 5.2", " 6.3", " 6.5", " 4.6", " 6.5", " 1.7", " 6.1", " 1.4", " 5.3", " ", " ", " ", " ", " ", " ", " ", " ", " 3.5", " 2.8", " ", " 3.2", " 5.0", " 4.8", " 6.3", " 3.6", " 4.4", " 6.4", " 4.4"
"150", "", "False", "", "C14 H32 O P2", "Full match", " No results", " No results", " No results", " No results", "-4.97", "278.19146", "277.18418", "8.868", "7762391.04493365", "0", "0", "0", "", "", "", "No matches found", " No matches found", " No matches found", " No matches found", " No matches found", "", "No matches found", "PreferredDDA", "", "[M-H]-1", "3461126.80494632", " 1409901.59980505", " 1749915.32388732", " 1650332.36223147", " 646715.634006906", "49.8226886791885", " 9.88923010285558", " 61.7012242213313", " 19.9352573739501", " 20.5178643835373", "1.978", " 0.943", " 0.370", " 0.854", " 0.392", "0.98", " -0.08", " -1.44", " -0.23", " -1.35", "0.309392814027794", " 0.378256016181836", " 0.00179676856373667", " 0.998598216708053", " 0.054798556730416", "0.999999999876955", " 0.793662350387716", " 0.0339140066405297", " 0.999999999989872", " 0.714078399527857", "8.8", "6.1", " 4.4", " 5.8", " 4.2", " 5.2", " 6.7", " 6.1", " 5.4", " 8.8", " 5.4", " 8.4", " ", " ", " ", " ", " ", " ", " 5.9", " 5.4", " 6.0", " 5.2", " 5.9", " 5.9", " 2.1", " 4.0", " 6.3", " 4.4", " 7.4", " 6.3", " 6.4", " 7.4", " 5.9", " ", " 6.7", " ", " 5.2", " 4.8", " ", " ", " "
"229", "", "False", "", "C6 H10 N6 O S2", "Full match", " No results", " No results", " No results", " No results", "1.92", "246.03622", "245.02895", "0.542", "7706667.09473374", "0", "0", "0", "", "", "", "No matches found", " No matches found", " No matches found", " No matches found", " No matches found", "", "No matches found", "PreferredDDA", "", "[M-H]-1", "1457353.57921063", " 4810177.67644638", " 765439.641209129", " 5626517.01203038", " 3510860.61318352", "", " 47.4602932590948", " 30.9841486057117", " 18.4411941629802", " 19.5355339897031", "1.904", " 7.351", " 4.587", " 0.855", " 0.624", "0.93", " 2.88", " 2.20", " -0.23", " -0.68", "", " 1.3289573678299E-05", " 0.00083692737334462", " 0.572444501439227", " 0.139532260623998", "", " 0.000265213666014749", " 0.0189564050062556", " 0.999999999989872", " 0.985418290556098", "8.3", "", " ", " ", " ", " ", " ", " ", " 2.9", " 5.8", " 3.1", " 5.6", " 6.7", " 6.1", " 5.6", " 5.4", " 6.0", " 5.5", " ", " 5.1", " ", " ", " 5.1", " ", " ", " ", " 6.9", " 7.5", " 7.9", " 5.4", " 7.1", " 7.1", " 8.3", " 7.9", " 6.9", " 7.3", " ", " 6.9", " 7.3", " 6.9", " 7.3"
"379", "", "False", "LPE 22:5", "C27 H46 N O7 P", "Not the top hit", " No results", " Full match", " Partial match", " Partial match", "-0.17", "527.30110", "526.29382", "4.083", "7677589.79307044", "4", "0", "1", "", "", "71.3", "No matches found", " No matches found", " No matches found", " Single match found", " No matches found", "", "Multiple matches found", "PreferredDDA", "Fatty_Acid_22:5", "[M-H]-1", "3113847.454339", " 1597266.46843976", " 2059057.95436845", " 1622981.15755319", " 1194094.19353804", "66.8818335282468", " 75.5587043799124", " 35.5195639766439", " 67.1881634319367", " 99.5073264398071", "1.512", " 0.788", " 0.580", " 0.984", " 0.736", "0.60", " -0.34", " -0.79", " -0.02", " -0.44", "0.928454756063247", " 0.999756923600291", " 0.990155312539024", " 0.997093442391825", " 0.998118255830752", "0.999999999876955", " 0.999999999849258", " 0.999999999961495", " 0.999999999989872", " 1", "5.9", "5.0", " 4.8", " 3.0", " 3.9", " ", " 5.2", " 4.2", " 5.2", " 1.7", " 4.1", " ", " 3.0", " 5.5", " ", " 1.0", " 2.7", " 1.0", " 3.8", " 1.3", " 4.5", " 5.9", " ", " ", " 5.9", " 3.4", " 5.0", " 3.3", " ", " 1.7", " 5.0", " 2.1", " 4.2", " 1.9", " 5.6", " ", " 1.5", " 2.3", " 2.2", " 2.7", " 1.4"
"317", "", "False", "", "C19 H40 Cl N4 O3 P", "Full match", " No results", " No results", " No results", " No results", "0.85", "438.25303", "437.24575", "5.718", "7612828.91585092", "0", "0", "0", "", "", "", "No matches found", " No matches found", " No matches found", " No matches found", " No matches found", "", "No matches found", "PreferredDDA", "", "[M-H]-1", "546329.008144699", " 2344330.33670875", " 1015047.10385722", " 3103899.2952417", " 1450905.05132113", "85.3798956642829", " 61.385237997547", " 69.613309917276", " 61.2451108967902", " 67.4610661370289", "0.538", " 3.058", " 1.429", " 0.755", " 0.467", "-0.89", " 1.61", " 0.52", " -0.40", " -1.10", "0.953663313045469", " 0.0633237518614503", " 0.865359025333854", " 0.928652087620425", " 0.283129834218127", "0.999999999876955", " 0.220193955336407", " 0.999999999961495", " 0.999999999989872", " 1", "6.0", "", " 3.0", " 4.9", " 1.9", " 3.6", " ", " 4.9", " 1.5", " 4.2", " 2.6", " 5.4", " 1.7", " 2.5", " 3.1", " 5.8", " 3.3", " 3.0", " ", " ", " 1.5", " ", " 4.9", " ", " 2.1", " 2.1", " 4.8", " 2.7", " 3.1", " 3.5", " 6.0", " 5.2", " 4.2", " 4.6", " 4.8", " 0.4", " 2.3", " ", " 2.1", " 3.3", " 3.1"
"384", "", "False", "(2E)-4-Hydroxy-3,7-dimethyl-2,6-octadien-1-yl beta-D-glucopyranoside", "C16 H28 O7", "No match", " Invalid mass", " No results", " No results", " No results", "138507.99", "378.19357", "377.18630", "4.823", "7596817.37616937", "0", "1", "0", "70.6", "64.9", "", "No matches found", " No matches found", " No matches found", " No matches found", " No matches found", "", "No matches found", "PreferredDDA", "", "[M-H]-1", "4980491.89179516", " 5225459.04053988", " 4138809.72887872", " 6352457.21736689", " 4610734.16937906", "20.5687460062243", " 64.1782299598167", " 27.3407161686519", " 8.84479910749535", " 21.6662966341341", "1.203", " 1.535", " 1.114", " 0.823", " 0.726", "0.27", " 0.62", " 0.16", " -0.28", " -0.46", "0.882108696277721", " 0.446326118603505", " 0.983741754857005", " 0.848389799539705", " 0.815857556590481", "0.999999999876955", " 0.883033139823314", " 0.999999999961495", " 0.999999999989872", " 1", "5.6", "4.0", " ", " 3.0", " 4.5", " ", " ", " 3.6", " 2.8", " 2.0", " ", " ", " 2.2", " ", " ", " ", " ", " ", " ", " ", " 5.1", " 3.4", " ", " 5.6", " 3.6", " ", " ", " 4.7", " ", " ", " ", " ", " ", " 4.0", " ", " ", " ", " 4.5", " ", " ", " 3.6"
"598", "", "False", "Oleic acid", "C18 H34 O2", "Full match", " Full match", " No results", " Full match", " Not the top hit", "-0.32", "282.25579", "281.24852", "3.401", "7555887.69322561", "60", "3", "0", "96.8", "9.8", "", "No matches found", " No matches found", " No matches found", " No matches found", " No matches found", "", "Multiple matches found", "PreferredDDA", "", "[M-H]-1", "", " 7122032.52683883", " 2502890.86251172", " 6636977.10280294", " ", "", " 8.61501064615527", " 51.8956249015213", " 3.32315279477221", " ", "0.000", " 2.652", " 0.000", " 1.073", " 0.000", "-Infinity", " 1.41", " -Infinity", " 0.10", " -Infinity", "", " 0.0646605695705217", " ", " 0.987991651151404", " ", "", " 0.221486577857235", " ", " 0.999999999989872", " ", "7.1", "", " ", " ", " ", " ", " ", " ", " ", " 6.2", " 4.7", " ", " ", " ", " ", " ", " ", " ", " 3.4", " 4.8", " 1.4", " ", " 1.6", " 2.0", " 2.0", " ", " 5.2", " 7.1", " ", " ", " ", " ", " ", " ", " ", " ", " ", " ", " ", " ", " "
"305", "", "False", "", "C12 H21 N4 O8 P", "Full match", " No results", " No results", " No results", " No results", "-4.65", "380.10793", "379.10073", "0.568", "7406481.63758775", "0", "0", "0", "", "", "", "No matches found", " No matches found", " No matches found", " No matches found", " No matches found", "", "No matches found", "PreferredDDA", "", "[M-H]-1", "1639539.78299719", " 929950.974907956", " 2258335.90569633", " 2007306.73392673", " 943028.317449351", "102.579448260831", " 74.1517510577013", " 46.5786358766772", " 86.9588755567617", " ", "0.726", " 0.889", " 0.418", " 0.463", " 0.470", "-0.46", " -0.17", " -1.26", " -1.11", " -1.09", "0.999756704696729", " 0.999364151755654", " ", " 0.870011040508309", " ", "0.999999999876955", " 0.999999999849258", " ", " 0.999999999989872", " ", "6.0", "", " 5.3", " 4.9", " 2.3", " 6.0", " 5.4", " 5.2", " ", " ", " 3.6", " ", " 2.7", " 4.5", " ", " 3.3", " ", " ", " ", " 5.4", " 5.3", " 5.5", " ", " ", " 5.2", " 5.2", " 5.8", " ", " ", " ", " ", " ", " ", " 4.9", " 2.7", " ", " ", " ", " ", " ", " "
"328", "", "False", "", "C10 H10 N2 O8", "Full match", " No results", " No results", " No results", " No results", "-3.96", "286.04258", "285.03531", "0.553", "7386955.98956649", "0", "0", "0", "", "", "", "No matches found", " No matches found", " No matches found", " No matches found", " No matches found", "", "No matches found", "PreferredDDA", "", "[M-H]-1", "1670666.86621619", " 4362008.249025", " 1550217.94789399", " 5553339.49061832", " 3339750.50122586", "32.2290330077819", " 42.7797860541415", " 34.3004476714139", " 25.3316494085742", " 39.2719945518782", "1.078", " 3.582", " 2.154", " 0.785", " 0.601", "0.11", " 1.84", " 1.11", " -0.35", " -0.73", "0.999999906078573", " 0.000116544282642628", " 0.0656260271335707", " 0.366127090693511", " 0.158402448033454", "0.999999999876955", " 0.0014859396036935", " 0.430849134659529", " 0.999999999989872", " 0.99837291934121", "7.0", "5.7", " 3.4", " ", " 3.2", " 4.4", " ", " ", " ", " 5.2", " 3.7", " 6.0", " 6.0", " 3.9", " 4.5", " 5.8", " 5.8", " 5.2", " 6.0", " 4.1", " 4.1", " 4.1", " ", " 5.4", " 5.9", " 4.5", " 6.6", " 6.4", " 7.0", " 7.0", " 6.4", " 5.9", " 6.8", " 6.6", " 6.3", " 5.9", " 6.3", " 5.4", " 6.3", " 5.9", " 6.3"
"510", "", "False", "", "C20 H30 N6 O4", "Full match", " No results", " No results", " No results", " No results", "1.13", "418.23332", "417.22605", "4.139", "7325837.51661579", "0", "0", "0", "", "", "", "No matches found", " No matches found", " No matches found", " No matches found", " No matches found", "", "No matches found", "PreferredDDA", "", "[M-H]-1", "2735836.29294373", " 4918446.45784637", " 1550014.14354588", " 5069621.67212053", " 3259601.67660801", "51.6992874706885", " 33.7615387057082", " 54.9272792891941", " 22.8435036086618", " 39.0206869746674", "1.765", " 3.271", " 2.103", " 0.970", " 0.643", "0.82", " 1.71", " 1.07", " -0.04", " -0.64", "0.415639534259887", " 0.000716184907415984", " 0.279276543312035", " 0.929927845495209", " 0.14407270506963", "0.999999999876955", " 0.006994231329871", " 0.878557459169109", " 0.999999999989872", " 0.986252815134008", "5.7", "1.4", " 1.4", " 3.1", " 0.2", " 1.8", " 1.2", " ", " 2.0", " 1.3", " 3.5", " 3.2", " 4.0", " 5.7", " 3.1", " 3.1", " 3.1", " ", " 0.2", " ", " 0.4", " 0.2", " 0.0", " ", " 1.6", " 0.5", " 1.7", " 3.0", " 3.6", " 3.7", " 3.6", " 4.1", " 2.6", " 2.8", " 1.0", " 1.7", " 2.1", " 0.9", " ", " 2.9", " 2.9"
"451", "", "False", "", "C H2 Cl N P2 S3", "Invalid mass", " No results", " No results", " No results", " No results", "5.07", "220.85243", "219.84480", "0.993", "7324875.13140648", "0", "0", "0", "", "", "", "No matches found", " No matches found", " No matches found", " No matches found", " No matches found", "", "No matches found", "PreferredDDA", "", "[M-H]-1", "1331144.41997079", " 1132782.64710188", " 1571270.68873777", " 1622584.12846449", " 1146758.63107206", "56.4495337297645", " 77.4059585624886", " 106.983015718188", " 41.1356531970235", " 51.8056234734429", "0.847", " 1.033", " 0.730", " 0.698", " 0.707", "-0.24", " 0.05", " -0.45", " -0.52", " -0.50", "0.997755916931764", " 0.999828119524336", " 0.83679318627205", " 0.99943096699709", " 0.754149976228175", "0.999999999876955", " 0.999999999849258", " 0.999999999961495", " 0.999999999989872", " 1", "6.4", "3.6", " 4.9", " 5.7", " 4.8", " 4.4", " 4.2", " 5.4", " 4.6", " 4.5", " 3.6", " 4.5", " 1.7", " 5.7", " 4.9", " 4.8", " 0.6", " 6.0", " 2.9", " 4.8", " 1.5", " 2.7", " 5.5", " 5.2", " 4.9", " 6.4", " 4.0", " 1.6", " 4.4", " 4.4", " 4.4", " 5.7", " 4.0", " 5.3", " 1.7", " 4.5", " 5.2", " 5.7", " 4.8", " 5.5", " 3.8"
"507", "", "False", "", "C18 H28 N6 O3", "Full match", " No results", " No results", " No results", " No results", "1.05", "376.22269", "375.21541", "4.064", "7320765.10273712", "0", "0", "0", "", "", "", "No matches found", " No matches found", " No matches found", " No matches found", " No matches found", "", "No matches found", "PreferredDDA", "", "[M-H]-1", "2960689.70132524", " 2194452.62274797", " 4520061.09275498", " 3149303.5236802", " 2416660.09019804", "60.727728041497", " 48.3169290872265", " 49.7147745616794", " 31.8615062823902", " 40.2540668152869", "0.655", " 0.697", " 0.535", " 0.697", " 0.767", "-0.61", " -0.52", " -0.90", " -0.52", " -0.38", "0.918511549864424", " 0.894922649147376", " 0.604236269913307", " 0.999593936937912", " 0.978688782446283", "0.999999999876955", " 0.999999999849258", " 0.999999999961495", " 0.999999999989872", " 1", "6.1", "", " 2.1", " 2.3", " 4.0", " 4.1", " 2.7", " 2.7", " 3.1", " ", " 2.7", " 4.6", " 1.4", " ", " 1.4", " ", " ", " 0.6", " 2.1", " 1.5", " 6.1", " 3.9", " 5.6", " 4.6", " 2.3", " 4.8", " ", " 2.5", " 1.0", " 4.0", " 0.7", " 1.7", " 3.0", " 1.9", " 1.4", " ", " 3.9", " 1.5", " 3.1", " 2.7", " 1.6"
"236", "", "False", "", "C9 H8 N8 O P2", "Full match", " No results", " No results", " No match", " No results", "2.29", "306.03033", "305.02304", "0.492", "7290748.28312577", "1", "0", "0", "", "", "", "No matches found", " No matches found", " No matches found", " No matches found", " No matches found", "", "No matches found", "PreferredDDA", "", "[M-H]-1", "1618239.16415738", " 2886605.32503052", " 1633647.29346938", " 3574633.1224158", " 2881128.78997659", "75.3563131094115", " 19.5902378023938", " 59.6645332502148", " 45.3123359596492", " 43.8953019115633", "0.991", " 2.188", " 1.764", " 0.808", " 0.806", "-0.01", " 1.13", " 0.82", " -0.31", " -0.31", "0.999988684629406", " 0.0403630360095787", " 0.169699895616634", " 0.695691218128055", " 0.978474532421778", "0.999999999876955", " 0.157005368884717", " 0.72522691239939", " 0.999999999989872", " 1", "7.7", "5.4", " 5.0", " 5.9", " 4.4", " 2.9", " 4.9", " 5.6", " ", " 6.5", " 6.3", " 6.1", " 7.7", " 5.8", " 6.5", " 6.3", " 6.1", " 6.9", " 5.0", " 3.6", " 4.4", " 4.9", " 4.4", " 5.4", " 5.5", " 4.4", " 4.8", " 6.0", " 5.4", " 6.1", " 5.0", " 5.8", " 6.0", " 4.6", " 6.1", " 6.1", " 5.4", " 5.0", " 5.2", " 5.8", " 5.4"
"320", "", "False", "", "C15 H25 N8 O P S", "Full match", " No results", " No results", " No match", " No results", "-2.89", "396.15982", "395.15254", "4.477", "7276708.08266398", "1", "0", "0", "", "", "", "No matches found", " No matches found", " No matches found", " No matches found", " No matches found", "", "No matches found", "PreferredDDA", "", "[M-H]-1", "1618776.06587705", " ", " 4104695.75548789", " ", " ", "80.401595617429", " ", " 38.2116229710987", " ", " ", "0.394", " 0.000", " 0.000", " ", " ", "-1.34", " -Infinity", " -Infinity", " ", " ", "0.14666923414479", " ", " ", " ", " ", "0.999999999876955", " ", " ", " ", " ", "5.7", "", " ", " 2.5", " ", " 3.0", " ", " ", " 3.3", " ", " ", " ", " ", " ", " ", " ", " ", " ", " 3.2", " ", " 3.6", " 1.9", " ", " 4.4", " 4.7", " 5.7", " ", " ", " ", " ", " ", " ", " ", " ", " ", " ", " ", " ", " ", " ", " "
"344", "", "False", "", "C25 H54 N2 O6", "Full match", " No results", " No results", " No results", " No results", "2.67", "478.39946", "477.39219", "6.144", "7273641.88319639", "0", "0", "0", "", "", "", "No matches found", " No matches found", " No matches found", " No matches found", " No matches found", "", "No matches found", "PreferredDDA", "", "[M-H]-1", "2416144.55210863", " 1625939.61700504", " 2676477.38523733", " 2651820.660067", " 1895606.1260723", "52.677774344355", " 73.809145590453", " 75.9383810273201", " 40.16283666351", " 72.3928810039121", "0.903", " 0.991", " 0.708", " 0.613", " 0.715", "-0.15", " -0.01", " -0.50", " -0.71", " -0.48", "0.99842949550015", " 0.999722594630793", " 0.966111543077734", " 0.984312268527393", " 0.926880753516439", "0.999999999876955", " 0.999999999849258", " 0.999999999961495", " 0.999999999989872", " 1", "5.9", "3.3", " 5.9", " 5.4", " 5.4", " 2.0", " 5.2", " 3.5", " 4.8", " 3.3", " 2.6", " 3.7", " 4.0", " 5.2", " 4.8", " 2.7", " 5.2", " 5.5", " 5.4", " 5.8", " 4.1", " 5.2", " 5.9", " 4.9", " ", " 5.6", " 5.0", " 3.5", " ", " ", " 4.8", " 2.1", " 5.4", " 5.0", " 2.9", " 5.3", " 3.1", " 2.9", " 3.3", " 2.5", " 3.3"
"224", "", "False", "", "C10 H17 N2 O10 P S", "Full match", " No results", " No results", " No results", " No results", "-1.78", "388.03346", "387.02618", "0.491", "7185346.7192759", "0", "0", "0", "", "", "", "No matches found", " No matches found", " No matches found", " No matches found", " No matches found", "", "No matches found", "PreferredDDA", "", "[M-H]-1", "1096137.11796502", " 2295940.85670081", " 1372965.15328025", " 3225983.23584249", " 2478466.17858196", "65.5841324411534", " 29.600356840175", " 70.3531968117986", " 53.8203437014197", " 54.1651665536635", "0.798", " 2.350", " 1.805", " 0.712", " 0.768", "-0.32", " 1.23", " 0.85", " -0.49", " -0.38", "0.999995203105864", " 0.0280336391421218", " 0.10338150334762", " 0.440112519124275", " 0.987433326801475", "0.999999999876955", " 0.119142966354017", " 0.578170629832984", " 0.999999999989872", " 1", "7.1", "4.8", " 5.9", " 2.3", " 3.0", " 4.2", " 5.7", " 5.4", " ", " 6.0", " 6.5", " 7.1", " 6.9", " 6.5", " 7.1", " 4.8", " 3.7", " 5.6", " 5.0", " 2.3", " 3.8", " ", " 4.4", " 5.0", " 5.5", " 0.4", " 5.5", " 5.2", " 5.2", " 6.1", " 6.1", " 5.4", " 5.2", " 5.9", " 5.5", " 5.0", " 5.0", " 5.4", " 5.2", " 4.8", " 6.1"
"352", "", "False", "", "C34 H66 Cl N O3", "Full match", " No results", " No results", " No results", " No results", "-0.14", "571.47304", "570.46577", "7.768", "7184004.99787736", "0", "0", "0", "", "", "", "No matches found", " No matches found", " No matches found", " No matches found", " No matches found", "", "No matches found", "PreferredDDA", "", "[M-H]-1", "2295093.1097519", " 3413180.04270082", " 2507025.77328633", " 4567854.78084499", " 3465734.04569146", "65.8982181012168", " 44.47407308142", " 59.1614706785392", " 24.2886209913949", " 43.7479540085243", "0.915", " 1.822", " 1.382", " 0.747", " 0.759", "-0.13", " 0.87", " 0.47", " -0.42", " -0.40", "0.99577402047452", " 0.410827471008374", " 0.997608834139343", " 0.889411774399464", " 0.246424588569446", "0.999999999876955", " 0.841829505325195", " 0.999999999961495", " 0.999999999989872", " 1", "6.2", "1.6", " 1.4", " 1.7", " ", " 4.8", " 2.6", " 2.7", " 2.0", " 1.4", " 1.4", " 2.2", " 2.5", " 2.0", " 1.2", " 2.3", " 3.7", " 5.0", " ", " 3.3", " 3.0", " 2.7", " 1.6", " 1.0", " 1.5", " 4.1", " 4.1", " 4.3", " 3.4", " 4.7", " 6.2", " 3.6", " 1.8", " 2.6", " 4.2", " 3.1", " 1.6", " 3.1", " 2.7", " 2.7", " 2.0"
"428", "", "False", "9-oxo-7E-hexadecenoic acid", "C16 H28 O3", "Full match", " No results", " No results", " Not the top hit", " Full match", "-0.33", "268.20375", "267.19648", "4.444", "7129699.00171622", "9", "0", "0", "", "", "", "No matches found", " No matches found", " No matches found", " No matches found", " No matches found", "", "Multiple matches found", "PreferredDDA", "", "[M-H]-1", "", " 2376682.92057577", " ", " 4794985.04551949", " 4092531.49960613", "", " 46.1402168168761", " ", " 32.6977843576966", " 48.9206500401819", "", " Infinity", " Infinity", " 0.496", " 0.854", "", " Infinity", " Infinity", " -1.01", " -0.23", "", " ", " ", " 0.256806052058254", " 0.778267795693317", "", " ", " ", " 0.999999999989872", " 1", "5.9", "", " ", " ", " ", " ", " ", " ", " ", " 2.7", " ", " 2.3", " ", " ", " ", " ", " 1.7", " ", " ", " ", " ", " ", " ", " ", " ", " ", " 4.6", " 3.8", " 2.1", " 5.9", " ", " ", " ", " ", " 4.1", " ", " ", " ", " 1.2", " ", " "
"307", "", "False", "", "C40 H62 N4 O2", "Full match", " No results", " No results", " No results", " No results", "-2.24", "630.48587", "629.47859", "5.829", "7047840.40033652", "0", "0", "0", "", "", "", "No matches found", " No matches found", " No matches found", " No matches found", " No matches found", "", "No matches found", "PreferredDDA", "", "[M-H]-1", "647035.03919024", " 1018318.88047138", " 586260.094880192", " 690468.051398142", " 844148.808235197", "154.417727939845", " 109.387985865477", " ", " 72.5425120194823", " ", "1.104", " 1.178", " 1.440", " 1.475", " 1.223", "0.14", " 0.24", " 0.53", " 0.56", " 0.29", "", " ", " ", " 0.926038402379721", " ", "", " ", " ", " 0.999999999989872", " ", "5.6", "", " 4.9", " 4.0", " 2.3", " 5.6", " 1.9", " 1.9", " ", " 0.4", " 3.0", " 3.3", " 1.5", " 2.3", " 5.5", " 1.7", " 4.9", " ", " ", " ", " ", " ", " ", " ", " ", " 2.7", " 1.5", " 2.1", " 3.4", " 1.5", " 4.8", " ", " 1.9", " 1.9", " ", " ", " ", " ", " ", " ", " 1.5"
"370", "", "False", "Retinoic acid", "C20 H28 O2", "Full match", " No results", " Full match", " Partial match", " Partial match", "-0.69", "300.20872", "299.20147", "5.393", "7036343.24030113", "31", "0", "1", "", "", "1.5", "No matches found", " Single match found", " No matches found", " No matches found", " No matches found", "", "Multiple matches found", "PreferredDDA", "", "[M-H]-1", "3277913.34410696", " 2923397.64359668", " 2122004.0910897", " 2531630.60035995", " 2144197.64044306", "26.0272478426533", " 57.9759074970958", " 53.2939662319567", " 24.3838316911709", " 41.3002917021548", "1.545", " 1.193", " 1.010", " 1.155", " 0.847", "0.63", " 0.25", " 0.02", " 0.21", " -0.24", "0.728564184830663", " 0.994151317607675", " 0.728595410254886", " 0.982767687704856", " 0.548561306768205", "0.999999999876955", " 0.999999999849258", " 0.999999999961495", " 0.999999999989872", " 1", "7.1", "6.0", " 5.8", " ", " 6.4", " 5.6", " 7.1", " 7.1", " 5.3", " ", " 4.2", " 4.2", " ", " 5.0", " ", " 5.6", " 5.5", " 4.4", " 4.4", " 6.0", " 4.4", " 5.9", " 5.8", " 4.2", " 4.6", " 4.0", " 6.4", " ", " 5.4", " ", " 5.0", " 6.9", " 6.0", " 6.4", " 6.1", " 5.9", " 5.2", " 1.5", " 4.4", " ", " 6.1"
"410", "", "False", "", "C17 H28 N6 O3", "Full match", " No results", " No results", " No results", " No results", "1.27", "364.22275", "363.21547", "4.054", "6991471.78884494", "0", "0", "0", "", "", "", "No matches found", " No matches found", " No matches found", " No matches found", " No matches found", "", "No matches found", "PreferredDDA", "", "[M-H]-1", "1916193.29502787", " 3711138.11196509", " 1592935.58372743", " 4711098.49701594", " 2692294.18210065", "46.8892532882228", " 38.6655751729876", " 21.2562421368708", " 26.0165627739305", " 34.0495953401381", "1.203", " 2.957", " 1.690", " 0.788", " 0.571", "0.27", " 1.56", " 0.76", " -0.34", " -0.81", "0.999791978031334", " 4.14516352222893E-05", " 0.125360339272134", " 0.664840857518364", " 0.0456564887107965", "0.999999999876955", " 0.000704677798778919", " 0.617263409676923", " 0.999999999989872", " 0.688473573146856", "7.0", "3.0", " 1.5", " 4.0", " 3.0", " 3.1", " 4.6", " 3.9", " 5.2", " 3.4", " 6.3", " 6.3", " 5.9", " 4.7", " 6.5", " 5.4", " 2.5", " 6.0", " 3.5", " 2.4", " 2.8", " 4.3", " 4.3", " ", " 4.3", " 2.0", " 5.6", " 5.6", " 5.9", " 6.4", " 6.4", " 5.9", " 6.8", " 7.0", " 2.2", " 6.6", " 3.6", " 2.6", " 3.6", " 6.3", " 2.5"
"408", "", "False", "", "C29 H58 N3 O6 P3", "Full match", " No results", " No results", " No results", " No results", "4.39", "637.35664", "636.34937", "4.356", "6983975.03929099", "0", "0", "0", "", "", "", "No matches found", " No matches found", " No matches found", " No matches found", " No matches found", "", "No matches found", "PreferredDDA", "", "[M-H]-1", "3475215.17225454", " 2478559.21714604", " 2725196.52508759", " 2931545.68730639", " 2540009.28941294", "36.7374005694064", " 25.018797051541", " 37.7272025348474", " 38.3017785999868", " 43.6579439994241", "1.275", " 1.076", " 0.932", " 0.845", " 0.866", "0.35", " 0.11", " -0.10", " -0.24", " -0.21", "0.506353551467184", " 0.997592318489048", " 0.981353244150061", " 0.999458657420143", " 0.999978745269757", "0.999999999876955", " 0.999999999849258", " 0.999999999961495", " 0.999999999989872", " 1", "6.4", "3.8", " 1.7", " 3.6", " 5.9", " 3.2", " 2.5", " 3.6", " 4.2", " 6.4", " 3.1", " ", " ", " 5.6", " ", " 4.5", " 5.4", " 6.0", " 1.7", " 3.6", " 5.3", " 3.6", " 2.6", " 1.9", " 3.6", " 4.0", " 1.3", " ", " ", " ", " 1.0", " ", " 4.9", " ", " 5.0", " 1.0", " 5.0", " 1.1", " 2.7", " 4.4", " 4.2"
"613", "", "False", "12-oxo-5E,8E,10Z-dodecatrienoic acid", "C12 H16 O3", "Full match", " No results", " No results", " Not the top hit", " Full match", "-3.31", "208.10926", "207.10198", "1.784", "6965234.96169293", "12", "0", "0", "", "", "", "No matches found", " No matches found", " No matches found", " No matches found", " No matches found", "", "Multiple matches found", "PreferredDDA", "CO2", "[M-H]-1", "3000618.28961569", " 4222994.31363776", " 2576465.35496659", " 4378099.16317483", " 3279886.37518248", "56.611125679127", " 21.4877220900556", " 55.4904483198899", " 15.8101129722759", " 20.7361307778512", "1.165", " 1.699", " 1.273", " 0.965", " 0.749", "0.22", " 0.76", " 0.35", " -0.05", " -0.42", "0.882292536886836", " 0.0526830276001926", " 0.779239167825655", " 0.999528305445955", " 0.521887596145129", "0.999999999876955", " 0.193452077347907", " 0.999999999961495", " 0.999999999989872", " 1", "5.8", "1.6", " 1.0", " 2.7", " 1.4", " 4.1", " 2.7", " 0.6", " 3.1", " ", " 4.3", " 4.9", " ", " ", " 4.1", " ", " 4.9", " 5.3", " 3.9", " ", " 2.1", " 2.3", " 2.1", " 1.9", " 4.1", " 2.7", " 3.9", " 5.8", " 4.5", " 3.5", " 3.9", " 3.9", " 4.6", " 3.3", " 3.4", " 3.7", " 3.7", " ", " 5.3", " 4.5", " 4.9"
"387", "", "False", "17alpha-hydroxypregnenolone", "C21 H32 O3", "Full match", " No results", " No results", " Not the top hit", " Full match", "-0.33", "332.23503", "331.22776", "4.607", "6946358.28383119", "23", "0", "0", "", "", "", "No matches found", " No matches found", " No matches found", " No matches found", " No matches found", "", "Multiple matches found", "PreferredDDA", "", "[M-H]-1", "", " 1212355.78776155", " 865332.410092142", " 3435818.82144192", " 1596468.64055516", "", " 18.4913934895204", " 34.7709981626294", " 49.3160886875312", " 43.1511274282332", "0.000", " 3.971", " 1.845", " 0.353", " 0.465", "-Infinity", " 1.99", " 0.88", " -1.50", " -1.11", "", " 0.00656528830415004", " 0.634730198268855", " 0.0244489861108897", " 0.0292998317772105", "", " 0.0401795644213983", " 0.999999999961495", " 0.999999999989872", " 0.544680421620841", "6.7", "", " ", " ", " ", " ", " ", " ", " ", " ", " ", " 5.7", " 3.3", " ", " ", " ", " ", " 6.7", " 2.4", " ", " ", " 3.2", " ", " ", " ", " 4.5", " 3.5", " 3.9", " 4.1", " 5.4", " 1.4", " 5.6", " ", " 5.4", " ", " 5.2", " ", " 2.7", " 4.4", " 1.4", " 2.1"
"783", "", "False", "", "", "No results", " No results", " No results", " No results", " No results", "", "224.85615", "223.84888", "0.964", "6884548.77751328", "0", "0", "0", "", "", "", "No matches found", " No matches found", " No matches found", " No matches found", " No matches found", "", "No matches found", "PreferredDDA", "", "[M-H]-1", "3287011.30595483", " 1943046.88379841", " 1585195.64670759", " 2364890.17698044", " 842541.006168736", "92.138734014816", " 14.8509081681393", " 27.3282296704979", " 106.301918473661", " 34.4377490101288", "2.074", " 1.492", " 0.532", " 0.822", " 0.356", "1.05", " 0.58", " -0.91", " -0.28", " -1.49", "0.999274566488092", " 0.999857719318941", " 0.876455765064085", " 0.997786532863172", " 0.947296631737924", "0.999999999876955", " 0.999999999849258", " 0.999999999961495", " 0.999999999989872", " 1", "7.9", "", " ", " ", " 2.3", " ", " ", " 3.1", " 2.2", " ", " ", " ", " 7.4", " ", " ", " 7.9", " ", " 7.2", " 4.6", " ", " ", " ", " 6.2", " 4.5", " ", " ", " ", " 2.7", " ", " ", " ", " ", " 5.3", " ", " 5.1", " ", " 5.8", " ", " ", " ", " "
"449", "", "False", "", "C18 H38 O7 S", "Full match", " No results", " No results", " No results", " No results", "-0.65", "398.23357", "397.22629", "7.786", "6832728.14263625", "0", "0", "0", "", "", "", "No matches found", " No matches found", " No matches found", " No matches found", " No matches found", "", "No matches found", "PreferredDDA", "", "[M-H]-1", "3719554.72415024", " 2425647.46681449", " ", " 4698628.34016005", " ", "45.9652079969885", " 31.6167370885874", " ", " 23.2021303902013", " ", "Infinity", " Infinity", " ", " 0.516", " 0.000", "Infinity", " Infinity", " ", " -0.95", " -Infinity", "", " ", " ", " 0.0290519748715333", " ", "", " ", " ", " 0.999999999989872", " ", "5.1", "", " ", " ", " ", " ", " ", " 2.7", " 3.3", " 3.2", " ", " 2.2", " ", " ", " ", " ", " ", " ", " ", " ", " ", " ", " ", " ", " ", " ", " 4.5", " 5.1", " 4.9", " 2.8", " 4.0", " 4.7", " 4.5", " 3.7", " ", " ", " ", " ", " ", " ", " "
"421", "", "False", "5,9-tetracosadienoic acid", "C24 H44 O2", "Full match", " No results", " No results", " Full match", " Full match", "0.15", "364.33418", "363.32691", "8.431", "6760325.1011478", "4", "0", "0", "", "", "", "No matches found", " No matches found", " No matches found", " No matches found", " No matches found", "", "Multiple matches found", "PreferredDDA", "", "[M-H]-1", "1144258.82935884", " 3833579.11019454", " 676944.122272019", " 3820278.98766481", " 3122195.31636165", "56.6821130874297", " 31.0728362174095", " 64.8748996619383", " 33.7990222515496", " 38.0429379228771", "1.690", " 5.643", " 4.612", " 1.003", " 0.817", "0.76", " 2.50", " 2.21", " 0.01", " -0.29", "0.621753555291396", " 6.08799598855736E-06", " 0.00121711455128315", " 0.993134368669814", " 0.522590555179987", "0.999999999876955", " 0.000147693784771796", " 0.0262548996062508", " 0.999999999989872", " 1", "7.2", "1.9", " 3.4", " 5.5", " 3.0", " 4.6", " 5.2", " 3.4", " 5.2", " 5.5", " 6.5", " 5.1", " 5.5", " 6.6", " 6.6", " 5.0", " 6.6", " 5.1", " 5.3", " 5.9", " 3.4", " 5.3", " 2.3", " 1.9", " 5.9", " 5.5", " 6.6", " 5.7", " 4.0", " 5.5", " 5.4", " 6.3", " 5.5", " 7.2", " 5.1", " 6.6", " 6.3", " 3.9", " 6.3", " 5.1", " 4.7"
"358", "", "False", "", "C31 H52 N O6 P", "Full match", " No results", " No results", " No results", " No results", "-3.19", "565.35142", "564.34414", "8.007", "6735236.93106769", "0", "0", "0", "", "", "", "No matches found", " No matches found", " No matches found", " No matches found", " No matches found", "", "No matches found", "PreferredDDA", "", "[M-H]-1", "4102431.88991485", " 3839304.73139163", " 3045662.24556518", " 4414616.36303007", " 4254960.1775408", "27.7705065685157", " 20.4201074937028", " 51.1449604103719", " 30.4350982934447", " 26.5770814766177", "1.347", " 1.449", " 1.397", " 0.870", " 0.964", "0.43", " 0.54", " 0.48", " -0.20", " -0.05", "0.264742548299993", " 0.44881413912567", " 0.353607352268818", " 0.999614095328644", " 0.99937956911735", "0.999999999876955", " 0.884144591668166", " 0.982724727471009", " 0.999999999989872", " 1", "7.1", "5.3", " 3.6", " 5.9", " 5.6", " 6.0", " 5.6", " 7.1", " 4.1", " 6.4", " 5.1", " 3.7", " 5.6", " 4.3", " 5.6", " 6.0", " 4.9", " 5.6", " 4.0", " 4.4", " 5.4", " 6.1", " 5.8", " 6.5", " 5.6", " 4.8", " 5.1", " 5.0", " 5.1", " 4.7", " 5.1", " 6.6", " 4.0", " 6.5", " 6.4", " 7.0", " 4.9", " 6.4", " 7.1", " 6.8", " 6.6"
"570", "", "False", "", "C16 H34 O6 S", "Full match", " No results", " No results", " No results", " No results", "-0.22", "354.20753", "353.20025", "8.221", "6722850.78008084", "0", "0", "0", "", "", "", "No matches found", " No matches found", " No matches found", " No matches found", " No matches found", "", "No matches found", "PreferredDDA", "", "[M-H]-1", "5512341.30833894", " ", " 4199417.97713504", " ", " ", "31.0561123950859", " ", " 17.9925294260675", " ", " ", "1.313", " 0.000", " 0.000", " ", " ", "0.39", " -Infinity", " -Infinity", " ", " ", "0.423829520301451", " ", " ", " ", " ", "0.999999999876955", " ", " ", " ", " ", "5.4", "5.1", " 4.2", " ", " ", " ", " ", " ", " ", " ", " ", " ", " ", " ", " ", " ", " ", " ", " ", " ", " ", " ", " ", " 3.5", " 5.4", " 4.8", " ", " ", " ", " ", " ", " ", " ", " ", " ", " ", " ", " ", " ", " ", " "
"369", "", "False", "16,17-epoxy-DHA", "C22 H30 O3", "Not the top hit", " No results", " No results", " Not the top hit", " Full match", "-0.50", "342.21932", "341.21205", "4.359", "6702629.2102116", "12", "0", "0", "", "", "", "No matches found", " No matches found", " No matches found", " No matches found", " No matches found", "", "Multiple matches found", "PreferredDDA", "", "[M-H]-1", "2479613.34522212", " 5225672.19337284", " 1135241.3791844", " 2888263.56888216", " 2321245.30506272", "48.5475251321927", " 45.636034156042", " 28.6890374656892", " 44.7448687094262", " 20.6139750582557", "2.184", " 2.544", " 2.045", " 1.809", " 0.804", "1.13", " 1.35", " 1.03", " 0.86", " -0.32", "0.288885757950064", " 0.00530222772901712", " 0.325568669028507", " 0.989544761096628", " 0.787563401577129", "0.999999999876955", " 0.0352896596476753", " 0.954767444898745", " 0.999999999989872", " 1", "6.4", "2.7", " 5.5", " 5.4", " 3.8", " 3.9", " 3.9", " 5.2", " 5.0", " ", " 4.1", " 5.6", " 6.4", " 5.2", " 4.1", " 3.3", " 5.0", " 2.9", " 4.4", " ", " 5.6", " 4.6", " 4.3", " ", " 3.1", " 3.5", " 3.1", " 3.1", " 3.0", " 1.6", " 3.5", " 6.4", " 3.9", " ", " ", " 5.3", " 4.6", " ", " ", " 6.4", " "
"371", "", "False", "", "C20 H32 N6 O2", "Full match", " No results", " No results", " No results", " No results", "0.69", "388.25894", "387.25166", "6.772", "6678443.51548305", "0", "0", "0", "", "", "", "No matches found", " No matches found", " No matches found", " No matches found", " No matches found", "", "No matches found", "PreferredDDA", "", "[M-H]-1", "2196734.9261109", " 5930963.52631379", " 2367444.3051678", " 5305949.42890986", " 5322043.02722695", "31.8773394022369", " 21.0877034216662", " 36.484812640196", " 15.1204558410791", " 23.0505158351003", "0.928", " 2.241", " 2.248", " 1.118", " 1.003", "-0.11", " 1.16", " 1.17", " 0.16", " 0.00", "0.999317341047302", " 9.06178388271339E-06", " 5.42821971082352E-05", " 0.995982842411381", " 0.994694196667405", "0.999999999876955", " 0.000189061763734793", " 0.00204915294083588", " 0.999999999989872", " 1", "7.0", "4.1", " 4.5", " 4.4", " 3.0", " 2.5", " 4.0", " 2.6", " 3.8", " 4.7", " 3.6", " 2.6", " 1.5", " 3.6", " 7.0", " 3.6", " 4.7", " 4.5", " 5.9", " 3.2", " 4.7", " 3.8", " 2.6", " 5.8", " 4.7", " 2.9", " 5.4", " 4.8", " 5.2", " 4.6", " 5.2", " 5.0", " 3.3", " 3.3", " 5.1", " 7.0", " 4.1", " 6.4", " 5.1", " 5.5", " 5.1"
"392", "", "False", "LPE 22:4", "C27 H48 N O7 P", "No match", " No results", " Full match", " Partial match", " Partial match", "-0.24", "529.31671", "528.30944", "4.550", "6645075.41690139", "2", "0", "1", "", "", "75.3", "No matches found", " No matches found", " No matches found", " Single match found", " No matches found", "", "Multiple matches found", "PreferredDDA", "", "[M-H]-1", "2512875.18412095", " 1673292.18237309", " 2236545.1999675", " 3282051.31864276", " 1801551.91698566", "64.811383965221", " 66.9622128760708", " 19.7653526000693", " 65.2797197326693", " 87.184078907024", "1.124", " 1.467", " 0.806", " 0.510", " 0.549", "0.17", " 0.55", " -0.31", " -0.97", " -0.87", "0.996438398817328", " 0.931729057538259", " 0.999917754984559", " 0.740461530620206", " 0.901440828537658", "0.999999999876955", " 0.999999999849258", " 0.999999999961495", " 0.999999999989872", " 1", "7.7", "5.0", " 3.6", " ", " 3.5", " ", " 2.1", " 2.3", " 5.2", " 2.5", " 5.6", " ", " ", " 2.5", " ", " 4.0", " 3.3", " 2.1", " 4.0", " 6.7", " 5.9", " 5.0", " ", " ", " 7.7", " 5.2", " 5.0", " ", " 0.6", " ", " 4.1", " 2.9", " ", " ", " 5.6", " ", " 0.6", " 1.9", " 4.8", " ", " 1.0"
"655", "", "False", "LPC 16:1", "C24 H48 N O7 P", "No match", " No results", " Invalid mass", " No match", " No match", "121668.83", "553.33812", "552.33084", "3.598", "6640287.50000226", "1", "0", "8", "", "", "88.2", "No matches found", " No matches found", " No matches found", " Multiple matches found", " No matches found", "", "Single match found", "PreferredDDA", "", "[M-H]-1", "1896308.18356976", " 2223119.858848", " 6489627.32848161", " 5482730.09572445", " 2206485.45933313", "58.0506967936283", " 40.0801964299668", " ", " 11.6788507498785", " 19.8189239584679", "0.292", " 0.845", " 0.340", " 0.405", " 0.402", "-1.77", " -0.24", " -1.56", " -1.30", " -1.31", "", " ", " ", " 0.0446618989541557", " 0.0793853986134936", "", " ", " ", " 0.999999999989872", " 0.752184548858556", "6.5", "", " ", " ", " ", " ", " 1.1", " ", " 4.2", " 1.2", " 0.8", " ", " 0.2", " ", " 0.2", " 3.1", " 0.2", " ", " ", " 2.2", " ", " ", " ", " ", " ", " ", " ", " ", " ", " 3.1", " 3.5", " ", " ", " 3.1", " 6.5", " ", " ", " ", " ", " ", " 5.9"
"309", "", "False", "Oleic acid", "C18 H34 O2", "Full match", " Full match", " No results", " Full match", " Not the top hit", "-0.29", "282.25580", "281.24852", "8.975", "6637574.13147165", "60", "3", "0", "96.6", "9.8", "", "No matches found", " No matches found", " No matches found", " No matches found", " No matches found", "", "Multiple matches found", "PreferredDDA", "", "[M-H]-1", "1608755.2307505", " 2395620.98621095", " 1553406.96567126", " 2618527.70586245", " 1468518.94142665", "83.3916519103271", " 70.4020397723893", " 77.8525864083282", " 39.7822620500136", " 33.67123902389", "1.036", " 1.686", " 0.945", " 0.915", " 0.561", "0.05", " 0.75", " -0.08", " -0.13", " -0.83", "0.999925396760345", " 0.907124902043734", " 0.709314050494912", " 0.883952653859932", " 0.242044198613421", "0.999999999876955", " 0.999999999849258", " 0.999999999961495", " 0.999999999989872", " 1", "5.5", "2.5", " 1.7", " 4.8", " 1.0", " 3.3", " ", " ", " 4.4", " ", " ", " 2.6", " 3.0", " ", " 4.6", " ", " 2.7", " 1.7", " 1.9", " 0.6", " 4.0", " ", " ", " ", " 5.2", " 5.0", " 2.5", " 4.6", " ", " ", " 5.5", " 3.2", " ", " 2.9", " 1.5", " 4.1", " ", " 5.1", " 2.2", " 2.2", " "
"542", "", "False", "5(S)-HpEPE", "C20 H30 O4", "Not the top hit", " Full match", " Full match", " Not the top hit", " Not the top hit", "0.19", "334.21447", "333.20720", "2.810", "6598511.8386975", "113", "21", "2", "76.2", "67.0", "43.5", "Multiple matches found", " No matches found", " No matches found", " No matches found", " No matches found", "", "Multiple matches found", "PreferredDDA", "", "[M-H]-1", "2045904.7368021", " 4102926.81006092", " 1613185.5803059", " 4514178.18311222", " 3406911.1036291", "51.1678154373506", " 37.1891985813422", " 28.6161463056642", " 28.5528441996115", " 41.3359053495663", "1.268", " 2.798", " 2.112", " 0.909", " 0.755", "0.34", " 1.48", " 1.08", " -0.14", " -0.41", "0.343851802111066", " 4.91254375656336E-05", " 0.00315956752496027", " 0.835328894886865", " 0.655617918788569", "0.999999999876955", " 0.000758641353567334", " 0.0493546237519656", " 0.999999999989872", " 1", "6.2", "", " 1.4", " 2.1", " ", " 3.1", " 1.7", " 1.0", " 1.6", " ", " 2.7", " 5.4", " 3.5", " 1.5", " 3.6", " 3.2", " 1.1", " 1.7", " 2.0", " ", " 3.5", " 4.6", " 1.0", " 1.0", " 3.5", " 3.1", " 4.9", " 1.8", " 3.2", " 6.2", " 4.0", " 2.2", " 3.0", " 2.4", " 2.0", " 0.7", " 0.8", " 0.6", " 4.2", " 1.4", " 2.7"
"415", "", "False", "", "C22 H44 N4 O4", "Full match", " No results", " No results", " No results", " No results", "-0.60", "428.33600", "427.32872", "5.226", "6508148.86436084", "0", "0", "0", "", "", "", "No matches found", " No matches found", " No matches found", " No matches found", " No matches found", "", "No matches found", "PreferredDDA", "", "[M-H]-1", "", " 563315.860242712", " ", " 3948687.27128969", " 1005183.82639108", "", " 96.4473920473216", " ", " 91.6665476046183", " 13.5907508803745", "", " Infinity", " Infinity", " 0.143", " 0.255", "", " Infinity", " Infinity", " -2.81", " -1.97", "", " ", " ", " 0.232169443943019", " 0.317305699542296", "", " ", " ", " 0.999999999989872", " 1", "5.3", "", " ", " ", " ", " ", " ", " ", " ", " ", " 3.6", " 1.1", " ", " ", " 5.3", " ", " ", " ", " ", " ", " ", " ", " ", " ", " ", " ", " ", " ", " 4.8", " ", " 4.8", " ", " ", " ", " ", " 5.1", " ", " ", " 4.3", " 5.1", " "
"882", "", "False", "", "C H2 N10 O2 S2", "Full match", " No results", " No results", " No results", " No results", "-0.06", "249.98035", "248.97307", "8.749", "6456846.73977742", "0", "0", "0", "", "", "", "No matches found", " No matches found", " No matches found", " No matches found", " No matches found", "", "No matches found", "PreferredDDA", "", "[M-H]-1", "2316456.89425747", " 6318929.85641443", " ", " 5805184.15060794", " 6224563.86911742", "32.0790071348198", " 9.89078690389063", " ", " 3.18115248702118", " 5.77367349389982", "Infinity", " Infinity", " Infinity", " 1.088", " 1.072", "Infinity", " Infinity", " Infinity", " 0.12", " 0.10", "", " ", " ", " 0.992849512615888", " 0.9913300090197", "", " ", " ", " 0.999999999989872", " 1", "6.4", "", " 4.7", " ", " 4.9", " ", " 5.1", " ", " ", " ", " 5.1", " 5.9", " 5.1", " ", " 5.1", " 5.5", " ", " 4.3", " ", " ", " ", " ", " ", " ", " ", " ", " ", " ", " 6.4", " 6.4", " ", " ", " 6.0", " ", " ", " 5.9", " ", " ", " ", " 4.7", " 4.7"
"430", "", "False", "16-Hydroxyhexadecanoic acid", "C16 H32 O3", "Full match", " Full match", " No results", " Full match", " Not the top hit", "-0.12", "272.23511", "271.22784", "5.695", "6369815.73306264", "21", "1", "0", "73.9", "8.7", "", "No matches found", " No matches found", " No matches found", " No matches found", " No matches found", "", "Multiple matches found", "PreferredDDA", "", "[M-H]-1", "2473299.17477706", " 3388680.71983197", " 2130387.07450584", " 4301972.76533292", " 3782666.83527369", "27.4120408193659", " 27.200497472051", " 24.2149399787116", " 22.5638617237168", " 43.2116236968191", "1.161", " 2.019", " 1.776", " 0.788", " 0.879", "0.22", " 1.01", " 0.83", " -0.34", " -0.19", "0.759564537390429", " 0.00100112414512821", " 0.0344971754675514", " 0.763116987804144", " 0.767485388155019", "0.999999999876955", " 0.00901011730615386", " 0.282722633237227", " 0.999999999989872", " 1", "6.6", "6.2", " 5.6", " 5.0", " 3.5", " 3.7", " 5.6", " 6.0", " 5.6", " 4.1", " 6.2", " 5.3", " 5.6", " 6.0", " 5.6", " 6.0", " 4.5", " 5.0", " 4.3", " 5.6", " 6.5", " 5.6", " 4.3", " 3.9", " 4.9", " 6.4", " 6.6", " 4.3", " 5.6", " 4.0", " 5.6", " 5.3", " 5.6", " 5.6", " 4.5", " 5.0", " 5.2", " 2.5", " 4.6", " 5.0", " 2.7"
"726", "", "False", "", "C20 H32 N6 O5", "Full match", " No results", " No results", " No results", " No results", "0.43", "436.24361", "435.23633", "2.397", "6339257.64334663", "0", "0", "0", "", "", "", "No matches found", " No matches found", " No matches found", " No matches found", " No matches found", "", "No matches found", "PreferredDDA", "", "[M-H]-1", "2883157.39492225", " 3296111.12366304", " 2091680.7886554", " 5239222.3573118", " 2139926.10879784", "42.1933497449988", " 42.0108377992285", " 28.1461963691765", " 29.8333829973361", " 33.8517339527616", "1.378", " 2.505", " 1.023", " 0.629", " 0.408", "0.46", " 1.32", " 0.03", " -0.67", " -1.29", "0.912043770241088", " 0.0179932316045875", " 0.999999876277127", " 0.230698618965944", " 0.0123138303609768", "0.999999999876955", " 0.0860301386094342", " 0.999999999961495", " 0.999999999989872", " 0.432882240422483", "4.1", "", " 0.2", " ", " ", " ", " 2.0", " 0.8", " 2.3", " 0.4", " 1.2", " 0.5", " 1.2", " 1.0", " 0.8", " 1.1", " 3.5", " 2.0", " 2.8", " ", " 3.3", " 2.2", " ", " ", " 1.2", " 2.0", " 2.4", " 2.6", " 3.6", " 2.2", " 2.4", " 3.2", " 4.1", " 2.8", " ", " 2.6", " 1.1", " 0.9", " 1.3", " 3.6", " 2.6"
"385", "", "False", "16-Hydroxyhexadecanoic acid", "C16 H32 O3", "Full match", " Full match", " No results", " Full match", " Not the top hit", "-0.07", "272.23513", "271.22785", "6.138", "6258618.45325944", "21", "1", "0", "94.7", "9.7", "", "No matches found", " No matches found", " No matches found", " No matches found", " No matches found", "", "Multiple matches found", "PreferredDDA", "", "[M-H]-1", "2594432.87398588", " 1873170.26531452", " 1559529.8851692", " 3103125.00993006", " 3541702.34808574", "34.1962561607617", " 53.5100532875205", " 49.3654274073191", " 39.7258771501838", " 37.181873942524", "1.664", " 1.990", " 2.271", " 0.604", " 1.141", "0.73", " 0.99", " 1.18", " -0.73", " 0.19", "0.94078784576602", " 0.198501558841576", " 0.189476043658744", " 0.390063973884529", " 0.999931257140509", "0.999999999876955", " 0.503382406123113", " 0.759871791907023", " 0.999999999989872", " 1", "5.9", "", " 5.3", " ", " ", " ", " 2.9", " ", " 5.9", " 2.5", " 4.1", " ", " 2.7", " 3.6", " ", " ", " 2.1", " 4.8", " 0.2", " 0.2", " ", " 2.7", " ", " 0.8", " ", " 3.1", " 3.8", " ", " 3.6", " 3.2", " 2.5", " 2.1", " 5.1", " ", " 4.6", " 2.6", " 2.3", " ", " 2.1", " 3.2", " "
"439", "", "False", "2,6-di-tert-Butylphenol", "C14 H22 O", "Full match", " Full match", " No results", " Partial match", " Partial match", "-3.41", "206.16636", "205.15908", "5.147", "6130087.97486663", "6", "3", "0", "98.6", "9.9", "", "No matches found", " No matches found", " No matches found", " No matches found", " No matches found", "", "Multiple matches found", "PreferredDDA", "", "[M-H]-1", "2268424.6803411", " 2641955.90498775", " 2192336.43339386", " 2569673.9029159", " 2669578.35532649", "19.9812043942993", " 26.8963222871953", " 54.2212968526067", " 26.1998122401822", " 42.0334416073327", "1.035", " 1.172", " 1.218", " 1.028", " 1.039", "0.05", " 0.23", " 0.28", " 0.04", " 0.06", "0.971368031918403", " 0.999091548968025", " 0.79851879827988", " 0.941087985159553", " 0.905397692049062", "0.999999999876955", " 0.999999999849258", " 0.999999999961495", " 0.999999999989872", " 1", "7.4", "5.2", " 5.9", " 5.8", " 7.4", " 6.9", " 5.8", " 4.4", " 6.3", " 6.5", " 6.4", " 5.6", " 6.4", " 5.6", " 6.4", " 6.4", " 7.1", " 5.8", " 4.4", " 6.7", " 2.9", " 4.6", " 6.1", " 4.8", " 5.8", " 4.0", " 6.5", " 3.9", " 5.6", " 3.9", " 6.0", " 4.1", " 6.8", " 6.8", " 5.0", " 5.0", " 5.8", " 4.9", " 2.9", " 4.6", " 4.4"
"341", "", "False", "", "C22 H39 Cl N4", "Full match", " No results", " No results", " No results", " No results", "-3.21", "394.28506", "393.27778", "7.270", "6106328.50989389", "0", "0", "0", "", "", "", "No matches found", " No matches found", " No matches found", " No matches found", " No matches found", "", "No matches found", "PreferredDDA", "", "[M-H]-1", "877878.510523308", " 952699.289642411", " 928419.208897528", " 882874.709331478", " 862691.026457811", "130.143869640168", " 62.820531292445", " 62.1016502953453", " 37.7592290483698", " 64.5249361940589", "0.946", " 0.951", " 0.929", " 1.079", " 0.977", "-0.08", " -0.07", " -0.11", " 0.11", " -0.03", "0.997918625932754", " 0.99946465454647", " 0.978246768771212", " 0.998363401321674", " 0.997767178191464", "0.999999999876955", " 0.999999999849258", " 0.999999999961495", " 0.999999999989872", " 1", "6.2", "3.4", " 2.3", " 2.5", " 1.9", " 4.1", " 4.0", " 0.2", " 3.8", " 1.5", " 4.2", " 1.4", " 3.8", " ", " ", " 2.5", " 0.4", " ", " 5.5", " 0.6", " 4.2", " 3.8", " 4.9", " 4.5", " ", " 1.7", " 2.8", " ", " 6.2", " 3.2", " 3.5", " ", " ", " 3.8", " 1.7", " 3.4", " 1.7", " 2.3", " 2.7", " 1.7", " "
"476", "", "False", "", "C16 H30 N6 O2", "Full match", " No results", " No results", " No results", " No results", "0.63", "338.24324", "337.23596", "6.917", "6061381.63606949", "0", "0", "0", "", "", "", "No matches found", " No matches found", " No matches found", " No matches found", " No matches found", "", "No matches found", "PreferredDDA", "", "[M-H]-1", "3006512.19412854", " 2342584.93760841", " 3386750.30593045", " 2569660.37934963", " 3927129.1634555", "31.6849200828673", " 16.0903664217296", " 34.0166393196622", " 10.8123747290775", " 28.8446696515416", "0.888", " 0.759", " 1.160", " 0.912", " 1.528", "-0.17", " -0.40", " 0.21", " -0.13", " 0.61", "0.991634769059198", " 0.760503604264762", " 0.556170743187882", " 0.999398864497945", " 0.0802539999828167", "0.999999999876955", " 0.999999999849258", " 0.999999999961495", " 0.999999999989872", " 0.752184548858556", "7.4", "1.3", " 5.3", " 5.5", " 3.6", " 5.9", " 4.4", " 5.9", " 6.3", " 3.9", " 6.5", " 3.1", " 5.4", " 6.7", " 7.4", " 6.7", " 5.4", " 5.0", " 5.7", " 6.3", " 3.6", " 4.0", " 3.2", " 2.9", " 6.3", " 2.5", " 5.9", " 3.6", " 3.2", " 7.4", " 4.0", " 7.2", " 5.1", " 4.4", " 6.8", " 6.0", " 4.5", " 2.8", " 3.0", " 3.0", " 3.4"
"423", "", "False", "", "C42 H62 N4 O2", "Full match", " No results", " No results", " No results", " No results", "-1.37", "654.48638", "653.47911", "5.740", "5917187.96136209", "0", "0", "0", "", "", "", "No matches found", " No matches found", " No matches found", " No matches found", " No matches found", "", "No matches found", "PreferredDDA", "", "[M-H]-1", "1179283.23213256", " 1376309.53693041", " 678032.80305228", " 1505578.4736868", " 476015.515790951", "110.940651807726", " 96.2520030194403", " 38.2999049106878", " 75.8471480963187", " 106.29278393973", "1.739", " 2.221", " 0.702", " 0.914", " 0.316", "0.80", " 1.15", " -0.51", " -0.13", " -1.66", "0.999953436702962", " 0.807238921016967", " 0.999985826373185", " 0.999999949617752", " 0.55544187663643", "0.999999999876955", " 0.999999999849258", " 0.999999999961495", " 0.999999999989872", " 1", "5.8", "", " ", " 0.8", " ", " 1.4", " ", " ", " ", " ", " 5.6", " 5.0", " 1.5", " ", " 3.6", " 2.9", " 0.4", " ", " ", " ", " ", " ", " ", " ", " 5.1", " 2.8", " 3.4", " 3.9", " 3.3", " 3.5", " 5.8", " 2.7", " 5.5", " 2.9", " ", " ", " 4.9", " ", " 4.2", " 4.5", " 5.5"
"397", "", "False", "Emmotin A", "C16 H22 O4", "Not the top hit", " No results", " No results", " Not the top hit", " Full match", "-0.41", "278.15170", "277.14442", "4.943", "5879828.00291661", "6", "0", "0", "", "", "", "No matches found", " No matches found", " No matches found", " No matches found", " No matches found", "", "Multiple matches found", "PreferredDDA", "", "[M-H]-1", "1166540.57945482", " 1447047.67814912", " 1313296.27210682", " 5879828.00291661", " 1707675.97752516", "", " 12.5803730843232", " 48.2032086892619", " ", " 4.83753675055364", "0.888", " 4.477", " 1.300", " 0.246", " 0.290", "-0.17", " 2.16", " 0.38", " -2.02", " -1.78", "", " ", " 0.823511454643297", " ", " ", "", " ", " 0.999999999961495", " ", " ", "7.6", "1.4", " ", " ", " ", " ", " ", " ", " ", " 7.6", " 3.4", " ", " ", " ", " ", " ", " 7.2", " 4.5", " 2.9", " 4.8", " ", " ", " ", " 2.7", " 5.0", " ", " ", " ", " ", " ", " 4.1", " ", " ", " ", " 5.5", " ", " ", " ", " 4.8", " ", " 5.5"
"399", "", "False", "", "C13 H18 N10 O3 S2", "Full match", " No results", " No results", " No results", " No results", "1.66", "426.10118", "425.09391", "0.560", "5838720.19989889", "0", "0", "0", "", "", "", "No matches found", " No matches found", " No matches found", " No matches found", " No matches found", "", "No matches found", "PreferredDDA", "", "[M-H]-1", "1123577.11551759", " 2155516.19436953", " 1155257.22827459", " 2278993.92962999", " 1760589.31509369", "73.4229354893167", " 58.4583702755731", " 77.9500020439702", " 46.281374674501", " 30.1627130147639", "0.973", " 1.973", " 1.524", " 0.946", " 0.773", "-0.04", " 0.98", " 0.61", " -0.08", " -0.37", "0.999921343622072", " 0.386309755283118", " 0.826694819539357", " 0.998428977021431", " 0.927876116808629", "0.999999999876955", " 0.805982625795232", " 0.999999999961495", " 0.999999999989872", " 1", "6.3", "", " 4.9", " 4.9", " ", " 5.8", " 4.8", " ", " ", " ", " 6.0", " 5.5", " 5.5", " 5.5", " 5.8", " 3.5", " 5.3", " ", " ", " 5.4", " 5.3", " 5.3", " ", " ", " 5.2", " ", " 5.4", " 4.8", " 3.5", " 5.0", " 2.9", " 5.2", " 3.6", " 5.4", " 5.7", " 5.4", " 6.0", " ", " 6.0", " 6.3", " 5.7"
"889", "", "False", "2,3-dinor Prostaglandin E1", "C18 H30 O5", "No match", " Invalid mass", " No results", " No results", " No results", "-55201.67", "308.20202", "307.19475", "8.270", "5793024.8500733", "0", "2", "0", "64.6", "8.2", "", "No matches found", " No matches found", " No matches found", " No matches found", " No matches found", "", "No matches found", "PreferredDDA", "", "[M-H]-1", "3851148.31525235", " 2539249.00903532", " 1912244.13154372", " 3057044.6360217", " ", "8.81495034993238", " ", " ", " 35.4948668247995", " ", "2.014", " 1.599", " 0.000", " 0.831", " 0.000", "1.01", " 0.68", " -Infinity", " -0.27", " -Infinity", "", " ", " ", " ", " ", "", " ", " ", " ", " ", "4.5", "", " ", " ", " 3.0", " 4.5", " 3.0", " 3.7", " 4.1", " 2.0", " ", " ", " ", " ", " ", " ", " ", " ", " ", " ", " 0.2", " ", " ", " ", " ", " ", " 3.2", " 3.8", " 2.9", " 2.9", " 1.9", " 4.0", " 2.9", " 3.6", " ", " ", " ", " ", " ", " ", " "
"612", "", "False", "13,14-dihydro Prostaglandin F1a", "C20 H38 O5", "Not the top hit", " Full match", " No results", " Partial match", " Partial match", "0.43", "358.27208", "357.26473", "2.524", "5769898.64852273", "8", "2", "0", "90.8", "9.5", "", "No matches found", " No matches found", " No matches found", " No matches found", " No matches found", "", "Multiple matches found", "PreferredDDA", "", "[M-H]-1", "2717810.49841154", " 1772575.68599239", " 2431908.19019316", " 2812025.12772262", " 2204595.00216884", "43.3067835718352", " 47.2391792875895", " 41.6953854586696", " 38.0412398791889", " 45.8354599169825", "1.118", " 1.156", " 0.907", " 0.630", " 0.784", "0.16", " 0.21", " -0.14", " -0.67", " -0.35", "0.996645706330584", " 0.707648956993851", " 0.67198321501132", " 0.249497110646591", " 0.176781750770683", "0.999999999876955", " 0.999999999849258", " 0.999999999961495", " 0.999999999989872", " 1", "5.5", "", " 1.7", " 4.8", " ", " 2.7", " 2.0", " 2.7", " 3.9", " 1.9", " ", " ", " 3.5", " 3.3", " 2.7", " 3.1", " 3.3", " 1.7", " 5.4", " 1.0", " 2.1", " 4.2", " 2.5", " 1.7", " 3.9", " 3.5", " 4.6", " 5.5", " 3.2", " 5.1", " ", " ", " ", " 5.1", " ", " 3.3", " 3.5", " 1.5", " ", " 1.6", " "
"457", "", "False", "ascr#27", "C22 H40 O6", "Not the top hit", " No results", " No results", " Full match", " Full match", "-0.98", "400.28210", "399.27482", "5.893", "5548009.23246552", "2", "0", "0", "", "", "", "No matches found", " No matches found", " No matches found", " No matches found", " No matches found", "", "Multiple matches found", "PreferredDDA", "", "[M-H]-1", "795302.15107018", " 2555261.28823753", " 1041327.06549109", " 1524103.38010322", " 424311.561529504", "55.9752193410265", " 28.2140670848871", " 88.7231330051001", " 59.6267927233767", " 5.91949477944887", "0.764", " 1.464", " 0.407", " 1.677", " 0.278", "-0.39", " 0.55", " -1.30", " 0.75", " -1.84", "0.66199044417748", " 0.996642928980481", " 0.200108541710159", " 0.978280468423737", " 0.216674689619547", "0.999999999876955", " 0.999999999849258", " 0.788253646910454", " 0.999999999989872", " 1", "7.4", "2.3", " 1.5", " 3.3", " 0.6", " ", " 2.3", " 1.0", " 0.8", " ", " 2.8", " 4.1", " ", " ", " ", " ", " ", " ", " 2.5", " 3.4", " 5.0", " 4.5", " 4.9", " 3.0", " 1.4", " 4.2", " 1.9", " 2.3", " ", " ", " ", " ", " 4.4", " ", " ", " ", " ", " 7.1", " ", " 7.4", " "
"450", "", "False", "alpha-hydroxy myristic acid", "C14 H28 O3", "Full match", " No results", " No results", " Not the top hit", " Full match", "-1.35", "244.20352", "243.19624", "4.641", "5497986.48492037", "13", "0", "0", "", "", "", "No matches found", " No matches found", " No matches found", " No matches found", " No matches found", "", "Multiple matches found", "PreferredDDA", "", "[M-H]-1", "2036685.76926354", " 2436108.41387775", " 1527951.66523141", " 3302008.53558017", " 2262326.43291362", "22.3985614082198", " 28.2092890162535", " 33.8288803390249", " 37.0180396140947", " 59.8422654155716", "1.333", " 2.161", " 1.481", " 0.738", " 0.685", "0.41", " 1.11", " 0.57", " -0.44", " -0.55", "0.772586627577228", " 0.00338373227154132", " 0.254442758050576", " 0.352732319611402", " 0.385366852545019", "0.999999999876955", " 0.0263242900447028", " 0.867564255943152", " 0.999999999989872", " 1", "6.4", "3.1", " 6.2", " 2.8", " ", " 4.5", " 5.8", " 4.6", " 3.9", " 4.3", " 6.0", " 6.0", " 4.5", " 5.8", " 6.4", " 6.4", " 6.2", " 1.6", " 5.3", " 5.1", " 4.1", " 3.0", " 3.4", " 3.5", " 4.9", " 3.4", " 6.1", " 5.9", " 5.9", " 6.3", " 5.5", " 5.1", " ", " 5.3", " 3.9", " 5.2", " 4.1", " 1.1", " 2.9", " 2.7", " 2.5"
"497", "", "False", "", "C19 H37 Cl O4", "Full match", " No results", " No results", " No results", " No results", "0.23", "364.23812", "363.23084", "5.611", "5481739.68865375", "0", "0", "0", "", "", "", "No matches found", " No matches found", " No matches found", " No matches found", " No matches found", "", "No matches found", "PreferredDDA", "", "[M-H]-1", "654670.43114127", " 2263784.23413557", " 2351931.84398854", " 740127.394805626", " 2723231.20541956", "47.7491874344284", " 98.2955841647541", " 59.3061797643867", " 89.7097656840404", " ", "0.278", " 0.315", " 1.158", " 3.059", " 3.679", "-1.85", " -1.67", " 0.21", " 1.61", " 1.88", "0.398945378358869", " 0.873944362759093", " ", " 0.989668734906223", " ", "0.999999999876955", " 0.999999999849258", " ", " 0.999999999989872", " ", "5.8", "", " 3.8", " 3.8", " 3.6", " 4.8", " 4.5", " 4.9", " 4.9", " 1.5", " 1.7", " 2.6", " ", " ", " ", " ", " ", " ", " ", " 4.5", " 4.8", " ", " ", " ", " 4.6", " 5.4", " 0.8", " 2.0", " ", " 5.8", " ", " ", " 4.9", " 2.7", " ", " ", " ", " ", " ", " ", " 2.3"
"452", "", "False", "LPC O-16:0", "C24 H52 N O6 P", "No match", " No results", " Invalid mass", " No results", " No results", "124692.73", "541.37447", "540.36719", "4.582", "5464476.4920878", "0", "0", "2", "", "", "79.9", "No matches found", " No matches found", " No matches found", " Multiple matches found", " No matches found", "", "No matches found", "PreferredDDA", "", "[M-H]-1", "1698434.28156935", " 2234029.25023234", " 1479047.32028028", " 2700750.93490632", " 2365385.6385992", "73.5732118172594", " 35.9984281519159", " 38.7199365798011", " 24.4670271491618", " 54.7160411922995", "1.148", " 1.826", " 1.599", " 0.827", " 0.876", "0.20", " 0.87", " 0.68", " -0.27", " -0.19", "0.875914913253964", " 0.391404732230959", " 0.877506466605636", " 0.84116072542857", " 0.865965436745926", "0.999999999876955", " 0.809280234210469", " 0.999999999961495", " 0.999999999989872", " 1", "6.0", "4.8", " 2.9", " ", " ", " ", " 4.0", " 2.1", " 3.7", " 1.9", " 3.6", " ", " 2.6", " 3.2", " 2.2", " 2.9", " 4.7", " 2.5", " 2.2", " ", " ", " 2.9", " ", " 3.5", " 5.3", " ", " ", " ", " 6.0", " 4.5", " 4.5", " 3.5", " 4.6", " 4.1", " 5.4", " 2.5", " 1.4", " 0.4", " 3.1", " ", " 2.0"
"185", "", "False", "Ostruthin", "C19 H22 O3", "No match", " Invalid mass", " No results", " No results", " No results", "10.91", "298.16015", "297.15287", "8.881", "5443629.246146", "0", "3", "0", "93.0", "9.6", "", "No matches found", " No matches found", " No matches found", " No matches found", " No matches found", "", "No matches found", "PreferredDDA", "", "[M-H]-1", "", " 3431739.04121521", " 4421508.20354464", " 1215929.21264444", " 4151087.80597997", "", " 33.6300582039658", " 42.7002385188011", " 52.4933375981298", " 25.1412694911306", "0.000", " 0.275", " 0.939", " 2.822", " 3.414", "-Infinity", " -1.86", " -0.09", " 1.50", " 1.77", "", " 0.00942186102778397", " 0.96656913879908", " 0.00423042119334982", " 0.000830597165043301", "", " 0.0523922077907281", " 0.999999999961495", " 0.546781939240464", " 0.0777589128949352", "5.3", "", " ", " ", " ", " ", " ", " ", " ", " 3.0", " 3.6", " 3.6", " 3.6", " 3.6", " 3.2", " 4.0", " 5.3", " 3.6", " 5.2", " 4.6", " 5.2", " ", " ", " ", " ", " ", " 1.5", " ", " ", " ", " ", " 4.8", " ", " 0.6", " 3.4", " 4.5", " 4.1", " 3.7", " 4.3", " 4.1", " 3.7"
"713", "", "False", "", "C10 H17 N4 P S", "Full match", " No results", " No results", " No results", " No results", "3.80", "256.09213", "255.08485", "1.393", "5421426.41838278", "0", "0", "0", "", "", "", "No matches found", " No matches found", " No matches found", " No matches found", " No matches found", "", "No matches found", "PreferredDDA", "", "[M-H]-1", "3469102.79479231", " 3525059.65371086", " 2786723.57277881", " 3575872.65880996", " 3267722.09497806", "19.917116930062", " 25.0618101927501", " 33.8994563305885", " 17.4813519304865", " 15.7775319543257", "1.245", " 1.283", " 1.173", " 0.986", " 0.914", "0.32", " 0.36", " 0.23", " -0.02", " -0.13", "0.229208305545592", " 0.0828792551939572", " 0.417910594205958", " 0.99999211916959", " 0.953801674267014", "0.999999999876955", " 0.265287365583791", " 0.999999999961495", " 0.999999999989872", " 1", "6.5", "3.9", " 5.0", " 4.2", " 5.0", " 6.1", " 5.8", " 5.4", " 4.2", " 4.5", " 2.8", " 6.0", " 3.4", " 6.0", " 4.9", " 3.7", " 4.9", " 4.9", " 3.0", " 5.1", " 3.8", " 5.5", " 4.4", " 5.5", " 3.2", " 4.7", " 4.2", " 5.0", " 5.4", " 3.9", " 5.2", " 6.5", " 5.4", " 3.9", " 5.0", " 3.9", " 5.4", " ", " 3.1", " 5.4", " 6.1"
"817", "", "False", "", "C16 H36 O3 P2", "Full match", " No results", " No results", " No results", " No results", "-3.58", "338.21276", "337.20548", "8.277", "5418077.2261387", "0", "0", "0", "", "", "", "No matches found", " No matches found", " No matches found", " No matches found", " No matches found", "", "No matches found", "PreferredDDA", "", "[M-H]-1", "3489323.60779566", " 3257539.92919688", " 2227455.90836157", " 3458656.05127067", " ", "26.8905735371683", " ", " ", " 23.7885793288412", " ", "1.567", " 1.553", " 0.000", " 0.942", " 0.000", "0.65", " 0.63", " -Infinity", " -0.09", " -Infinity", "", " ", " ", " ", " ", "", " ", " ", " ", " ", "6.0", "", " ", " ", " 3.0", " 2.2", " 3.0", " 4.5", " 4.7", " 4.6", " ", " ", " ", " ", " ", " ", " ", " ", " ", " ", " 1.0", " ", " ", " ", " ", " ", " 3.4", " 4.7", " 4.9", " 5.6", " 4.5", " 4.9", " 6.0", " 5.6", " ", " ", " ", " ", " ", " ", " "
"420", "", "False", "", "C12 H24 N6 O6 P2 S", "Full match", " No results", " No results", " No results", " No results", "4.17", "442.09717", "441.08989", "0.565", "5403417.1599431", "0", "0", "0", "", "", "", "No matches found", " No matches found", " No matches found", " No matches found", " No matches found", "", "No matches found", "PreferredDDA", "", "[M-H]-1", "", " 1333228.92754472", " 1016307.06459053", " 1194318.57792513", " 1219437.37923299", "", " 86.4006646143861", " 2.99407752289448", " 48.7758644965263", " 23.9101024278047", "0.000", " 1.175", " 1.200", " 1.116", " 1.021", "-Infinity", " 0.23", " 0.26", " 0.16", " 0.03", "", " 0.977323819935843", " 0.992139762473454", " 0.703444371285429", " 0.9983965578951", "", " 0.999999999849258", " 0.999999999961495", " 0.999999999989872", " 1", "8.0", "", " ", " ", " ", " ", " ", " ", " ", " ", " 6.0", " 4.5", " ", " 5.2", " 5.9", " 1.7", " ", " ", " ", " 5.3", " ", " ", " ", " ", " 8.0", " ", " 5.2", " ", " ", " 5.2", " ", " 5.3", " 1.5", " 2.9", " 6.2", " ", " 5.9", " ", " 6.2", " 6.5", " 5.6"
"443", "", "False", "", "C4 H3 N6 O3 P S", "Full match", " No results", " No results", " No results", " No results", "-1.59", "245.97210", "244.96483", "8.917", "5384314.82680166", "0", "0", "0", "", "", "", "No matches found", " No matches found", " No matches found", " No matches found", " No matches found", "", "No matches found", "PreferredDDA", "CO2", "[M-H]-1", "4422750.56721523", " 4019852.22291147", " 4701495.1311979", " 4341422.9492788", " 4001042.00447036", "4.42572608271408", " 8.40009611254254", " 8.59480407479457", " 6.01858175929039", " 3.21970724042805", "0.941", " 0.923", " 0.851", " 0.926", " 0.922", "-0.09", " -0.11", " -0.23", " -0.11", " -0.12", "0.444644335070617", " 0.0558495522438552", " 0.000774989760899403", " 0.243976179786115", " 0.222519801142399", "0.999999999876955", " 0.198744141120346", " 0.0184773874572331", " 0.999999999989872", " 1", "7.8", "", " 6.9", " ", " ", " ", " 7.7", " ", " 6.5", " ", " ", " 4.9", " 6.8", " 6.4", " 6.4", " 6.4", " 4.1", " 3.4", " 6.0", " ", " 4.5", " 7.8", " 7.0", " 6.8", " 7.1", " 5.9", " 4.1", " 4.9", " 6.4", " 5.6", " 4.5", " 4.9", " 4.9", " 7.5", " 7.7", " 7.3", " ", " 6.1", " 5.8", " 5.4", " "
"524", "", "False", "Perfluoro-1-octanesulfonic acid (PFOS)", "C8 H F17 O3 S", "No match", " Full match", " No results", " Full match", " No results", "0.09", "499.93754", "498.93026", "8.573", "5379839.65644793", "1", "1", "0", "98.2", "9.9", "", "No matches found", " No matches found", " No matches found", " No matches found", " No matches found", "", "No matches found", "PreferredDDA", "", "[M-H]-1", "2101580.79805618", " 1817391.71230972", " 1981659.32244866", " 2551332.4418571", " 1967732.09721384", "54.5157497360343", " 56.0954563481734", " ", " 30.4792753630277", " 19.5203609915063", "1.061", " 1.287", " 0.993", " 0.712", " 0.771", "0.08", " 0.36", " -0.01", " -0.49", " -0.37", "", " ", " ", " 0.837775350116867", " 0.686323963181108", "", " ", " ", " 0.999999999989872", " 1", "7.0", "2.7", " 4.2", " 4.4", " 3.4", " 5.4", " 5.8", " 5.5", " 4.6", " 3.6", " 5.2", " 4.0", " 6.1", " 5.5", " 5.4", " 5.0", " 4.4", " 4.9", " ", " ", " ", " ", " ", " ", " ", " 3.6", " 6.6", " 5.1", " 6.3", " 6.6", " 4.1", " 5.9", " 4.5", " 6.6", " 5.9", " 5.9", " 7.0", " ", " 6.7", " 6.9", " 5.9"
"400", "", "False", "18:2(5Z,9Z)(16Me)", "C19 H34 O2", "Full match", " No results", " No results", " Not the top hit", " Full match", "-0.40", "294.25576", "293.24849", "6.887", "5313437.46472717", "11", "0", "0", "", "", "", "No matches found", " No matches found", " No matches found", " No matches found", " No matches found", "", "Multiple matches found", "PreferredDDA", "", "[M-H]-1", "1133534.95641558", " 1587284.16259061", " 1098661.0728134", " 2368459.95341224", " 1223675.98816991", "105.549677289751", " 53.0578729493262", " 69.9488090513895", " 38.5591660398947", " 71.0677429713265", "1.032", " 2.156", " 1.114", " 0.670", " 0.517", "0.05", " 1.11", " 0.16", " -0.58", " -0.95", "0.868018761421929", " 0.664941891075237", " 0.955879744273258", " 0.570337043383978", " 0.269601643522062", "0.999999999876955", " 0.999999999849258", " 0.999999999961495", " 0.999999999989872", " 1", "5.7", "", " 4.5", " 5.5", " 2.9", " 1.1", " 4.9", " 2.9", " 0.8", " 5.5", " 1.2", " 0.5", " 5.5", " 2.3", " 3.3", " 4.8", " 4.2", " 5.3", " 0.8", " 4.9", " 0.8", " 4.2", " 2.3", " ", " 5.4", " 3.9", " 5.7", " 3.6", " ", " 3.6", " 5.7", " 2.2", " 3.2", " 5.5", " 3.6", " 4.9", " 5.2", " 3.8", " 4.8", " 4.0", " 3.1"
"466", "", "False", "ponasterone A", "C27 H44 O6", "Not the top hit", " No results", " No results", " Not the top hit", " Full match", "-0.42", "464.31359", "463.30632", "5.968", "5306629.36827649", "14", "0", "0", "", "", "", "No matches found", " No matches found", " No matches found", " No matches found", " No matches found", "", "Multiple matches found", "PreferredDDA", "", "[M-H]-1", "814607.22548733", " 2304777.75377639", " ", " 2789945.47008338", " 1592892.44421282", "30.511028201511", " 43.1861925389537", " ", " 42.8367473673646", " 18.8087062148573", "Infinity", " Infinity", " Infinity", " 0.826", " 0.571", "Infinity", " Infinity", " Infinity", " -0.28", " -0.81", "", " ", " ", " 0.982937050735624", " 0.273284981857047", "", " ", " ", " 0.999999999989872", " 1", "5.4", "", " 4.7", " 3.0", " 1.3", " ", " 3.2", " ", " 2.4", " 5.4", " 5.2", " ", " 2.1", " 5.4", " 1.6", " 2.9", " 4.0", " 2.9", " ", " ", " ", " ", " ", " ", " ", " ", " ", " 2.5", " 1.6", " ", " 2.6", " 1.0", " 4.2", " 2.0", " ", " ", " ", " ", " 3.3", " 4.0", " "
"513", "", "False", "", "C36 H71 O2 P S", "Full match", " No results", " No results", " No results", " No results", "1.71", "598.49226", "597.48499", "7.784", "5235528.42213594", "0", "0", "0", "", "", "", "No matches found", " No matches found", " No matches found", " No matches found", " No matches found", "", "No matches found", "PreferredDDA", "", "[M-H]-1", "1455194.72309817", " 2686372.10904418", " 1269662.15013895", " 3209073.83056913", " 3222802.56956532", "67.7353102181583", " 40.873424928261", " 48.2744775553845", " 23.7600294046037", " 49.6725863596792", "1.146", " 2.528", " 2.538", " 0.837", " 1.004", "0.20", " 1.34", " 1.34", " -0.26", " 0.01", "0.97899060789259", " 0.0562881731941808", " 0.710761005498749", " 0.997030259205819", " 0.559575629012117", "0.999999999876955", " 0.198744141120346", " 0.999999999961495", " 0.999999999989872", " 1", "6.4", "0.2", " 0.6", " 1.7", " 4.0", " 1.5", " 1.2", " 2.7", " 1.4", " 1.2", " 1.7", " 2.2", " 1.0", " 1.6", " 3.5", " 2.0", " 4.2", " 2.9", " ", " 2.3", " 1.2", " 1.0", " 1.0", " 1.0", " 2.3", " 4.6", " 6.4", " 2.6", " 2.4", " 3.4", " 4.9", " 2.6", " 2.6", " 4.5", " 3.6", " 3.9", " 2.1", " 1.2", " 1.5", " 3.5", " 2.7"
"779", "", "False", "16,16-dimethyl-PGD2", "C22 H36 O5", "Not the top hit", " No results", " No results", " Partial match", " Full match", "0.07", "380.25630", "379.24902", "3.269", "5214793.73435248", "18", "0", "0", "", "", "", "No matches found", " No matches found", " No matches found", " No matches found", " No matches found", "", "Multiple matches found", "PreferredDDA", "", "[M-H]-1", "5214793.73435248", " 2660463.82319094", " 1509587.85773435", " 1958821.95960958", " 2087141.10357466", "", " 4.69383380926825", " 59.8547189651258", " 58.3459759295203", " ", "3.454", " 1.298", " 1.383", " 1.358", " 1.066", "1.79", " 0.38", " 0.47", " 0.44", " 0.09", "", " 0.98771062148065", " ", " 0.913884855498823", " ", "", " 0.999999999849258", " ", " 0.999999999989872", " ", "7.3", "", " ", " ", " ", " ", " ", " ", " 2.2", " ", " ", " 7.3", " 4.2", " ", " 5.8", " ", " ", " ", " ", " ", " ", " 0.5", " 1.5", " 0.4", " ", " 1.0", " ", " 4.4", " ", " ", " ", " 1.2", " ", " ", " ", " ", " 0.2", " ", " ", " ", " "
"376", "", "False", "ST 27:1;O;S", "C27 H46 O4 S", "Not the top hit", " No results", " Full match", " Partial match", " Partial match", "-0.60", "466.31140", "465.30412", "8.921", "5208145.18168863", "2", "0", "1", "", "", "81.8", "No matches found", " No matches found", " No matches found", " Single match found", " No matches found", "", "Single match found", "PreferredDDA", "", "[M-H]-1", "4653493.94827676", " 2927255.27698744", " 3998115.42104531", " ", " 2148704.5194512", "62.9035986237764", " 39.7688148332753", " ", " ", " ", "1.164", " 0.000", " 0.537", " Infinity", " Infinity", "0.22", " -Infinity", " -0.90", " Infinity", " Infinity", "", " ", " ", " ", " ", "", " ", " ", " ", " ", "5.5", "", " ", " 1.9", " 0.8", " 5.2", " ", " ", " ", " ", " 0.7", " ", " ", " 5.5", " 5.3", " 5.5", " ", " ", " ", " ", " ", " ", " ", " ", " 4.6", " ", " ", " ", " ", " ", " ", " ", " ", " ", " ", " ", " ", " ", " ", " 4.0", " "
"588", "", "False", "Nonadecylic acid", "C19 H38 O2", "Full match", " No results", " No results", " Not the top hit", " Full match", "-0.60", "298.28700", "297.27972", "7.980", "5172784.62229519", "26", "0", "0", "", "", "", "No matches found", " No matches found", " No matches found", " No matches found", " No matches found", "", "Multiple matches found", "PreferredDDA", "", "[M-H]-1", "1620572.23001122", " 1769838.85327824", " 1482773.70518079", " 2987620.05925699", " 1737258.42751709", "72.1775655778523", " 59.9105609931992", " 75.5814557848785", " 31.7391141916854", " 68.4710055939615", "1.093", " 2.015", " 1.172", " 0.592", " 0.581", "0.13", " 1.01", " 0.23", " -0.76", " -0.78", "0.999989818150007", " 0.319503563532358", " 0.999909147695259", " 0.155133079500652", " 0.395944781664685", "0.999999999876955", " 0.722424313602721", " 0.999999999961495", " 0.999999999989872", " 1", "6.6", "0.8", " 3.4", " 4.4", " 4.8", " 6.4", " 4.8", " 5.2", " 3.6", " 3.6", " 3.1", " 1.6", " 6.3", " 3.6", " 4.9", " 4.5", " 5.5", " 4.9", " 3.6", " 5.5", " ", " 4.4", " 4.2", " 5.3", " 5.2", " 3.9", " 3.2", " 3.6", " 4.9", " 2.9", " 5.1", " 4.5", " 4.7", " 6.6", " 4.8", " 2.9", " 4.8", " 1.5", " 5.5", " 5.5", " 4.5"
"781", "", "False", "Mycinonic acid III", "C13 H20 O4", "Full match", " No results", " No results", " Not the top hit", " Full match", "-3.31", "240.13536", "239.12809", "3.266", "5170654.91790323", "5", "0", "0", "", "", "", "No matches found", " No matches found", " No matches found", " No matches found", " No matches found", "", "Single match found", "PreferredDDA", "CO2", "[M-H]-1", "2712204.70142674", " 3137682.84494055", " 2016217.53697763", " 2950119.76401336", " 2972063.27352825", "24.2467984800699", " 33.4134388007717", " 51.9129796909819", " 13.8138500641588", " 11.7795186048189", "1.345", " 1.463", " 1.474", " 1.064", " 1.007", "0.43", " 0.55", " 0.56", " 0.09", " 0.01", "0.974260219815935", " 0.809859564604046", " 0.895611248750999", " 0.959693137692647", " 0.999999983540794", "0.999999999876955", " 0.999999999849258", " 0.999999999961495", " 0.999999999989872", " 1", "7.0", "1.8", " 2.6", " 4.1", " 3.0", " 3.0", " 3.7", " 2.8", " 3.9", " 3.9", " 2.5", " 1.7", " 5.5", " 5.5", " 5.5", " 5.1", " ", " 1.7", " 2.1", " 4.8", " ", " 2.1", " 0.6", " ", " 1.4", " 4.2", " 4.4", " 6.6", " 2.5", " 4.7", " 7.0", " 5.1", " 7.0", " 2.6", " 4.4", " 4.0", " ", " ", " 7.0", " ", " 7.0"
"445", "", "False", "ethyl 5R,6R-epoxy-9E-eicosen-7-ynoate", "C22 H36 O3", "Not the top hit", " No results", " No results", " Not the top hit", " Full match", "-0.32", "348.26633", "347.25906", "6.038", "5159918.46375255", "5", "0", "0", "", "", "", "No matches found", " No matches found", " No matches found", " No matches found", " No matches found", "", "Multiple matches found", "PreferredDDA", "", "[M-H]-1", "779045.598460988", " 4095699.91361906", " ", " 3401036.23706182", " 2673316.12097417", "", " 17.3685759890898", " ", " 41.3771759197188", " 23.9262814907044", "Infinity", " Infinity", " Infinity", " 1.204", " 0.786", "Infinity", " Infinity", " Infinity", " 0.27", " -0.35", "", " ", " ", " 0.596735704068119", " 0.75096555331412", "", " ", " ", " 0.999999999989872", " 1", "7.1", "", " 1.1", " ", " ", " ", " ", " ", " ", " 5.0", " 6.5", " 4.6", " 6.1", " 3.9", " 5.2", " 5.8", " 6.1", " ", " ", " ", " ", " ", " ", " ", " ", " ", " ", " ", " 2.7", " ", " 3.3", " 3.3", " ", " ", " 7.1", " 5.4", " 3.0", " ", " 6.0", " 6.4", " "
"730", "", "False", "2-Hydroxymyristic acid", "C14 H28 O3", "Full match", " Full match", " No results", " Not the top hit", " Full match", "-1.34", "244.20352", "243.19624", "3.189", "5142296.93335525", "13", "1", "0", "75.8", "8.8", "", "No matches found", " No matches found", " No matches found", " No matches found", " No matches found", "", "Multiple matches found", "PreferredDDA", "", "[M-H]-1", "4054243.62198519", " 3359561.5976362", " 3461859.89115138", " 3588379.465101", " 3437798.69801698", "23.6267555033288", " 23.0044174817693", " 27.959125432719", " 16.1284754938171", " 27.4850587668738", "1.171", " 1.037", " 0.993", " 0.936", " 0.958", "0.23", " 0.05", " -0.01", " -0.10", " -0.06", "0.692133428043303", " 0.701890105939622", " 0.984204063335863", " 0.999897716639741", " 0.409572543187553", "0.999999999876955", " 0.999999999849258", " 0.999999999961495", " 0.999999999989872", " 1", "6.0", "4.1", " 3.0", " 3.4", " 2.0", " 5.1", " 3.0", " 2.6", " 2.6", " 3.0", " 3.6", " 6.0", " 3.4", " ", " 3.0", " 2.2", " ", " 2.6", " 2.6", " 2.6", " 3.7", " 2.4", " 2.2", " 2.4", " 3.0", " 2.6", " 4.2", " 5.4", " 3.5", " 5.2", " 3.5", " 3.1", " 3.9", " 3.1", " 3.4", " 3.0", " 3.4", " 2.0", " 2.6", " 2.6", " 3.0"
"619", "", "False", "FAHFA 18:5/16:1", "C34 H54 O4", "Not the top hit", " No results", " Full match", " No results", " No results", "-4.79", "526.39969", "525.39241", "5.798", "5043813.79804433", "0", "0", "1", "", "", "3.5", "No matches found", " No matches found", " No matches found", " Single match found", " No matches found", "", "No matches found", "PreferredDDA", "", "[M-H]-1", "571002.892140445", " 2261889.98377883", " 395363.042089936", " 419375.903940573", " 448292.988103861", "4.36020058544592", " 89.8961424175609", " 38.4472979084289", " 67.5167829286759", " 58.3307740697984", "1.444", " 1.061", " 1.134", " 5.393", " 1.069", "0.53", " 0.09", " 0.18", " 2.43", " 0.10", "0.957709434548872", " 0.984964028382859", " 0.999906298920178", " 0.402145092730445", " 0.997488355037764", "0.999999999876955", " 0.999999999849258", " 0.999999999961495", " 0.999999999989872", " 1", "6.4", "", " ", " 4.2", " 6.4", " ", " ", " 4.5", " ", " ", " 5.4", " 0.7", " ", " ", " 0.0", " ", " 1.5", " ", " ", " ", " 5.1", " ", " ", " ", " 3.2", " 5.4", " ", " 2.7", " 5.7", " ", " 1.9", " ", " ", " ", " 4.5", " ", " ", " ", " ", " ", " 2.3"
"643", "", "False", "", "C20 H32 N6 O5", "Full match", " No results", " No results", " No results", " No results", "0.14", "436.24348", "435.23620", "2.802", "5031316.99860913", "0", "0", "0", "", "", "", "No matches found", " No matches found", " No matches found", " No matches found", " No matches found", "", "No matches found", "PreferredDDA", "", "[M-H]-1", "2820208.58190751", " 2833927.1493804", " 1940177.65022298", " 3339570.39917456", " 1552651.40186514", "61.2102764257698", " 42.8545912117704", " 51.2774784656578", " 33.324176369208", " 54.5280906813826", "1.454", " 1.721", " 0.800", " 0.849", " 0.465", "0.54", " 0.78", " -0.32", " -0.24", " -1.10", "0.882366409289338", " 0.214262572083942", " 0.875448986976304", " 0.798093680965389", " 0.0191615694507196", "0.999999999876955", " 0.531602813981239", " 0.999999999961495", " 0.999999999989872", " 0.50884612208022", "5.1", "0.8", " 1.0", " 2.7", " 1.1", " 3.1", " 2.7", " 2.7", " 4.1", " ", " 2.7", " 4.6", " 5.0", " 1.4", " 1.6", " 5.0", " 1.4", " 2.5", " 2.1", " ", " 4.0", " 0.8", " ", " 1.9", " 1.7", " 4.0", " 2.9", " 5.1", " 4.7", " 4.4", " 3.6", " 4.6", " 4.5", " 4.7", " 0.4", " 2.5", " 1.0", " 1.9", " 1.7", " 2.0", " 1.5"
"709", "", "False", "1a,1b-Dihomo prostaglandin F2a", "C22 H38 O5", "Not the top hit", " Full match", " No results", " Not the top hit", " Not the top hit", "0.00", "382.27192", "381.26465", "2.387", "4954044.27721447", "71", "3", "0", "89.4", "9.5", "", "No matches found", " No matches found", " No matches found", " No matches found", " No matches found", "", "Multiple matches found", "PreferredDDA", "", "[M-H]-1", "2770824.32147403", " 2669424.33578298", " 1737145.5557524", " 2452962.60612007", " 1763268.53318188", "49.9901681345731", " 53.1488779805344", " 40.9181980715811", " 37.2119395573601", " 37.4253291632562", "1.595", " 1.412", " 1.015", " 1.088", " 0.719", "0.67", " 0.50", " 0.02", " 0.12", " -0.48", "0.545951424389806", " 0.658132303144318", " 0.999584110220075", " 0.999995563235118", " 0.81051841293356", "0.999999999876955", " 0.999999999849258", " 0.999999999961495", " 0.999999999989872", " 1", "5.0", "1.0", " 2.9", " 2.5", " 1.0", " 4.2", " 1.2", " 3.9", " 3.1", " 0.0", " 2.0", " 5.0", " 5.0", " 2.5", " 4.6", " 2.2", " 1.0", " 1.4", " 4.8", " 1.7", " ", " 2.3", " 0.8", " 0.4", " 1.0", " 0.5", " 2.6", " 0.7", " 2.1", " 1.1", " 2.1", " 1.3", " 1.1", " 1.3", " ", " 3.6", " 2.2", " 0.9", " 1.5", " 2.2", " 1.5"
"205", "", "False", "20-Hydroxy-(5Z,8Z,11Z,14Z)-eicosatetraenoic acid", "C20 H32 O3", "No match", " Invalid mass", " No results", " No results", " No results", "10.08", "320.23837", "319.23110", "8.872", "4938748.98923918", "0", "8", "0", "96.6", "9.8", "", "No matches found", " No matches found", " No matches found", " No matches found", " No matches found", "", "No matches found", "PreferredDDA", "", "[M-H]-1", "1477427.10361173", " ", " ", " 2525585.49537847", " ", "79.8619356154817", " ", " ", " 103.481701970993", " ", "Infinity", " Infinity", " ", " 0.000", " 0.000", "Infinity", " Infinity", " ", " -Infinity", " -Infinity", "", " ", " ", " ", " ", "", " ", " ", " ", " ", "6.7", "", " 4.2", " ", " 6.3", " ", " ", " 6.7", " 5.2", " ", " ", " ", " ", " ", " ", " ", " ", " ", " ", " ", " ", " ", " ", " ", " ", " ", " 5.8", " 1.9", " ", " ", " ", " ", " ", " ", " ", " ", " ", " ", " ", " ", " "
"548", "", "False", "", "C9 H10 N8 O6", "Full match", " No results", " No results", " No match", " No results", "0.22", "326.07240", "325.06512", "0.531", "4909362.39746296", "1", "0", "0", "", "", "", "No matches found", " No matches found", " No matches found", " No matches found", " No matches found", "", "No matches found", "PreferredDDA", "", "[M-H]-1", "2763530.53970028", " 1365679.67633227", " 2917294.1908389", " 4112604.0948434", " 1616043.77474445", "28.4831986744137", " 17.151269954565", " 36.8071858967048", " 62.6760577745826", " 37.348698133479", "0.947", " 1.410", " 0.554", " 0.332", " 0.393", "-0.08", " 0.50", " -0.85", " -1.59", " -1.35", "0.99947355429131", " 0.99846897587988", " 0.121296402829708", " 0.309203515854309", " 0.34974594086982", "0.999999999876955", " 0.999999999849258", " 0.61655053415947", " 0.999999999989872", " 1", "7.0", "6.0", " 5.4", " 5.3", " 5.3", " 6.4", " 5.6", " 6.8", " ", " 4.0", " ", " 6.7", " ", " 5.9", " 4.8", " 7.0", " 4.0", " 4.4", " 6.6", " 5.0", " 5.9", " 5.9", " ", " 3.0", " 5.1", " 4.0", " 5.4", " 4.2", " ", " ", " ", " ", " 3.8", " ", " ", " ", " 4.9", " ", " ", " 3.2", " 3.4"
"403", "", "False", "PA(O-16:0/16:1(9Z))", "C35 H69 O7 P", "Unused", " No results", " No results", " Full match", " Full match", "-0.18", "632.47798", "631.47070", "6.532", "4875653.43529621", "5", "0", "0", "", "", "", "No matches found", " No matches found", " No matches found", " No matches found", " No matches found", "", "Multiple matches found", "PreferredDDA", "", "[M-H]-1", "3481732.31295764", " 1962534.00523616", " 4024607.9252967", " 2502805.79266126", " 4342624.34415953", "30.4897612698049", " 90.9223410320549", " ", " 4.30896772234598", " 17.3585580995213", "0.865", " 0.622", " 1.079", " 0.784", " 1.735", "-0.21", " -0.69", " 0.11", " -0.35", " 0.80", "", " ", " ", " 0.88534032292901", " 0.862035469130817", "", " ", " ", " 0.999999999989872", " 1", "6.1", "", " ", " ", " ", " 4.4", " 2.5", " ", " ", " ", " ", " ", " ", " 1.6", " ", " ", " 0.0", " ", " ", " 2.3", " ", " ", " ", " ", " ", " ", " 6.1", " ", " ", " ", " ", " 4.6", " ", " ", " ", " 3.7", " ", " ", " ", " 3.1", " "
"503", "", "False", "FAHFA 18:1/20:3", "C38 H66 O4", "Full match", " No results", " Full match", " No results", " No results", "-4.29", "586.49359", "585.48632", "7.099", "4874966.84057566", "0", "0", "2", "", "", "73.9", "No matches found", " No matches found", " No matches found", " Multiple matches found", " No matches found", "", "No matches found", "PreferredDDA", "Fatty_Acid_20:4", "[M-H]-1", "1726028.66166792", " 1554934.44666438", " 2488750.24169606", " 1052876.41789583", " 2240483.18301337", "29.7082183209129", " 23.2395412908225", " 56.2948893754938", " ", " 34.8207285209719", "0.694", " 0.423", " 0.900", " 1.477", " 2.128", "-0.53", " -1.24", " -0.15", " 0.56", " 1.09", "0.681107794770866", " ", " 0.999990056896574", " ", " ", "0.999999999876955", " ", " 0.999999999961495", " ", " ", "5.6", "4.8", " 3.1", " 2.8", " 5.6", " ", " 4.6", " 4.3", " 4.6", " 1.2", " 1.2", " ", " ", " 2.8", " ", " ", " ", " 1.8", " 3.5", " 2.3", " 1.1", " 1.7", " 5.5", " 1.5", " ", " ", " ", " ", " ", " ", " ", " 1.5", " ", " ", " ", " 4.1", " 3.8", " 4.4", " ", " 2.2", " 3.6"
"541", "", "False", "9-oxo-7E-hexadecenoic acid", "C16 H28 O3", "Full match", " No results", " No results", " Not the top hit", " Full match", "-0.18", "268.20380", "267.19652", "4.206", "4874161.22428773", "9", "0", "0", "", "", "", "No matches found", " No matches found", " No matches found", " No matches found", " No matches found", "", "Multiple matches found", "PreferredDDA", "", "[M-H]-1", "1280801.78308836", " 3401581.31463084", " 1725478.0924884", " 2280721.12794633", " 1893310.44144415", "8.5644872296092", " 55.3294028942285", " 1.27708206557505", " ", " ", "0.742", " 1.322", " 1.097", " 1.491", " 0.830", "-0.43", " 0.40", " 0.13", " 0.58", " -0.27", "0.961074020159452", " ", " ", " ", " ", "0.999999999876955", " ", " ", " ", " ", "5.6", "", " ", " 4.3", " ", " ", " ", " 5.4", " ", " ", " 4.2", " 5.6", " ", " ", " ", " 1.0", " ", " ", " ", " ", " ", " ", " ", " ", " 4.0", " 3.3", " ", " 2.3", " ", " ", " ", " ", " ", " ", " ", " ", " ", " ", " ", " ", " 0.2"
"594", "", "False", "", "C18 H32 N6 O2", "Full match", " No results", " No results", " No results", " No results", "1.00", "364.25904", "363.25176", "7.146", "4852795.13603912", "0", "0", "0", "", "", "", "No matches found", " No matches found", " No matches found", " No matches found", " No matches found", "", "No matches found", "PreferredDDA", "", "[M-H]-1", "3042334.86718045", " 2863680.68000276", " 2772201.85633419", " 1194363.71042043", " 3298269.26125148", "6.54219386683085", " 26.8630186916271", " 27.9183294692042", " 44.9603202575608", " 20.9598665993479", "1.097", " 0.431", " 1.190", " 2.398", " 2.762", "0.13", " -1.21", " 0.25", " 1.26", " 1.47", "0.892435406197154", " 0.123139217808701", " 0.408207544329474", " 0.0623228902975436", " 0.00113872884992583", "0.999999999876955", " 0.353255631088711", " 0.999999999961495", " 0.999999999989872", " 0.0777589128949352", "7.1", "4.9", " 4.1", " 3.4", " 3.4", " ", " 7.1", " ", " ", " ", " ", " ", " 3.0", " 1.8", " 2.2", " ", " 3.5", " 1.8", " 3.0", " 3.7", " ", " ", " 5.8", " 2.6", " ", " ", " ", " 4.0", " 5.2", " ", " ", " 1.2", " 1.7", " 4.5", " 2.2", " 3.7", " 3.4", " 2.6", " 1.8", " 1.8", " "
"300", "", "False", "", "C9 H12 Cl O P", "Full match", " No results", " No results", " No results", " No results", "2.92", "202.03202", "201.02474", "8.873", "4843090.38392585", "0", "0", "0", "", "", "", "No matches found", " No matches found", " No matches found", " No matches found", " No matches found", "", "No matches found", "PreferredDDA", "CO2", "[M-H]-1", "4323338.99893486", " 4266664.8940719", " 4036426.78943057", " 4407416.62874951", " 4214867.2578663", "1.69090783326141", " 4.12230302816164", " 5.26159927535481", " 6.76819004366799", " 4.50463040961871", "1.071", " 1.092", " 1.044", " 0.968", " 0.956", "0.10", " 0.13", " 0.06", " -0.05", " -0.06", "0.0120855489924468", " 0.00733046421544081", " 0.340009319334821", " 0.999945213493841", " 0.493672882502294", "0.706186476957364", " 0.0442484257803626", " 0.965757437791586", " 0.999999999989872", " 1", "9.5", "9.2", " 9.5", " 9.5", " 7.7", " 9.5", " 8.8", " 9.5", " 9.5", " 8.8", " 8.8", " 9.2", " 8.8", " 8.4", " 9.2", " 8.8", " 9.5", " 9.2", " 8.3", " 7.5", " 9.0", " 7.9", " 8.7", " 9.0", " 8.3", " 6.4", " 8.7", " 8.3", " 9.0", " 7.9", " 9.0", " 9.0", " 9.0", " 9.0", " 9.5", " 6.9", " 7.3", " 9.5", " 9.2", " 9.2", " 8.8"
"396", "", "False", "", "C9 H20 O S3", "Full match", " No results", " No results", " No results", " No results", "-4.15", "240.06663", "239.05927", "8.872", "4834037.02590227", "0", "0", "0", "", "", "", "No matches found", " No matches found", " No matches found", " No matches found", " No matches found", "", "No matches found", "PreferredDDA", "", "[M-H]-1", "135819.598989548", " ", " 2699565.45168032", " ", " ", "2.05764283455816", " ", " 46.8889885781452", " ", " ", "0.050", " 0.000", " 0.000", " ", " ", "-4.31", " -Infinity", " -Infinity", " ", " ", "0.000427485031445962", " ", " ", " ", " ", "0.0633490925486862", " ", " ", " ", " ", "6.1", "4.5", " 6.1", " ", " ", " ", " ", " ", " ", " ", " ", " ", " ", " ", " ", " ", " ", " ", " 3.9", " ", " 5.0", " 5.8", " ", " 3.6", " 5.2", " ", " ", " ", " ", " ", " ", " ", " ", " ", " ", " ", " ", " ", " ", " ", " "
"616", "", "False", "LPC 20:3", "C28 H52 N O7 P", "No match", " No results", " Invalid mass", " No match", " No results", "110060.79", "605.36958", "604.36231", "4.226", "4815024.73401755", "1", "0", "5", "", "", "82.0", "No matches found", " No matches found", " No matches found", " Multiple matches found", " No matches found", "", "No matches found", "PreferredDDA", "", "[M-H]-1", "1737548.31087879", " 1502982.35723909", " 1907802.96479554", " 2313860.02307721", " 2009144.59984418", "57.9581076538463", " 44.738412607151", " 78.1606020629754", " 43.6089873665712", " 49.4001535273642", "0.911", " 1.213", " 1.053", " 0.650", " 0.868", "-0.13", " 0.28", " 0.07", " -0.62", " -0.20", "0.997938764085536", " 0.991574359429103", " 0.99947620292648", " 0.925541672017715", " 0.999401711979916", "0.999999999876955", " 0.999999999849258", " 0.999999999961495", " 0.999999999989872", " 1", "4.8", "1.6", " 1.0", " 0.4", " 1.9", " 1.2", " 1.7", " 3.6", " 2.7", " 3.3", " 2.0", " 0.8", " 0.8", " 3.3", " 0.8", " 2.3", " 1.4", " 0.2", " 1.5", " 4.6", " ", " 0.6", " ", " 1.1", " 2.1", " ", " 1.2", " 1.9", " 4.8", " 1.2", " 2.0", " 4.8", " 2.7", " 3.9", " 1.6", " 1.5", " 0.6", " ", " 1.0", " 1.0", " 1.2"
"304", "", "False", "", "C39 H76 O6", "Full match", " No results", " No results", " No results", " No results", "0.77", "640.56468", "639.55741", "7.141", "4792825.82908998", "0", "0", "0", "", "", "", "No matches found", " No matches found", " No matches found", " No matches found", " No matches found", "", "No matches found", "PreferredDDA", "", "[M-H]-1", "4671677.17351321", " 1877447.05080659", " 1601027.43839402", " 1481524.51326964", " 788056.629785947", "", " 109.203653707037", " 102.129742584161", " 106.324526032633", " 132.00568927243", "2.918", " 0.925", " 0.492", " 1.267", " 0.532", "1.54", " -0.11", " -1.02", " 0.34", " -0.91", "", " 0.999984184910076", " 0.991611830382951", " 0.999979551839325", " 0.996646266026082", "", " 0.999999999849258", " 0.999999999961495", " 0.999999999989872", " 1", "4.5", "", " ", " ", " ", " 2.7", " ", " ", " ", " ", " ", " 2.3", " ", " ", " ", " ", " 0.0", " ", " 3.4", " ", " 3.1", " 2.3", " ", " ", " 2.3", " ", " ", " 2.3", " 3.8", " 3.9", " ", " ", " 4.5", " ", " 3.0", " ", " 3.0", " ", " 0.4", " 1.9", " 1.2"
"614", "", "False", "14-hydroxy-12-tetradecenoic acid", "C14 H26 O3", "Full match", " No results", " No results", " Not the top hit", " Full match", "-1.39", "242.18786", "241.18058", "3.988", "4783670.62622063", "12", "0", "0", "", "", "", "No matches found", " No matches found", " No matches found", " No matches found", " No matches found", "", "Multiple matches found", "PreferredDDA", "", "[M-H]-1", "", " 2633833.45095017", " ", " 3991458.56291365", " 1896453.12261902", "", " 4.75830542130818", " ", " 28.0688632124112", " 55.8332237772934", "", " Infinity", " Infinity", " 0.660", " 0.475", "", " Infinity", " Infinity", " -0.60", " -1.07", "", " ", " ", " 0.699030975733965", " 0.241500521249457", "", " ", " ", " 0.999999999989872", " 1", "5.3", "", " ", " ", " ", " ", " ", " ", " ", " ", " 3.5", " 3.5", " ", " ", " ", " ", " ", " ", " ", " ", " ", " ", " ", " ", " ", " ", " 5.3", " ", " 4.1", " ", " ", " ", " ", " ", " ", " ", " 2.0", " 2.3", " ", " 1.0", " "
"679", "", "False", "10-Hydroxy-3,7-dimethyl-2E,6E-decadienoic acid", "C12 H20 O3", "Full match", " No results", " No results", " Not the top hit", " Full match", "-2.94", "212.14062", "211.13334", "3.234", "4760684.26656338", "17", "0", "0", "", "", "", "No matches found", " No matches found", " No matches found", " No matches found", " No matches found", "", "Multiple matches found", "PreferredDDA", "CO2", "[M-H]-1", "3467674.15984558", " 3650135.14157104", " 2902640.82702176", " 4012994.11485094", " 3419498.62830187", "10.6847332081685", " 15.1447144991223", " 22.831416057305", " 9.79447472287655", " 26.6109374050645", "1.195", " 1.383", " 1.178", " 0.910", " 0.852", "0.26", " 0.47", " 0.24", " -0.14", " -0.23", "0.223304160198479", " 0.00401341862658855", " 0.742069415698833", " 0.865928559378561", " 0.110895747845485", "0.999999999876955", " 0.0293467147417601", " 0.999999999961495", " 0.999999999989872", " 0.946574419109672", "7.4", "6.6", " 5.9", " 7.4", " 5.5", " 6.6", " 6.6", " 6.3", " 5.5", " 5.8", " 6.1", " 6.1", " 5.8", " 5.8", " 5.4", " 6.1", " 6.1", " 5.8", " 4.9", " 5.3", " 2.4", " 4.9", " 5.3", " 5.0", " 3.7", " 5.6", " 7.1", " 6.8", " 7.1", " 7.1", " 7.1", " 7.1", " 6.4", " 7.1", " 4.5", " 5.3", " 4.9", " 2.8", " 5.3", " 5.3", " 5.6"
"658", "", "False", "6-Hydroxyoctadeca-7,9-diynoic acid", "C18 H28 O3", "No match", " No results", " No results", " Not the top hit", " Full match", "-0.29", "292.20376", "291.19648", "3.751", "4732439.78663678", "30", "0", "0", "", "", "", "No matches found", " No matches found", " No matches found", " No matches found", " No matches found", "", "Multiple matches found", "PreferredDDA", "", "[M-H]-1", "1579509.95939583", " 2630341.96296025", " 2101109.28335855", " 4222978.50887984", " 2960061.50032861", "1.38325509153366", " ", " 37.6017822878987", " 18.1070679912444", " 26.3260996656133", "0.752", " 2.010", " 1.409", " 0.623", " 0.701", "-0.41", " 1.01", " 0.49", " -0.68", " -0.51", "0.330943225705422", " 0.221493364555186", " 0.999995909814644", " ", " 0.203237607512436", "0.999999999876955", " 0.543665531180911", " 0.999999999961495", " ", " 1", "6.1", "", " ", " ", " ", " ", " 5.5", " 3.6", " ", " ", " ", " 2.3", " ", " ", " ", " ", " ", " ", " ", " ", " 3.8", " 3.0", " ", " ", " ", " 5.1", " ", " 3.9", " 4.2", " 6.1", " ", " 5.4", " ", " ", " 4.6", " ", " 5.6", " ", " ", " 4.9", " "
"602", "", "False", "N1-(9,10-Dihydrophenanthren-2-yl)acetamide", "C16 H15 N O", "No match", " Invalid mass", " No results", " No results", " No results", "-12.93", "237.11230", "236.10502", "2.919", "4722834.70149896", "0", "2", "0", "68.1", "8.4", "", "No matches found", " No matches found", " No matches found", " No matches found", " No matches found", "", "No matches found", "PreferredDDA", "CO2", "[M-H]-1", "1399279.39240976", " 3344845.4867767", " 1046587.3547868", " 2378951.78685723", " 2231032.28694993", "52.1649836636002", " 43.527923478638", " 33.208778608567", " 31.1405933076368", " 50.1460683553514", "1.337", " 2.273", " 2.132", " 1.406", " 0.938", "0.42", " 1.18", " 1.09", " 0.49", " -0.09", "0.806679259475312", " 0.0439900101505565", " 0.260460792071233", " 0.936859861552774", " 0.910888364693398", "0.999999999876955", " 0.166871195529797", " 0.867564255943152", " 0.999999999989872", " 1", "6.3", "3.4", " 2.5", " 4.6", " 4.0", " 0.0", " ", " 4.2", " 1.1", " 2.1", " 4.6", " 5.2", " 5.4", " 5.4", " 5.8", " 3.9", " 5.2", " 4.0", " 3.0", " 1.6", " ", " 1.6", " 4.1", " 2.0", " ", " 3.5", " 5.5", " 5.9", " 5.1", " 6.3", " 3.8", " 3.4", " 2.8", " 5.1", " 4.6", " 3.6", " 5.2", " 4.2", " 4.2", " 4.4", " 4.6"
"693", "", "False", "NP-005397", "C18 H30 O6", "No match", " Invalid mass", " No results", " No results", " No results", "-52621.79", "324.19684", "323.18956", "7.905", "4713790.79996869", "0", "1", "0", "74.4", "8.7", "", "No matches found", " No matches found", " No matches found", " No matches found", " No matches found", "", "No matches found", "PreferredDDA", "", "[M-H]-1", "3191813.41490061", " 2140383.07646556", " ", " 2297799.1285916", " ", "24.0750194421541", " 46.4451051440997", " ", " 53.5946501465327", " ", "Infinity", " Infinity", " ", " 0.931", " 0.000", "Infinity", " Infinity", " ", " -0.10", " -Infinity", "", " ", " ", " 0.998396619511818", " ", "", " ", " ", " 0.999999999989872", " ", "5.3", "", " ", " ", " 5.3", " 3.9", " 3.4", " 3.7", " 3.4", " ", " ", " 2.7", " 1.7", " 1.7", " ", " ", " ", " ", " ", " ", " ", " ", " ", " ", " ", " ", " 1.7", " 2.7", " 3.1", " 3.1", " 2.3", " ", " ", " ", " ", " ", " ", " ", " ", " ", " "
"665", "", "False", "(15Z)-9,12,13-Trihydroxy-15-octadecenoic acid", "C18 H34 O5", "Full match", " Full match", " No results", " Partial match", " Partial match", "-0.10", "330.24059", "329.23332", "2.594", "4678433.30386397", "28", "1", "0", "75.6", "47.4", "", "No matches found", " No matches found", " No matches found", " No matches found", " No matches found", "", "Multiple matches found", "PreferredDDA", "", "[M-H]-1", "3670444.4581035", " 4180941.50863391", " 2522829.0820108", " 4394569.7540034", " ", "", " 0.334695308227342", " ", " 9.13499397092222", " ", "1.455", " 1.742", " 0.000", " 0.951", " 0.000", "0.54", " 0.80", " -Infinity", " -0.07", " -Infinity", "", " ", " ", " 0.876174558530387", " ", "", " ", " ", " 0.999999999989872", " ", "7.7", "", " ", " ", " ", " ", " ", " 2.3", " ", " 7.7", " ", " ", " 3.5", " ", " ", " ", " ", " ", " ", " ", " ", " 3.1", " ", " ", " ", " ", " ", " 3.7", " ", " 6.4", " ", " ", " ", " ", " ", " ", " ", " ", " ", " ", " "
"590", "", "False", "LPC 22:4", "C30 H54 N O7 P", "No match", " No results", " Invalid mass", " No results", " No results", "105053.77", "631.38771", "630.38043", "4.587", "4655415.25706493", "0", "0", "4", "", "", "79.2", "No matches found", " No matches found", " No matches found", " Multiple matches found", " No matches found", "", "No matches found", "PreferredDDA", "", "[M-H]-1", "3821335.19431181", " 2117414.05317078", " 2730414.55027048", " 2895911.29006315", " 3125646.89039778", "5.1977650583237", " 41.9010363260538", " 89.8404534487654", " 33.5566345317663", " 20.6771786308127", "1.400", " 1.061", " 1.145", " 0.731", " 1.079", "0.48", " 0.08", " 0.20", " -0.45", " 0.11", "0.706634436607158", " 0.886193823394793", " 0.917926428907282", " 0.711220373121126", " 0.999999420145626", "0.999999999876955", " 0.999999999849258", " 0.999999999961495", " 0.999999999989872", " 1", "6.4", "", " ", " ", " ", " 4.5", " ", " ", " 4.9", " 4.6", " 0.8", " 1.0", " 1.7", " 1.2", " ", " 1.6", " 0.2", " 1.7", " ", " 2.0", " 4.9", " ", " ", " ", " ", " ", " ", " ", " ", " 1.3", " 2.5", " 2.6", " ", " 4.0", " 6.4", " ", " ", " ", " ", " ", " 3.0"
"544", "", "False", "2-(8-Hydroxy-4a,8-dimethyldecahydro-2-naphthalenyl)acrylic acid", "C15 H24 O3", "No match", " Invalid mass", " No results", " No match", " No match", "-71422.76", "234.16169", "233.15440", "4.521", "4645202.11077207", "35", "2", "0", "96.6", "9.8", "", "No matches found", " No matches found", " No matches found", " No matches found", " No matches found", "", "Multiple matches found", "PreferredDDA", "", "[M-H]-1", "2037561.05202819", " 1804879.69210511", " 4447965.25468455", " ", " 1783773.73295086", "", " 52.4463904346982", " ", " ", " ", "0.458", " 0.000", " 0.401", " Infinity", " Infinity", "-1.13", " -Infinity", " -1.32", " Infinity", " Infinity", "", " ", " ", " ", " ", "", " ", " ", " ", " ", "4.8", "", " ", " ", " 2.5", " ", " ", " ", " ", " 2.5", " 4.2", " ", " ", " 2.5", " ", " ", " 3.6", " 4.8", " ", " 3.9", " ", " ", " ", " ", " ", " ", " ", " ", " ", " ", " ", " ", " ", " ", " ", " ", " ", " 2.5", " ", " ", " "
"437", "", "False", "", "C24 H24 N4 O", "Full match", " No results", " No results", " No match", " No results", "4.23", "384.19663", "383.18936", "7.658", "4638648.68236646", "1", "0", "0", "", "", "", "No matches found", " No matches found", " No matches found", " No matches found", " No matches found", "", "No matches found", "PreferredDDA", "", "[M-H]-1", "607889.209036205", " 1150549.6170873", " 1323056.80429843", " 1603443.04541375", " 1521550.994069", "97.5924381152226", " 38.2570940873912", " 54.3248418267986", " 35.9108374776722", " 68.5957374610316", "0.459", " 1.212", " 1.150", " 0.718", " 0.949", "-1.12", " 0.28", " 0.20", " -0.48", " -0.08", "0.669584324501356", " 0.915352112172453", " 0.70142454504976", " 0.987875754943803", " 0.988789538633064", "0.999999999876955", " 0.999999999849258", " 0.999999999961495", " 0.999999999989872", " 1", "6.4", "", " 2.3", " 2.7", " 4.9", " 4.6", " ", " 4.9", " ", " 4.1", " 4.7", " 3.8", " 3.0", " 3.5", " 4.1", " 4.5", " 1.3", " 4.7", " 3.4", " 6.3", " 5.2", " 3.8", " 5.7", " ", " 5.4", " 5.2", " 2.6", " 3.8", " 3.9", " ", " 6.4", " 3.5", " 3.8", " 3.2", " 2.5", " 4.2", " 4.4", " ", " 4.0", " 5.9", " 3.9"
"718", "", "False", "5-[(1S,2R,4aR)-5-(Hydroxymethyl)-1,2,4a-trimethyl-1,2,3,4,4a,7,8,8a-octahydro-1-naphthalenyl]-3-methylpentanoic acid", "C20 H34 O3", "Full match", " Full match", " No results", " Partial match", " Partial match", "-0.22", "322.25072", "321.24345", "5.558", "4631474.09647899", "23", "2", "0", "91.3", "9.6", "", "No matches found", " No matches found", " No matches found", " No matches found", " No matches found", "", "Multiple matches found", "PreferredDDA", "", "[M-H]-1", "1589806.07689554", " 2318120.83871363", " 1247663.67009853", " 3984080.61865155", " 2103399.36361299", "55.7282886565177", " 44.4795414763205", " 58.492514405181", " 12.4965009733905", " 53.1234673713107", "1.274", " 3.193", " 1.686", " 0.582", " 0.528", "0.35", " 1.68", " 0.75", " -0.78", " -0.92", "0.985918060990306", " 0.111349980436718", " 0.836661250278077", " 0.9615178011692", " 0.385153872007711", "0.999999999876955", " 0.3318807858471", " 0.999999999961495", " 0.999999999989872", " 1", "6.3", "", " ", " 0.2", " ", " ", " 0.0", " ", " ", " ", " ", " ", " 4.6", " 2.9", " 2.3", " 1.6", " 2.5", " ", " 0.2", " 0.6", " 1.1", " ", " ", " ", " ", " ", " 5.1", " ", " ", " 3.6", " ", " ", " ", " 6.3", " 0.8", " 2.5", " ", " 0.4", " ", " ", " 0.8"
"311", "", "False", "", "C22 H38 N4 O2", "Full match", " No results", " No results", " No results", " No results", "-3.75", "390.29801", "389.29073", "6.463", "4628552.97023647", "0", "0", "0", "", "", "", "No matches found", " No matches found", " No matches found", " No matches found", " No matches found", "", "No matches found", "PreferredDDA", "", "[M-H]-1", "3795522.2820134", " 3339031.17818306", " 3418430.04737804", " 2449368.67528462", " 3229598.62416445", "20.3888362724019", " ", " 30.0427839018212", " 20.1138994378894", " 17.1463765094019", "1.110", " 0.717", " 0.945", " 1.363", " 1.319", "0.15", " -0.48", " -0.08", " 0.45", " 0.40", "0.999999999876955", " 0.554777866193468", " 0.97284873996199", " ", " 0.815638144903576", "0.999999999876955", " 0.999999999849258", " 0.999999999961495", " ", " 1", "6.9", "", " 3.4", " 6.4", " ", " ", " ", " ", " 6.4", " ", " ", " ", " ", " ", " ", " ", " 4.6", " ", " 6.3", " ", " ", " 5.1", " ", " 5.9", " ", " ", " ", " ", " 5.8", " ", " ", " 5.6", " 5.3", " ", " ", " 6.5", " ", " 6.9", " 2.3", " 4.6", " "
"365", "", "False", "2-(Methylsulfonyl)-3-(pyrazin-2-ylamino)acrylonitrile", "C8 H8 N4 O2 S", "No match", " Invalid mass", " No results", " No results", " No results", "-7.31", "224.03516", "223.02788", "8.873", "4612513.57099873", "0", "1", "0", "94.0", "9.7", "", "No matches found", " No matches found", " No matches found", " No matches found", " No matches found", "", "No matches found", "PreferredDDA", "", "[M-H]-1", "", " ", " 2835724.52843334", " 711600.229794333", " ", "", " ", " 43.8924171607155", " ", " ", "0.000", " 0.251", " 0.000", " 0.000", " 0.000", "-Infinity", " -1.99", " -Infinity", " -Infinity", " -Infinity", "", " ", " ", " ", " ", "", " ", " ", " ", " ", "6.1", "", " ", " ", " ", " ", " ", " ", " ", " ", " ", " ", " ", " ", " ", " ", " ", " ", " 2.7", " ", " 3.9", " 6.1", " ", " 5.5", " 4.0", " ", " ", " ", " ", " ", " 4.2", " ", " ", " ", " ", " ", " ", " ", " ", " ", " "
"734", "", "False", "2-(8-Hydroxy-4a,8-dimethyldecahydro-2-naphthalenyl)acrylic acid", "C15 H24 O3", "Full match", " Full match", " No results", " Partial match", " Partial match", "-0.95", "252.17231", "251.16503", "2.993", "4583645.65772691", "14", "1", "0", "66.1", "8.3", "", "No matches found", " No matches found", " No matches found", " No matches found", " No matches found", "", "Multiple matches found", "PreferredDDA", "CO2", "[M-H]-1", "1762111.59074491", " 1994895.5695685", " 1075273.96370821", " 1430568.18057066", " 1139653.87567686", "63.3362575084546", " 46.7485144088927", " 26.1961289870781", " 38.2209070234385", " 37.4559824906297", "1.639", " 1.330", " 1.060", " 1.394", " 0.797", "0.71", " 0.41", " 0.08", " 0.48", " -0.33", "0.286495377734897", " 0.696429381705389", " 0.993517487279473", " 0.971995001948516", " 0.861825985988963", "0.999999999876955", " 0.999999999849258", " 0.999999999961495", " 0.999999999989872", " 1", "5.5", "", " 4.2", " 1.5", " ", " ", " 3.6", " 4.6", " 1.7", " 4.8", " ", " 3.6", " 4.6", " 5.5", " 4.4", " 3.9", " 2.5", " ", " 1.0", " 3.1", " ", " 2.9", " ", " ", " ", " ", " ", " 2.6", " ", " 3.6", " ", " ", " 2.6", " ", " ", " 2.0", " 3.0", " ", " ", " 1.9", " 1.3"
"855", "", "False", "", "C15 H30 N10 S", "Full match", " No results", " No results", " No match", " No results", "3.32", "382.23883", "381.23155", "8.162", "4539448.9026462", "1", "0", "0", "", "", "", "No matches found", " No matches found", " No matches found", " No matches found", " No matches found", "", "No matches found", "PreferredDDA", "", "[M-H]-1", "", " 1473300.53461295", " 2045933.76616096", " 1446151.45795662", " 1177366.82132815", "", " 59.4600587073156", " 69.2533417470487", " 8.86356240546466", " 55.1544646109922", "0.000", " 0.707", " 0.575", " 1.019", " 0.814", "-Infinity", " -0.50", " -0.80", " 0.03", " -0.30", "", " 0.936695272132916", " 0.813790911451263", " 0.961281793928039", " 0.987503764054275", "", " 0.999999999849258", " 0.999999999961495", " 0.999999999989872", " 1", "4.3", "", " ", " ", " ", " ", " ", " ", " ", " 2.9", " 1.7", " 1.4", " 2.1", " 2.1", " 1.7", " 2.5", " 3.9", " 2.1", " ", " 2.0", " ", " 1.1", " ", " ", " ", " ", " ", " ", " ", " ", " 3.9", " 4.3", " 3.9", " 3.9", " 2.1", " 3.6", " 1.1", " 2.7", " 1.1", " 2.5", " 3.1"
"555", "", "False", "", "C10 H28 Cl N10 P", "Full match", " No results", " No results", " No match", " No results", "4.79", "354.19415", "353.18688", "4.473", "4478984.29249234", "5", "0", "0", "", "", "", "No matches found", " No matches found", " No matches found", " No matches found", " No matches found", "", "No matches found", "PreferredDDA", "", "[M-H]-1", "2536467.86403287", " 2600783.69531297", " 2923248.6656204", " 2048235.394026", " 1232174.92609806", "47.3111963282613", " 49.9559686252312", " 48.3328270791654", " 1.12094330538784", " 47.3304381285456", "0.868", " 0.701", " 0.422", " 1.270", " 0.602", "-0.20", " -0.51", " -1.25", " 0.34", " -0.73", "0.999905004519573", " 0.985743535707078", " 0.253112895980458", " 0.999168498127533", " 0.681773604466775", "0.999999999876955", " 0.999999999849258", " 0.867564255943152", " 0.999999999989872", " 1", "5.5", "2.3", " 1.4", " ", " 2.9", " 2.3", " 3.5", " 2.7", " 3.9", " ", " 1.2", " 0.5", " 2.0", " ", " ", " ", " 1.5", " ", " 1.7", " 1.9", " ", " 1.6", " 2.0", " 3.1", " ", " 5.0", " ", " ", " 4.4", " ", " 4.8", " ", " 5.5", " ", " 2.5", " 0.6", " ", " ", " 2.3", " ", " 1.5"
"554", "", "False", "", "C14 H29 N4 O3 P", "Full match", " No results", " No results", " No results", " No results", "-4.46", "332.19625", "331.18897", "5.426", "4423694.6686002", "0", "0", "0", "", "", "", "No matches found", " No matches found", " No matches found", " No matches found", " No matches found", "", "No matches found", "PreferredDDA", "", "[M-H]-1", "957284.905551653", " 2795578.71027985", " 404634.426353995", " 2819614.43032579", " 2266582.89497092", "91.660629609398", " 33.9288427443148", " ", " 25.7159095712936", " 30.6132904213411", "2.366", " 6.968", " 5.602", " 0.991", " 0.804", "1.24", " 2.80", " 2.49", " -0.01", " -0.31", "", " ", " ", " 0.881942268081008", " 0.307939204153447", "", " ", " ", " 0.999999999989872", " 1", "6.8", "", " ", " 1.7", " 0.0", " 2.0", " ", " ", " 1.1", " 6.0", " 3.6", " 3.2", " 4.7", " 4.1", " 5.1", " 5.5", " 5.5", " 5.4", " ", " 2.3", " ", " ", " ", " ", " ", " ", " 5.6", " 4.1", " 5.6", " 3.1", " 6.8", " 6.8", " 5.3", " 5.6", " 5.3", " 4.9", " 4.7", " 5.4", " 4.7", " 5.7", " 3.8"
"427", "", "False", "", "C30 H52 N6 O2", "Full match", " No results", " No results", " No results", " No results", "0.03", "528.41519", "527.40792", "6.109", "4413717.70546541", "0", "0", "0", "", "", "", "No matches found", " No matches found", " No matches found", " No matches found", " No matches found", "", "No matches found", "PreferredDDA", "", "[M-H]-1", "2143187.14937702", " 1167687.56590865", " 1766566.55715213", " 1914928.94107542", " 1529228.15291649", "48.8056119991982", " 52.836720436478", " 64.037102354224", " 47.3499411026998", " 61.8937398732008", "1.213", " 1.084", " 0.866", " 0.610", " 0.799", "0.28", " 0.12", " -0.21", " -0.71", " -0.32", "0.989056003904209", " 0.999949693432199", " 0.999912683350627", " 0.651870086483123", " 0.999062856605815", "0.999999999876955", " 0.999999999849258", " 0.999999999961495", " 0.999999999989872", " 1", "6.1", "", " ", " 0.6", " 2.1", " 3.5", " 2.9", " 1.4", " ", " 5.2", " 2.7", " ", " 5.5", " 1.5", " 4.5", " 0.2", " 0.6", " 6.1", " ", " 2.9", " 4.2", " 4.5", " 0.8", " ", " ", " 5.4", " 2.9", " 5.4", " ", " ", " 5.2", " 3.0", " 4.8", " ", " 5.2", " ", " 2.5", " ", " ", " 5.9", " 5.0"
"592", "", "False", "LPE 18:0", "C23 H48 N O7 P", "Not the top hit", " No results", " Full match", " Partial match", " Partial match", "-1.67", "481.31604", "480.30833", "4.353", "4400357.15531511", "5", "0", "1", "", "", "0.0", "No matches found", " No matches found", " No matches found", " Single match found", " No matches found", "", "Multiple matches found", "PreferredDDA", "", "[M-H]-1", "2395070.63631234", " 2157939.70476631", " 2279563.26236139", " 2782508.99875548", " 2591760.26325922", "26.0864147738294", " 18.2665063416111", " 40.6737021691839", " 30.0314689465045", " 34.6678968535941", "1.051", " 1.221", " 1.137", " 0.776", " 0.931", "0.07", " 0.29", " 0.19", " -0.37", " -0.10", "0.757561260793523", " 0.425113129481641", " 0.929734877134663", " 0.447075264665526", " 0.887578150215601", "0.999999999876955", " 0.853419200664822", " 0.999999999961495", " 0.999999999989872", " 1", "5.5", "4.5", " 2.6", " 2.8", " 4.3", " 3.7", " 4.1", " 2.0", " ", " 4.2", " 5.5", " ", " ", " 4.4", " ", " 5.0", " ", " 2.9", " 2.0", " 3.1", " 2.5", " 3.9", " 0.8", " 1.0", " 3.5", " 2.5", " 1.3", " ", " ", " ", " 1.7", " ", " ", " 1.7", " 3.2", " ", " 3.0", " ", " 2.2", " ", " 5.1"
"455", "", "False", "FAHFA 22:6/18:3", "C40 H60 O4", "Not the top hit", " No results", " Full match", " No match", " No match", "-3.65", "604.44695", "603.43968", "6.316", "4398829.99143413", "3", "0", "2", "", "", "27.0", "No matches found", " No matches found", " No matches found", " Multiple matches found", " No matches found", "", "Multiple matches found", "PreferredDDA", "", "[M-H]-1", "2240693.53594003", " 2014139.58024131", " 2889774.64462665", " 2197029.0038155", " 2461476.12763811", "23.2507694112395", " ", " 43.2644093208267", " 13.7911683501071", " 42.4834903759642", "0.775", " 0.760", " 0.852", " 0.917", " 1.120", "-0.37", " -0.40", " -0.23", " -0.13", " 0.16", "0.978446897449447", " 0.987640219221635", " 0.999983699830146", " ", " 0.996075358182902", "0.999999999876955", " 0.999999999849258", " 0.999999999961495", " ", " 1", "6.0", "2.4", " 5.8", " 6.0", " ", " ", " 4.3", " ", " 3.4", " ", " ", " ", " ", " 5.9", " ", " ", " ", " ", " 1.6", " 2.7", " 2.0", " 5.8", " 2.1", " 3.4", " ", " 0.8", " ", " ", " ", " ", " ", " 4.9", " 4.0", " ", " ", " 2.5", " ", " ", " 5.0", " ", " 5.0"
"492", "", "False", "Desacetyluvaricin", "C37 H66 O6", "Not the top hit", " No results", " No results", " Partial match", " Full match", "0.63", "606.48632", "605.47905", "5.870", "4376252.76851625", "9", "0", "0", "", "", "", "No matches found", " No matches found", " No matches found", " No matches found", " No matches found", "", "Multiple matches found", "PreferredDDA", "", "[M-H]-1", "947583.619332094", " 991916.572844219", " ", " 431479.237767375", " ", "113.561878125398", " 47.385930304698", " ", " ", " ", "Infinity", " Infinity", " ", " 2.299", " 0.000", "Infinity", " Infinity", " ", " 1.20", " -Infinity", "", " ", " ", " ", " ", "", " ", " ", " ", " ", "4.9", "2.3", " 1.9", " ", " 4.6", " ", " 1.9", " ", " 4.8", " 4.9", " ", " ", " 4.9", " 2.7", " 3.6", " 3.6", " 1.5", " ", " ", " ", " ", " ", " ", " ", " ", " ", " ", " ", " ", " ", " ", " ", " ", " 2.3", " ", " ", " ", " ", " ", " ", " "
"184", "", "False", "1-Dodecanesulfonic acid", "C12 H26 O3 S", "Full match", " Full match", " No results", " No results", " No results", "-0.80", "250.16006", "249.15268", "8.882", "4344847.61404459", "0", "6", "0", "71.3", "8.6", "", "No matches found", " No matches found", " No matches found", " No matches found", " No matches found", "", "No matches found", "PreferredDDA", "", "[M-H]-1", "2056992.58605946", " ", " 2416293.55721975", " 1636890.38855532", " 94727.5956124231", "32.7952357518301", " ", " 48.0954534021705", " ", " ", "0.851", " 0.677", " 0.039", " 0.000", " 0.058", "-0.23", " -0.56", " -4.67", " -Infinity", " -4.11", "0.999715441729461", " ", " ", " ", " ", "0.999999999876955", " ", " ", " ", " ", "7.0", "", " ", " 6.6", " 6.4", " 5.7", " 6.4", " 7.0", " ", " ", " ", " ", " ", " ", " ", " ", " ", " ", " ", " 2.5", " 4.9", " 5.4", " 6.1", " 6.5", " 6.5", " 6.5", " 5.9", " ", " ", " ", " ", " ", " ", " ", " ", " ", " ", " ", " 1.5", " ", " "
"516", "", "False", "", "C12 H4 N4 O6", "Full match", " No results", " No results", " No results", " No results", "0.55", "300.01325", "299.00597", "8.896", "4317618.13144188", "0", "0", "0", "", "", "", "No matches found", " No matches found", " No matches found", " No matches found", " No matches found", "", "No matches found", "PreferredDDA", "", "[M-H]-1", "2601806.52754291", " 2855158.13997197", " 2915926.06203804", " 2406863.32424574", " 3220226.13835003", "7.953525964588", " 4.70218832838135", " 20.2803209669124", " 8.8550558536061", " 8.0570258428677", "0.892", " 0.825", " 1.104", " 1.186", " 1.338", "-0.16", " -0.28", " 0.14", " 0.25", " 0.42", "0.0510171404279653", " 0.000834602425224262", " 0.999971007523808", " 0.0933938460720373", " 0.00112611008952013", "0.999999999876955", " 0.00798088569120701", " 0.999999999961495", " 0.999999999989872", " 0.0777589128949352", "8.0", "5.3", " ", " 7.5", " ", " 3.7", " 3.4", " ", " 5.3", " 8.0", " 5.8", " 7.7", " 6.1", " 5.8", " 7.7", " 7.3", " 4.2", " 6.5", " 4.1", " 3.7", " ", " 3.4", " 3.0", " 5.3", " 4.5", " 6.4", " 6.0", " 6.8", " 4.5", " 4.5", " 7.5", " 4.9", " 7.1", " 6.8", " 5.3", " 5.3", " 5.3", " 7.5", " 5.6", " 5.6", " 7.1"
"958", "", "False", "NP-008993", "C18 H34 O4", "Full match", " Full match", " Full match", " Partial match", " Partial match", "0.12", "314.24575", "313.23847", "2.867", "4312193.80382911", "44", "5", "1", "95.6", "9.8", "5.3", "No matches found", " No matches found", " No matches found", " Single match found", " No matches found", "", "Multiple matches found", "PreferredDDA", "", "[M-H]-1", "3066402.71035994", " 2714388.2983403", " 2021404.76705609", " 2576463.3564855", " 1061678.35706162", "30.9398312713277", " 33.6193124245402", " ", " 25.6092514726274", " 83.8013225568917", "1.517", " 1.275", " 0.525", " 1.054", " 0.412", "0.60", " 0.35", " -0.93", " 0.08", " -1.28", "", " ", " ", " 0.999995440499375", " 0.413836548576338", "", " ", " ", " 0.999999999989872", " 1", "4.9", "1.9", " 4.9", " 2.9", " 4.4", " ", " 4.0", " 2.5", " 4.4", " 1.5", " 3.2", " 2.1", " 1.7", " 2.1", " 2.5", " 2.1", " 2.2", " ", " ", " ", " ", " ", " 2.1", " ", " ", " ", " 1.5", " 2.0", " ", " ", " ", " ", " ", " 4.1", " ", " 0.0", " ", " 0.0", " ", " 0.5", " "
"656", "", "False", "LPE 18:2", "C23 H44 N O7 P", "Not the top hit", " No results", " Full match", " Partial match", " Partial match", "-0.64", "477.28523", "476.27796", "3.855", "4310821.83143492", "2", "0", "1", "", "", "69.2", "No matches found", " No matches found", " No matches found", " Single match found", " No matches found", "", "Multiple matches found", "PreferredDDA", "", "[M-H]-1", "1190223.28843768", " 1284492.23707277", " 1357910.38174005", " 1810853.63113483", " 2716950.15748128", "76.2263073858647", " 54.2816135112096", " 40.6297680076565", " 51.8612579248757", " 67.2734213625767", "0.877", " 1.334", " 2.001", " 0.709", " 1.500", "-0.19", " 0.42", " 1.00", " -0.50", " 0.59", "0.999995841492226", " 0.879158480583098", " 0.590854074646063", " 0.999952609801626", " 0.986754721940821", "0.999999999876955", " 0.999999999849258", " 0.999999999961495", " 0.999999999989872", " 1", "4.6", "1.0", " 1.1", " ", " 1.7", " ", " ", " ", " 1.6", " 1.0", " 2.3", " ", " ", " 1.7", " ", " ", " ", " ", " ", " 1.4", " 2.3", " 4.4", " ", " 1.9", " 1.4", " 0.4", " 4.4", " ", " ", " 2.9", " 4.6", " ", " ", " 0.8", " 3.9", " ", " ", " ", " 3.5", " 0.4", " 1.4"
"407", "", "False", "", "C9 H12 N4 O P2 S", "Full match", " No results", " No results", " No results", " No results", "3.23", "286.02163", "285.01435", "0.559", "4253434.82007903", "0", "0", "0", "", "", "", "No matches found", " No matches found", " No matches found", " No matches found", " No matches found", "", "No matches found", "PreferredDDA", "", "[M-H]-1", "4253434.82007903", " 2252501.75114871", " 2002431.14232923", " 1106546.63114919", " ", "", " 0.465232145439938", " ", " ", " ", "2.124", " 0.553", " 0.000", " 2.036", " 0.000", "1.09", " -0.86", " -Infinity", " 1.03", " -Infinity", "", " ", " ", " ", " ", "", " ", " ", " ", " ", "8.6", "", " ", " ", " ", " ", " ", " ", " 5.4", " ", " ", " ", " 8.6", " ", " ", " 8.2", " ", " ", " ", " ", " ", " ", " ", " ", " ", " 5.2", " ", " ", " 2.7", " ", " ", " ", " ", " ", " ", " ", " ", " ", " ", " ", " "
"422", "", "False", "", "C7 H14 N6 O2 S3", "Full match", " No results", " No results", " No match", " No results", "-3.13", "310.03306", "309.02579", "0.552", "4212941.06221647", "1", "0", "0", "", "", "", "No matches found", " No matches found", " No matches found", " No matches found", " No matches found", "", "No matches found", "PreferredDDA", "", "[M-H]-1", "2158152.67135034", " 2050928.70635829", " 4212941.06221647", " ", " ", "", " 8.47809127015689", " ", " ", " ", "0.512", " 0.000", " 0.000", " Infinity", " ", "-0.97", " -Infinity", " -Infinity", " Infinity", " ", "", " ", " ", " ", " ", "", " ", " ", " ", " ", "8.1", "", " ", " ", " ", " 5.2", " ", " ", " ", " ", " ", " ", " 8.1", " ", " ", " 8.1", " ", " ", " ", " ", " ", " ", " ", " ", " ", " 5.8", " ", " ", " ", " ", " ", " ", " ", " ", " ", " ", " ", " ", " ", " ", " "
"495", "", "False", "Eicosapentaenoic acid", "C20 H30 O2", "Full match", " Full match", " No results", " Full match", " Not the top hit", "-1.00", "302.22428", "301.21716", "5.785", "4190981.91300123", "59", "2", "0", "79.8", "69.0", "", "No matches found", " No matches found", " No matches found", " No matches found", " No matches found", "", "Multiple matches found", "PreferredDDA", "CO2", "[M-H]-1", "1090474.32856057", " 2577729.98692726", " ", " 1966128.55776814", " ", "68.7794334790707", " 88.5074373556839", " ", " 91.0958657988978", " ", "Infinity", " Infinity", " ", " 1.311", " 0.000", "Infinity", " Infinity", " ", " 0.39", " -Infinity", "", " ", " ", " 0.930180288693809", " ", "", " ", " ", " 0.999999999989872", " ", "4.8", "", " ", " 3.6", " 4.8", " 4.6", " 0.0", " 1.9", " 1.1", " ", " 0.8", " 3.9", " ", " ", " ", " ", " ", " ", " ", " ", " ", " ", " ", " ", " ", " ", " ", " 3.9", " ", " 4.5", " ", " ", " ", " ", " ", " ", " ", " ", " ", " ", " "
"509", "", "False", "12-epi Leukotriene B4", "C20 H32 O4", "No match", " Invalid mass", " No results", " No match", " No match", "-53566.83", "318.21928", "299.20148", "5.390", "4171488.76523178", "68", "13", "0", "77.6", "67.0", "", "No matches found", " No matches found", " No matches found", " No matches found", " No matches found", "", "Multiple matches found", "PreferredDDA", "CO2", "[M-H-H2O]-1", "4171488.76523178", " 3059450.86168957", " ", " 2519994.1576194", " 2294432.75831519", "", " 21.3722574142126", " ", " ", " ", "Infinity", " Infinity", " Infinity", " 1.214", " 0.910", "Infinity", " Infinity", " Infinity", " 0.28", " -0.14", "", " ", " ", " ", " ", "", " ", " ", " ", " ", "6.8", "", " ", " 5.8", " ", " ", " ", " ", " ", " 6.8", " ", " ", " 4.9", " ", " 5.6", " ", " ", " ", " ", " ", " ", " ", " ", " ", " ", " ", " ", " ", " ", " 2.7", " ", " ", " ", " ", " ", " ", " ", " ", " ", " 5.8", " "
"549", "", "False", "", "C3 H Cl N4 O2 P2", "Full match", " No results", " No results", " No results", " No results", "2.90", "221.92697", "220.91969", "8.898", "4167285.90297714", "0", "0", "0", "", "", "", "No matches found", " No matches found", " No matches found", " No matches found", " No matches found", "", "No matches found", "PreferredDDA", "CO2", "[M-H]-1", "3741587.27109018", " 3544869.25588998", " 3086975.54252477", " 3736644.6705131", " 3963992.4544148", "", " 9.40122684679566", " 16.0119291262515", " 7.80649425600738", " ", "1.212", " 1.210", " 1.284", " 0.949", " 1.061", "0.28", " 0.28", " 0.36", " -0.08", " 0.09", "", " 0.151580245639752", " ", " 0.983616624224533", " ", "", " 0.414138885408609", " ", " 0.999999999989872", " ", "7.5", "3.1", " ", " ", " ", " ", " ", " ", " ", " ", " 5.3", " ", " 5.3", " ", " ", " ", " ", " 7.5", " ", " 6.1", " 4.2", " ", " 6.5", " ", " ", " ", " 4.5", " ", " ", " ", " 3.7", " 4.5", " 4.1", " ", " ", " ", " ", " ", " ", " ", " 5.0"
"525", "", "False", "", "C13 H14 O P2", "Full match", " No results", " No results", " No results", " No results", "0.65", "248.05215", "247.04454", "0.632", "4154257.07828532", "0", "0", "0", "", "", "", "No matches found", " No matches found", " No matches found", " No matches found", " No matches found", "", "No matches found", "PreferredDDA", "", "[M-H]-1", "2758312.07096886", " 623177.828835686", " 1135211.36928344", " 709131.708880089", " 294877.206880974", "71.5714651163643", " ", " ", " ", " ", "2.430", " 0.625", " 0.260", " 0.879", " 0.416", "1.28", " -0.68", " -1.94", " -0.19", " -1.27", "", " ", " ", " ", " ", "", " ", " ", " ", " ", "5.9", "", " ", " ", " ", " ", " ", " 5.5", " 5.4", " ", " ", " ", " ", " ", " ", " 4.9", " ", " ", " ", " ", " ", " ", " ", " ", " ", " 5.9", " ", " ", " 3.0", " ", " ", " ", " ", " ", " ", " ", " ", " ", " 3.0", " ", " "
"637", "", "False", "", "C10 H18 N6 O2", "Full match", " No results", " No results", " No results", " No results", "0.39", "254.14922", "253.14195", "4.014", "4148822.14834216", "0", "0", "0", "", "", "", "No matches found", " No matches found", " No matches found", " No matches found", " No matches found", "", "No matches found", "PreferredDDA", "", "[M-H]-1", "2611262.521156", " 2846822.40314765", " 2367167.59662927", " 2331301.26228635", " 2457336.1014114", "19.0342185640324", " 23.7396358785465", " 23.9880420693194", " 38.6684081016741", " 32.2062653422959", "1.103", " 0.985", " 1.038", " 1.221", " 1.054", "0.14", " -0.02", " 0.05", " 0.29", " 0.08", "0.926694007472631", " 0.89530285948733", " 0.957919607772108", " 0.70582144755132", " 0.999632656593625", "0.999999999876955", " 0.999999999849258", " 0.999999999961495", " 0.999999999989872", " 1", "6.5", "4.0", " ", " 4.6", " 5.5", " 4.6", " 3.5", " 5.4", " 4.4", " 6.5", " 6.0", " 4.9", " 4.5", " 4.1", " 4.1", " 3.4", " 4.5", " 3.7", " 4.5", " 3.7", " 5.3", " ", " ", " ", " 4.1", " 5.6", " ", " 4.0", " 2.5", " 5.1", " 2.2", " 3.4", " 2.6", " 2.1", " 2.9", " 3.6", " ", " 3.4", " 4.4", " 2.2", " 5.1"
"357", "", "False", "", "C28 H20 N4 O2", "Full match", " No results", " No results", " No match", " No results", "3.45", "444.16016", "443.15288", "4.742", "4099766.06177219", "1", "0", "0", "", "", "", "No matches found", " No matches found", " No matches found", " No matches found", " No matches found", "", "No matches found", "PreferredDDA", "", "[M-H]-1", "1984240.01581375", " 2509553.14359907", " 2002546.2271731", " 1626279.35246596", " ", "25.3447412758984", " 2.94843886946472", " 61.9870458619985", " 61.5002797531598", " ", "0.991", " 0.812", " 0.000", " 1.543", " 0.000", "-0.01", " -0.30", " -Infinity", " 0.63", " -Infinity", "0.968467126874169", " 0.929494931635821", " ", " 0.964130063389462", " ", "0.999999999876955", " 0.999999999849258", " ", " 0.999999999989872", " ", "6.5", "", " ", " 1.6", " ", " 4.1", " 6.2", " 2.8", " ", " ", " 6.5", " ", " 6.1", " ", " ", " ", " ", " ", " 3.1", " 2.7", " ", " 3.1", " 2.5", " 0.8", " 0.6", " 2.3", " 2.1", " 2.9", " 3.5", " 3.3", " 1.0", " 2.0", " ", " ", " ", " ", " ", " ", " ", " ", " "
"498", "", "False", "", "C16 H41 N6 O P S2", "Full match", " No results", " No results", " No results", " No results", "3.80", "428.25371", "427.24644", "4.940", "4090920.32728937", "0", "0", "0", "", "", "", "No matches found", " No matches found", " No matches found", " No matches found", " No matches found", "", "No matches found", "PreferredDDA", "", "[M-H]-1", "2668840.65742451", " 2248107.58669775", " 2090332.59645768", " 2758012.542759", " 1445600.09045685", "40.9198827800093", " 40.0798122894658", " 30.3834533363776", " ", " 42.922612588261", "1.277", " 1.319", " 0.692", " 0.815", " 0.524", "0.35", " 0.40", " -0.53", " -0.29", " -0.93", "0.564706597719576", " ", " 0.840404301390073", " ", " ", "0.999999999876955", " ", " 0.999999999961495", " ", " ", "5.5", "3.3", " 4.8", " 5.0", " 4.4", " 1.6", " 3.5", " 3.9", " 3.1", " 3.6", " 1.6", " ", " 2.7", " 2.5", " 2.3", " 2.9", " ", " ", " 2.2", " ", " 5.3", " 1.7", " 5.5", " 4.7", " 3.0", " 2.5", " ", " ", " ", " ", " ", " 2.7", " ", " ", " 4.8", " ", " 3.3", " 1.9", " ", " 2.1", " "
"361", "", "False", "", "C36 H71 N2 O3 P", "Full match", " No results", " No results", " No results", " No results", "-3.54", "610.51807", "609.51080", "6.475", "4066775.33430704", "0", "0", "0", "", "", "", "No matches found", " No matches found", " No matches found", " No matches found", " No matches found", "", "No matches found", "PreferredDDA", "", "[M-H]-1", "3595664.08327086", " 4066775.33430704", " 2784035.29233793", " 751536.369970502", " 1580369.12414013", "0.445655032225477", " ", " 54.7086050373849", " ", " 81.6533362161277", "1.292", " 0.270", " 0.568", " 5.411", " 2.103", "0.37", " -1.89", " -0.82", " 2.44", " 1.07", "0.83194531692217", " ", " 0.915318710998242", " ", " ", "0.999999999876955", " ", " 0.999999999961495", " ", " ", "8.0", "", " ", " ", " ", " ", " 8.0", " 6.1", " ", " ", " ", " 2.7", " ", " ", " ", " ", " ", " ", " ", " ", " 6.1", " 4.9", " ", " 4.5", " 5.0", " 2.3", " ", " ", " ", " ", " ", " ", " 3.4", " ", " ", " ", " ", " 2.7", " ", " ", " 2.3"
"377", "", "False", "", "C H N3 O6 P2 S", "Full match", " No results", " No results", " No results", " No results", "2.04", "244.90663", "243.89935", "1.045", "4060141.89373174", "0", "0", "0", "", "", "", "No matches found", " No matches found", " No matches found", " No matches found", " No matches found", "", "No matches found", "PreferredDDA", "NO2", "[M-H]-1", "1319186.40560478", " 1065054.63476427", " 1772304.34709144", " 1291233.53589522", " 1142733.03426202", "68.2941696119156", " 76.3334211313843", " 47.9970974190333", " 66.4631374986068", " 48.2301893920405", "0.744", " 0.729", " 0.645", " 0.825", " 0.885", "-0.43", " -0.46", " -0.63", " -0.28", " -0.18", "0.999921684539878", " 0.999942370739073", " 0.913577791694575", " 0.998414694528472", " 0.948679729139954", "0.999999999876955", " 0.999999999849258", " 0.999999999961495", " 0.999999999989872", " 1", "6.3", "2.1", " 5.3", " 3.4", " 4.8", " 4.4", " 4.4", " 4.6", " 2.7", " 3.0", " 5.5", " 5.4", " ", " 4.5", " 3.8", " 5.5", " 4.6", " 3.8", " 4.8", " 6.1", " 3.4", " 5.3", " 4.4", " 3.5", " 6.3", " 3.3", " 5.5", " 2.7", " 4.9", " 5.5", " 5.2", " 5.5", " 4.0", " 5.3", " 5.5", " 3.4", " 5.3", " 1.1", " 2.9", " 5.2", " 5.5"
"648", "", "False", "", "C33 H43 N O8 S", "Full match", " No results", " No results", " No results", " No results", "-4.45", "613.26821", "612.26093", "4.348", "4051200.8374348", "0", "0", "0", "", "", "", "No matches found", " No matches found", " No matches found", " No matches found", " No matches found", "", "No matches found", "PreferredDDA", "", "[M-H]-1", "1966071.11735707", " 1083044.87163957", " 2476580.70661435", " 794841.08257649", " 1224315.07355545", "37.0419302862679", " ", " 46.1815973384609", " ", " 12.2643100070439", "0.794", " 0.321", " 0.494", " 1.363", " 1.540", "-0.33", " -1.64", " -1.02", " 0.45", " 0.62", "0.945485600160759", " ", " 0.576884902508309", " ", " ", "0.999999999876955", " ", " 0.999999999961495", " ", " ", "5.9", "4.4", " ", " ", " 3.2", " 4.9", " 3.4", " 4.7", " 5.9", " ", " ", " ", " ", " 1.1", " ", " ", " ", " ", " 2.0", " 3.5", " 4.4", " 4.6", " 4.2", " 2.1", " 1.2", " 1.7", " ", " ", " ", " ", " ", " ", " 3.0", " ", " 3.0", " ", " ", " ", " 2.8", " ", " "
"651", "", "False", "", "C48 H47 N O3", "Full match", " No results", " No results", " No match", " No results", "1.49", "685.35662", "684.34934", "3.922", "4036512.78039748", "1", "0", "0", "", "", "", "No matches found", " No matches found", " No matches found", " No matches found", " No matches found", "", "No matches found", "PreferredDDA", "", "[M-H]-1", "1323877.33745104", " 1356939.46123771", " 1212223.42271364", " 1959821.78512799", " 1662983.0879126", "51.6957456808383", " 25.4309241634944", " 73.5056163353953", " 46.160832354659", " 49.3974718771945", "1.092", " 1.617", " 1.372", " 0.692", " 0.849", "0.13", " 0.69", " 0.46", " -0.53", " -0.24", "0.983684274201846", " 0.475458009095711", " 0.97396343806681", " 0.743684702624321", " 0.806555430722808", "0.999999999876955", " 0.92265492531583", " 0.999999999961495", " 0.999999999989872", " 1", "5.8", "2.5", " 1.9", " 0.8", " 0.4", " 3.9", " 2.9", " 2.5", " 3.5", " 2.0", " 2.0", " 1.6", " 5.4", " 3.5", " 2.8", " ", " 5.8", " 2.0", " 1.1", " 3.1", " ", " 4.8", " ", " 2.7", " 3.6", " 3.3", " 1.4", " 2.5", " 2.3", " 4.8", " 2.3", " 5.2", " ", " 4.6", " 4.2", " 1.9", " 2.0", " 1.9", " 1.0", " 3.6", " 2.7"
"1069", "", "False", "8-iso Prostaglandin F1?", "C20 H36 O5", "No match", " Invalid mass", " No match", " No match", " No match", "-50554.75", "338.24583", "337.23855", "3.278", "4010860.05370666", "20", "3", "2", "62.5", "8.1", "1.1", "No matches found", " No matches found", " No matches found", " Multiple matches found", " No matches found", "", "Multiple matches found", "PreferredDDA", "", "[M-H]-1", "1521503.05805913", " 2064298.28979881", " 1044214.43867715", " 2157723.89673544", " 918522.013794469", "42.0587318306087", " 38.626051417069", " 39.911176312284", " 2.21363796038962", " 23.8672389257562", "1.457", " 2.066", " 0.880", " 0.957", " 0.426", "0.54", " 1.05", " -0.19", " -0.06", " -1.23", "0.999999849541796", " 0.4130687921928", " 0.913886365034827", " 0.99999532565048", " 0.226806937399366", "0.999999999876955", " 0.842660336073312", " 0.999999999961495", " 0.999999999989872", " 1", "5.2", "", " ", " 1.5", " 1.5", " 2.9", " 3.3", " 0.6", " 2.1", " ", " 0.7", " 0.7", " 2.6", " ", " 1.1", " 1.5", " 1.0", " ", " 2.8", " ", " 2.0", " 2.6", " 1.3", " ", " ", " 1.5", " ", " ", " 4.0", " 4.4", " ", " 5.2", " ", " ", " ", " 2.5", " 4.4", " ", " ", " ", " "
"930", "", "False", "(±)9-HpODE", "C18 H32 O4", "Full match", " Full match", " Full match", " Not the top hit", " Not the top hit", "0.12", "312.23010", "311.22282", "3.012", "3990568.14357541", "47", "1", "2", "85.3", "50.0", "9.2", "No matches found", " No matches found", " No matches found", " Multiple matches found", " No matches found", "", "Multiple matches found", "PreferredDDA", "", "[M-H]-1", "2368690.8010781", " 2152736.65092924", " 2620527.10144801", " 3964913.88194579", " 1789045.22937096", "", " ", " 24.3179076249012", " 0.915041431150522", " ", "0.904", " 1.513", " 0.683", " 0.543", " 0.451", "-0.15", " 0.60", " -0.55", " -0.88", " -1.15", "", " 0.415115853652718", " ", " ", " ", "", " 0.843089277993794", " ", " ", " ", "7.3", "", " ", " ", " ", " ", " 0.5", " ", " ", " ", " ", " 0.2", " ", " ", " ", " ", " ", " ", " ", " ", " 3.7", " ", " ", " 4.3", " 5.3", " ", " ", " 3.9", " ", " 7.3", " ", " ", " ", " ", " ", " ", " ", " ", " ", " ", " 0.6"
"622", "", "False", "", "C14 H23 N6 O2 P", "Full match", " No results", " No results", " No match", " No results", "1.49", "338.16252", "337.15524", "3.748", "3947104.75674797", "1", "0", "0", "", "", "", "No matches found", " No matches found", " No matches found", " No matches found", " No matches found", "", "No matches found", "PreferredDDA", "", "[M-H]-1", "1361806.549941", " 2277434.98201374", " 1263240.56690047", " 2266003.81589431", " 616471.207912201", "43.507616088649", " 27.7688279613284", " 35.5876142281414", " 34.8328598573419", " ", "1.078", " 1.794", " 0.488", " 1.005", " 0.272", "0.11", " 0.84", " -1.04", " 0.01", " -1.88", "0.698356078811817", " 0.0239081197604883", " ", " 0.931173400101489", " ", "0.999999999876955", " 0.104512637810135", " ", " 0.999999999989872", " ", "5.1", "4.0", " 4.5", " 3.1", " ", " 2.7", " ", " 2.5", " ", " ", " 3.5", " 1.8", " 2.6", " 2.4", " 3.4", " ", " ", " 2.1", " 1.9", " 2.6", " 3.5", " 4.5", " 3.9", " ", " 4.5", " 3.2", " 2.5", " 2.2", " 3.2", " 3.0", " 2.9", " 2.2", " 1.9", " 5.1", " ", " ", " ", " 1.1", " ", " ", " "
"581", "", "False", "", "C9 H19 N6 O10 P", "Full match", " No results", " No results", " No results", " No results", "-0.64", "402.08977", "401.08249", "0.561", "3930894.09407592", "0", "0", "0", "", "", "", "No matches found", " No matches found", " No matches found", " No matches found", " No matches found", "", "No matches found", "PreferredDDA", "", "[M-H]-1", "1170364.48516973", " 1722950.68418547", " 1600566.17435617", " 1788506.49601228", " 1411031.72029886", "70.8258999909912", " 48.7280507257107", " 41.4128225203478", " 43.8514743806753", " 17.1146109916481", "0.731", " 1.117", " 0.882", " 0.963", " 0.789", "-0.45", " 0.16", " -0.18", " -0.05", " -0.34", "0.957749893645971", " 0.998575771930736", " 0.89627252584895", " 0.991701315865194", " 0.746713090419141", "0.999999999876955", " 0.999999999849258", " 0.999999999961495", " 0.999999999989872", " 1", "7.0", "3.6", " 4.9", " 5.2", " 4.9", " 5.4", " ", " 3.3", " ", " 3.8", " 5.4", " 5.2", " ", " 1.4", " 3.9", " 5.2", " 4.9", " ", " 5.2", " 5.8", " 4.9", " 5.2", " ", " ", " 3.6", " 5.2", " 5.0", " 5.5", " 3.3", " 4.4", " 2.5", " ", " 3.0", " 5.2", " 7.0", " 6.8", " 6.7", " ", " 7.0", " 6.3", " 5.2"
"654", "", "False", "Ptilodene", "C20 H28 O4", "Not the top hit", " No results", " No results", " Not the top hit", " Full match", "0.00", "332.19876", "331.19146", "4.282", "3927454.26318845", "26", "0", "0", "", "", "", "No matches found", " No matches found", " No matches found", " No matches found", " No matches found", "", "Multiple matches found", "PreferredDDA", "CO2", "[M-H]-1", "3927454.26318845", " 1179666.52811331", " 894832.089819021", " 1746080.12346197", " 2712551.33974877", "", " 25.41761517456", " 69.3687058507956", " ", " 1.67775155925033", "4.389", " 1.951", " 3.031", " 0.676", " 1.554", "2.13", " 0.96", " 1.60", " -0.57", " 0.64", "", " ", " 0.159682012121724", " ", " ", "", " ", " 0.702290791176125", " ", " ", "5.4", "", " ", " ", " ", " ", " ", " ", " 4.2", " 1.6", " 1.6", " 3.1", " ", " ", " ", " ", " 1.0", " 5.4", " ", " 1.9", " ", " 4.2", " ", " ", " ", " 5.2", " ", " ", " ", " ", " ", " ", " 2.5", " ", " 5.0", " ", " 5.4", " ", " ", " ", " "
"566", "", "False", "", "C22 H32 N6 O3", "Full match", " No results", " No results", " No results", " No results", "0.31", "428.25372", "427.24645", "5.200", "3903432.72867289", "0", "0", "0", "", "", "", "No matches found", " No matches found", " No matches found", " No matches found", " No matches found", "", "No matches found", "PreferredDDA", "", "[M-H]-1", "2482253.57937391", " 2487901.87629881", " 779750.303314336", " 1877203.54580853", " 1111556.40951217", "35.2920719275379", " 54.9937462610788", " 42.0669074200155", " 46.2298798312828", " 60.6622226236833", "3.183", " 2.407", " 1.426", " 1.325", " 0.592", "1.67", " 1.27", " 0.51", " 0.41", " -0.76", "0.154352441838904", " 0.141244529802244", " 0.995028417499808", " 0.999968229519873", " 0.287643359736421", "0.999999999876955", " 0.397737663676256", " 0.999999999961495", " 0.999999999989872", " 1", "6.3", "", " 5.7", " 6.3", " ", " 4.0", " 5.9", " 3.8", " ", " 1.1", " 4.2", " 5.4", " 5.4", " 3.6", " 5.8", " 3.5", " 2.1", " 2.3", " 1.1", " 0.8", " 2.3", " 4.8", " 4.0", " ", " 2.7", " 2.9", " 2.1", " 1.9", " 5.8", " 3.4", " 3.5", " 5.8", " 3.3", " 2.5", " 2.7", " 2.3", " 3.6", " 4.5", " 1.5", " 1.4", " 1.1"
"758", "", "False", "", "C24 H51 Cl N O7 P", "Full match", " No results", " No results", " No results", " No results", "0.60", "531.30949", "530.30221", "4.348", "3865412.34551635", "0", "0", "0", "", "", "", "No matches found", " No matches found", " No matches found", " No matches found", " No matches found", "", "No matches found", "PreferredDDA", "", "[M-H]-1", "1501149.69523568", " 1282044.62078831", " 1906588.16239587", " 2082087.62467392", " 1647139.31084534", "47.5115884131208", " 10.7899170733693", " 35.528151968906", " ", " 24.0407375377154", "0.787", " 1.092", " 0.864", " 0.616", " 0.791", "-0.34", " 0.13", " -0.21", " -0.70", " -0.34", "0.999981330997227", " ", " 0.997780205966957", " ", " ", "0.999999999876955", " ", " 0.999999999961495", " ", " ", "6.8", "4.8", " 1.4", " 1.4", " 2.1", " 1.6", " 2.5", " 2.9", " 1.2", " 6.8", " ", " ", " ", " 2.6", " ", " ", " ", " ", " 2.6", " 3.2", " 3.4", " 2.1", " ", " 1.5", " 5.3", " 5.3", " ", " ", " ", " ", " 0.2", " ", " ", " ", " 3.1", " ", " ", " ", " ", " ", " 3.5"
"81", "", "False", "16-methyl-6Z,9Z-heptadecadienoic acid", "C18 H32 O2", "Full match", " No results", " No results", " Not the top hit", " Full match", "0.32", "280.24032", "279.23290", "5.868", "3864080.46959733", "119", "0", "0", "", "", "", "No matches found", " No matches found", " No matches found", " No matches found", " No matches found", "", "Multiple matches found", "PreferredDDA", "", "[M-H]-1", "1244905.51939117", " 2425067.08211566", " 2655179.37709563", " 2117653.19151821", " 2925585.54395653", "37.7425262149306", " 38.8350374937574", " 35.7773121163567", " 38.7682641638633", " ", "0.469", " 0.798", " 1.102", " 1.145", " 1.382", "-1.09", " -0.33", " 0.14", " 0.20", " 0.47", "0.180037283078435", " 0.877269530828859", " ", " 0.982908747594714", " ", "0.999999999876955", " 0.999999999849258", " ", " 0.999999999989872", " ", "6.4", "", " ", " 5.4", " ", " 4.1", " ", " 3.8", " ", " ", " 6.4", " 4.7", " ", " ", " ", " ", " ", " ", " ", " ", " 2.6", " 1.0", " ", " ", " 3.6", " 3.2", " 3.2", " 3.6", " ", " 3.6", " ", " ", " 1.5", " ", " ", " ", " ", " ", " ", " ", " 2.7"
"334", "", "False", "", "C7 H14 N6 O8 P2 S", "Full match", " No results", " No results", " No results", " No results", "0.61", "404.00715", "402.99987", "0.492", "3860641.36112573", "0", "0", "0", "", "", "", "No matches found", " No matches found", " No matches found", " No matches found", " No matches found", "", "No matches found", "PreferredDDA", "", "[M-H]-1", "3860641.36112573", " 1528892.54386924", " 850497.672124279", " 712155.251340164", " ", "", " 57.461715748409", " 49.8411391411912", " 4.14662068684384", " ", "4.539", " 0.837", " 0.000", " 2.147", " 0.000", "2.18", " -0.26", " -Infinity", " 1.10", " -Infinity", "", " 0.995644916518253", " ", " 0.666039837165714", " ", "", " 0.999999999849258", " ", " 0.999999999989872", " ", "8.7", "", " ", " ", " ", " ", " ", " 6.1", " ", " ", " ", " ", " 5.9", " ", " 5.3", " 5.5", " ", " ", " ", " ", " ", " ", " ", " 5.3", " 4.9", " 5.3", " ", " ", " 8.3", " ", " 8.3", " ", " 8.7", " ", " ", " ", " ", " ", " ", " ", " "
"699", "", "False", "", "C16 H26 N6 O6", "Full match", " No results", " No results", " No results", " No results", "0.74", "398.19168", "397.18440", "1.688", "3844013.21191456", "0", "0", "0", "", "", "", "No matches found", " No matches found", " No matches found", " No matches found", " No matches found", "", "No matches found", "PreferredDDA", "", "[M-H]-1", "1440901.98751806", " 1656860.71823612", " 906027.70353535", " 1262911.76073141", " 1693132.14148212", "42.0670736558099", " 51.6821976981045", " 48.3207667776764", " 59.3147468890779", " 31.1374939611976", "1.590", " 1.394", " 1.869", " 1.312", " 1.341", "0.67", " 0.48", " 0.90", " 0.39", " 0.42", "0.444872089442219", " 0.599758602854565", " 0.776370009010633", " 0.987994042998882", " 0.998712479587673", "0.999999999876955", " 0.999999999849258", " 0.999999999961495", " 0.999999999989872", " 1", "5.4", "2.9", " 2.5", " 5.0", " 4.8", " 5.2", " 1.7", " 5.0", " 2.1", " 4.4", " 5.0", " 2.7", " 1.7", " 5.4", " 5.4", " ", " 1.1", " 2.7", " ", " 3.0", " ", " ", " 5.2", " 1.9", " 3.3", " 4.5", " 3.6", " ", " 4.4", " 2.7", " 3.6", " 2.9", " 5.4", " 2.3", " 3.8", " 3.8", " 3.2", " ", " 4.5", " 4.1", " 4.9"
"773", "", "False", "deoxyuridine", "C9 H12 N2 O5", "Full match", " No results", " No results", " Full match", " No results", "-2.30", "228.07410", "227.06681", "0.568", "3750711.83399132", "1", "0", "0", "", "", "", "No matches found", " No matches found", " No matches found", " No matches found", " No matches found", "", "No matches found", "PreferredDDA", "", "[M-H]-1", "", " 1083070.41204034", " 1505325.79930643", " 1563578.88980777", " 1809787.65749729", "", " 65.3510297233024", " 53.9501624483926", " 23.734716428174", " 38.8916326128932", "0.000", " 1.039", " 1.202", " 0.693", " 1.157", "-Infinity", " 0.05", " 0.27", " -0.53", " 0.21", "", " 0.999649980569744", " 0.996246482346056", " 0.433432920010281", " 0.999519402443416", "", " 0.999999999849258", " 0.999999999961495", " 0.999999999989872", " 1", "6.0", "", " ", " ", " ", " ", " ", " ", " ", " ", " ", " ", " ", " ", " 0.0", " ", " ", " 4.4", " ", " 4.2", " 3.6", " 4.0", " 3.0", " ", " 2.9", " 3.6", " ", " ", " 5.4", " ", " ", " 5.4", " 3.9", " 5.3", " ", " 5.1", " 3.9", " ", " 6.0", " ", " 6.0"
"472", "", "False", "PA(O-16:0/18:4(6Z,9Z,12Z,15Z))", "C37 H67 O7 P", "No match", " No results", " No results", " Not the top hit", " Full match", "-0.48", "654.46213", "653.45485", "6.374", "3733101.56152784", "4", "0", "0", "", "", "", "No matches found", " No matches found", " No matches found", " No matches found", " No matches found", "", "Multiple matches found", "PreferredDDA", "", "[M-H]-1", "", " 1457213.75715792", " ", " 1977071.44356183", " 1279389.76521555", "", " 39.2585159231922", " ", " 47.0500938585495", " 17.7872851198025", "", " Infinity", " Infinity", " 0.737", " 0.647", "", " Infinity", " Infinity", " -0.44", " -0.63", "", " ", " ", " 0.42188440828021", " 0.378212848598028", "", " ", " ", " 0.999999999989872", " 1", "5.3", "", " ", " ", " ", " ", " ", " ", " ", " ", " ", " ", " ", " 4.1", " ", " ", " 5.3", " 5.1", " ", " ", " ", " ", " ", " ", " ", " ", " 1.0", " 1.7", " ", " ", " 5.0", " ", " ", " 2.3", " 3.4", " 2.1", " ", " ", " ", " ", " "
"378", "", "False", "", "C15 H38 N7 P", "Full match", " No results", " No results", " No results", " No results", "1.90", "347.29329", "346.28601", "7.102", "3720257.47195074", "0", "0", "0", "", "", "", "No matches found", " No matches found", " No matches found", " No matches found", " No matches found", "", "No matches found", "PreferredDDA", "", "[M-H]-1", "1801214.21494633", " 2020866.05542246", " ", " 2997933.70188371", " 2429011.77464998", "15.9950132047327", " 9.87432928364339", " ", " 34.0741381776186", " ", "Infinity", " Infinity", " Infinity", " 0.674", " 0.810", "Infinity", " Infinity", " Infinity", " -0.57", " -0.30", "", " ", " ", " 0.412705903043442", " ", "", " ", " ", " 0.999999999989872", " ", "5.4", "", " ", " ", " ", " ", " 4.0", " 5.4", " 3.3", " 4.3", " ", " ", " ", " ", " ", " ", " 3.5", " ", " ", " ", " ", " ", " ", " ", " ", " ", " ", " 4.0", " ", " 2.6", " ", " ", " ", " ", " ", " ", " 3.9", " ", " ", " ", " "
"638", "", "False", "14,14,14-Trifluoro-11E-tetradecenyl acetate", "C16 H27 F3 O2", "No match", " No results", " No results", " Full match", " Full match", "-0.10", "308.19629", "307.18901", "5.566", "3683446.29929596", "2", "0", "0", "", "", "", "No matches found", " No matches found", " No matches found", " No matches found", " No matches found", "", "Multiple matches found", "PreferredDDA", "", "[M-H]-1", "510102.635279713", " 3517905.04634525", " 538740.21047577", " 2237162.5802584", " 2194619.96529618", "", " 33.5150818846231", " 29.7106994479412", " 22.648989364529", " 31.3066643334733", "0.947", " 4.153", " 4.074", " 1.572", " 0.981", "-0.08", " 2.05", " 2.03", " 0.65", " -0.03", "", " 0.000634273838154842", " 0.00266761850699659", " 0.815282326899276", " 0.973213945395475", "", " 0.00646959314917939", " 0.0464781224488253", " 0.999999999989872", " 1", "6.0", "", " 2.3", " ", " ", " ", " ", " ", " ", " 5.7", " 5.1", " ", " 2.9", " 2.6", " 2.9", " 5.5", " 1.7", " ", " ", " 5.2", " ", " 3.3", " 3.3", " ", " ", " ", " 6.0", " ", " 5.0", " ", " 4.9", " 4.3", " ", " 4.3", " 5.1", " 3.4", " 4.0", " ", " 3.8", " ", " "
"346", "", "False", "", "C9 H19 N4 O14 P S", "Full match", " No results", " No results", " No results", " No results", "1.56", "470.03634", "469.02906", "0.492", "3668562.08837751", "0", "0", "0", "", "", "", "No matches found", " No matches found", " No matches found", " No matches found", " No matches found", "", "No matches found", "PreferredDDA", "", "[M-H]-1", "1032032.05644689", " 1009118.32620386", " 803131.919891936", " 1582642.78257857", " 1148791.93385903", "14.6192638885903", " 32.947754311297", " 63.3222669535577", " 56.2486897192941", " 63.1072204133174", "1.285", " 1.971", " 1.430", " 0.638", " 0.726", "0.36", " 0.98", " 0.52", " -0.65", " -0.46", "0.997680689630437", " 0.295607967789119", " 0.785748773970198", " 0.311000828511987", " 0.843306347164466", "0.999999999876955", " 0.685273016238413", " 0.999999999961495", " 0.999999999989872", " 1", "7.7", "7.7", " 7.3", " ", " ", " ", " ", " 7.3", " ", " 4.3", " 5.8", " 6.4", " ", " 6.2", " 4.5", " ", " 4.7", " ", " 5.9", " ", " ", " ", " 4.9", " 5.3", " 5.3", " ", " 4.9", " 6.1", " ", " 4.4", " 4.8", " 4.8", " 6.1", " 4.5", " 5.7", " 5.3", " 4.4", " 4.0", " 5.8", " 5.3", " 4.4"
"700", "", "False", "LPC 22:5", "C30 H52 N O7 P", "No match", " No results", " Invalid mass", " No results", " No results", "105420.84", "629.36930", "628.36202", "4.115", "3636032.40376047", "0", "0", "5", "", "", "78.7", "No matches found", " No matches found", " No matches found", " Multiple matches found", " No matches found", "", "No matches found", "PreferredDDA", "", "[M-H]-1", "1541779.78854798", " 1629552.9235057", " 1406636.05637404", " 1328523.38385013", " 1402283.52234945", "57.7633984918195", " 40.0284914342037", " 52.2627074268616", " 52.4181713182051", " 21.7492646859279", "1.096", " 0.944", " 0.997", " 1.227", " 1.056", "0.13", " -0.08", " 0.00", " 0.29", " 0.08", "0.997249861474771", " 0.999999319440052", " 0.999025948220516", " 0.967810253606623", " 0.998788061975515", "0.999999999876955", " 0.999999999849258", " 0.999999999961495", " 0.999999999989872", " 1", "5.8", "5.2", " 1.9", " 2.7", " 2.3", " 3.9", " 2.9", " 1.4", " 5.0", " 4.8", " 3.9", " 1.9", " 4.8", " 4.8", " 4.0", " 2.7", " 1.7", " 2.3", " ", " 4.6", " ", " ", " ", " ", " 1.4", " 1.1", " 3.4", " 1.9", " 1.7", " ", " 2.3", " 1.7", " 2.3", " 5.4", " 3.1", " ", " 1.6", " ", " 2.0", " 1.6", " 5.8"
"814", "", "False", "", "C18 H33 N6 O3 P S", "Invalid mass", " No results", " No results", " No results", " No results", "6.15", "444.20998", "443.20270", "3.743", "3621920.84293486", "0", "0", "0", "", "", "", "No matches found", " No matches found", " No matches found", " No matches found", " No matches found", "", "No matches found", "PreferredDDA", "", "[M-H]-1", "1568220.28819868", " 3312473.58681413", " 1199314.32894213", " 2443751.54808903", " 2385304.2237258", "48.1611095431613", " 18.9927868165941", " 52.365083478018", " 7.02336139953107", " 34.2839353049939", "1.308", " 2.038", " 1.989", " 1.355", " 0.976", "0.39", " 1.03", " 0.99", " 0.44", " -0.03", "0.888016908588188", " 0.307189205427687", " 0.270000150395093", " 0.962696318912957", " 0.9993817510582", "0.999999999876955", " 0.704999226456542", " 0.878557459169109", " 0.999999999989872", " 1", "6.9", "4.0", " 2.5", " ", " 1.1", " 5.4", " ", " ", " 1.7", " 6.1", " ", " ", " 3.5", " 5.4", " ", " 4.2", " 6.9", " ", " ", " ", " ", " 2.5", " ", " 2.7", " ", " ", " ", " ", " 3.7", " 4.9", " ", " ", " ", " ", " 1.0", " 2.5", " ", " 3.0", " ", " ", " 2.1"
"690", "", "False", "16-Hydroxyhexadecanoic acid", "C16 H32 O3", "Full match", " Full match", " No results", " Full match", " Not the top hit", "-0.12", "272.23511", "271.22784", "4.964", "3609547.75946384", "21", "1", "0", "94.1", "9.7", "", "No matches found", " No matches found", " No matches found", " No matches found", " No matches found", "", "Multiple matches found", "PreferredDDA", "", "[M-H]-1", "958053.692764226", " 936033.23826191", " 1814768.77984164", " 1088516.72080679", " 1285978.97475318", "16.936300737482", " 18.4355279819725", " 48.6054673826066", " 42.0245931894167", " 37.4492816588644", "0.528", " 0.600", " 0.709", " 0.860", " 1.181", "-0.92", " -0.74", " -0.50", " -0.22", " 0.24", "0.0722980286907943", " 0.630614746832522", " 0.517006883969597", " 0.938632244510594", " 0.999728097811524", "0.999999999876955", " 0.999999999849258", " 0.999999999961495", " 0.999999999989872", " 1", "6.1", "4.2", " 4.9", " 6.1", " ", " ", " ", " ", " 2.3", " 4.4", " ", " ", " ", " ", " ", " ", " 2.3", " 1.5", " 4.8", " 2.5", " 3.3", " 3.4", " ", " ", " 3.5", " 2.1", " ", " 4.0", " ", " 2.5", " 1.5", " ", " 0.0", " 0.4", " 4.9", " 1.3", " 3.8", " ", " 2.0", " ", " 3.8"
"1405", "", "False", "Cymatherol A", "C18 H28 O4", "Not the top hit", " No results", " No results", " Not the top hit", " Full match", "-0.32", "308.19866", "307.19142", "3.082", "3603532.58169886", "29", "0", "0", "", "", "", "No matches found", " No matches found", " No matches found", " No matches found", " No matches found", "", "Multiple matches found", "PreferredDDA", "", "[M-H]-1", "1185134.4364253", " 1250017.11185827", " 611541.331487786", " 1109528.97992885", " 1047236.31433361", "59.2755337744784", " 59.178108140834", " 3.68152477734317", " 28.7940327111576", " 25.2347397690003", "1.938", " 1.814", " 1.712", " 1.127", " 0.944", "0.95", " 0.86", " 0.78", " 0.17", " -0.08", "0.389897072849913", " 0.27558140406352", " 0.581654054172442", " 0.917589961168949", " 0.955462009076402", "0.999999999876955", " 0.642090682564243", " 0.999999999961495", " 0.999999999989872", " 1", "4.8", "", " 1.2", " 0.4", " ", " 1.4", " 0.4", " ", " ", " 0.8", " 0.8", " ", " 1.5", " 0.5", " 1.4", " 2.1", " 2.5", " ", " ", " ", " ", " 3.4", " ", " ", " 4.5", " ", " 1.6", " 2.1", " 2.5", " 3.3", " 3.1", " ", " 1.8", " 3.1", " 1.8", " 1.8", " 4.8", " ", " 2.8", " 2.8", " "
"601", "", "False", "Pexacerfont", "C18 H24 N6 O", "Full match", " No results", " No results", " Full match", " No results", "0.25", "340.20124", "339.19397", "4.974", "3590558.24292349", "1", "0", "0", "", "", "", "No matches found", " No matches found", " No matches found", " No matches found", " No matches found", "", "No matches found", "PreferredDDA", "", "[M-H]-1", "1403195.2908168", " 1677184.574749", " 1237497.29362873", " 1865105.32308785", " 1680064.82422635", "41.6030817133134", " 49.7194758647464", " 32.0970641542159", " 27.1526391298549", " 58.9547082279658", "1.134", " 1.507", " 1.358", " 0.899", " 0.901", "0.18", " 0.59", " 0.44", " -0.15", " -0.15", "0.999988981375478", " 0.608856381047837", " 0.657762799361329", " 0.992817420334108", " 0.9999870326499", "0.999999999876955", " 0.999999999849258", " 0.999999999961495", " 0.999999999989872", " 1", "5.5", "4.5", " ", " 2.5", " 2.3", " 2.5", " ", " ", " 2.9", " 5.5", " ", " ", " ", " 5.3", " ", " ", " 2.9", " 5.0", " 2.6", " ", " ", " ", " ", " 5.3", " 5.1", " ", " ", " ", " ", " ", " 3.4", " ", " 5.4", " 4.3", " 4.0", " ", " ", " ", " 4.2", " ", " 3.6"
"536", "", "False", "", "C30 H58 N6 O2", "Full match", " No results", " No results", " No results", " No results", "0.68", "534.46249", "533.45521", "6.943", "3587699.71218727", "0", "0", "0", "", "", "", "No matches found", " No matches found", " No matches found", " No matches found", " No matches found", "", "No matches found", "PreferredDDA", "", "[M-H]-1", "1384459.62606354", " 889881.130826323", " 1815724.50335021", " ", " 1230492.50857105", "31.4335914750163", " ", " 33.0652426909926", " ", " 38.6865980222002", "0.762", " 0.000", " 0.678", " Infinity", " Infinity", "-0.39", " -Infinity", " -0.56", " Infinity", " Infinity", "0.498470074171531", " ", " 0.0812143169116457", " ", " ", "0.999999999876955", " ", " 0.494704769306102", " ", " ", "5.9", "1.5", " 0.7", " ", " 5.5", " ", " 3.0", " ", " ", " ", " ", " ", " ", " 4.5", " ", " ", " ", " ", " 1.3", " 2.2", " 5.9", " 3.0", " 4.9", " 3.0", " 1.5", " 0.7", " ", " ", " ", " ", " ", " ", " ", " ", " ", " ", " 2.2", " 3.0", " ", " 5.4", " 3.8"
"496", "", "False", "", "C8 H17 N10 O3 P", "Full match", " No results", " No results", " No results", " No results", "-0.57", "332.12208", "331.11481", "0.635", "3561782.30678899", "0", "0", "0", "", "", "", "No matches found", " No matches found", " No matches found", " No matches found", " No matches found", "", "No matches found", "PreferredDDA", "", "[M-H]-1", "803366.276224402", " 769245.301150062", " 720812.967081311", " 629539.045438143", " ", "101.010255262207", " 21.8950032755236", " ", " ", " ", "1.115", " 0.873", " 0.000", " 1.222", " 0.000", "0.16", " -0.20", " -Infinity", " 0.29", " -Infinity", "", " ", " ", " ", " ", "", " ", " ", " ", " ", "6.1", "", " ", " ", " ", " 4.9", " ", " 4.9", " 6.1", " ", " 5.9", " ", " 4.4", " ", " ", " 3.3", " ", " ", " ", " ", " ", " ", " ", " ", " ", " 5.3", " ", " ", " 4.9", " ", " ", " ", " ", " ", " ", " ", " ", " ", " ", " ", " "
"841", "", "False", "Ambrettolic acid", "C16 H30 O3", "Full match", " No results", " No results", " Not the top hit", " Full match", "-0.16", "270.21945", "269.21217", "5.650", "3540891.55347818", "20", "0", "0", "", "", "", "No matches found", " No matches found", " No matches found", " No matches found", " No matches found", "", "Multiple matches found", "PreferredDDA", "CO2", "[M-H]-1", "2111956.3128596", " 2143974.48951941", " 1874695.4416502", " 2185425.09766051", " 2268468.51332822", "11.3929469848758", " 10.3669538841599", " 11.8214425811601", " 8.30618897690979", " 25.6495077053873", "1.127", " 1.166", " 1.210", " 0.981", " 1.038", "0.17", " 0.22", " 0.28", " -0.03", " 0.05", "0.511877238541443", " 0.250959441494261", " 0.037808984264645", " 0.853447117892715", " 0.819813937227056", "0.999999999876955", " 0.593764864153948", " 0.29029609952346", " 0.999999999989872", " 1", "6.4", "4.1", " 4.4", " 4.4", " 3.8", " 3.6", " 4.9", " 3.0", " 4.1", " 3.0", " 3.4", " 2.6", " 2.6", " 4.1", " 3.4", " 3.0", " 6.4", " 3.8", " 3.8", " 3.4", " 3.4", " 3.4", " 3.8", " 3.8", " 3.0", " 4.5", " 5.6", " 4.1", " 3.9", " 3.9", " 4.1", " 5.0", " 3.9", " 3.9", " 3.4", " 3.1", " 2.4", " 2.8", " ", " 3.0", " 3.7"
"342", "", "False", "", "C12 H17 N2 O2 P", "Full match", " No results", " No results", " No results", " No results", "0.32", "252.10285", "251.09557", "8.865", "3531593.6255375", "0", "0", "0", "", "", "", "No matches found", " No matches found", " No matches found", " No matches found", " No matches found", "", "No matches found", "PreferredDDA", "", "[M-H]-1", "1385215.82040552", " 2830950.48993114", " 1616039.98415839", " 3166191.20842392", " 1452454.87823091", "56.1184578306707", " 5.14752695617286", " ", " 64.6517543965452", " 124.27102212522", "0.857", " 1.959", " 0.899", " 0.894", " 0.459", "-0.22", " 0.97", " -0.15", " -0.16", " -1.12", "", " ", " ", " 0.98049556519983", " 0.757738887348468", "", " ", " ", " 0.999999999989872", " 1", "9.0", "", " ", " ", " 1.7", " ", " 4.2", " 4.4", " ", " 7.5", " ", " 9.0", " ", " 9.0", " ", " ", " ", " ", " 5.5", " ", " ", " ", " ", " ", " ", " ", " ", " ", " 6.1", " ", " 1.5", " 6.1", " ", " ", " ", " 6.5", " 3.8", " ", " ", " ", " "
"556", "", "False", "", "C6 H6 N3 O4 P", "Full match", " No results", " No results", " No results", " No results", "-1.07", "215.00936", "214.00208", "8.780", "3527561.53033962", "0", "0", "0", "", "", "", "No matches found", " No matches found", " No matches found", " No matches found", " No matches found", "", "No matches found", "PreferredDDA", "", "[M-H]-1", "1306919.70327493", " 3527561.53033962", " 572375.010938188", " 936574.158349897", " ", "10.1575399193366", " ", " ", " 56.9550579773283", " ", "2.283", " 1.636", " 0.000", " 3.766", " 0.000", "1.19", " 0.71", " -Infinity", " 1.91", " -Infinity", "", " ", " ", " ", " ", "", " ", " ", " ", " ", "7.9", "", " 7.9", " ", " 6.0", " ", " 7.6", " ", " ", " ", " ", " ", " ", " ", " ", " ", " 0.8", " ", " ", " ", " ", " 5.3", " ", " ", " ", " ", " 0.8", " 5.3", " 2.7", " 5.7", " 5.7", " 4.2", " 3.3", " 4.4", " ", " ", " ", " ", " ", " ", " "
"500", "", "False", "PG(O-16:0/13:0)", "C35 H71 O9 P", "No match", " No results", " No results", " Full match", " Full match", "-0.66", "666.48313", "665.47586", "5.030", "3507334.16758943", "1", "0", "0", "", "", "", "No matches found", " No matches found", " No matches found", " No matches found", " No matches found", "", "Single match found", "PreferredDDA", "", "[M-H]-1", "1326780.92815626", " 3099992.33131847", " 565373.897834543", " 2619427.53131828", " ", "12.0523826138865", " 65.8294165598558", " 46.2448788638397", " 27.1646974588001", " ", "2.347", " 4.633", " 0.000", " 1.183", " 0.000", "1.23", " 2.21", " -Infinity", " 0.24", " -Infinity", "0.636948318120909", " 0.101206988459398", " ", " 0.841094398043859", " ", "0.999999999876955", " 0.305618471729367", " ", " 0.999999999989872", " ", "6.8", "", " ", " ", " ", " ", " 4.5", " ", " 6.8", " ", " 3.5", " ", " ", " 2.7", " ", " 5.4", " ", " ", " 0.4", " ", " ", " ", " 0.0", " ", " ", " 3.4", " 3.9", " ", " ", " ", " ", " ", " 6.4", " 4.5", " ", " ", " ", " ", " ", " ", " "
"890", "", "False", "", "C30 H44 N4 O2", "Full match", " No results", " No results", " No match", " No results", "-2.55", "492.34517", "491.33789", "3.049", "3503678.11539499", "1", "0", "0", "", "", "", "No matches found", " No matches found", " No matches found", " No matches found", " No matches found", "", "No matches found", "PreferredDDA", "", "[M-H]-1", "", " 1963310.57945451", " 670424.885303989", " 1862059.52162787", " 1314418.49155044", "", " 44.5262811237043", " ", " 38.9048821564432", " 52.7885785675691", "0.000", " 2.777", " 1.961", " 1.054", " 0.706", "-Infinity", " 1.47", " 0.97", " 0.08", " -0.50", "", " ", " ", " 0.999330784530007", " 0.704601249079945", "", " ", " ", " 0.999999999989872", " 1", "5.8", "", " ", " ", " ", " ", " ", " ", " ", " 1.5", " 2.5", " 2.9", " 2.3", " 2.5", " 3.1", " 4.6", " 4.0", " 3.0", " ", " 2.3", " ", " ", " ", " ", " ", " ", " 4.7", " 3.6", " 2.6", " 2.6", " 5.1", " 2.6", " 2.4", " 3.0", " 2.1", " 1.4", " 5.8", " 1.1", " 1.7", " 1.7", " 1.5"
"1083", "", "False", "2E,4E,8E,10E-Dodecatetraenedioic acid", "C12 H14 O4", "Full match", " No results", " No results", " Partial match", " Full match", "-2.53", "222.08865", "221.08137", "0.902", "3484836.76872173", "7", "0", "0", "", "", "", "No matches found", " No matches found", " No matches found", " No matches found", " No matches found", "", "Single match found", "PreferredDDA", "CO2", "[M-H]-1", "1171940.03997735", " 1669542.24396301", " ", " 1884853.72909266", " 1649998.79688936", "14.2465889857754", " 33.231881228177", " ", " 35.5741035704597", " 56.5081724173061", "Infinity", " Infinity", " Infinity", " 0.886", " 0.875", "Infinity", " Infinity", " Infinity", " -0.17", " -0.19", "", " ", " ", " 0.967092803166276", " 0.999871526394471", "", " ", " ", " 0.999999999989872", " 1", "4.2", "", " ", " 4.1", " ", " 3.4", " 3.4", " ", " ", " ", " 2.6", " 2.6", " ", " 2.2", " 2.9", " ", " 2.6", " ", " ", " ", " ", " ", " ", " ", " ", " ", " ", " ", " 3.6", " 1.5", " ", " 4.1", " ", " 3.0", " 4.2", " 2.5", " ", " ", " 1.0", " ", " "
"881", "", "False", "12,13-Dimethyl-5,14-dioxabicyclo[9.2.1]-tetradeca-1(13),11-dien-4-one", "C14 H20 O3", "Full match", " No results", " No results", " Not the top hit", " Full match", "-1.55", "236.14088", "235.13360", "2.664", "3482688.90115854", "5", "0", "0", "", "", "", "No matches found", " No matches found", " No matches found", " No matches found", " No matches found", "", "Single match found", "PreferredDDA", "CO2", "[M-H]-1", "1822173.7808289", " 1660235.35312947", " 1566962.42667473", " 1433529.73771571", " 1258115.96398769", "51.2372267788697", " 44.5283955181223", " 33.3000429554685", " 9.3003929317497", " 28.2579003142619", "1.163", " 0.915", " 0.803", " 1.158", " 0.878", "0.22", " -0.13", " -0.32", " 0.21", " -0.19", "0.700812836733197", " 0.990166569818465", " 0.999900670776567", " 0.996616332309634", " 0.998445462388351", "0.999999999876955", " 0.999999999849258", " 0.999999999961495", " 0.999999999989872", " 1", "6.2", "1.9", " 1.1", " 2.9", " 2.7", " 2.3", " 3.1", " 3.3", " 2.0", " 1.9", " 3.5", " 3.5", " ", " 1.5", " 2.9", " 4.8", " 2.9", " 1.4", " 2.6", " ", " 2.0", " 3.8", " 2.2", " 1.6", " 5.7", " 5.3", " 3.9", " ", " 5.0", " 4.6", " 3.9", " ", " 6.2", " 3.9", " ", " 4.3", " 1.4", " ", " 2.4", " 3.9", " 2.4"
"609", "", "False", "LPC 18:0", "C26 H54 N O7 P", "No match", " No results", " Invalid mass", " No match", " No match", "114683.19", "583.38482", "582.37754", "5.117", "3476405.45497873", "1", "0", "11", "", "", "81.8", "No matches found", " No matches found", " No matches found", " Multiple matches found", " No matches found", "", "Single match found", "PreferredDDA", "", "[M-H]-1", "1524159.87266528", " 654594.997812613", " 1263821.77998654", " 1193547.82900689", " 866331.361556118", "43.7124994091462", " 8.83130696767556", " 48.5487648781351", " 1.74484206242131", " 9.58197223302254", "1.206", " 0.944", " 0.685", " 0.548", " 0.726", "0.27", " -0.08", " -0.54", " -0.87", " -0.46", "0.909496662712856", " 0.976815850416533", " 0.332724497148063", " 0.426379918834526", " 0.867462098465398", "0.999999999876955", " 0.999999999849258", " 0.957365107362495", " 0.999999999989872", " 1", "7.8", "4.4", " 1.4", " 2.1", " 2.1", " ", " 2.5", " 1.7", " 5.0", " ", " 6.3", " ", " ", " 4.0", " ", " ", " ", " 4.0", " 2.5", " 5.0", " 4.8", " 4.8", " 1.9", " 4.2", " 1.6", " ", " ", " ", " ", " ", " 7.8", " ", " ", " 4.8", " 7.1", " ", " ", " ", " 4.8", " 4.8", " "
"591", "", "False", "", "C12 H15 N8 O P S", "Full match", " No results", " No results", " No results", " No results", "3.09", "350.08380", "349.07652", "0.523", "3468593.82126565", "0", "0", "0", "", "", "", "No matches found", " No matches found", " No matches found", " No matches found", " No matches found", "", "No matches found", "PreferredDDA", "", "[M-H]-1", "1024981.76767779", " 2324130.10031609", " 1019559.19728307", " 2089899.75865041", " 2007368.08493111", "23.2521754369078", " 27.0374021854285", " 59.9186772461788", " 13.9998432432497", " 36.9385680479377", "1.005", " 2.050", " 1.969", " 1.112", " 0.961", "0.01", " 1.04", " 0.98", " 0.15", " -0.06", "0.99969092969287", " 0.0316423644413067", " 0.213023617787022", " 0.943754774767785", " 0.843647324233798", "0.999999999876955", " 0.132007237065588", " 0.815813526447613", " 0.999999999989872", " 1", "7.8", "5.2", " ", " ", " 2.1", " 4.8", " ", " 3.1", " ", " 6.8", " 4.9", " 6.0", " 4.3", " 6.0", " 4.9", " 4.9", " 5.0", " 6.5", " 3.0", " 5.8", " 2.3", " 2.3", " ", " ", " 4.0", " ", " 6.8", " ", " 5.3", " 7.0", " 4.1", " 7.2", " 7.8", " 5.7", " 5.7", " 4.1", " 5.7", " 0.9", " 4.5", " 4.5", " 5.5"
"501", "", "False", "", "C11 H15 O7 P S", "Full match", " No results", " No results", " No results", " No results", "-3.77", "322.02640", "321.01912", "0.521", "3391803.74873974", "0", "0", "0", "", "", "", "No matches found", " No matches found", " No matches found", " No matches found", " No matches found", "", "No matches found", "PreferredDDA", "", "[M-H]-1", "1779169.25025613", " 1645874.11796929", " 1243304.99813137", " 2794175.38773286", " 2300651.10987568", "29.969310245575", " 38.0475738232583", " 40.7635091908174", " 18.7411501161527", " 31.2377106430285", "1.431", " 2.247", " 1.850", " 0.589", " 0.823", "0.52", " 1.17", " 0.89", " -0.76", " -0.28", "0.941947431255116", " 0.00745846017850449", " 0.190285455294876", " 0.117417885788327", " 0.614864003486032", "0.999999999876955", " 0.0442484257803626", " 0.759871791907023", " 0.999999999989872", " 1", "6.9", "6.9", " 6.9", " ", " 5.6", " ", " ", " ", " ", " 6.0", " 3.4", " 5.5", " 4.1", " 6.8", " 6.6", " ", " 6.4", " 4.5", " 6.1", " ", " 5.2", " 5.9", " 4.5", " ", " 5.9", " ", " 4.8", " 6.5", " 6.7", " 6.5", " 6.5", " 6.5", " 6.5", " 6.9", " 5.3", " ", " 6.6", " 5.1", " 6.6", " 5.9", " 5.5"
"424", "", "False", "FAHFA 16:0/22:3", "C38 H68 O4", "Not the top hit", " No results", " Full match", " Partial match", " Partial match", "-0.65", "588.51138", "587.50410", "6.972", "3374179.33498958", "1", "0", "1", "", "", "1.2", "No matches found", " No matches found", " No matches found", " Single match found", " No matches found", "", "Single match found", "PreferredDDA", "Fatty_Acid_16:0", "[M-H]-1", "1372359.93091218", " 2285959.10719868", " ", " 2396306.08261005", " 1711028.41455429", "47.2314112479218", " 15.5702142615258", " ", " 34.2667007601341", " 47.8457347979682", "Infinity", " Infinity", " Infinity", " 0.954", " 0.714", "Infinity", " Infinity", " Infinity", " -0.07", " -0.49", "", " ", " ", " 0.999590301659295", " 0.632652317626962", "", " ", " ", " 0.999999999989872", " 1", "6.9", "", " ", " 3.3", " ", " ", " ", " 1.5", " ", " ", " ", " ", " ", " ", " 5.0", " 6.9", " 4.0", " ", " ", " ", " ", " ", " ", " ", " ", " ", " 3.0", " ", " ", " 1.3", " 1.0", " 3.4", " 6.0", " 5.1", " 1.9", " ", " 3.3", " ", " ", " ", " 2.3"
"409", "", "False", "", "C8 H10 N4 O6 S2", "Full match", " No results", " No results", " No results", " No results", "0.33", "322.00428", "320.99695", "0.493", "3341395.35240754", "0", "0", "0", "", "", "", "No matches found", " No matches found", " No matches found", " No matches found", " No matches found", "", "No matches found", "PreferredDDA", "", "[M-H]-1", "3341395.35240754", " 1834109.39846959", " 1065985.60462526", " ", " ", "", " 12.8725895366446", " 40.0495283695054", " ", " ", "3.135", " 0.000", " 0.000", " Infinity", " ", "1.65", " -Infinity", " -Infinity", " Infinity", " ", "", " ", " ", " ", " ", "", " ", " ", " ", " ", "7.6", "", " ", " ", " ", " ", " ", " 4.2", " ", " ", " ", " ", " 7.6", " ", " ", " 7.6", " ", " ", " ", " ", " ", " ", " ", " 3.8", " ", " 5.5", " ", " ", " ", " ", " ", " ", " ", " ", " ", " ", " ", " ", " ", " ", " "
"678", "", "False", "2-methyl-tridecanedioic acid", "C14 H26 O4", "Full match", " No results", " No results", " Not the top hit", " Full match", "-0.85", "258.18289", "257.17561", "5.488", "3297476.74970267", "6", "0", "0", "", "", "", "No matches found", " No matches found", " No matches found", " No matches found", " No matches found", "", "Multiple matches found", "PreferredDDA", "", "[M-H]-1", "691254.232501034", " 2158537.10507753", " 634701.469353616", " 1178154.39036124", " ", "44.0990064427206", " 74.6201623481201", " 38.1788210979127", " 5.17805585555966", " ", "1.089", " 1.856", " 0.000", " 1.832", " 0.000", "0.12", " 0.89", " -Infinity", " 0.87", " -Infinity", "0.913674488314762", " 0.348053890185387", " ", " 0.786302239430294", " ", "0.999999999876955", " 0.757140926990961", " ", " 0.999999999989872", " ", "7.7", "1.1", " 4.0", " ", " ", " ", " ", " 1.5", " 2.3", " ", " 4.2", " ", " ", " 2.3", " ", " ", " ", " ", " 3.2", " 3.2", " ", " 5.4", " 3.5", " ", " ", " 5.1", " 6.2", " ", " 7.7", " ", " ", " ", " ", " ", " ", " ", " ", " ", " ", " ", " "
"707", "", "False", "Cer 18:0;2O/2:0", "C20 H41 N O3", "Full match", " No results", " Full match", " Partial match", " No results", "-0.48", "343.30848", "402.32230", "5.559", "3274168.05691012", "1", "0", "11", "", "", "79.2", "No matches found", " No matches found", " No matches found", " Multiple matches found", " No matches found", "", "No matches found", "PreferredDDA", "", "[M-H+HAc]-1", "1306866.06905807", " 2022884.70747902", " 1409079.45487507", " 2330542.85017627", " 1560276.89544579", "5.59300724600573", " 32.6133512653226", " 17.468574544404", " 35.3611205723106", " 27.0589062223127", "0.927", " 1.654", " 1.107", " 0.868", " 0.669", "-0.11", " 0.73", " 0.15", " -0.20", " -0.58", "0.999921078858729", " 0.378675500511786", " 0.999256514808627", " 0.941446843182478", " 0.308384871215433", "0.999999999876955", " 0.793662350387716", " 0.999999999961495", " 0.999999999989872", " 1", "8.1", "7.3", " 8.1", " ", " ", " ", " 5.8", " 7.7", " 5.8", " ", " 5.3", " 4.3", " 5.7", " 5.7", " 6.0", " 4.0", " 2.2", " 5.7", " ", " 6.4", " ", " ", " ", " ", " 6.7", " 5.2", " 3.2", " ", " 5.9", " 4.9", " 4.7", " 6.0", " 5.1", " 5.5", " 4.0", " 6.7", " 5.8", " ", " 4.6", " 4.6", " 5.4"
"526", "", "False", "", "C40 H60 N6 O4", "Full match", " No results", " No results", " No results", " No results", "0.57", "688.46800", "687.46072", "4.921", "3242836.88793183", "0", "0", "0", "", "", "", "No matches found", " No matches found", " No matches found", " No matches found", " No matches found", "", "No matches found", "PreferredDDA", "", "[M-H]-1", "2332121.26503851", " 2569435.75059694", " 629650.38677538", " 1507056.60958826", " 1186044.85758351", "25.8356516316571", " 42.0840017973206", " ", " 11.4143258558874", " 69.9405396039006", "3.704", " 2.393", " 1.884", " 1.705", " 0.787", "1.89", " 1.26", " 0.91", " 0.77", " -0.35", "", " ", " ", " 0.892503418760625", " 0.903491589067373", "", " ", " ", " 0.999999999989872", " 1", "7.2", "", " ", " 3.5", " ", " ", " 6.8", " ", " 3.4", " ", " 3.9", " 4.4", " 2.7", " ", " 0.5", " ", " 0.0", " ", " ", " ", " ", " ", " 4.9", " ", " ", " ", " ", " ", " 7.2", " 3.8", " ", " 5.3", " ", " ", " ", " 3.3", " ", " ", " 1.5", " ", " "
"660", "", "False", "", "C5 H2 N10 O", "Full match", " No results", " No results", " No match", " No results", "-1.66", "218.04094", "217.03365", "0.529", "3238211.42912916", "1", "0", "0", "", "", "", "No matches found", " No matches found", " No matches found", " No matches found", " No matches found", "", "No matches found", "PreferredDDA", "", "[M-H]-1", "1827540.66997139", " 1534988.84734285", " 1727097.14910969", " 1919275.31903598", " 1760773.00314479", "36.5575266096397", " 58.5564358188528", " 26.1321518487091", " 4.22064899889193", " 25.2813903553117", "1.058", " 1.111", " 1.019", " 0.800", " 0.917", "0.08", " 0.15", " 0.03", " -0.32", " -0.12", "0.677596786445012", " 0.789804048411146", " 0.999999999876078", " 0.767797402742701", " 0.807249716180483", "0.999999999876955", " 0.999999999849258", " 0.999999999961495", " 0.999999999989872", " 1", "8.9", "5.7", " 6.0", " 4.1", " ", " ", " ", " 6.6", " ", " 4.2", " ", " ", " 5.5", " ", " ", " ", " ", " ", " 6.5", " 5.8", " 6.2", " 6.5", " 5.9", " 6.2", " 6.9", " 6.9", " 6.3", " 8.9", " ", " ", " 8.6", " 8.9", " 8.6", " ", " 4.6", " 6.5", " 6.9", " 5.9", " 5.4", " 6.5", " 6.9"
"1127", "", "False", "Methyl 7-oxo-11E-tetradecenoate", "C15 H26 O3", "Full match", " No results", " No results", " Not the top hit", " Full match", "-0.84", "254.18798", "253.18071", "2.983", "3217638.21100689", "7", "0", "0", "", "", "", "No matches found", " No matches found", " No matches found", " No matches found", " No matches found", "", "Multiple matches found", "PreferredDDA", "", "[M-H]-1", "1977990.72510678", " 1773262.47030508", " 3217638.21100689", " 2871665.4526045", " ", "20.6291519022853", " 34.1971630457513", " ", " 9.87436192206796", " ", "0.615", " 0.892", " 0.000", " 0.618", " 0.000", "-0.70", " -0.16", " -Infinity", " -0.70", " -Infinity", "", " ", " ", " 0.278050028466054", " ", "", " ", " ", " 0.999999999989872", " ", "5.6", "", " 3.9", " ", " ", " ", " ", " 3.1", " ", " ", " 0.7", " ", " ", " 4.7", " ", " 4.5", " ", " ", " ", " ", " ", " ", " ", " ", " ", " 3.1", " 5.3", " 5.6", " ", " ", " ", " ", " ", " ", " ", " ", " ", " ", " ", " ", " "
"1101", "", "False", "steviol-19-O-beta-D-glucoside", "C26 H40 O8", "No match", " No results", " No results", " Full match", " Full match", "-4.89", "480.26997", "461.25206", "2.587", "3215203.95162939", "1", "0", "0", "", "", "", "No matches found", " No matches found", " No matches found", " No matches found", " No matches found", "", "Single match found", "PreferredDDA", "", "[M-H-H2O]-1", "2663332.10261248", " 3085502.40634292", " ", " 1850423.20988084", " ", "15.3104350444862", " 5.94475907806158", " ", " 11.4978992934863", " ", "Infinity", " Infinity", " ", " 1.667", " 0.000", "Infinity", " Infinity", " ", " 0.74", " -Infinity", "", " ", " ", " 0.0148100996413649", " ", "", " ", " ", " 0.999999999989872", " ", "4.5", "", " ", " ", " ", " 2.3", " 2.7", " ", " ", " ", " ", " 3.4", " ", " ", " ", " 4.5", " ", " ", " ", " ", " ", " ", " ", " ", " ", " ", " ", " ", " 2.6", " ", " ", " 2.6", " ", " 3.8", " ", " ", " ", " ", " ", " ", " "
"953", "", "False", "", "C8 H14 N6 O2", "Full match", " No results", " No results", " No results", " No results", "-0.75", "226.11765", "225.11038", "2.806", "3184520.80959438", "0", "0", "0", "", "", "", "No matches found", " No matches found", " No matches found", " No matches found", " No matches found", "", "No matches found", "PreferredDDA", "", "[M-H]-1", "1701762.30878094", " 2294504.55718359", " 1610075.75654376", " 1773715.25157572", " 2398654.25440818", "17.4664036288921", " 17.5137414396668", " 21.7397675867403", " 8.67050039045767", " 29.8124132699405", "1.057", " 1.102", " 1.490", " 1.294", " 1.352", "0.08", " 0.14", " 0.58", " 0.37", " 0.44", "0.999999325469618", " 0.797954289407199", " 0.0400800825961201", " 0.37586878363545", " 0.347488478428159", "0.999999999876955", " 0.999999999849258", " 0.297643892066269", " 0.999999999989872", " 1", "7.3", "4.4", " ", " ", " 3.3", " ", " 2.9", " 4.4", " 2.9", " 4.0", " 4.6", " 4.6", " 5.0", " 4.0", " 3.9", " 5.4", " 4.4", " 6.1", " 3.1", " 2.8", " 4.3", " 3.9", " 3.5", " 2.1", " 3.5", " ", " 6.5", " 5.0", " 4.3", " ", " 7.3", " 4.6", " 3.9", " 5.0", " 5.3", " 4.9", " 4.9", " 2.5", " 4.1", " 4.6", " 5.3"
"804", "", "False", "Arachidonic acid", "C20 H32 O2", "Full match", " Full match", " No results", " Full match", " Not the top hit", "-0.15", "304.24019", "303.23291", "3.047", "3150183.77381343", "51", "2", "0", "93.7", "9.7", "", "No matches found", " No matches found", " No matches found", " No matches found", " No matches found", "", "Multiple matches found", "PreferredDDA", "CO2", "[M-H]-1", "720722.370885887", " 927645.271045361", " 946450.570208822", " 917633.292767414", " 697197.848441957", "30.3957291712991", " 33.9678306542829", " 81.9945940081197", " 33.0144278381871", " 17.5365404255489", "0.762", " 0.970", " 0.737", " 1.011", " 0.760", "-0.39", " -0.04", " -0.44", " 0.02", " -0.40", "0.716971276608483", " 0.893248422049599", " 0.349855837306197", " 0.961145343349299", " 0.831062405679299", "0.999999999876955", " 0.999999999849258", " 0.978300582096959", " 0.999999999989872", " 1", "5.3", "3.5", " ", " ", " ", " 2.0", " ", " 2.8", " 3.2", " 1.6", " 2.6", " ", " 1.6", " 3.2", " 1.6", " 2.2", " 2.0", " 1.6", " 3.4", " 4.6", " ", " 1.5", " ", " ", " 2.3", " 1.1", " 3.4", " 1.6", " ", " 2.4", " ", " 0.9", " ", " 1.6", " ", " 2.3", " 5.3", " ", " ", " 1.9", " 4.2"
"1211", "", "False", "Gallicynoic acid A", "C14 H22 O4", "Full match", " No results", " No results", " Full match", " Full match", "-0.74", "254.15162", "253.14435", "2.590", "3147071.741282", "1", "0", "0", "", "", "", "No matches found", " No matches found", " No matches found", " No matches found", " No matches found", "", "Single match found", "PreferredDDA", "CO2", "[M-H]-1", "1991081.39606961", " 1670227.07279834", " 1768279.56820387", " 1790290.31545251", " 1630592.53626264", "24.7438779341929", " 9.46044566519188", " 11.861991239867", " 23.7394834363401", " 10.5812446025138", "1.126", " 1.012", " 0.922", " 0.933", " 0.911", "0.17", " 0.02", " -0.12", " -0.10", " -0.13", "0.355483180485418", " 0.999986458354673", " 0.965236838361451", " 0.920200471720791", " 0.975161998456411", "0.999999999876955", " 0.999999999849258", " 0.999999999961495", " 0.999999999989872", " 1", "5.8", "3.5", " 3.7", " 2.8", " 2.4", " 3.4", " 3.1", " ", " ", " 4.3", " 4.3", " ", " 4.3", " 4.3", " 3.5", " 3.9", " 3.9", " 3.9", " 3.8", " 4.9", " 3.4", " 3.8", " 4.5", " ", " 3.8", " 4.1", " 2.4", " 2.0", " 1.6", " 2.8", " 3.0", " 5.8", " 2.4", " 3.1", " 3.4", " ", " ", " ", " 4.1", " 3.4", " 4.1"
"1113", "", "False", "", "C12 H18 O5", "Full match", " No results", " No results", " No results", " No results", "-1.95", "242.11495", "241.10767", "0.781", "3140867.20916973", "0", "0", "0", "", "", "", "No matches found", " No matches found", " No matches found", " No matches found", " No matches found", "", "No matches found", "PreferredDDA", "", "[M-H]-1", "1618267.8510939", " 1939798.83462976", " 1598530.90500229", " 1980837.00442918", " 2135711.6332735", "15.7984000187002", " 29.3283370584167", " 26.770448565956", " 12.4198171494669", " 16.5558324486914", "1.012", " 1.239", " 1.336", " 0.979", " 1.078", "0.02", " 0.31", " 0.42", " -0.03", " 0.11", "0.822435759786675", " 0.122718558655055", " 0.0261916848616115", " 0.99916434486871", " 0.905072497842606", "0.999999999876955", " 0.353255631088711", " 0.242139453924694", " 0.999999999989872", " 1", "6.1", "2.9", " 2.9", " 3.6", " 2.9", " 2.9", " 3.6", " 4.0", " ", " 1.6", " 3.7", " 2.8", " 3.5", " 3.5", " 2.4", " 3.9", " 5.8", " 4.1", " 2.8", " 2.8", " 2.0", " 3.5", " 3.5", " 1.8", " 3.1", " 5.8", " 3.4", " 6.0", " 5.7", " 5.3", " 3.8", " 3.8", " 3.4", " 5.7", " 6.1", " 3.6", " 4.4", " ", " 5.0", " 2.5", " 4.2"
"235", "", "False", "13,14-dihydro Prostaglandin F1a", "C20 H38 O5", "No match", " Invalid mass", " No results", " No results", " No results", "5.15", "358.27377", "357.26499", "2.507", "3089622.08166811", "0", "2", "0", "89.2", "9.5", "", "No matches found", " No matches found", " No matches found", " No matches found", " No matches found", "", "No matches found", "PreferredDDA", "", "[M-H]-1", "930031.708629743", " 2715655.15698061", " ", " 2399953.60906314", " 1486619.84527413", "", " 11.9665160201423", " ", " 25.6657692732432", " 2.6924985615503", "Infinity", " Infinity", " Infinity", " 1.132", " 0.619", "Infinity", " Infinity", " Infinity", " 0.18", " -0.69", "", " ", " ", " 0.857752424659469", " 0.070813727830273", "", " ", " ", " 0.999999999989872", " 0.720190678784478", "7.8", "", " ", " ", " 1.5", " ", " ", " ", " ", " ", " 4.7", " 3.6", " ", " ", " ", " ", " ", " ", " ", " ", " ", " ", " ", " ", " ", " ", " ", " ", " ", " ", " 3.4", " 4.1", " 3.1", " ", " 6.3", " ", " ", " ", " 7.8", " ", " 7.8"
"482", "", "False", "", "C8 H7 N8 O6 P", "Full match", " No results", " No results", " No match", " No results", "0.28", "342.02271", "341.01544", "0.563", "3071195.63577078", "1", "0", "0", "", "", "", "No matches found", " No matches found", " No matches found", " No matches found", " No matches found", "", "No matches found", "PreferredDDA", "", "[M-H]-1", "2407993.95180342", " 1555086.09230782", " 1074047.97799457", " 1336547.94184217", " ", "38.9497994940094", " 40.6236874505528", " ", " ", " ", "2.242", " 1.244", " 0.000", " 1.164", " 0.000", "1.16", " 0.32", " -Infinity", " 0.22", " -Infinity", "", " ", " ", " ", " ", "", " ", " ", " ", " ", "5.9", "", " ", " ", " ", " ", " ", " 5.7", " 5.9", " ", " ", " ", " 5.3", " ", " ", " 5.2", " ", " ", " ", " ", " ", " ", " ", " ", " ", " 4.5", " ", " ", " 5.2", " ", " ", " ", " ", " ", " ", " ", " ", " ", " ", " ", " "
"752", "", "False", "", "C27 H55 N9 O8 S", "Full match", " No results", " No results", " No match", " No results", "-2.35", "665.38787", "664.38059", "5.297", "3039646.51858776", "2", "0", "0", "", "", "", "No matches found", " No matches found", " No matches found", " No matches found", " No matches found", "", "No matches found", "PreferredDDA", "", "[M-H]-1", "1653131.40055555", " 984735.191093117", " 1324414.49496543", " 867205.343244909", " 978622.396148318", "39.4314614325479", " 32.8148865602451", " 43.2332576486437", " 35.8968323160686", " 51.8591677186255", "1.248", " 0.655", " 0.739", " 1.136", " 1.128", "0.32", " -0.61", " -0.44", " 0.18", " 0.17", "0.826598234026158", " 0.219750471256028", " 0.793395780334165", " 0.998359976904125", " 0.868076993081372", "0.999999999876955", " 0.542287453260843", " 0.999999999961495", " 0.999999999989872", " 1", "5.1", "4.7", " ", " 2.6", " 3.4", " 3.0", " 2.6", " 3.0", " 4.0", " 2.2", " 3.2", " ", " 2.0", " 1.6", " 5.1", " 0.9", " ", " 0.5", " 1.7", " 2.3", " 3.4", " 4.8", " 4.2", " 3.4", " 3.6", " 1.0", " 1.1", " 3.2", " 2.4", " 3.2", " 1.5", " 5.1", " 2.8", " 1.3", " 4.4", " 1.9", " 0.8", " 2.7", " 1.7", " 1.9", " 2.5"
"792", "", "False", "", "", "No results", " No results", " No results", " No results", " No results", "", "460.24159", "459.23431", "4.477", "3013371.83170118", "0", "0", "0", "", "", "", "No matches found", " No matches found", " No matches found", " No matches found", " No matches found", "", "No matches found", "PreferredDDA", "", "[M-H]-1", "2314165.71357606", " 1701853.41605174", " ", " ", " 2809383.94684653", "22.7944784389394", " 51.4782756270856", " ", " ", " 26.2849040570605", "Infinity", " ", " Infinity", " Infinity", " Infinity", "Infinity", " ", " Infinity", " Infinity", " Infinity", "", " ", " ", " ", " ", "", " ", " ", " ", " ", "5.0", "5.0", " ", " 3.4", " 4.3", " ", " ", " ", " 2.6", " 0.8", " ", " ", " ", " ", " 0.8", " ", " 2.5", " ", " ", " ", " ", " ", " ", " ", " ", " ", " ", " ", " ", " ", " ", " ", " ", " ", " ", " 4.1", " ", " 3.9", " 3.7", " 3.0", " "
"564", "", "False", "", "C8 H3 N7 O4 S", "Full match", " No results", " No results", " No results", " No results", "-2.54", "292.99598", "291.98870", "8.877", "3012951.21534621", "0", "0", "0", "", "", "", "No matches found", " No matches found", " No matches found", " No matches found", " No matches found", "", "No matches found", "PreferredDDA", "", "[M-H]-1", "1900466.35434833", " 3012951.21534621", " 2344219.49827499", " 1481757.67791066", " 2102905.79264077", "30.0946381401891", " ", " 10.8462933113198", " ", " 16.7536509212837", "0.811", " 0.632", " 0.897", " 2.033", " 1.419", "-0.30", " -0.66", " -0.16", " 1.02", " 0.51", "0.55916726729582", " ", " 0.871159728337377", " ", " ", "0.999999999876955", " ", " 0.999999999961495", " ", " ", "5.4", "4.4", " ", " ", " ", " 2.2", " ", " ", " ", " ", " ", " ", " ", " ", " 5.4", " ", " ", " ", " ", " ", " ", " ", " 4.0", " 5.1", " ", " 5.1", " ", " ", " ", " ", " ", " 0.2", " ", " ", " ", " ", " ", " 3.1", " 1.7", " ", " "
"393", "", "False", "Linoleic Acid", "C18 H32 O2", "Full match", " Full match", " No results", " Full match", " Not the top hit", "-0.40", "280.24012", "279.23284", "8.973", "3004485.6453618", "119", "4", "0", "92.8", "9.6", "", "No matches found", " No matches found", " No matches found", " No matches found", " No matches found", "", "Multiple matches found", "PreferredDDA", "", "[M-H]-1", "874582.23709246", " 1142645.44560124", " 1808636.44948998", " 1140264.02203124", " 1049452.45757438", "59.2908542485278", " ", " 93.5061411502455", " 43.8654532336584", " 14.3904611232918", "0.484", " 0.630", " 0.580", " 1.002", " 0.920", "-1.05", " -0.67", " -0.79", " 0.00", " -0.12", "0.960927361026319", " 0.999999812057811", " 0.988119754148103", " ", " 0.975246628566106", "0.999999999876955", " 0.999999999849258", " 0.999999999961495", " ", " 1", "6.6", "2.9", " ", " 4.5", " 4.5", " ", " ", " 1.0", " 3.4", " ", " ", " ", " ", " ", " ", " ", " ", " 3.6", " ", " ", " ", " ", " ", " 1.5", " ", " 2.0", " ", " ", " 4.5", " ", " 4.8", " ", " 4.0", " ", " 4.5", " 4.3", " 6.6", " ", " 5.1", " 3.8", " "
"511", "", "False", "", "C38 H54 N6 O2", "Full match", " No results", " No results", " No match", " No results", "0.48", "626.43113", "625.42385", "5.934", "2986326.24659752", "2", "0", "0", "", "", "", "No matches found", " No matches found", " No matches found", " No matches found", " No matches found", "", "No matches found", "PreferredDDA", "", "[M-H]-1", "", " 981112.558328176", " ", " 1018142.14961722", " 784748.805886018", "", " 57.1688747981767", " ", " 67.8505170894366", " 74.7935553504155", "", " Infinity", " Infinity", " 0.964", " 0.771", "", " Infinity", " Infinity", " -0.05", " -0.38", "", " ", " ", " 0.952801525623735", " 0.79041012158523", "", " ", " ", " 0.999999999989872", " 1", "5.3", "", " ", " ", " ", " ", " ", " ", " ", " 5.2", " 4.9", " ", " ", " ", " ", " ", " 4.9", " ", " ", " ", " ", " ", " ", " ", " ", " ", " 1.5", " 5.3", " 1.9", " 1.9", " 2.9", " ", " ", " 3.1", " 1.7", " ", " 2.3", " ", " 3.8", " 2.3", " "
"1258", "", "False", "Tridecylic acid", "C13 H26 O2", "Full match", " Full match", " No results", " Not the top hit", " Full match", "-2.84", "214.19267", "213.18540", "5.158", "2984708.95482409", "27", "1", "0", "97.3", "9.9", "", "No matches found", " No matches found", " No matches found", " No matches found", " No matches found", "", "Multiple matches found", "PreferredDDA", "", "[M-H]-1", "2161980.03647454", " 2723720.75702175", " 2472864.09450662", " 2011348.7600789", " 2430004.53857913", "9.74035610573185", " 8.17160170345013", " 4.02834684568034", " 3.20333038124469", " 28.6019571014754", "0.874", " 0.813", " 0.983", " 1.354", " 1.208", "-0.19", " -0.30", " -0.03", " 0.44", " 0.27", "0.53426564493251", " 0.465230522654163", " 0.99745656851634", " 0.0738858453457324", " 0.639619285487277", "0.999999999876955", " 0.908684297439408", " 0.999999999961495", " 0.999999999989872", " 1", "4.9", "4.3", " ", " 2.8", " ", " ", " 2.8", " ", " 2.8", " ", " 3.0", " 3.4", " ", " ", " ", " 4.9", " 4.9", " 3.0", " ", " ", " ", " ", " 3.5", " ", " ", " 3.5", " ", " ", " 3.3", " ", " ", " ", " 3.3", " ", " ", " 1.6", " ", " ", " 1.5", " ", " "
"912", "", "False", "2,5-di-tert-Butylhydroquinone", "C14 H22 O2", "Full match", " Full match", " No results", " Partial match", " Partial match", "-2.56", "222.16141", "221.15413", "2.922", "2981033.80962978", "10", "1", "0", "95.6", "9.8", "", "No matches found", " No matches found", " No matches found", " No matches found", " No matches found", "", "Multiple matches found", "PreferredDDA", "", "[M-H]-1", "1016139.28740639", " 1658928.62667183", " 876035.931810668", " 1385443.33404516", " 1737026.54005635", "39.4728066380979", " 46.1164956166477", " 26.6935404743242", " 33.9741847185649", " 19.2655866096201", "1.160", " 1.581", " 1.983", " 1.197", " 1.254", "0.21", " 0.66", " 0.99", " 0.26", " 0.33", "0.9940766460197", " 0.633859145539725", " 0.273761219012569", " 0.883211742063594", " 0.825054149895063", "0.999999999876955", " 0.999999999849258", " 0.878557459169109", " 0.999999999989872", " 1", "6.7", "", " ", " 3.4", " 4.5", " ", " 3.2", " ", " 0.5", " 1.9", " 3.1", " 1.1", " 5.4", " 4.6", " 3.3", " ", " 2.9", " 3.0", " 2.1", " ", " ", " ", " 3.3", " ", " ", " ", " 3.8", " 4.1", " 2.6", " ", " 3.8", " 3.9", " 2.0", " 3.4", " 6.3", " ", " ", " ", " 4.4", " 5.5", " 6.7"
"435", "", "False", "N-oleoyl taurine", "C20 H39 N O4 S", "Not the top hit", " No results", " No results", " Full match", " Full match", "0.50", "389.26017", "388.25290", "8.880", "2960574.64231383", "1", "0", "0", "", "", "", "No matches found", " No matches found", " No matches found", " No matches found", " No matches found", "", "Single match found", "PreferredDDA", "", "[M-H]-1", "836901.902074637", " 1657904.67999398", " ", " 980691.137134588", " 1516965.58295646", "77.254872894603", " 38.2161985388638", " ", " 63.2071108009197", " 7.85090148468489", "Infinity", " Infinity", " Infinity", " 1.691", " 1.547", "Infinity", " Infinity", " Infinity", " 0.76", " 0.63", "", " ", " ", " 0.934396445588319", " 0.982243935529357", "", " ", " ", " 0.999999999989872", " 1", "8.8", "4.5", " ", " ", " ", " ", " ", " 2.7", " 2.1", " 2.4", " 3.2", " 5.9", " 6.0", " 4.9", " 5.7", " ", " 6.4", " ", " ", " ", " ", " ", " ", " ", " ", " ", " ", " 3.8", " 2.7", " 2.9", " 4.6", " 1.5", " ", " ", " ", " 8.8", " ", " 8.8", " ", " ", " "
"963", "", "False", "2-(Methylsulfonyl)-3-(pyrazin-2-ylamino)acrylonitrile", "C8 H8 N4 O2 S", "Unused", " Invalid mass", " No results", " No results", " No results", "-6.27", "224.03539", "223.02812", "2.485", "2944247.04670493", "0", "1", "0", "90.2", "51.8", "", "No matches found", " No matches found", " No matches found", " No matches found", " No matches found", "", "No matches found", "PreferredDDA", "", "[M-H]-1", "1190674.48818029", " 1237841.51213382", " 1013945.16096297", " 1376459.83726168", " 1642358.67410373", "18.5069433212792", " 18.4773389367318", " 9.37975006472358", " 16.9100431303712", " 49.28572954113", "1.174", " 1.358", " 1.620", " 0.899", " 1.193", "0.23", " 0.44", " 0.70", " -0.15", " 0.25", "0.724842222813927", " 0.318687942573172", " 0.0455905576028286", " 0.995955962064158", " 0.838163685858887", "0.999999999876955", " 0.722424313602721", " 0.317731116832021", " 0.999999999989872", " 1", "6.7", "3.6", " 5.2", " 4.8", " 4.8", " 3.4", " ", " 2.7", " ", " 2.7", " 3.3", " 2.9", " ", " 4.4", " ", " ", " ", " 6.7", " ", " ", " 4.0", " 4.4", " 4.8", " 5.2", " 3.9", " ", " ", " ", " 3.6", " 3.3", " 2.5", " ", " 4.0", " ", " 1.9", " 2.9", " ", " 4.0", " 3.1", " ", " "
"939", "", "False", "", "C29 H47 N3 O10 S2", "Full match", " No results", " No results", " No results", " No results", "-2.38", "661.26871", "660.26144", "3.917", "2942696.1682132", "0", "0", "0", "", "", "", "No matches found", " No matches found", " No matches found", " No matches found", " No matches found", "", "No matches found", "PreferredDDA", "", "[M-H]-1", "800845.581964158", " 502843.982880439", " 761860.234061906", " 745296.960160869", " 719845.00365191", "51.4233928438021", " 27.2950281801919", " 93.7468596220874", " 47.3058526684242", " ", "1.051", " 0.978", " 0.945", " 0.675", " 0.966", "0.07", " -0.03", " -0.08", " -0.57", " -0.05", "0.99994497247429", " 0.990896241867999", " ", " 0.832228517839254", " ", "0.999999999876955", " 0.999999999849258", " ", " 0.999999999989872", " ", "4.9", "0.4", " ", " 0.4", " ", " 1.4", " ", " 1.9", " 1.0", " 3.7", " 2.5", " ", " 3.3", " 3.3", " ", " ", " ", " ", " 1.9", " 3.9", " 0.4", " 1.9", " ", " 1.5", " 1.1", " 2.3", " 0.0", " ", " 1.9", " 1.9", " 1.0", " 4.9", " ", " 0.6", " ", " ", " ", " ", " ", " ", " 1.9"
"798", "", "False", "", "C16 H30 Cl N4 O2 P", "Full match", " No results", " No results", " No results", " No results", "-3.60", "376.17814", "375.17086", "4.325", "2927919.44550513", "0", "0", "0", "", "", "", "No matches found", " No matches found", " No matches found", " No matches found", " No matches found", "", "No matches found", "PreferredDDA", "", "[M-H]-1", "1108110.72468777", " 1254692.31044117", " 547577.266523435", " 2131581.32588037", " 1495481.6334974", "", " 56.6684863050036", " 25.1034911170087", " 19.4251235744455", " 21.7798584597265", "2.024", " 3.893", " 2.731", " 0.589", " 0.702", "1.02", " 1.96", " 1.45", " -0.76", " -0.51", "", " 0.000712281056747366", " 0.0145561884909199", " 0.218943593491322", " 0.309705135075806", "", " 0.006994231329871", " 0.153347753171784", " 0.999999999989872", " 1", "5.5", "", " ", " ", " ", " 1.9", " ", " ", " ", " ", " ", " ", " ", " 2.3", " 2.3", " ", " 3.3", " 3.3", " ", " ", " 1.4", " ", " ", " ", " ", " 2.1", " 3.6", " 5.5", " ", " ", " 2.5", " 3.9", " 3.3", " 3.5", " 1.6", " 3.5", " ", " ", " 4.3", " ", " 4.3"
"736", "", "False", "", "C19 H44 N7 O6 P S", "Full match", " No results", " No results", " No results", " No results", "-1.64", "529.28027", "528.27299", "4.301", "2925825.59633979", "0", "0", "0", "", "", "", "No matches found", " No matches found", " No matches found", " No matches found", " No matches found", "", "No matches found", "PreferredDDA", "", "[M-H]-1", "1442690.49119449", " ", " 1096694.27831345", " 2191477.23665664", " 2342405.73000434", "35.4301571047457", " ", " 42.042589015602", " ", " 35.2236282963655", "1.315", " 1.998", " 2.136", " 0.000", " 1.069", "0.40", " 1.00", " 1.09", " -Infinity", " 0.10", "0.832820484341122", " ", " 0.256682863896843", " ", " ", "0.999999999876955", " ", " 0.867564255943152", " ", " ", "5.7", "3.8", " 5.7", " 2.8", " 2.8", " ", " ", " 3.8", " 2.1", " ", " ", " ", " ", " ", " ", " ", " ", " ", " 2.5", " 2.7", " 2.7", " 5.5", " ", " 4.5", " 2.5", " ", " 2.1", " ", " ", " ", " ", " ", " ", " ", " 4.9", " ", " ", " ", " 4.4", " ", " "
"559", "", "False", "", "C8 H15 N4 O4 P S2", "Full match", " No results", " No results", " No results", " No results", "1.29", "326.02765", "325.02036", "0.555", "2907003.25402622", "0", "0", "0", "", "", "", "No matches found", " No matches found", " No matches found", " No matches found", " No matches found", "", "No matches found", "PreferredDDA", "", "[M-H]-1", "2907003.25402622", " 2355386.90632222", " 2830090.25704172", " 1830254.30690609", " ", "", " 26.5884959977959", " ", " ", " ", "1.027", " 0.647", " 0.000", " 1.287", " 0.000", "0.04", " -0.63", " -Infinity", " 0.36", " -Infinity", "", " ", " ", " ", " ", "", " ", " ", " ", " ", "6.8", "", " ", " ", " ", " ", " ", " 5.8", " ", " ", " ", " ", " 6.5", " ", " ", " 6.8", " ", " ", " ", " ", " ", " ", " ", " ", " ", " 5.4", " ", " ", " 5.5", " ", " ", " ", " ", " ", " ", " ", " ", " ", " ", " ", " "
"839", "", "False", "PG 2:0_13:1", "C21 H39 O10 P", "No match", " No results", " Invalid mass", " No results", " No results", "-5.84", "482.22527", "481.21799", "4.323", "2906623.29707491", "0", "0", "1", "", "", "0.3", "No matches found", " No matches found", " No matches found", " Single match found", " No matches found", "", "No matches found", "PreferredDDA", "", "[M-H]-1", "", " 2422977.85306514", " ", " 1772691.27820274", " 1817773.69246836", "", " 19.1653692357298", " ", " 23.8215488568259", " 36.3799574935889", "", " Infinity", " Infinity", " 1.367", " 1.025", "", " Infinity", " Infinity", " 0.45", " 0.04", "", " ", " ", " 0.540706390933828", " 0.974036918004498", "", " ", " ", " 0.999999999989872", " 1", "5.8", "", " ", " ", " ", " ", " ", " ", " ", " ", " ", " 3.6", " ", " ", " 3.5", " ", " ", " ", " ", " ", " ", " ", " ", " ", " ", " ", " ", " ", " ", " 2.4", " 2.4", " 5.8", " ", " ", " ", " 3.4", " ", " 4.5", " ", " 2.5", " 4.1"
"506", "", "False", "", "C2 H8 N8 O S2", "Full match", " No results", " No results", " No results", " No results", "2.46", "224.02680", "223.01943", "0.495", "2885596.6728802", "0", "0", "0", "", "", "", "No matches found", " No matches found", " No matches found", " No matches found", " No matches found", "", "No matches found", "PreferredDDA", "", "[M-H]-1", "993897.853351462", " 1185975.29250352", " 971229.908687269", " 1588643.04341357", " 1099698.24001603", "75.6940036240919", " 24.4277116109418", " 34.002052065754", " 33.9055232706875", " 40.1442438853444", "1.023", " 1.636", " 1.132", " 0.747", " 0.692", "0.03", " 0.71", " 0.18", " -0.42", " -0.53", "0.899902601447461", " 0.586885703011391", " 0.978889019280488", " 0.987503226323286", " 0.886078285152416", "0.999999999876955", " 0.999999999849258", " 0.999999999961495", " 0.999999999989872", " 1", "6.8", "3.0", " ", " ", " 1.9", " ", " ", " 4.6", " ", " ", " ", " 4.6", " 5.4", " ", " 4.6", " 5.4", " 3.3", " ", " 4.5", " 2.0", " ", " ", " 5.1", " 6.0", " ", " 3.2", " 2.4", " 6.4", " ", " 6.0", " 6.8", " ", " 5.3", " ", " 3.8", " 3.0", " 3.4", " ", " 4.8", " ", " 3.3"
"1055", "", "False", "", "C22 H40 P2 S", "Full match", " No results", " No results", " No results", " No results", "2.63", "398.23364", "397.22637", "8.184", "2881131.98084843", "0", "0", "0", "", "", "", "No matches found", " No matches found", " No matches found", " No matches found", " No matches found", "", "No matches found", "PreferredDDA", "", "[M-H]-1", "2289540.21807671", " ", " 2631213.10323606", " ", " ", "18.9267613478428", " ", " ", " ", " ", "0.870", " 0.000", " 0.000", " ", " ", "-0.20", " -Infinity", " -Infinity", " ", " ", "", " ", " ", " ", " ", "", " ", " ", " ", " ", "6.1", "4.0", " 3.9", " 4.8", " 6.1", " 5.2", " 4.6", " ", " ", " ", " ", " ", " ", " ", " ", " ", " ", " ", " ", " ", " ", " ", " ", " ", " ", " 1.6", " ", " ", " ", " ", " ", " ", " ", " ", " ", " ", " ", " ", " ", " ", " "
"975", "", "False", "", "C5 H8 N10 S", "Full match", " No results", " No results", " No results", " No results", "4.87", "240.06658", "239.05930", "2.488", "2867806.95922109", "0", "0", "0", "", "", "", "No matches found", " No matches found", " No matches found", " No matches found", " No matches found", "", "No matches found", "PreferredDDA", "", "[M-H]-1", "1182002.55464589", " 1238806.34932112", " 1066412.54362589", " 1302481.83861739", " 1259745.79676934", "14.6032005012559", " 17.4024875086247", " 13.192136437563", " 19.7889990332701", " 56.2207588277816", "1.108", " 1.221", " 1.181", " 0.951", " 0.967", "0.15", " 0.29", " 0.24", " -0.07", " -0.05", "0.914253304862394", " 0.888723681567321", " 0.496627397317467", " 0.999756078697073", " 0.978759229799868", "0.999999999876955", " 0.999999999849258", " 0.999999999961495", " 0.999999999989872", " 1", "5.4", "3.5", " 4.1", " 5.4", " 4.9", " ", " ", " ", " ", " 3.0", " ", " 4.0", " 3.3", " 4.8", " 3.3", " 3.3", " 2.9", " 3.6", " 3.2", " 3.8", " 5.4", " ", " 4.3", " 3.2", " 5.4", " 4.5", " ", " ", " 2.5", " 2.5", " ", " 2.3", " 3.6", " ", " 1.9", " 2.5", " ", " 3.6", " 3.9", " ", " 0.4"
"1165", "", "False", "", "", "No results", " No results", " No results", " No results", " No results", "", "260.82326", "259.81599", "1.008", "2854911.08869248", "0", "0", "0", "", "", "", "No matches found", " No matches found", " No matches found", " No matches found", " No matches found", "", "No matches found", "PreferredDDA", "", "[M-H]-1", "1227928.43678079", " 1660222.67318034", " 1669878.90347761", " 1483536.41915514", " 1551322.59419074", "57.7383599125273", " 36.8920052051899", " 27.018211847808", " 27.0145174759581", " 28.7332332669257", "0.735", " 0.888", " 0.929", " 1.119", " 1.046", "-0.44", " -0.17", " -0.11", " 0.16", " 0.06", "0.866366229812357", " 0.950105145738055", " 0.999999090550659", " 0.999861899705445", " 0.978139052144403", "0.999999999876955", " 0.999999999849258", " 0.999999999961495", " 0.999999999989872", " 1", "6.2", "2.5", " ", " ", " 3.8", " 4.0", " 4.5", " 4.0", " 4.6", " ", " 5.7", " ", " 5.3", " ", " 6.2", " 2.2", " ", " 4.9", " 3.9", " 5.2", " ", " ", " 2.0", " 4.3", " ", " 5.4", " 4.3", " 2.8", " ", " 5.4", " 5.4", " 4.8", " 6.2", " ", " 2.8", " ", " 6.2", " ", " 1.6", " ", " "
"571", "", "False", "", "C13 H8 N4 O2 S", "Full match", " No results", " No results", " No results", " No results", "-3.71", "284.03574", "283.02847", "8.882", "2839641.40642725", "0", "0", "0", "", "", "", "No matches found", " No matches found", " No matches found", " No matches found", " No matches found", "", "No matches found", "PreferredDDA", "", "[M-H]-1", "2247197.52395035", " 2493821.44677025", " 1941172.73817302", " 2222059.49382137", " 2776412.76419371", "2.42784750851067", " 5.88911951425755", " 11.1364108509455", " 12.0292830937612", " 4.43317335197554", "1.158", " 1.145", " 1.430", " 1.122", " 1.249", "0.21", " 0.19", " 0.52", " 0.17", " 0.32", "0.0236819819418311", " 0.0330286950880051", " 1.34533791329439E-07", " 0.0864053023136522", " 0.00052391492907089", "0.861659804498933", " 0.132983956538547", " 3.04719037361179E-05", " 0.999999999989872", " 0.0777589128949352", "8.9", "6.7", " 8.4", " 8.6", " 7.0", " 8.9", " 8.4", " 8.0", " 5.2", " 7.5", " 6.4", " 7.9", " 8.1", " 8.3", " 7.9", " 7.9", " 5.6", " 4.5", " ", " 6.8", " 7.2", " 6.4", " 4.5", " 7.6", " 6.8", " 7.8", " 4.9", " 4.1", " 6.8", " 7.2", " 7.0", " 5.9", " 7.8", " 7.4", " 8.4", " 6.5", " 8.0", " 6.5", " 6.9", " 7.7", " 8.0"
"1177", "", "False", "Oryzalin", "C12 H18 N4 O6 S", "Full match", " Full match", " No results", " Full match", " No results", "-2.47", "346.09385", "345.08657", "1.691", "2805255.96867879", "1", "1", "0", "61.6", "8.1", "", "No matches found", " No matches found", " No matches found", " No matches found", " No matches found", "", "No matches found", "PreferredDDA", "", "[M-H]-1", "1849244.93331599", " 1964440.15087704", " 1255854.67729854", " 1683501.13142502", " 1908216.45885958", "20.1911499436411", " 20.1511608913323", " 29.2282379510771", " 24.9639888860553", " 12.8569998569377", "1.472", " 1.341", " 1.519", " 1.167", " 1.133", "0.56", " 0.42", " 0.60", " 0.22", " 0.18", "0.0572857092211155", " 0.126061498043349", " 0.258942768373623", " 0.943661962225877", " 0.999999624872964", "0.999999999876955", " 0.359392718024206", " 0.867564255943152", " 0.999999999989872", " 1", "5.8", "3.9", " 2.4", " 4.9", " 5.8", " 2.8", " ", " 4.5", " 5.0", " 5.0", " 1.8", " ", " 2.0", " 3.4", " 2.6", " ", " 5.0", " 3.5", " 3.3", " 1.2", " 3.5", " ", " 2.4", " 2.4", " 2.4", " 2.8", " 4.3", " 3.1", " 2.0", " 3.9", " 4.3", " ", " 2.6", " 2.0", " 3.4", " 2.6", " ", " ", " ", " 4.9", " 3.0"
"512", "", "False", "", "C32 H62 N6 O4", "Full match", " No results", " No results", " No results", " No results", "4.96", "594.48620", "593.47893", "5.898", "2766559.66374223", "0", "0", "0", "", "", "", "No matches found", " No matches found", " No matches found", " No matches found", " No matches found", "", "No matches found", "PreferredDDA", "", "[M-H]-1", "1104617.98421756", " ", " 2023632.72647048", " 2054399.94632181", " ", "", " ", " 51.9193693993335", " 21.2002915570114", " ", "0.546", " 1.015", " 0.000", " 0.000", " 0.000", "-0.87", " 0.02", " -Infinity", " -Infinity", " -Infinity", "", " 0.981679733060813", " ", " ", " ", "", " 0.999999999849258", " ", " ", " ", "7.1", "", " ", " ", " ", " 3.0", " ", " ", " ", " ", " ", " ", " ", " ", " ", " ", " ", " ", " ", " ", " ", " ", " ", " ", " 6.1", " 5.2", " ", " 1.6", " ", " 7.1", " ", " ", " ", " ", " ", " ", " ", " ", " ", " ", " "
"593", "", "False", "", "C13 H6 Cl2 N8 O2", "Full match", " No results", " No results", " No results", " No results", "0.29", "375.99918", "374.99191", "8.903", "2763737.46979062", "0", "0", "0", "", "", "", "No matches found", " No matches found", " No matches found", " No matches found", " No matches found", "", "No matches found", "PreferredDDA", "", "[M-H]-1", "1335942.88466488", " 1099938.87680223", " 1927287.79409947", " 1012178.88306715", " 1230898.55696701", "6.61420368962956", " 9.52511786303932", " 40.9585066933326", " 23.1341930146329", " 0.846260112636887", "0.693", " 0.525", " 0.639", " 1.087", " 1.216", "-0.53", " -0.93", " -0.65", " 0.12", " 0.28", "0.109213409336481", " 0.00938613413913414", " 0.091666582414711", " 0.998568122338348", " 0.926273223116306", "0.999999999876955", " 0.0523922077907281", " 0.528379735057815", " 0.999999999989872", " 1", "8.2", "8.1", " 5.8", " 3.9", " 5.0", " 3.5", " 7.3", " ", " 4.3", " 3.9", " ", " 4.0", " 4.4", " 2.5", " 6.7", " 5.0", " ", " 2.5", " 3.9", " 4.6", " ", " ", " ", " 2.1", " 2.1", " ", " ", " ", " 5.2", " 4.0", " ", " 4.8", " 6.2", " ", " 5.2", " ", " ", " ", " ", " 3.3", " 8.2"
"1107", "", "False", "Lignoceric acid", "C24 H48 O2", "Full match", " Full match", " No results", " Full match", " Full match", "-0.54", "368.36523", "367.35795", "8.609", "2752835.62194417", "14", "2", "0", "95.4", "9.8", "", "No matches found", " No matches found", " No matches found", " No matches found", " No matches found", "", "Multiple matches found", "PreferredDDA", "", "[M-H]-1", "1622840.0550753", " 1787491.11947996", " 1193042.44015968", " 2018961.78034842", " 1529030.45490759", "26.7354494967752", " 17.6923933375809", " 43.9882242777926", " 21.9996852286607", " 25.7334971821175", "1.360", " 1.692", " 1.282", " 0.885", " 0.757", "0.44", " 0.76", " 0.36", " -0.18", " -0.40", "0.525191469597616", " 0.0518154872550838", " 0.950384062252043", " 0.999999948194414", " 0.235114775481675", "0.999999999876955", " 0.193360232927508", " 0.999999999961495", " 0.999999999989872", " 1", "6.5", "4.3", " 4.3", " 4.6", " 3.5", " 3.1", " 5.3", " 4.3", " 3.9", " 6.1", " 4.0", " 4.6", " 4.4", " 4.8", " 4.8", " 4.8", " 6.5", " 5.5", " ", " 2.9", " 2.9", " 4.0", " 1.7", " 2.7", " 2.7", " 3.5", " 2.8", " 4.3", " 5.0", " 4.3", " 4.5", " 6.4", " 2.8", " 4.6", " 5.0", " 4.6", " 3.9", " 4.3", " 2.1", " 3.9", " 3.9"
"959", "", "False", "2-(5-((2Z,5Z,8Z,11Z)-tetradeca-2,5,8,11-tetraen-1-yl)furan-2-yl)-ethanoic acid", "C20 H26 O3", "Full match", " No results", " No results", " Not the top hit", " Full match", "0.14", "314.18824", "313.18096", "4.184", "2749379.00604738", "16", "0", "0", "", "", "", "No matches found", " No matches found", " No matches found", " No matches found", " No matches found", "", "Multiple matches found", "PreferredDDA", "", "[M-H]-1", "1724756.52623741", " 2024025.8973937", " 1178925.50636728", " 1862577.59088439", " 2034083.3068184", "24.2260282857486", " 20.9440034522329", " 32.150122948402", " 11.3355223493451", " 41.7297838330537", "1.463", " 1.580", " 1.725", " 1.087", " 1.092", "0.55", " 0.66", " 0.79", " 0.12", " 0.13", "0.53922619883581", " 0.192336311079219", " 0.253187770943258", " 0.986416791368034", " 0.99982429947582", "0.999999999876955", " 0.49596835272675", " 0.867564255943152", " 0.999999999989872", " 1", "5.8", "3.5", " ", " ", " 4.6", " ", " ", " ", " ", " 5.6", " 5.8", " ", " ", " ", " ", " ", " ", " 2.4", " 1.5", " ", " 3.5", " 4.5", " ", " 4.7", " 2.6", " 4.9", " 4.1", " ", " ", " ", " 3.0", " ", " ", " 3.4", " 0.5", " ", " 3.8", " ", " 1.0", " ", " "
"426", "", "False", "N-palmitoyl taurine", "C18 H37 N O4 S", "Not the top hit", " No results", " No results", " Full match", " Full match", "0.54", "363.24453", "362.23725", "8.875", "2739069.23217887", "1", "0", "0", "", "", "", "No matches found", " No matches found", " No matches found", " No matches found", " No matches found", "", "Single match found", "PreferredDDA", "", "[M-H]-1", "2739069.23217887", " 1995593.61512318", " ", " 976665.666957254", " ", "", " 13.6782867420136", " ", " 67.3700745089764", " ", "Infinity", " Infinity", " ", " 2.043", " 0.000", "Infinity", " Infinity", " ", " 1.03", " -Infinity", "", " ", " ", " 0.619538598674916", " ", "", " ", " ", " 0.999999999989872", " ", "8.3", "5.0", " ", " ", " ", " ", " ", " ", " ", " ", " ", " 7.9", " ", " 8.3", " ", " ", " ", " ", " ", " ", " ", " ", " ", " ", " ", " ", " 2.3", " ", " ", " ", " 5.4", " 1.9", " ", " ", " ", " ", " ", " ", " ", " ", " "
"886", "", "False", "Mono(2-ethylhexyl) phthalate (MEHP)", "C16 H22 O4", "Not the top hit", " Full match", " No results", " Partial match", " Partial match", "-0.68", "278.15162", "277.14434", "4.238", "2735875.54807624", "6", "2", "0", "78.7", "67.0", "", "No matches found", " No matches found", " No matches found", " No matches found", " No matches found", "", "Multiple matches found", "PreferredDDA", "CO2", "[M-H]-1", "1317274.20908489", " 1618607.37327458", " 839467.143835462", " 1598049.66441233", " 1453465.10292665", "49.5132442356247", " 28.0294261228568", " 29.2930907600587", " 41.4314018198703", " 69.2158377126119", "1.569", " 1.904", " 1.731", " 1.013", " 0.910", "0.65", " 0.93", " 0.79", " 0.02", " -0.14", "0.224519298060235", " 0.128638544221537", " 0.639711412460201", " 0.9994744781642", " 0.979780564485391", "0.999999999876955", " 0.364475875294355", " 0.999999999961495", " 0.999999999989872", " 1", "7.1", "2.3", " 2.5", " 1.9", " 1.1", " 2.1", " ", " 3.9", " ", " 7.1", " 1.6", " 1.6", " 3.5", " 2.0", " 4.3", " 4.6", " ", " ", " ", " 4.6", " 1.0", " 1.8", " 1.4", " ", " 5.9", " 1.8", " ", " 5.4", " 2.9", " 3.3", " ", " ", " 0.4", " ", " 4.0", " ", " ", " ", " ", " 0.8", " "
"666", "", "False", "Auricolic acid", "C20 H36 O3", "Full match", " No results", " No results", " Not the top hit", " Full match", "-0.32", "324.26634", "323.25906", "6.152", "2723704.69482255", "7", "0", "0", "", "", "", "No matches found", " No matches found", " No matches found", " No matches found", " No matches found", "", "Multiple matches found", "PreferredDDA", "", "[M-H]-1", "944385.718130461", " 1627350.00736216", " 471385.810263472", " 1330160.34196055", " 1164519.26767702", "", " 27.8298019942733", " ", " 48.9619950138105", " 66.0162415573255", "2.003", " 2.822", " 2.470", " 1.223", " 0.875", "1.00", " 1.50", " 1.30", " 0.29", " -0.19", "", " ", " ", " 0.999991706821367", " 0.746966691774904", "", " ", " ", " 0.999999999989872", " 1", "5.2", "", " ", " ", " ", " ", " 1.1", " ", " ", " 5.0", " ", " ", " 5.0", " 4.3", " 4.9", " ", " 3.9", " ", " ", " ", " ", " ", " 1.5", " ", " ", " ", " 2.7", " ", " 5.2", " ", " ", " 2.1", " ", " ", " 3.3", " 2.7", " 2.5", " 2.7", " ", " ", " "
"786", "", "False", "", "C20 H32 N6 O3", "Full match", " No results", " No results", " No results", " No results", "0.63", "404.25384", "403.24657", "5.268", "2703965.33989856", "0", "0", "0", "", "", "", "No matches found", " No matches found", " No matches found", " No matches found", " No matches found", "", "No matches found", "PreferredDDA", "", "[M-H]-1", "975763.135878157", " 823155.747388055", " 539496.365675752", " 2250105.13817007", " 830504.52526126", "17.3727634575386", " 59.6630959693414", " 15.5319006874555", " 42.0371155270605", " 45.8160082735205", "1.809", " 4.171", " 1.539", " 0.366", " 0.369", "0.85", " 2.06", " 0.62", " -1.45", " -1.44", "0.715590422750825", " 0.0866411464026934", " 0.922436108886976", " 0.240448633749439", " 0.323301278133164", "0.999999999876955", " 0.27104645562657", " 0.999999999961495", " 0.999999999989872", " 1", "7.2", "", " ", " 3.0", " ", " 7.2", " ", " 4.2", " 3.8", " ", " ", " 3.6", " ", " 0.4", " ", " 1.0", " 3.4", " 2.3", " ", " ", " 6.1", " ", " 4.2", " ", " ", " ", " ", " ", " 4.6", " ", " ", " 3.3", " 2.3", " ", " ", " 2.7", " ", " ", " 1.9", " ", " "
"831", "", "False", "LPE O-16:1", "C21 H44 N O6 P", "Not the top hit", " No results", " Full match", " Partial match", " Partial match", "-0.57", "437.29038", "436.28310", "4.582", "2674379.45664389", "1", "0", "3", "", "", "37.6", "No matches found", " No matches found", " No matches found", " Multiple matches found", " No matches found", "", "Single match found", "PreferredDDA", "", "[M-H]-1", "1734920.51152488", " 1518798.3492213", " 1157950.2231473", " 1638720.54544294", " 1707794.89444239", "43.4982068952022", " 19.7860275618915", " 62.9685142228129", " ", " 23.9279051863021", "1.498", " 1.415", " 1.475", " 0.927", " 1.042", "0.58", " 0.50", " 0.56", " -0.11", " 0.06", "0.972706014077702", " ", " 0.949663557219709", " ", " ", "0.999999999876955", " ", " 0.999999999961495", " ", " ", "6.3", "", " 3.6", " ", " 4.9", " ", " ", " ", " 2.0", " 4.8", " ", " ", " ", " 6.3", " ", " 6.3", " ", " ", " ", " 2.9", " ", " 3.5", " ", " 3.4", " ", " ", " ", " ", " 2.1", " ", " ", " ", " ", " ", " 4.6", " 5.8", " ", " 5.6", " 5.4", " 4.3", " 2.0"
"1487", "", "False", "NP-005397", "C18 H30 O6", "No match", " Invalid mass", " No results", " No results", " No results", "-52621.48", "324.19695", "323.18967", "8.371", "2668418.9983783", "0", "1", "0", "73.5", "8.7", "", "No matches found", " No matches found", " No matches found", " No matches found", " No matches found", "", "No matches found", "PreferredDDA", "", "[M-H]-1", "1936721.87317958", " ", " 1447657.86108498", " ", " ", "24.3171512681161", " ", " 9.87772357328651", " ", " ", "1.338", " 0.000", " 0.000", " ", " ", "0.42", " -Infinity", " -Infinity", " ", " ", "0.0815566196530157", " ", " ", " ", " ", "0.999999999876955", " ", " ", " ", " ", "4.6", "4.3", " 3.4", " 3.9", " ", " ", " ", " ", " ", " ", " ", " ", " ", " ", " ", " ", " ", " ", " ", " ", " ", " ", " ", " 3.5", " 3.5", " 4.6", " ", " ", " ", " ", " ", " ", " ", " ", " ", " ", " ", " ", " ", " ", " "
"800", "", "False", "", "C31 H41 N3 O8", "Full match", " No results", " No results", " No results", " No results", "-1.67", "583.28839", "582.28111", "3.896", "2642871.4433342", "0", "0", "0", "", "", "", "No matches found", " No matches found", " No matches found", " No matches found", " No matches found", "", "No matches found", "PreferredDDA", "", "[M-H]-1", "1010215.82456387", " 684130.54767177", " 882177.232089126", " 2595515.4830135", " 2442893.67727876", "40.7914523342071", " ", " 33.2880357957573", " ", " 53.0990655881017", "1.145", " 2.942", " 2.769", " 0.264", " 0.941", "0.20", " 1.56", " 1.47", " -1.92", " -0.09", "0.865506403772018", " ", " 0.371435422694359", " ", " ", "0.999999999876955", " ", " 0.997010147619044", " ", " ", "5.0", "2.7", " ", " ", " 4.9", " ", " ", " 3.0", " 2.1", " ", " ", " ", " ", " ", " ", " ", " ", " 4.5", " 2.0", " ", " 0.9", " 3.5", " ", " ", " 4.9", " ", " ", " ", " ", " ", " 2.7", " ", " ", " ", " 5.0", " ", " 1.9", " ", " 3.9", " ", " "
"822", "", "False", "Lupinisoflavone L", "C25 H24 O7", "No results", " No results", " No results", " Not the top hit", " Full match", "1.04", "436.15266", "435.14538", "4.483", "2641076.28153342", "13", "0", "0", "", "", "", "No matches found", " No matches found", " No matches found", " No matches found", " No matches found", "", "Multiple matches found", "PreferredDDA", "", "[M-H]-1", "", " 1020620.59210161", " 2229100.94253203", " ", " ", "", " ", " 22.1942902148432", " ", " ", "0.000", " 0.000", " 0.000", " Infinity", " ", "-Infinity", " -Infinity", " -Infinity", " Infinity", " ", "", " ", " ", " ", " ", "", " ", " ", " ", " ", "5.8", "", " ", " ", " ", " ", " ", " ", " ", " ", " ", " 1.5", " ", " ", " ", " ", " ", " ", " 3.5", " ", " ", " 4.5", " 5.8", " ", " ", " 3.7", " ", " ", " ", " ", " ", " ", " ", " ", " ", " ", " ", " ", " ", " ", " "
"997", "", "False", "", "C14 H22 O4 S", "Full match", " No results", " No results", " No results", " No results", "0.16", "286.12393", "285.11665", "8.365", "2623867.66902446", "0", "0", "0", "", "", "", "No matches found", " No matches found", " No matches found", " No matches found", " No matches found", "", "No matches found", "PreferredDDA", "", "[M-H]-1", "983367.392746786", " 985454.770257636", " 977688.414344128", " 1055097.34853774", " 585833.362195434", "38.6988503909925", " 37.2011359941858", " ", " 48.7733561610847", " 53.1495349940614", "1.006", " 1.079", " 0.599", " 0.934", " 0.555", "0.01", " 0.11", " -0.74", " -0.10", " -0.85", "", " ", " ", " 0.88701072204001", " 0.119825253618251", "", " ", " ", " 0.999999999989872", " 0.960192670412619", "6.0", "1.6", " 2.0", " 2.0", " 1.3", " 2.0", " 4.1", " 3.8", " 3.4", " 2.0", " 3.5", " 5.3", " 6.0", " 2.0", " 2.0", " 5.7", " 2.4", " 5.4", " ", " ", " ", " ", " ", " ", " ", " 3.0", " 3.3", " 3.3", " 5.4", " 4.9", " 5.3", " 4.9", " 3.0", " 2.1", " 3.4", " 2.7", " 4.5", " ", " 4.5", " 5.3", " 5.2"
"529", "", "False", "FAHFA 20:4/18:3", "C38 H60 O4", "No match", " No results", " Full match", " No results", " No results", "-4.40", "580.44661", "579.43933", "6.391", "2618010.12183028", "0", "0", "2", "", "", "41.0", "No matches found", " No matches found", " No matches found", " Multiple matches found", " No matches found", "", "No matches found", "PreferredDDA", "", "[M-H]-1", "1591449.22140417", " ", " 2219340.67729445", " ", " 1100425.14865232", "17.5284774861614", " ", " 47.565423244323", " ", " ", "0.717", " 0.000", " 0.496", " ", " Infinity", "-0.48", " -Infinity", " -1.01", " ", " Infinity", "0.941202871799748", " ", " ", " ", " ", "0.999999999876955", " ", " ", " ", " ", "7.0", "3.0", " 7.0", " 2.9", " 6.3", " 3.3", " ", " ", " 4.8", " ", " ", " ", " ", " ", " ", " ", " ", " ", " ", " 2.5", " 2.3", " 1.5", " ", " 1.5", " 2.3", " 5.0", " ", " ", " ", " ", " ", " ", " ", " ", " 1.9", " ", " ", " ", " ", " ", " "
"1025", "", "False", "", "C8 H14 N6 O2", "Full match", " No results", " No results", " No results", " No results", "-0.49", "226.11771", "225.11044", "2.564", "2575557.75195877", "0", "0", "0", "", "", "", "No matches found", " No matches found", " No matches found", " No matches found", " No matches found", "", "No matches found", "PreferredDDA", "", "[M-H]-1", "1123639.76014319", " 1716024.54016041", " 1508636.59078427", " 1435786.9662849", " 1424494.54058142", "32.1514050291042", " 28.4737947691896", " 35.4957693263123", " 26.1077935984571", " 27.9126721313721", "0.745", " 0.952", " 0.944", " 1.195", " 0.992", "-0.43", " -0.07", " -0.08", " 0.26", " -0.01", "0.946344983421001", " 0.99172772788306", " 0.981398884629883", " 0.88468323354146", " 0.999574531412322", "0.999999999876955", " 0.999999999849258", " 0.999999999961495", " 0.999999999989872", " 1", "5.6", "3.4", " 1.6", " 4.9", " ", " ", " 2.0", " ", " ", " ", " 3.5", " ", " 2.8", " 2.4", " 2.2", " 3.9", " ", " 2.4", " ", " 2.2", " ", " ", " 2.2", " ", " 2.2", " 2.4", " 3.7", " 1.6", " 2.4", " 4.3", " 5.6", " ", " 2.0", " 2.4", " 3.1", " ", " 3.9", " ", " ", " 2.0", " "
"662", "", "False", "PA(P-16:0/14:1(9Z))", "C33 H63 O7 P", "Not the top hit", " No results", " No results", " No match", " Full match", "0.73", "602.43158", "601.42430", "5.975", "2574002.84790159", "4", "0", "0", "", "", "", "No matches found", " No matches found", " No matches found", " No matches found", " No matches found", "", "Single match found", "PreferredDDA", "", "[M-H]-1", "", " 1258732.90948688", " ", " 1634535.77504723", " 1031676.58676986", "", " ", " ", " 47.8223102900414", " 31.5400301897348", "", " Infinity", " Infinity", " 0.770", " 0.631", "", " Infinity", " Infinity", " -0.38", " -0.66", "", " ", " ", " ", " 0.804746403632816", "", " ", " ", " ", " 1", "5.4", "", " ", " ", " ", " ", " ", " ", " ", " 4.8", " ", " ", " ", " ", " ", " ", " ", " ", " ", " ", " ", " ", " ", " ", " ", " ", " 4.9", " ", " 2.3", " 2.9", " 2.9", " ", " ", " 2.7", " 4.5", " ", " 5.1", " ", " 5.4", " 2.0", " 3.0"
"1189", "", "False", "", "C12 H17 N3 O9 S", "Full match", " No results", " No results", " No results", " No results", "1.28", "379.06903", "378.06176", "1.688", "2550953.49269869", "0", "0", "0", "", "", "", "No matches found", " No matches found", " No matches found", " No matches found", " No matches found", "", "No matches found", "PreferredDDA", "", "[M-H]-1", "1446140.83977091", " 1634891.39804721", " 989602.522736303", " 1389463.09103882", " 1597184.26011336", "24.0018666698826", " 24.6581320021328", " 31.8747604328507", " 33.8905241567684", " 18.929444625815", "1.461", " 1.404", " 1.614", " 1.177", " 1.149", "0.55", " 0.49", " 0.69", " 0.23", " 0.20", "0.0817238264103715", " 0.0430984692996035", " 0.0647935061783563", " 0.983193488643094", " 0.99726236935182", "0.999999999876955", " 0.164851645070983", " 0.430849134659529", " 0.999999999989872", " 1", "5.7", "4.6", " 1.4", " 3.9", " 4.3", " 3.9", " ", " 3.9", " 1.6", " 4.6", " ", " ", " 1.2", " 3.0", " 2.4", " 3.5", " 1.6", " 3.5", " ", " 0.9", " ", " ", " 2.6", " 0.9", " 3.4", " ", " 2.2", " 1.1", " ", " ", " 1.1", " ", " 2.5", " 1.9", " 2.5", " 5.2", " 5.7", " ", " 4.0", " 2.5", " 3.3"
"1147", "", "False", "Prostaglandin F2a 1-11-lactone", "C20 H32 O4", "No match", " Invalid mass", " No results", " No match", " No match", "-53566.65", "318.21934", "317.21206", "3.471", "2536136.86313976", "68", "14", "0", "93.2", "9.7", "", "No matches found", " No matches found", " No matches found", " No matches found", " No matches found", "", "Multiple matches found", "PreferredDDA", "CO2", "[M-H]-1", "1738545.47112863", " 468525.422227025", " 1682566.83788449", " ", " ", "48.1058950352207", " ", " 8.84261473304247", " ", " ", "1.033", " 0.000", " 0.000", " Infinity", " ", "0.05", " -Infinity", " -Infinity", " Infinity", " ", "0.891430386922854", " ", " ", " ", " ", "0.999999999876955", " ", " ", " ", " ", "5.4", "", " 1.1", " ", " ", " 1.2", " 3.5", " 1.0", " 3.6", " ", " ", " 0.4", " ", " ", " ", " ", " ", " ", " ", " 5.4", " 5.0", " 4.3", " ", " ", " ", " ", " ", " ", " ", " ", " ", " ", " ", " ", " ", " ", " ", " ", " ", " ", " "
"671", "", "False", "", "C20 H47 N4 O3 P", "Full match", " No results", " No results", " No results", " No results", "-3.29", "422.33719", "421.32991", "5.138", "2505590.98955678", "0", "0", "0", "", "", "", "No matches found", " No matches found", " No matches found", " No matches found", " No matches found", "", "No matches found", "PreferredDDA", "", "[M-H]-1", "1030784.88743311", " 1263575.15554667", " 624406.557193022", " 1697858.66854964", " 1100022.20336943", "", " 3.15578757286296", " 78.7882769120229", " 67.2792161264632", " ", "1.651", " 2.719", " 1.762", " 0.744", " 0.648", "0.72", " 1.44", " 0.82", " -0.43", " -0.63", "", " 0.639897006087289", " ", " 0.999241663348112", " ", "", " 0.999999999849258", " ", " 0.999999999989872", " ", "8.2", "", " ", " ", " ", " 4.9", " ", " ", " ", " ", " 8.2", " 8.2", " ", " ", " ", " ", " ", " ", " 5.3", " ", " 5.3", " ", " ", " ", " 5.2", " ", " ", " 5.3", " ", " 5.4", " ", " ", " ", " ", " ", " ", " ", " ", " ", " ", " 5.3"
"672", "", "False", "Prostaglandin A1 ethyl ester", "C22 H36 O4", "No match", " Invalid mass", " No results", " No match", " No match", "-49441.56", "346.25171", "345.24443", "4.621", "2496435.96757793", "8", "1", "0", "63.4", "8.2", "", "No matches found", " No matches found", " No matches found", " No matches found", " No matches found", "", "Multiple matches found", "PreferredDDA", "", "[M-H]-1", "496972.363210901", " 1139427.42225556", " ", " 2219705.86241849", " ", "", " 34.7231681091584", " ", " 17.6309606808448", " ", "Infinity", " Infinity", " ", " 0.513", " 0.000", "Infinity", " Infinity", " ", " -0.96", " -Infinity", "", " ", " ", " 0.231231419292258", " ", "", " ", " ", " 0.999999999989872", " ", "5.9", "4.5", " ", " ", " ", " ", " ", " ", " ", " 5.3", " ", " ", " ", " ", " ", " ", " 1.6", " ", " ", " ", " ", " ", " ", " ", " ", " ", " 5.9", " ", " ", " ", " ", " ", " ", " 4.2", " ", " ", " ", " ", " ", " ", " "
"996", "", "False", "15-deoxy-delta-12,14-PGJ2", "C20 H28 O3", "Full match", " No results", " No results", " Full match", " Full match", "-0.21", "316.20378", "315.19654", "4.000", "2495999.55576125", "53", "0", "0", "", "", "", "No matches found", " No matches found", " No matches found", " No matches found", " No matches found", "", "Multiple matches found", "PreferredDDA", "CO2", "[M-H]-1", "1197428.28450514", " 1884481.29347156", " 1031344.2368088", " 1805969.18524941", " 1127009.86987642", "49.6940827387591", " 39.5120483416884", " 10.6915860424277", " 9.30087561260048", " 8.30951094923794", "1.161", " 1.751", " 1.093", " 1.043", " 0.624", "0.22", " 0.81", " 0.13", " 0.06", " -0.68", "0.983447282457135", " 0.451969613450608", " 0.998449880379348", " 0.955067723708534", " 0.671082362188346", "0.999999999876955", " 0.886555780230039", " 0.999999999961495", " 0.999999999989872", " 1", "4.6", "0.4", " ", " 2.9", " 1.1", " 2.3", " 2.1", " 2.1", " 1.0", " 3.8", " 1.5", " ", " 1.9", " 0.5", " ", " 3.2", " 1.9", " 2.4", " ", " 3.8", " 3.5", " 3.2", " 2.8", " ", " 4.1", " ", " 3.1", " 3.9", " ", " ", " ", " ", " ", " ", " 3.1", " ", " 4.0", " ", " ", " 4.6", " "
"1805", "", "False", "2-hydroxy-pentadecanoic acid", "C15 H30 O3", "Full match", " No results", " No results", " Not the top hit", " Full match", "-0.06", "258.21948", "257.21220", "3.684", "2490245.43524298", "11", "0", "0", "", "", "", "No matches found", " No matches found", " No matches found", " No matches found", " No matches found", "", "Multiple matches found", "PreferredDDA", "", "[M-H]-1", "1721150.16830425", " 2314485.66543063", " 1846047.22765742", " 394507.10228727", " ", "24.5960057983772", " 6.96858496095116", " 2.81260210953338", " ", " ", "0.932", " 0.214", " 0.000", " 5.867", " 0.000", "-0.10", " -2.23", " -Infinity", " 2.55", " -Infinity", "0.996364113053634", " ", " ", " ", " ", "0.999999999876955", " ", " ", " ", " ", "4.8", "", " 2.4", " ", " ", " ", " 3.0", " 2.8", " ", " 4.3", " 4.5", " ", " ", " ", " ", " ", " ", " ", " ", " ", " ", " ", " 4.4", " ", " 4.8", " ", " ", " ", " ", " ", " ", " 0.8", " ", " ", " ", " ", " ", " ", " ", " ", " "
"749", "", "False", "(5Z,8Z,11Z,14Z)-1-(2,4,6-Trihydroxyphenyl)-5,8,11,14-icosatetraen-1-one", "C26 H36 O4", "Invalid mass", " No results", " No results", " Invalid mass", " No results", "-5.93", "412.25891", "411.25164", "6.716", "2490177.94022696", "2", "0", "0", "", "", "", "No matches found", " No matches found", " No matches found", " No matches found", " No matches found", "", "No matches found", "PreferredDDA", "", "[M-H]-1", "558029.233746233", " 1744855.50076623", " 1059197.93794015", " 928838.50901689", " 1179292.10989581", "17.5915386997924", " 26.9913034107855", " 87.140796955337", " 62.6189652229548", " 47.5548991218674", "0.527", " 0.877", " 1.113", " 1.879", " 1.270", "-0.92", " -0.19", " 0.15", " 0.91", " 0.34", "0.944960170264251", " 0.977656281522481", " 0.908489855763102", " 0.656411527823814", " 0.99515404639063", "0.999999999876955", " 0.999999999849258", " 0.999999999961495", " 0.999999999989872", " 1", "5.9", "", " 4.2", " ", " ", " ", " 5.3", " ", " 3.8", " 2.4", " ", " ", " 3.5", " ", " 1.6", " 4.6", " 3.1", " 1.0", " ", " 2.9", " ", " 1.9", " ", " ", " ", " ", " 3.0", " ", " 0.8", " 1.9", " 4.2", " ", " 1.5", " ", " ", " 5.5", " 5.9", " 3.8", " 0.2", " 1.1", " "
"1306", "", "False", "", "C10 H23 N8 O3 P", "Full match", " No results", " No results", " No match", " No results", "-0.84", "334.16279", "333.15551", "0.833", "2479201.84215649", "1", "0", "0", "", "", "", "No matches found", " No matches found", " No matches found", " No matches found", " No matches found", "", "No matches found", "PreferredDDA", "", "[M-H]-1", "830707.828880789", " 1416331.67266088", " 1062168.32665721", " 1557433.63670891", " 1663328.62849938", "0.0333720036386483", " 45.8022476568488", " 13.0422779399287", " 15.5258023945538", " 30.5772151356141", "0.782", " 1.466", " 1.566", " 0.909", " 1.068", "-0.35", " 0.55", " 0.65", " -0.14", " 0.09", "0.836484487950131", " 0.744014219154441", " 0.468030387070301", " 0.999644043570759", " 0.992782409453077", "0.999999999876955", " 0.999999999849258", " 0.999999999961495", " 0.999999999989872", " 1", "4.8", "3.4", " ", " ", " ", " ", " ", " 3.4", " ", " ", " 3.5", " ", " ", " ", " 1.4", " ", " 1.9", " 4.8", " ", " 4.7", " ", " ", " ", " ", " 2.4", " 2.6", " ", " ", " 3.3", " ", " 1.7", " ", " 2.1", " 2.9", " 2.2", " 0.9", " 2.2", " ", " 4.1", " 2.2", " 2.1"
"545", "", "False", "TG(12:0/12:0/14:0)[iso3]", "C41 H78 O6", "Not the top hit", " No results", " No results", " Full match", " Full match", "0.27", "666.58002", "665.57274", "7.256", "2477991.60278913", "2", "0", "0", "", "", "", "No matches found", " No matches found", " No matches found", " No matches found", " No matches found", "", "Multiple matches found", "PreferredDDA", "", "[M-H]-1", "389010.244639006", " 716065.064274022", " 284025.512716302", " 562732.96706143", " 682652.187585368", "121.089469852537", " 66.8555941365004", " 39.6631853994334", " 46.9139334766157", " 54.6276516551196", "1.370", " 1.981", " 2.403", " 1.272", " 1.213", "0.45", " 0.99", " 1.27", " 0.35", " 0.28", "0.656076280997503", " 0.506095891304553", " 0.463629713533508", " 0.994768648934038", " 0.999873370923915", "0.999999999876955", " 0.955958905797489", " 0.999999999961495", " 0.999999999989872", " 1", "6.1", "", " ", " 3.4", " ", " 6.1", " ", " ", " 2.3", " ", " 1.7", " 1.5", " 3.0", " ", " ", " 1.9", " 2.3", " 3.4", " 2.4", " ", " ", " ", " 2.4", " ", " ", " ", " 3.0", " ", " 1.9", " 4.9", " 1.5", " 1.5", " 1.5", " 3.3", " 2.5", " 2.3", " 5.3", " ", " 2.3", " 2.3", " 1.5"
"733", "", "False", "LNAPE 20:4/N-2:0", "C27 H46 N O8 P", "No match", " No results", " Full match", " No results", " No results", "-0.19", "543.29600", "542.28888", "8.904", "2453772.5618989", "0", "0", "4", "", "", "80.8", "No matches found", " No matches found", " No matches found", " Multiple matches found", " No matches found", "", "No matches found", "PreferredDDA", "", "[M-H]-1", "873802.258186516", " 234770.382911752", " 834080.493879075", " 447219.496106696", " ", "67.2339065529588", " 48.6128327496076", " 61.0257788391132", " 62.1834727290548", " ", "1.048", " 0.536", " 0.000", " 0.525", " 0.000", "0.07", " -0.90", " -Infinity", " -0.93", " -Infinity", "0.957021897955835", " 0.850043403878331", " ", " 0.34856239699701", " ", "0.999999999876955", " 0.999999999849258", " ", " 0.999999999989872", " ", "4.8", "3.1", " 2.5", " 4.5", " 1.5", " 4.5", " 0.4", " ", " ", " ", " 1.5", " ", " 2.3", " ", " ", " ", " 3.4", " 2.3", " ", " ", " ", " 1.5", " ", " ", " ", " 2.9", " 2.3", " 2.7", " 4.5", " ", " 2.3", " ", " 4.8", " 4.5", " ", " ", " ", " ", " ", " ", " "
"838", "", "False", "", "C20 H50 N10 O4 S", "Full match", " No results", " No results", " No results", " No results", "-1.26", "526.37306", "525.36578", "4.624", "2453137.47737074", "0", "0", "0", "", "", "", "No matches found", " No matches found", " No matches found", " No matches found", " No matches found", "", "No matches found", "PreferredDDA", "CO2", "[M-H]-1", "378438.819229338", " 1504829.33957613", " ", " 902395.513857869", " 1699470.3729496", "", " 57.5070250791267", " ", " 31.6482632747967", " 12.159711294509", "Infinity", " Infinity", " Infinity", " 1.668", " 1.883", "Infinity", " Infinity", " Infinity", " 0.74", " 0.91", "", " ", " ", " 0.753842584745233", " 0.267775032653873", "", " ", " ", " 0.999999999989872", " 1", "5.1", "", " ", " ", " ", " ", " 0.0", " ", " ", " ", " 5.0", " ", " ", " 4.4", " ", " ", " ", " 4.9", " ", " ", " ", " ", " ", " ", " ", " ", " 5.1", " 2.0", " 4.9", " 3.4", " ", " 2.6", " 2.8", " 2.0", " 4.5", " ", " 4.1", " ", " 4.1", " 4.9", " "
"728", "", "False", "", "C14 H12 N8 O4", "Full match", " No results", " No results", " No match", " No results", "-3.54", "356.09689", "355.08961", "0.571", "2449527.31829611", "1", "0", "0", "", "", "", "No matches found", " No matches found", " No matches found", " No matches found", " No matches found", "", "No matches found", "PreferredDDA", "", "[M-H]-1", "2139285.25093481", " 1381590.91039834", " 824457.177060034", " 2024190.02586093", " 455138.786967672", "", " 43.4054048797266", " 41.4962597533892", " 29.7164673207522", " ", "2.595", " 2.455", " 0.552", " 0.683", " 0.225", "1.38", " 1.30", " -0.86", " -0.55", " -2.15", "", " 0.33231788390468", " ", " 0.825308074231456", " ", "", " 0.736878786049509", " ", " 0.999999999989872", " ", "6.2", "", " ", " ", " ", " 2.9", " ", " ", " ", " ", " 3.6", " ", " ", " ", " 2.7", " ", " ", " ", " ", " 5.2", " ", " 4.5", " ", " ", " 3.8", " ", " 6.0", " 6.2", " ", " ", " ", " ", " ", " ", " ", " 4.9", " ", " ", " ", " ", " "
"1150", "", "False", "", "C19 H32 N2 O8", "Full match", " No results", " No results", " No match", " No results", "-1.50", "416.21524", "415.20796", "5.769", "2386141.20769968", "1", "0", "0", "", "", "", "No matches found", " No matches found", " No matches found", " No matches found", " No matches found", "", "No matches found", "PreferredDDA", "", "[M-H]-1", "383745.834721259", " 833310.358981288", " ", " 1033388.88803651", " 546893.966860919", "111.548566921919", " 26.6869415697093", " ", " ", " 6.24771303842003", "Infinity", " Infinity", " Infinity", " 0.806", " 0.529", "Infinity", " Infinity", " Infinity", " -0.31", " -0.92", "", " ", " ", " ", " ", "", " ", " ", " ", " ", "7.8", "0.0", " 1.1", " ", " ", " 1.2", " ", " ", " ", " 2.9", " ", " ", " ", " ", " 3.7", " 3.1", " 2.1", " ", " ", " ", " ", " ", " ", " ", " ", " ", " ", " 0.0", " ", " ", " ", " ", " ", " ", " 5.2", " ", " 7.8", " ", " 3.3", " 4.4", " "
"858", "", "False", "", "C26 H46 N3 O11 P", "Full match", " No results", " No results", " No results", " No results", "2.30", "607.28839", "606.28111", "3.878", "2380461.7734704", "0", "0", "0", "", "", "", "No matches found", " No matches found", " No matches found", " No matches found", " No matches found", "", "No matches found", "PreferredDDA", "", "[M-H]-1", "865607.219429068", " 1159337.54904619", " 511402.383952179", " 1478568.08856187", " 1854785.10576166", "41.8535255949986", " 57.0820247334547", " 16.8370641735384", " 86.2638853687742", " 4.19042171560631", "1.693", " 2.891", " 3.627", " 0.784", " 1.254", "0.76", " 1.53", " 1.86", " -0.35", " 0.33", "0.615104903425542", " 0.478413664978578", " 0.150040989607288", " 0.99952852868243", " 0.874204576942747", "0.999999999876955", " 0.92265492531583", " 0.683574832858631", " 0.999999999989872", " 1", "4.4", "1.9", " 1.9", " ", " 3.0", " ", " ", " 3.0", " 0.6", " ", " 2.5", " ", " ", " 0.8", " ", " ", " ", " ", " ", " ", " 4.2", " ", " ", " 3.4", " ", " ", " ", " ", " ", " 0.0", " 2.3", " ", " ", " ", " 4.4", " ", " ", " ", " 4.4", " ", " "
"723", "", "False", "FAHFA 20:3/22:5", "C42 H66 O4", "Not the top hit", " No results", " Full match", " No match", " No match", "-4.98", "634.49295", "633.48567", "6.770", "2286956.67028029", "3", "0", "2", "", "", "73.2", "No matches found", " No matches found", " No matches found", " Multiple matches found", " No matches found", "", "Multiple matches found", "PreferredDDA", "", "[M-H]-1", "1172570.9019368", " 1153743.54646088", " 581962.770996386", " 1491635.37174965", " 962459.142519698", "", " 22.0183890718432", " ", " 39.6557996459131", " ", "2.015", " 2.563", " 1.654", " 0.773", " 0.645", "1.01", " 1.36", " 0.73", " -0.37", " -0.63", "", " ", " ", " 0.984200434166447", " ", "", " ", " ", " 0.999999999989872", " ", "4.9", "", " ", " ", " ", " 0.6", " ", " ", " ", " 4.6", " ", " 3.1", " ", " 1.8", " ", " ", " ", " ", " ", " ", " ", " ", " ", " ", " 1.9", " ", " ", " 3.5", " ", " ", " 4.9", " ", " 4.1", " 3.6", " 3.4", " ", " ", " ", " ", " ", " "
"1087", "", "False", "Ambrettolic acid", "C16 H30 O3", "Full match", " No results", " No results", " Not the top hit", " Full match", "-0.40", "270.21939", "269.21211", "5.350", "2281729.23006764", "20", "0", "0", "", "", "", "No matches found", " No matches found", " No matches found", " No matches found", " No matches found", "", "Multiple matches found", "PreferredDDA", "CO2", "[M-H]-1", "1392687.7172406", " 1756309.25360033", " 1839988.09312049", " 1759922.63652122", " 1778762.62452586", "24.0954191109847", " 5.00566117501329", " 10.2646492131599", " 14.9393796921621", " 32.1786998367239", "0.757", " 0.956", " 0.967", " 0.998", " 1.011", "-0.40", " -0.06", " -0.05", " 0.00", " 0.02", "0.405944567182754", " 0.880197809365551", " 0.895249620843201", " 0.991795634699334", " 0.99999960643707", "0.999999999876955", " 0.999999999849258", " 0.999999999961495", " 0.999999999989872", " 1", "4.6", "", " ", " 1.6", " 1.6", " 3.1", " ", " ", " 1.6", " ", " ", " ", " 4.6", " 3.5", " ", " 2.8", " ", " ", " 2.2", " 3.0", " 3.0", " ", " ", " ", " 2.2", " 4.5", " 3.8", " 3.8", " ", " ", " ", " ", " 2.6", " 2.2", " ", " 1.5", " ", " 3.4", " ", " ", " 1.3"
"464", "", "False", "FAHFA 20:2/18:0", "C38 H70 O4", "Not the top hit", " No results", " Full match", " Partial match", " No results", "0.09", "590.52747", "589.52019", "7.193", "2267282.84679551", "1", "0", "2", "", "", "45.5", "No matches found", " No matches found", " No matches found", " Multiple matches found", " No matches found", "", "No matches found", "PreferredDDA", "Fatty_Acid_18:1", "[M-H]-1", "1927848.26216785", " 626296.755474236", " 611645.364041106", " 1767729.75801273", " 929636.897253362", "", " 51.4592127710381", " 72.7655647825167", " 37.8231216340113", " 80.209680012661", "3.152", " 2.890", " 1.520", " 0.354", " 0.526", "1.66", " 1.53", " 0.60", " -1.50", " -0.93", "", " 0.323599650735271", " 0.998993635148897", " 0.231684475470497", " 0.583253442850546", "", " 0.728099214154359", " 0.999999999961495", " 0.999999999989872", " 1", "6.4", "", " ", " ", " ", " 3.3", " ", " ", " ", " 3.4", " 2.1", " ", " 2.3", " 1.5", " 2.7", " 1.9", " 1.5", " ", " ", " 1.9", " ", " ", " ", " ", " 3.3", " 4.9", " ", " 6.4", " ", " 5.7", " 0.9", " ", " ", " 2.6", " ", " ", " 1.5", " ", " ", " ", " 1.4"
"1198", "", "False", "2-glyceryl-PGD2", "C23 H38 O7", "Not the top hit", " No results", " No results", " Partial match", " Full match", "0.25", "426.26186", "425.25458", "0.671", "2266840.30862225", "6", "0", "0", "", "", "", "No matches found", " No matches found", " No matches found", " No matches found", " No matches found", "", "Multiple matches found", "PreferredDDA", "", "[M-H]-1", "", " 922683.479088494", " ", " 933275.877505199", " 819970.391976403", "", " 55.5249743434325", " ", " 59.1135682772383", " 21.826831805702", "", " Infinity", " Infinity", " 0.989", " 0.879", "", " Infinity", " Infinity", " -0.02", " -0.19", "", " ", " ", " 0.993310610779456", " 0.712884932499423", "", " ", " ", " 0.999999999989872", " 1", "5.2", "", " ", " ", " ", " ", " ", " ", " ", " 0.4", " 5.2", " 2.5", " 3.3", " ", " 2.9", " 1.1", " 0.8", " 1.1", " ", " ", " ", " ", " ", " ", " ", " ", " 2.5", " 2.7", " 2.7", " 3.6", " ", " 1.5", " 2.3", " 1.1", " 2.5", " 2.1", " 1.4", " 2.1", " 2.5", " 3.7", " "
"922", "", "False", "", "", "No results", " No results", " No results", " No results", " No results", "", "381.21239", "380.20512", "4.482", "2246211.83340848", "0", "0", "0", "", "", "", "No matches found", " No matches found", " No matches found", " No matches found", " No matches found", "", "No matches found", "PreferredDDA", "", "[M-H]-1", "", " 978523.121230063", " ", " 2246211.83340848", " 1587601.45643668", "", " ", " ", " ", " 3.60146831563415", "", " Infinity", " Infinity", " 0.436", " 0.707", "", " Infinity", " Infinity", " -1.20", " -0.50", "", " ", " ", " ", " ", "", " ", " ", " ", " ", "7.4", "", " ", " ", " ", " ", " ", " ", " ", " ", " ", " ", " ", " ", " ", " ", " ", " 2.7", " ", " ", " ", " ", " ", " ", " ", " ", " ", " ", " ", " 4.8", " ", " ", " ", " ", " ", " 5.9", " 7.4", " ", " ", " ", " 4.4"
"1035", "", "False", "", "C15 H29 N4 O5 P", "Full match", " No results", " No results", " No match", " No results", "-2.26", "376.18671", "375.17943", "2.922", "2240160.4077774", "1", "0", "0", "", "", "", "No matches found", " No matches found", " No matches found", " No matches found", " No matches found", "", "No matches found", "PreferredDDA", "", "[M-H]-1", "1077538.01828692", " 1553677.74187965", " 652921.610756508", " 1359012.47197579", " 1154932.83246694", "12.8348961334043", " 40.6757524001189", " ", " 13.9731574639156", " 37.5308299682944", "1.650", " 2.081", " 1.769", " 1.143", " 0.850", "0.72", " 1.06", " 0.82", " 0.19", " -0.23", "", " ", " ", " 0.999998122580506", " 0.940664333544305", "", " ", " ", " 0.999999999989872", " 1", "6.4", "", " ", " 2.4", " 5.4", " ", " ", " 3.5", " ", " 4.2", " 2.5", " ", " 4.4", " 4.0", " 1.7", " 2.1", " 3.0", " 1.9", " ", " ", " ", " ", " 1.5", " ", " ", " ", " 3.8", " 4.7", " ", " 4.9", " ", " ", " ", " 6.4", " 4.9", " 3.2", " 1.6", " ", " 4.9", " 2.2", " 3.0"
"673", "", "False", "", "", "No results", " No results", " No results", " No results", " No results", "", "402.19374", "401.18647", "4.726", "2200370.255438", "0", "0", "0", "", "", "", "No matches found", " No matches found", " No matches found", " No matches found", " No matches found", "", "No matches found", "PreferredDDA", "", "[M-H]-1", "1322399.45336925", " 1719633.03234818", " 527628.237564954", " 1843006.2083583", " 613106.313839297", "", " 7.54864515660764", " 61.5194999562326", " 27.477237269669", " ", "2.506", " 3.493", " 1.162", " 0.933", " 0.333", "1.33", " 1.80", " 0.22", " -0.10", " -1.59", "", " 0.0324985137002427", " ", " 0.999998859272706", " ", "", " 0.132007237065588", " ", " 0.999999999989872", " ", "6.5", "", " ", " ", " ", " ", " ", " 1.7", " ", " ", " ", " 4.3", " 3.1", " ", " 3.9", " ", " ", " ", " ", " ", " 1.9", " ", " ", " 1.5", " ", " ", " ", " ", " 6.5", " 2.8", " 1.4", " 3.1", " ", " ", " ", " 0.0", " ", " ", " ", " ", " "
"818", "", "False", "", "C24 H57 N5 O10 P2", "Full match", " No results", " No results", " No results", " No results", "-2.71", "637.35634", "636.34906", "4.180", "2199206.95945566", "0", "0", "0", "", "", "", "No matches found", " No matches found", " No matches found", " No matches found", " No matches found", "", "No matches found", "PreferredDDA", "", "[M-H]-1", "845736.106930569", " 1286568.73173177", " 628618.150189452", " 1367105.29659357", " 1560846.09985784", "48.9602055273998", " 34.8804031003474", " 83.4588375324108", " 33.1359464289605", " 8.7165656226555", "1.345", " 2.175", " 2.483", " 0.941", " 1.142", "0.43", " 1.12", " 1.31", " -0.09", " 0.19", "0.997880869814927", " 0.824803873692048", " 0.716375146355783", " 0.873402994530912", " 0.993653833532146", "0.999999999876955", " 0.999999999849258", " 0.999999999961495", " 0.999999999989872", " 1", "7.3", "", " ", " ", " ", " ", " 0.6", " 0.4", " ", " 3.0", " 1.1", " ", " ", " ", " ", " 2.2", " 2.4", " 2.0", " ", " 2.5", " ", " 1.9", " ", " ", " ", " 4.2", " ", " ", " 4.9", " ", " 2.2", " ", " 1.6", " 3.4", " 7.3", " ", " ", " ", " ", " ", " 4.3"
"832", "", "False", "", "C8 H18 N8 O10 S", "Full match", " No results", " No results", " No results", " No results", "-1.30", "418.08612", "417.07884", "0.575", "2194714.32559943", "0", "0", "0", "", "", "", "No matches found", " No matches found", " No matches found", " No matches found", " No matches found", "", "No matches found", "PreferredDDA", "", "[M-H]-1", "1411354.04181897", " ", " 1195176.03873299", " 361781.139111508", " ", "69.3905604387733", " ", " 27.1011096841031", " ", " ", "1.181", " 0.303", " 0.000", " 0.000", " 0.000", "0.24", " -1.72", " -Infinity", " -Infinity", " -Infinity", "0.999918135783039", " ", " ", " ", " ", "0.999999999876955", " ", " ", " ", " ", "6.2", "", " 5.3", " ", " ", " 5.2", " 3.3", " ", " ", " ", " ", " ", " ", " ", " ", " ", " ", " ", " 3.7", " 4.3", " ", " 6.2", " ", " ", " 5.0", " ", " ", " ", " ", " 4.5", " ", " ", " ", " ", " ", " ", " ", " ", " ", " ", " "
"853", "", "False", "", "C16 H31 N O3", "Full match", " No results", " No results", " No results", " No results", "-1.09", "285.23008", "284.22281", "5.084", "2185329.43398917", "0", "0", "0", "", "", "", "No matches found", " No matches found", " No matches found", " No matches found", " No matches found", "", "No matches found", "PreferredDDA", "CO2", "[M-H]-1", "1350215.35623576", " 1268458.59871062", " 1079520.07064163", " 1945504.88122069", " 1501994.25459791", "41.7434993555257", " 38.1891718678259", " 32.6001580967819", " 8.98134091066784", " 14.6233313562093", "1.251", " 1.802", " 1.391", " 0.652", " 0.772", "0.32", " 0.85", " 0.48", " -0.62", " -0.37", "0.999315827310308", " 0.083227408810601", " 0.623523092809609", " 0.0970764525064419", " 0.927374169170541", "0.999999999876955", " 0.265287365583791", " 0.999999999961495", " 0.999999999989872", " 1", "8.1", "4.9", " 4.0", " 3.3", " 4.5", " 3.6", " 4.8", " ", " ", " 5.1", " 4.5", " ", " ", " 4.5", " ", " 3.8", " 3.4", " 3.9", " 5.3", " 5.7", " 5.1", " 4.1", " 5.1", " 5.1", " 3.5", " 4.5", " 8.1", " 7.7", " 4.3", " 7.7", " 6.5", " ", " ", " ", " 7.6", " ", " 7.2", " ", " ", " 5.3", " "
"1377", "", "False", "1,4-bis[(2-ethylhexyl)oxy]-1,4-dioxobutane-2-sulfonic acid", "C20 H38 O7 S", "Full match", " No results", " No results", " No results", " Full match", "0.12", "422.23387", "421.22660", "8.307", "2183473.47504037", "0", "0", "0", "", "", "", "No matches found", " No matches found", " No matches found", " No matches found", " No matches found", "", "Single match found", "PreferredDDA", "", "[M-H]-1", "", " ", " 1844955.99971869", " ", " ", "", " ", " 19.3171654997142", " ", " ", "0.000", " 0.000", " 0.000", " ", " ", "-Infinity", " -Infinity", " -Infinity", " ", " ", "", " ", " ", " ", " ", "", " ", " ", " ", " ", "5.2", "", " ", " ", " ", " ", " ", " ", " ", " ", " ", " ", " ", " ", " ", " ", " ", " ", " 3.6", " ", " ", " ", " 4.0", " 4.0", " 5.2", " ", " ", " ", " ", " ", " ", " ", " ", " ", " ", " ", " ", " ", " ", " ", " "
"1038", "", "False", "2E,4E,8E,10E-Dodecatetraenedioic acid", "C12 H14 O4", "Full match", " No results", " No results", " Partial match", " Full match", "-2.32", "222.08869", "221.08142", "2.935", "2175060.36699975", "7", "0", "0", "", "", "", "No matches found", " No matches found", " No matches found", " No matches found", " No matches found", "", "Single match found", "PreferredDDA", "", "[M-H]-1", "1353254.70970925", " 1366162.94629832", " 1056601.3139983", " 1429268.60807013", " 1683724.74635284", "15.9382025610183", " 27.9378546900907", " 18.7615979760268", " 15.1588120896603", " 17.1671103512508", "1.281", " 1.353", " 1.594", " 0.956", " 1.178", "0.36", " 0.44", " 0.67", " -0.07", " 0.24", "0.361072416293851", " 0.0514639160493379", " 0.00786496371152423", " 0.968131764152052", " 0.974075327617088", "0.999999999876955", " 0.193360232927508", " 0.0989674600366799", " 0.999999999989872", " 1", "7.0", "4.5", " 4.0", " ", " ", " 2.9", " 3.6", " 5.2", " 3.3", " 2.9", " 6.2", " ", " 2.8", " ", " 3.9", " 4.6", " 2.5", " 5.4", " 4.5", " ", " 2.7", " 3.6", " 3.4", " 3.4", " 5.5", " 4.0", " 5.2", " ", " 4.4", " ", " 3.6", " 3.3", " 4.0", " ", " 7.0", " 6.3", " 5.9", " ", " 6.7", " 3.6", " 5.5"
"703", "", "False", "5a-Dihydrotestosterone", "C19 H30 O2", "No results", " Full match", " No results", " Full match", " Not the top hit", "-1.86", "290.22404", "289.21725", "4.507", "2173021.58075858", "18", "1", "0", "89.9", "9.5", "", "No matches found", " No matches found", " No matches found", " No matches found", " No matches found", "", "Multiple matches found", "PreferredDDA", "CO2", "[M-H]-1", "1251207.48480856", " 1042078.22094353", " ", " 1300972.96592957", " ", "31.0727639294907", " 47.8071349016311", " ", " 9.67499255203277", " ", "Infinity", " Infinity", " ", " 0.801", " 0.000", "Infinity", " Infinity", " ", " -0.32", " -Infinity", "", " ", " ", " 0.848528786137672", " ", "", " ", " ", " 0.999999999989872", " ", "5.0", "2.0", " ", " 3.8", " ", " 2.2", " 1.5", " ", " 2.2", " ", " 1.5", " 1.5", " 1.9", " 1.9", " 2.5", " 3.6", " ", " ", " ", " ", " ", " ", " ", " ", " ", " ", " ", " ", " ", " ", " 5.0", " 3.1", " ", " 4.0", " ", " ", " ", " ", " ", " ", " "
"967", "", "False", "", "C3 H3 Cl2 N3 O2 P2", "Full match", " No results", " No results", " No results", " No results", "-2.95", "244.90703", "243.89976", "0.960", "2171794.35240287", "0", "0", "0", "", "", "", "No matches found", " No matches found", " No matches found", " No matches found", " No matches found", "", "No matches found", "PreferredDDA", "", "[M-H]-1", "446639.900552994", " 608707.14511786", " 298776.31021914", " 893787.388440282", " 549388.24857176", "43.0493176338954", " 64.4425456277621", " 13.9526144756869", " 35.2352660016307", " 56.9123793366196", "1.495", " 2.991", " 1.839", " 0.681", " 0.615", "0.58", " 1.58", " 0.88", " -0.55", " -0.70", "0.851676098951445", " 0.240658037631974", " 0.670640532752647", " 0.954576775220239", " 0.847194227255859", "0.999999999876955", " 0.575323121213938", " 0.999999999961495", " 0.999999999989872", " 1", "6.2", "", " 0.8", " 1.5", " 2.7", " 4.5", " 2.3", " ", " ", " 1.5", " 2.3", " 4.5", " 2.9", " 4.9", " 4.2", " 3.3", " ", " 2.9", " ", " 6.2", " ", " ", " ", " ", " 2.8", " ", " 3.5", " ", " 3.5", " 3.2", " 5.1", " 4.3", " 1.3", " 1.6", " 4.5", " 0.8", " 4.5", " ", " ", " 4.5", " 0.4"
"770", "", "False", "", "C10 H13 O6 P S", "Full match", " No results", " No results", " No match", " No results", "-3.35", "292.01607", "337.01443", "0.522", "2161543.68223126", "3", "0", "0", "", "", "", "No matches found", " No matches found", " No matches found", " No matches found", " No matches found", "", "No matches found", "OtherDDA", "", "[M+FA-H]-1", "1222104.40198787", " 563891.94205292", " 1276540.39696793", " 1377969.9190849", " 1664976.21208557", "", " ", " ", " 19.5261219432798", " 42.1779269767275", "0.957", " 1.079", " 1.304", " 0.409", " 1.208", "-0.06", " 0.11", " 0.38", " -1.29", " 0.27", "", " ", " ", " ", " 0.945168368183771", "", " ", " ", " ", " 1", "7.0", "", " ", " ", " ", " ", " ", " 4.0", " ", " 3.8", " ", " ", " ", " ", " ", " ", " ", " ", " ", " ", " ", " ", " ", " ", " 4.8", " ", " ", " 7.0", " 6.3", " 6.7", " 4.0", " 6.3", " 6.3", " ", " ", " ", " ", " ", " 5.5", " ", " 3.3"
"1404", "", "False", "", "C10 H23 N6 O2 P3", "Full match", " No results", " No results", " No match", " No results", "4.18", "352.11101", "351.10373", "1.688", "2158796.58215738", "1", "0", "0", "", "", "", "No matches found", " No matches found", " No matches found", " No matches found", " No matches found", "", "No matches found", "PreferredDDA", "", "[M-H]-1", "1310495.15725659", " 1644786.1355621", " 1268279.11178249", " 1835850.16527957", " 1392688.43825429", "24.3833162920957", " 17.5249456170495", " 27.0170665356343", " 24.8775859438859", " 17.4127179197447", "1.033", " 1.448", " 1.098", " 0.896", " 0.759", "0.05", " 0.53", " 0.14", " -0.16", " -0.40", "0.764707586212635", " 0.169958976336353", " 0.836306974281951", " 0.984109695588876", " 0.521902893111311", "0.999999999876955", " 0.458889236108154", " 0.999999999961495", " 0.999999999989872", " 1", "6.4", "1.6", " 3.7", " 2.4", " 2.4", " 2.8", " 2.0", " 3.1", " ", " 3.6", " 3.6", " ", " 4.0", " 4.4", " 3.3", " ", " 2.1", " ", " ", " ", " 4.0", " ", " 1.6", " ", " 2.8", " ", " ", " ", " ", " ", " 3.1", " ", " 1.2", " ", " 4.0", " 2.5", " 6.4", " ", " 4.8", " ", " "
"998", "", "False", "PE(20:0/0:0)", "C25 H52 N O7 P", "Not the top hit", " No results", " No results", " Not the top hit", " Full match", "-1.80", "509.34722", "508.33982", "5.299", "2150232.04843332", "7", "0", "0", "", "", "", "No matches found", " No matches found", " No matches found", " No matches found", " No matches found", "", "Multiple matches found", "PreferredDDA", "Fatty_Acid_18:0", "[M-H]-1", "751532.736792555", " 569500.8354897", " 737444.37656362", " ", " 744272.06854337", "60.2103565445362", " 19.5383121419291", " 54.6582431534252", " ", " 22.952534444133", "1.019", " 0.000", " 1.009", " Infinity", " Infinity", "0.03", " -Infinity", " 0.01", " Infinity", " Infinity", "0.763371116490562", " ", " 0.997830187018266", " ", " ", "0.999999999876955", " ", " 0.999999999961495", " ", " ", "4.9", "2.5", " 0.4", " 2.3", " 2.3", " 2.1", " ", " 4.9", " 1.0", " 4.9", " ", " ", " ", " 3.8", " ", " ", " ", " 3.4", " 1.9", " 1.4", " 3.4", " ", " ", " 0.4", " 1.7", " ", " ", " ", " ", " ", " ", " ", " ", " ", " 2.9", " ", " 1.0", " ", " 2.1", " ", " 2.1"
"854", "", "False", "", "C17 H30 N6 O2", "Full match", " No results", " No results", " No results", " No results", "0.61", "350.24324", "349.23596", "6.726", "2143669.7154105", "0", "0", "0", "", "", "", "No matches found", " No matches found", " No matches found", " No matches found", " No matches found", "", "No matches found", "PreferredDDA", "", "[M-H]-1", "693693.201266473", " ", " 1304229.63734391", " 1199996.46596016", " 1065789.6286717", "6.50291605950882", " ", " 53.0692677894255", " ", " 68.49415694875", "0.532", " 0.920", " 0.817", " 0.000", " 0.888", "-0.91", " -0.12", " -0.29", " -Infinity", " -0.17", "0.786077829264669", " ", " 0.986758148193345", " ", " ", "0.999999999876955", " ", " 0.999999999961495", " ", " ", "5.6", "", " ", " ", " 5.6", " ", " ", " 4.8", " ", " ", " ", " ", " ", " ", " ", " ", " ", " ", " 1.4", " ", " 3.3", " 2.7", " ", " 2.3", " ", " 1.4", " ", " 1.4", " ", " ", " ", " ", " ", " ", " ", " ", " ", " 4.9", " ", " ", " 1.4"
"812", "", "False", "", "", "No results", " No results", " No results", " No results", " No results", "", "486.25704", "485.24977", "5.027", "2133222.4859216", "0", "0", "0", "", "", "", "No matches found", " No matches found", " No matches found", " No matches found", " No matches found", "", "No matches found", "PreferredDDA", "", "[M-H]-1", "843987.737592456", " 788169.185247927", " 700663.279665234", " 1498709.54637362", " 1061324.61256752", "", " 0.261951491041976", " 23.6091560660896", " 37.7726115137616", " 45.6202197824805", "1.205", " 2.139", " 1.515", " 0.526", " 0.708", "0.27", " 1.10", " 0.60", " -0.93", " -0.50", "", " 0.309974211978475", " 0.865244683900558", " 0.46265390575809", " 0.68293363336154", "", " 0.707851558697115", " 0.999999999961495", " 0.999999999989872", " 1", "4.2", "", " ", " ", " ", " ", " ", " ", " 1.1", " ", " ", " ", " ", " 4.2", " ", " ", " 3.8", " ", " ", " ", " 1.0", " 3.3", " ", " ", " ", " ", " ", " 2.4", " ", " ", " ", " 3.8", " ", " 2.6", " ", " 1.7", " ", " 2.3", " ", " ", " 0.8"
"518", "", "False", "", "C10 H8 N6 O9 S2", "Full match", " No results", " No results", " No results", " No results", "3.99", "419.98109", "418.97382", "0.493", "2125601.06016232", "0", "0", "0", "", "", "", "No matches found", " No matches found", " No matches found", " No matches found", " No matches found", "", "No matches found", "PreferredDDA", "", "[M-H]-1", "2125601.06016232", " 1227906.86508856", " 1225928.52648775", " ", " ", "", " 11.2606349894013", " ", " ", " ", "1.734", " 0.000", " 0.000", " Infinity", " ", "0.79", " -Infinity", " -Infinity", " Infinity", " ", "", " ", " ", " ", " ", "", " ", " ", " ", " ", "7.6", "", " ", " ", " ", " ", " ", " 5.2", " ", " ", " ", " ", " 7.6", " ", " ", " 7.6", " ", " ", " ", " ", " ", " ", " ", " ", " ", " 5.5", " ", " ", " ", " ", " ", " ", " ", " ", " ", " ", " ", " ", " ", " ", " "
"751", "", "False", "", "C5 H19 N10 O2 P3 S", "Full match", " No results", " No results", " No results", " No results", "-1.57", "376.06201", "375.05469", "0.549", "2117979.38102908", "0", "0", "0", "", "", "", "No matches found", " No matches found", " No matches found", " No matches found", " No matches found", "", "No matches found", "PreferredDDA", "", "[M-H]-1", "1090691.49656892", " 1062478.5953959", " 840618.084803308", " 1487627.58783536", " 1027163.75210909", "40.4667784570786", " 44.7384634036924", " 27.0673199352758", " 33.5461117700858", " 8.92158569814683", "1.297", " 1.770", " 1.222", " 0.714", " 0.690", "0.38", " 0.82", " 0.29", " -0.49", " -0.53", "0.65869724287346", " 0.350906721859075", " 0.993032318645399", " 0.758810229620513", " 0.591261091476903", "0.999999999876955", " 0.75974615723262", " 0.999999999961495", " 0.999999999989872", " 1", "7.4", "4.9", " 2.7", " 4.2", " ", " 3.3", " 4.4", " ", " ", " ", " ", " 2.9", " ", " 5.3", " ", " ", " ", " ", " 5.9", " ", " 5.9", " 6.2", " ", " ", " ", " 4.4", " ", " 5.1", " ", " 6.0", " ", " 5.7", " 5.1", " 6.0", " 7.4", " 7.4", " 7.4", " ", " 7.4", " ", " "
"893", "", "False", "", "", "No results", " No results", " No results", " No results", " No results", "", "403.19678", "402.18950", "4.330", "2112305.67575788", "0", "0", "0", "", "", "", "No matches found", " No matches found", " No matches found", " No matches found", " No matches found", "", "No matches found", "PreferredDDA", "", "[M-H]-1", "1083873.04957662", " 1279619.68840197", " ", " 2007475.06013718", " 1311174.68180102", "", " 13.2533743685917", " ", " 7.3850421012243", " 30.5241328465759", "Infinity", " Infinity", " Infinity", " 0.637", " 0.653", "Infinity", " Infinity", " Infinity", " -0.65", " -0.61", "", " ", " ", " 0.3024109567067", " 0.446064140834535", "", " ", " ", " 0.999999999989872", " 1", "5.8", "", " ", " ", " ", " 4.5", " ", " ", " ", " ", " ", " ", " ", " ", " ", " 4.1", " ", " 4.9", " ", " ", " ", " ", " ", " ", " ", " ", " 4.6", " ", " ", " ", " ", " ", " 5.8", " ", " ", " 0.7", " 2.2", " ", " 2.2", " ", " "
"579", "", "False", "", "C14 H22 N2 O17 P2", "Full match", " No results", " No results", " No results", " No results", "0.65", "552.03973", "551.03245", "0.492", "2102119.90306575", "0", "0", "0", "", "", "", "No matches found", " No matches found", " No matches found", " No matches found", " No matches found", "", "No matches found", "PreferredDDA", "", "[M-H]-1", "527825.516580882", " 541002.921395605", " 708224.536317071", " 901035.05498311", " 745617.434599185", "", " 29.5835955313682", " 71.4225669383055", " 45.0303831053649", " 68.8474247583975", "0.745", " 1.272", " 1.053", " 0.600", " 0.828", "-0.42", " 0.35", " 0.07", " -0.74", " -0.27", "", " 0.849954362286158", " 0.880294240010795", " 0.462721382283212", " 0.999998480163736", "", " 0.999999999849258", " 0.999999999961495", " 0.999999999989872", " 1", "6.7", "5.3", " ", " ", " ", " ", " ", " ", " ", " 6.3", " ", " 6.3", " ", " 6.3", " 6.7", " ", " 5.9", " 6.3", " 5.7", " ", " ", " ", " ", " ", " 5.3", " ", " ", " 5.9", " ", " 5.3", " 5.7", " 5.3", " ", " 4.9", " ", " 5.3", " ", " 3.0", " 5.5", " ", " 5.3"
"850", "", "False", "", "C32 H40 N4 O4", "Full match", " No results", " No results", " No results", " No results", "-2.24", "544.30374", "543.29646", "5.900", "2078094.41471056", "0", "0", "0", "", "", "", "No matches found", " No matches found", " No matches found", " No matches found", " No matches found", "", "No matches found", "PreferredDDA", "", "[M-H]-1", "1556547.37859367", " 1224024.17202371", " 1734774.34599873", " 1135634.40865074", " 1361074.539876", "31.0399926743977", " 20.0736522444143", " 10.7036646165794", " 12.0226436262993", " 21.6536190582966", "0.897", " 0.655", " 0.785", " 1.078", " 1.199", "-0.16", " -0.61", " -0.35", " 0.11", " 0.26", "0.871208007813394", " 0.207189908025717", " 0.379609682696944", " 0.99968664582599", " 0.878194674862659", "0.999999999876955", " 0.519673047998929", " 0.999999999961495", " 0.999999999989872", " 1", "7.6", "6.0", " 5.7", " ", " ", " ", " 3.8", " 5.1", " ", " 5.8", " ", " ", " 5.4", " 5.8", " 2.9", " 5.2", " 5.0", " ", " 7.6", " 5.3", " ", " 7.2", " 6.8", " 7.6", " 4.9", " ", " ", " ", " ", " ", " ", " 4.3", " 4.9", " ", " 3.3", " 6.2", " 6.2", " 6.2", " 5.8", " 6.5", " "
"1256", "", "False", "Gibberellin A24", "C20 H26 O5", "Full match", " No results", " No results", " Not the top hit", " Full match", "0.32", "346.17813", "345.17086", "2.457", "2077923.03307741", "8", "0", "0", "", "", "", "No matches found", " No matches found", " No matches found", " No matches found", " No matches found", "", "Multiple matches found", "PreferredDDA", "CO2", "[M-H]-1", "517056.494893815", " 993347.829482302", " 639694.553602893", " 1258286.11751707", " 1148603.25476802", "15.3655547097288", " 49.0356033822927", " 8.88781132763744", " 25.8686541197361", " 29.6621885212017", "0.808", " 1.967", " 1.796", " 0.789", " 0.913", "-0.31", " 0.98", " 0.84", " -0.34", " -0.13", "0.959615407707771", " 0.267129431448777", " 0.359244379599733", " 0.985153130489275", " 0.99707004867941", "0.999999999876955", " 0.625573515484635", " 0.986289114901086", " 0.999999999989872", " 1", "4.8", "", " ", " ", " 3.4", " ", " ", " 1.9", " ", " 0.8", " 1.0", " 2.7", " ", " ", " 2.3", " 4.2", " ", " 1.0", " ", " 2.5", " 4.0", " ", " ", " ", " 4.8", " ", " 2.0", " ", " 3.9", " ", " ", " ", " 1.8", " 4.3", " 2.4", " 2.9", " 4.0", " ", " 2.8", " ", " 2.4"
"872", "", "False", "", "C21 H37 N5", "Full match", " No results", " No results", " No results", " No results", "-3.68", "359.30357", "358.29630", "5.819", "2074615.20018538", "0", "0", "0", "", "", "", "No matches found", " No matches found", " No matches found", " No matches found", " No matches found", "", "No matches found", "PreferredDDA", "", "[M-H]-1", "602239.74601377", " 949150.426709812", " 604422.540999856", " 1238461.13126573", " 1083151.57504624", "34.4489788363195", " 43.2858948408744", " 52.6913929566504", " 19.1393196803698", " 33.2151927779785", "0.996", " 2.049", " 1.792", " 0.766", " 0.875", "-0.01", " 1.03", " 0.84", " -0.38", " -0.19", "0.959389909689882", " 0.0185267743357179", " 0.0355743710695848", " 0.930102628627908", " 0.998186377990208", "0.999999999876955", " 0.0866329125708526", " 0.282722633237227", " 0.999999999989872", " 1", "6.8", "3.2", " 3.5", " 5.1", " ", " ", " 5.8", " ", " 5.1", " 2.3", " ", " ", " 4.5", " 4.5", " 2.9", " 4.0", " 5.5", " 2.7", " 2.3", " 1.7", " ", " 3.0", " 3.4", " 2.3", " ", " ", " 3.3", " ", " 6.7", " ", " 6.7", " 6.8", " 3.4", " ", " 6.0", " 5.4", " 3.8", " ", " 2.4", " 5.4", " "
"657", "", "False", "", "C21 H40 N6 O4", "Invalid mass", " No results", " No results", " No results", " No results", "5.04", "440.31332", "439.30604", "6.192", "2064567.511002", "0", "0", "0", "", "", "", "No matches found", " No matches found", " No matches found", " No matches found", " No matches found", "", "No matches found", "PreferredDDA", "", "[M-H]-1", "819631.04946027", " 762246.678954973", " 620937.951715652", " 1483707.88025463", " 765654.577181136", "", " 16.102180876079", " 48.1293807095521", " 44.3931024733716", " ", "1.320", " 2.389", " 1.233", " 0.514", " 0.516", "0.40", " 1.26", " 0.30", " -0.96", " -0.95", "", " 0.186546130092798", " ", " 0.288050112006227", " ", "", " 0.48875262342461", " ", " 0.999999999989872", " ", "6.1", "", " 2.3", " ", " ", " ", " ", " ", " ", " 3.8", " ", " ", " ", " 3.4", " 6.1", " ", " ", " 6.1", " ", " ", " ", " ", " 0.4", " ", " ", " 1.5", " ", " 4.8", " ", " ", " 5.2", " 1.5", " ", " 4.5", " ", " ", " ", " ", " 4.9", " ", " "
"1046", "", "False", "", "C10 H11 Cl P2", "Full match", " No results", " No results", " No results", " No results", "2.83", "228.00310", "226.99595", "0.598", "2052043.08938491", "0", "0", "0", "", "", "", "No matches found", " No matches found", " No matches found", " No matches found", " No matches found", "", "No matches found", "PreferredDDA", "", "[M-H]-1", "600396.365998764", " 962965.411261072", " 934722.250661125", " 555410.227110981", " 587111.589644647", "56.6136427966931", " 69.3083317332522", " 56.2842564569013", " 22.3999034732775", " 42.4721149673864", "0.642", " 0.594", " 0.628", " 1.734", " 1.057", "-0.64", " -0.75", " -0.67", " 0.79", " 0.08", "0.848001556814313", " 0.776493029317931", " 0.800963959110032", " 0.944121686375782", " 0.999978498922205", "0.999999999876955", " 0.999999999849258", " 0.999999999961495", " 0.999999999989872", " 1", "5.9", "4.9", " ", " 3.4", " 1.5", " 4.8", " 4.0", " 0.0", " 1.1", " ", " 4.4", " ", " ", " 3.0", " ", " ", " ", " ", " 1.1", " 3.8", " 2.7", " 5.9", " ", " ", " 3.3", " 0.8", " 5.6", " ", " 2.1", " 3.3", " ", " ", " ", " ", " 1.9", " ", " ", " ", " 1.5", " ", " "
"725", "", "False", "", "C6 H11 Cl3 N8 O3 S2", "Full match", " No results", " No results", " No results", " No results", "-3.09", "411.94484", "410.93756", "8.908", "2033795.73254659", "0", "0", "0", "", "", "", "No matches found", " No matches found", " No matches found", " No matches found", " No matches found", "", "No matches found", "PreferredDDA", "", "[M-H]-1", "1394343.52110527", " 1066940.3802415", " 1360257.18320681", " 1090194.57047997", " 898304.384988187", "14.7221202391051", " 8.18946082478309", " 29.5380682071573", " 15.7547197696241", " 18.5704177109295", "1.025", " 0.801", " 0.660", " 0.979", " 0.824", "0.04", " -0.32", " -0.60", " -0.03", " -0.28", "0.982190290007782", " 0.868991340736498", " 0.00477807975787092", " 0.821573359367137", " 0.0668039941629736", "0.999999999876955", " 0.999999999849258", " 0.0636608861857508", " 0.999999999989872", " 0.720190678784478", "7.6", "4.9", " 6.8", " 6.8", " 4.9", " 3.9", " 7.2", " 4.9", " 7.6", " 7.3", " 4.4", " 5.4", " 4.4", " 7.4", " 4.4", " 4.0", " 7.4", " 4.8", " 2.5", " 2.9", " 3.5", " 6.2", " 5.8", " 3.9", " 6.2", " 6.9", " ", " 4.2", " 6.1", " 3.4", " 3.6", " 6.7", " 6.7", " 3.4", " 6.7", " 6.4", " 5.7", " 6.1", " 3.0", " 6.4", " 2.7"
"1365", "", "False", "11-Methyl-2Z,5Z-dodecadienoic acid", "C13 H22 O2", "Full match", " No results", " No results", " Not the top hit", " Full match", "-3.36", "210.16127", "209.15400", "2.589", "2002443.37067527", "21", "0", "0", "", "", "", "No matches found", " No matches found", " No matches found", " No matches found", " No matches found", "", "Multiple matches found", "PreferredDDA", "", "[M-H]-1", "1211304.66613379", " 1084297.56098123", " 1243605.42360901", " 990717.359668272", " 1143072.55852819", "27.0612205792285", " 12.5545028378917", " 14.3956127567704", " 30.3516845437301", " 10.9115227895909", "0.974", " 0.797", " 0.919", " 1.094", " 1.154", "-0.04", " -0.33", " -0.12", " 0.13", " 0.21", "0.953908650880748", " 0.941619144766786", " 0.999936362516081", " 0.999733613440838", " 0.990053124213525", "0.999999999876955", " 0.999999999849258", " 0.999999999961495", " 0.999999999989872", " 1", "6.0", "4.3", " 3.5", " 1.8", " 2.9", " 2.8", " ", " 2.4", " ", " ", " ", " 3.5", " ", " ", " ", " ", " ", " 3.8", " ", " 6.0", " ", " 5.1", " ", " ", " 3.4", " 3.4", " ", " 0.9", " 1.6", " ", " 2.2", " 0.9", " 2.0", " 2.2", " 3.8", " ", " ", " ", " ", " ", " 3.2"
"1104", "", "False", "", "C9 H5 N3 O11 S", "Full match", " No results", " No results", " No results", " No results", "1.82", "362.96514", "361.95786", "1.030", "1997335.4608661", "0", "0", "0", "", "", "", "No matches found", " No matches found", " No matches found", " No matches found", " No matches found", "", "No matches found", "PreferredDDA", "", "[M-H]-1", "", " 1275213.80135723", " 862188.487806751", " 1155580.30065888", " 871677.271866714", "", " 41.2667059808803", " ", " 17.9778381883356", " 50.7485246475614", "0.000", " 1.340", " 1.011", " 1.104", " 0.754", "-Infinity", " 0.42", " 0.02", " 0.14", " -0.41", "", " ", " ", " 0.999952633428489", " 0.687846758029065", "", " ", " ", " 0.999999999989872", " 1", "5.5", "", " ", " ", " ", " ", " ", " ", " ", " ", " 3.3", " 1.5", " ", " ", " ", " ", " ", " ", " ", " ", " ", " ", " ", " ", " ", " 3.4", " 4.8", " ", " 4.8", " 4.9", " ", " 4.2", " 3.4", " 5.2", " 4.2", " 5.3", " 3.8", " ", " ", " 3.8", " 5.5"
"847", "", "False", "", "C8 H9 N4 O P S", "Full match", " No results", " No results", " No match", " No results", "-0.36", "240.02338", "299.03736", "0.525", "1984173.51519548", "2", "0", "0", "", "", "", "No matches found", " No matches found", " No matches found", " No matches found", " No matches found", "", "No matches found", "PreferredDDA", "", "[M-H+HAc]-1", "1289784.29222619", " 977043.720568427", " 1072617.72197384", " 1824736.58573581", " 1589858.52066322", "23.6146809755771", " 35.7607137140252", " 36.4053677866481", " 6.24841700529034", " 11.3568611495825", "1.202", " 1.701", " 1.482", " 0.535", " 0.871", "0.27", " 0.77", " 0.57", " -0.90", " -0.20", "0.310127704516506", " 0.0173555334046106", " 0.1619661585762", " 0.0596743641887713", " 0.891760474827032", "0.999999999876955", " 0.0847072238569557", " 0.705487209952103", " 0.999999999989872", " 1", "8.4", "6.2", " 6.2", " 5.6", " 5.9", " ", " 5.4", " 4.6", " ", " ", " 2.8", " 5.7", " ", " ", " ", " 2.0", " 5.4", " 3.9", " ", " 4.9", " 5.4", " ", " ", " 5.1", " ", " 5.1", " ", " 6.9", " ", " 7.7", " ", " 6.2", " 8.4", " ", " ", " 6.8", " ", " ", " 7.9", " ", " 7.9"
"867", "", "False", "", "C9 H19 O6 P3", "Full match", " No results", " No results", " No results", " No results", "3.30", "316.04049", "375.05464", "0.546", "1971725.59795238", "0", "0", "0", "", "", "", "No matches found", " No matches found", " No matches found", " No matches found", " No matches found", "", "No matches found", "OtherDDA", "", "[M-H+HAc]-1", "1520188.34560066", " 1309893.33794899", " 1123087.14535571", " 1453953.73709708", " 1257027.73043706", "", " ", " ", " 30.7117641632741", " 15.110753501317", "1.354", " 1.295", " 1.119", " 0.901", " 0.865", "0.44", " 0.37", " 0.16", " -0.15", " -0.21", "", " ", " ", " ", " 0.966666461118698", "", " ", " ", " ", " 1", "7.0", "", " ", " ", " ", " ", " ", " 2.9", " ", " ", " 5.5", " ", " ", " ", " ", " ", " ", " ", " ", " ", " ", " ", " ", " ", " 4.8", " ", " 5.3", " ", " 6.0", " ", " 2.4", " ", " ", " ", " ", " ", " ", " ", " ", " 7.0", " 7.0"
"53", "", "False", "3E,9Z,12Z,15Z-octadecatetraenoic acid", "C18 H28 O2", "Full match", " No results", " No results", " Partial match", " Full match", "-0.08", "276.20891", "275.20147", "4.142", "1970573.08141666", "73", "0", "0", "", "", "", "No matches found", " No matches found", " No matches found", " No matches found", " No matches found", "", "Multiple matches found", "PreferredDDA", "CO2", "[M-H]-1", "607820.254260056", " 808039.195340405", " 1308214.87741248", " 716545.483643024", " 706119.5782888", "18.7380680960342", " ", " 35.9200102088482", " 51.9571544607647", " ", "0.465", " 0.548", " 0.540", " 1.128", " 0.985", "-1.11", " -0.87", " -0.89", " 0.17", " -0.02", "0.401740632967609", " 0.353894823299481", " ", " ", " ", "0.999999999876955", " 0.762618422039727", " ", " ", " ", "6.8", "", " ", " 6.8", " ", " 6.1", " ", " ", " ", " ", " ", " 5.3", " ", " ", " ", " ", " ", " ", " ", " ", " 0.9", " ", " 1.5", " ", " ", " 0.7", " ", " 1.7", " 3.8", " ", " ", " 4.9", " 3.4", " ", " ", " ", " ", " ", " ", " 0.0", " "
"1294", "", "False", "", "C16 H16 N5 O7 P", "Full match", " No results", " No results", " No results", " No results", "2.21", "421.07967", "420.07239", "1.680", "1955040.76023722", "0", "0", "0", "", "", "", "No matches found", " No matches found", " No matches found", " No matches found", " No matches found", "", "No matches found", "PreferredDDA", "", "[M-H]-1", "1004422.90954902", " 1416228.56313891", " ", " 1310705.63300737", " 605611.762180957", "26.1305069861381", " 29.8875675854275", " ", " 30.6799881599322", " ", "Infinity", " Infinity", " Infinity", " 1.081", " 0.462", "Infinity", " Infinity", " Infinity", " 0.11", " -1.11", "", " ", " ", " 0.997645482812763", " ", "", " ", " ", " 0.999999999989872", " ", "4.2", "1.4", " 1.0", " 1.6", " 4.0", " 1.4", " 2.1", " 3.9", " 1.4", " 3.9", " 2.8", " 3.3", " ", " 2.8", " 3.1", " ", " ", " 1.0", " ", " ", " ", " ", " ", " ", " ", " ", " 0.9", " ", " 0.7", " ", " 2.6", " ", " 1.9", " 2.0", " ", " 4.2", " ", " ", " ", " ", " "
"1184", "", "False", "", "C28 H44 O3 P2", "Full match", " No results", " No results", " No match", " No results", "-2.78", "490.27521", "489.26793", "7.791", "1943540.21683718", "1", "0", "0", "", "", "", "No matches found", " No matches found", " No matches found", " No matches found", " No matches found", "", "No matches found", "PreferredDDA", "", "[M-H]-1", "818154.798262373", " 1487538.13546208", " ", " 1395711.76787188", " ", "32.6486079327868", " 12.732177035957", " ", " 18.9030399621281", " ", "Infinity", " Infinity", " ", " 1.066", " 0.000", "Infinity", " Infinity", " ", " 0.09", " -Infinity", "", " ", " ", " 0.868632550158986", " ", "", " ", " ", " 0.999999999989872", " ", "4.9", "", " ", " ", " ", " 2.4", " 2.4", " ", " 3.0", " 2.2", " ", " 3.0", " 4.1", " 4.9", " 2.6", " 2.6", " ", " ", " ", " ", " ", " ", " ", " ", " ", " ", " 4.0", " 4.4", " 4.8", " 4.4", " 4.0", " 2.9", " 1.7", " ", " ", " ", " ", " ", " ", " ", " "
"562", "", "False", "FAHFA 20:4/22:4", "C42 H66 O4", "Not the top hit", " No results", " Full match", " No match", " No match", "-2.93", "634.49425", "633.48697", "6.716", "1930500.06741206", "3", "0", "2", "", "", "29.2", "No matches found", " No matches found", " No matches found", " Multiple matches found", " No matches found", "", "Multiple matches found", "PreferredDDA", "Fatty_Acid_20:4;Fatty_Acid_22:5", "[M-H]-1", "", " 1249060.69371902", " 380370.323266448", " 1163073.16870192", " 998705.029047697", "", " 40.0959337242667", " ", " 18.0800862222049", " 53.9514226806509", "0.000", " 3.058", " 2.626", " 1.074", " 0.859", "-Infinity", " 1.61", " 1.39", " 0.10", " -0.22", "", " ", " ", " 0.999873366817653", " 0.845014184228867", "", " ", " ", " 0.999999999989872", " 1", "5.9", "", " ", " ", " ", " ", " ", " ", " ", " 5.2", " 1.7", " ", " 0.6", " ", " 4.2", " 1.4", " 4.4", " 1.9", " ", " ", " 1.9", " ", " ", " ", " ", " ", " 4.9", " ", " 5.9", " 4.8", " ", " ", " ", " ", " ", " 2.3", " ", " 2.7", " 3.4", " 2.9", " 2.1"
"1459", "", "False", "", "C16 H9 N P2 S", "Full match", " No results", " No results", " No results", " No results", "-3.29", "308.99207", "307.98480", "0.555", "1898831.1561976", "0", "0", "0", "", "", "", "No matches found", " No matches found", " No matches found", " No matches found", " No matches found", "", "No matches found", "PreferredDDA", "", "[M-H]-1", "1096442.46015901", " 605126.167853796", " 689843.317715058", " ", " 1085657.81863798", "36.7805219892313", " 40.9427297643005", " 18.7105242217681", " ", " 23.8192170524102", "1.589", " 0.000", " 1.574", " Infinity", " Infinity", "0.67", " -Infinity", " 0.65", " Infinity", " Infinity", "0.092422922222643", " ", " 0.358919435358009", " ", " ", "0.999999999876955", " ", " 0.986289114901086", " ", " ", "4.5", "", " 1.6", " ", " 2.8", " 1.9", " ", " ", " ", " 2.3", " ", " 1.0", " ", " ", " ", " ", " 1.5", " 1.1", " ", " 4.5", " 3.8", " ", " ", " 3.8", " 4.5", " ", " ", " ", " ", " ", " ", " ", " ", " ", " 2.4", " 3.3", " 2.5", " ", " 2.5", " 2.4", " "
"1095", "", "False", "LPE 16:0", "C21 H44 N O7 P", "Full match", " No results", " Full match", " Partial match", " Partial match", "0.63", "453.28582", "452.27855", "4.307", "1893740.2685497", "5", "0", "1", "", "", "77.8", "No matches found", " No matches found", " No matches found", " Single match found", " No matches found", "", "Multiple matches found", "PreferredDDA", "", "[M-H]-1", "1133780.25469046", " ", " 999981.731347644", " ", " 726528.921185978", "11.2169047411805", " ", " 47.1459283631528", " ", " 39.7914378509085", "1.134", " 0.000", " 0.727", " ", " Infinity", "0.18", " -Infinity", " -0.46", " ", " Infinity", "0.976697791888017", " ", " 0.185512134034959", " ", " ", "0.999999999876955", " ", " 0.759871791907023", " ", " ", "5.7", "5.7", " 4.5", " 4.9", " 5.1", " ", " 3.2", " 3.5", " ", " ", " ", " ", " ", " ", " ", " ", " ", " ", " ", " ", " ", " 1.4", " ", " 0.8", " ", " 4.2", " ", " ", " ", " ", " ", " ", " ", " ", " 3.9", " ", " ", " 2.0", " ", " ", " "
"1056", "", "False", "", "C31 H66 N10 O S", "Full match", " No results", " No results", " No results", " No results", "-2.28", "626.51275", "625.50547", "7.820", "1891768.56897713", "0", "0", "0", "", "", "", "No matches found", " No matches found", " No matches found", " No matches found", " No matches found", "", "No matches found", "PreferredDDA", "", "[M-H]-1", "1537192.03625593", " 1437577.625381", " 1245607.93092275", " 925678.390617011", " 1102912.71516731", "", " 42.6409483131139", " 73.3625015642931", " ", " 13.877021930012", "1.234", " 0.743", " 0.885", " 1.553", " 1.191", "0.30", " -0.43", " -0.18", " 0.64", " 0.25", "", " ", " 0.999996766697", " ", " ", "", " ", " 0.999999999961495", " ", " ", "4.9", "", " 2.5", " ", " ", " ", " ", " ", " ", " ", " ", " 1.1", " ", " 2.5", " 2.1", " ", " ", " ", " ", " ", " ", " 0.8", " 3.3", " ", " ", " ", " ", " ", " ", " ", " ", " ", " 3.4", " ", " ", " ", " ", " 4.9", " ", " 4.3", " "
"623", "", "False", "2,3-dinor Prostaglandin E1", "C18 H30 O5", "No match", " Invalid mass", " No results", " No results", " No results", "-55201.62", "308.20204", "307.19488", "8.859", "1886346.86067806", "0", "2", "0", "63.4", "65.7", "", "No matches found", " No matches found", " No matches found", " No matches found", " No matches found", "", "No matches found", "PreferredDDA", "", "[M-H]-1", "617079.322923235", " ", " 850879.86201547", " ", " ", "20.1203453083962", " ", " 62.9811526440278", " ", " ", "0.725", " 0.000", " 0.000", " ", " ", "-0.46", " -Infinity", " -Infinity", " ", " ", "0.721933834891482", " ", " ", " ", " ", "0.999999999876955", " ", " ", " ", " ", "5.9", "4.4", " 5.2", " 2.5", " ", " 3.7", " ", " ", " ", " ", " ", " ", " ", " ", " ", " ", " ", " ", " 5.9", " 2.7", " ", " 2.3", " 1.9", " 3.0", " 2.7", " 5.3", " ", " ", " ", " ", " ", " ", " ", " ", " ", " ", " ", " ", " ", " ", " "
"862", "", "False", "", "C4 H3 N3 O3 P2", "Full match", " No results", " No results", " No results", " No results", "-4.58", "202.96403", "201.95676", "8.937", "1884190.03953377", "0", "0", "0", "", "", "", "No matches found", " No matches found", " No matches found", " No matches found", " No matches found", "", "No matches found", "PreferredDDA", "", "[M-H]-1", "1634446.62968832", " 1347261.3889762", " 1803529.39094732", " 1144107.2259772", " 1312085.25012526", "8.10678339810119", " 17.8992870272274", " 3.50264501706487", " 23.7648019370572", " 15.5780195624852", "0.906", " 0.634", " 0.728", " 1.178", " 1.147", "-0.14", " -0.66", " -0.46", " 0.24", " 0.20", "0.889867558604946", " 0.027289786510037", " 0.0385712040249989", " 0.999962005605812", " 0.974490381202428", "0.999999999876955", " 0.117065532786047", " 0.291212590388742", " 0.999999999989872", " 1", "7.8", "5.8", " 4.6", " 6.5", " 3.5", " 5.8", " ", " ", " 3.5", " 4.4", " ", " 3.6", " 2.9", " ", " ", " ", " 1.9", " ", " 5.5", " 6.7", " 5.5", " 7.8", " 5.9", " ", " ", " ", " ", " 2.8", " ", " 2.8", " ", " ", " 2.0", " ", " ", " ", " 1.7", " 2.5", " 2.9", " 2.5", " 2.9"
"919", "", "False", "2-oxo-heneicosanoic acid", "C21 H40 O3", "Full match", " No results", " No results", " Not the top hit", " Full match", "-0.26", "340.29766", "339.29038", "5.855", "1861655.92290912", "5", "0", "0", "", "", "", "No matches found", " No matches found", " No matches found", " No matches found", " No matches found", "", "Multiple matches found", "PreferredDDA", "", "[M-H]-1", "", " 444480.744354378", " 357785.937323155", " 470394.361069999", " 473796.356048587", "", " 39.6167042429761", " 101.861406174868", " 4.23966185766771", " 4.01087515783363", "0.000", " 1.315", " 1.324", " 0.945", " 1.007", "-Infinity", " 0.39", " 0.41", " -0.08", " 0.01", "", " 0.94551198863835", " 0.919120379020737", " 0.997702726002821", " 0.999998099812787", "", " 0.999999999849258", " 0.999999999961495", " 0.999999999989872", " 1", "5.3", "", " ", " ", " ", " ", " ", " ", " ", " 3.9", " ", " ", " ", " ", " ", " ", " ", " 2.8", " ", " 5.2", " ", " ", " 2.3", " 2.3", " ", " ", " 5.3", " ", " ", " ", " ", " 3.8", " ", " ", " ", " 4.2", " 3.0", " ", " 3.4", " 3.4", " "
"1175", "", "False", "VD 2716", "C30 H42 O3 S", "No match", " No results", " No results", " Not the top hit", " Full match", "4.10", "482.28744", "481.28016", "3.171", "1860844.33350257", "3", "0", "0", "", "", "", "No matches found", " No matches found", " No matches found", " No matches found", " No matches found", "", "Multiple matches found", "PreferredDDA", "", "[M-H]-1", "827090.503113774", " 520524.565234913", " 808585.067235454", " 755073.900890426", " 497945.140077399", "25.7399174275041", " 4.40766757200756", " 20.9927968621768", " 56.7477777253162", " ", "1.023", " 0.934", " 0.616", " 0.689", " 0.659", "0.03", " -0.10", " -0.70", " -0.54", " -0.60", "0.999999692922772", " 0.999999964225098", " ", " 0.696148650328838", " ", "0.999999999876955", " 0.999999999849258", " ", " 0.999999999989872", " ", "5.3", "", " ", " 1.8", " ", " 4.0", " 4.0", " 3.3", " 2.9", " ", " ", " ", " ", " ", " 4.5", " 5.3", " ", " ", " ", " ", " ", " 2.1", " ", " ", " ", " 2.5", " ", " 3.8", " 2.9", " 1.9", " 2.3", " 3.6", " 4.5", " 2.7", " ", " ", " ", " ", " ", " 2.3", " "
"834", "", "False", "", "C15 H40 N7 P", "Full match", " No results", " No results", " No results", " No results", "2.45", "349.30914", "348.30186", "7.665", "1853550.03234941", "0", "0", "0", "", "", "", "No matches found", " No matches found", " No matches found", " No matches found", " No matches found", "", "No matches found", "PreferredDDA", "", "[M-H]-1", "704925.574253198", " 1152313.67170821", " 646318.086763115", " 1261496.27254399", " 1201048.07923887", "47.7289251375027", " 23.0077614603615", " 32.726844621069", " 21.4429524043694", " 35.2838700389417", "1.091", " 1.952", " 1.858", " 0.913", " 0.952", "0.13", " 0.96", " 0.89", " -0.13", " -0.07", "0.854630160609183", " 0.0221592236009147", " 0.113814786394223", " 0.994284249957274", " 0.954601867531062", "0.999999999876955", " 0.0987483847846588", " 0.597679555050032", " 0.999999999989872", " 1", "6.9", "2.7", " 1.9", " 0.8", " 1.1", " 1.7", " ", " 0.8", " ", " 6.2", " 6.9", " 4.6", " ", " 2.1", " ", " 6.5", " 5.9", " 3.3", " ", " ", " 2.8", " 2.0", " 3.5", " ", " 3.5", " ", " 3.7", " 5.0", " 5.6", " 5.0", " 3.5", " 4.6", " 6.9", " 5.4", " 4.9", " ", " 3.8", " 2.4", " 2.4", " 2.0", " 3.4"
"661", "", "False", "", "", "No results", " No results", " No results", " No results", " No results", "", "414.25616", "413.24889", "5.826", "1838168.75012862", "0", "0", "0", "", "", "", "No matches found", " No matches found", " No matches found", " No matches found", " No matches found", "", "No matches found", "PreferredDDA", "", "[M-H]-1", "873954.753686224", " 1060080.52940372", " 658093.76117776", " 1138895.37310189", " 513408.045688405", "72.5288328485158", " 31.7236842503114", " 11.1980116145893", " 39.4443562050601", " 26.5793068924834", "1.328", " 1.731", " 0.780", " 0.931", " 0.451", "0.41", " 0.79", " -0.36", " -0.10", " -1.15", "0.993170888633842", " 0.930762832471014", " 0.976297836969276", " 0.999533462589789", " 0.53480042997829", "0.999999999876955", " 0.999999999849258", " 0.999999999961495", " 0.999999999989872", " 1", "6.6", "", " 2.1", " 2.9", " 5.3", " ", " 4.9", " ", " ", " ", " ", " 5.7", " ", " ", " 5.1", " ", " 2.0", " ", " ", " 6.6", " ", " ", " 3.9", " ", " ", " ", " ", " ", " 2.6", " ", " ", " 2.4", " 3.4", " ", " 2.5", " ", " ", " ", " 6.3", " 5.9", " 4.0"
"1201", "", "False", "", "C12 H20 N4 O4 S", "Full match", " No results", " No results", " No results", " No results", "-2.02", "316.11989", "315.11261", "3.425", "1822226.20395002", "0", "0", "0", "", "", "", "No matches found", " No matches found", " No matches found", " No matches found", " No matches found", "", "No matches found", "PreferredDDA", "", "[M-H]-1", "852930.330195651", " 1580552.09257514", " ", " 808416.262562701", " 1203991.0787648", "10.8514944581578", " 27.6980105888567", " ", " 17.5683170823088", " 35.7740305599712", "Infinity", " Infinity", " Infinity", " 1.955", " 1.489", "Infinity", " Infinity", " Infinity", " 0.97", " 0.57", "", " ", " ", " 0.0388174167462807", " 0.321138747978518", "", " ", " ", " 0.999999999989872", " 1", "5.1", "", " 3.9", " ", " ", " ", " 4.3", " 5.1", " 4.3", " 2.1", " 2.1", " 3.1", " 3.1", " 4.3", " 3.5", " 3.5", " 3.1", " 4.3", " ", " ", " ", " ", " ", " ", " ", " ", " ", " 3.4", " ", " ", " 2.7", " ", " 3.4", " 2.7", " 4.1", " ", " 1.9", " ", " ", " 3.2", " 0.9"
"1612", "", "False", "Ieodomycin C", "C12 H20 O4", "Full match", " No results", " No results", " Not the top hit", " Full match", "-2.14", "228.13567", "227.12842", "2.456", "1813317.81423693", "10", "0", "0", "", "", "", "No matches found", " No matches found", " No matches found", " No matches found", " No matches found", "", "Multiple matches found", "PreferredDDA", "CO2", "[M-H]-1", "1117841.02358272", " 1275450.78531248", " 1062260.9874475", " 1414396.36749295", " 1543714.19202494", "4.48009026001028", " 14.1857153550367", " 12.5705257104406", " 15.3759209977988", " 16.9821795847778", "1.052", " 1.331", " 1.453", " 0.902", " 1.091", "0.07", " 0.41", " 0.54", " -0.15", " 0.13", "0.999949118948038", " 0.325262420628102", " 0.100609620640393", " 0.99999973223839", " 0.841654744480242", "0.999999999876955", " 0.728270493016092", " 0.569701976876228", " 0.999999999989872", " 1", "5.7", "", " 4.2", " ", " 4.8", " ", " ", " ", " ", " ", " ", " ", " ", " 3.8", " ", " ", " 3.0", " 5.7", " ", " 4.1", " ", " ", " ", " ", " 2.8", " 2.4", " ", " 3.6", " ", " 4.4", " ", " ", " 3.3", " 3.0", " 3.6", " ", " 4.8", " ", " ", " ", " 4.4"
"694", "", "False", "", "C36 H74 O S3", "Full match", " No results", " No results", " No results", " No results", "-1.95", "618.48897", "617.48170", "8.876", "1796928.89773378", "0", "0", "0", "", "", "", "No matches found", " No matches found", " No matches found", " No matches found", " No matches found", "", "No matches found", "PreferredDDA", "", "[M-H]-1", "1083654.9112149", " 180249.186170379", " 1257268.25442463", " ", " ", "93.0851450017454", " ", " 29.3900830423086", " ", " ", "0.862", " 0.000", " 0.000", " Infinity", " ", "-0.21", " -Infinity", " -Infinity", " Infinity", " ", "0.759929614248643", " ", " ", " ", " ", "0.999999999876955", " ", " ", " ", " ", "6.9", "5.2", " 0.4", " ", " ", " ", " ", " ", " ", " ", " ", " ", " ", " ", " ", " ", " 1.5", " ", " ", " 1.0", " 4.4", " 6.5", " 5.8", " 6.9", " 4.6", " 3.1", " ", " ", " ", " ", " ", " ", " ", " ", " ", " ", " ", " ", " ", " ", " "
"652", "", "False", "", "C6 H15 Cl N8 O S4", "Full match", " No results", " No results", " No results", " No results", "1.50", "377.99458", "376.98731", "8.906", "1793978.76827566", "0", "0", "0", "", "", "", "No matches found", " No matches found", " No matches found", " No matches found", " No matches found", "", "No matches found", "PreferredDDA", "", "[M-H]-1", "1281502.11333823", " 1123583.45408999", " 1582376.25608971", " 1137763.75225239", " 1198365.26496679", "4.52697907359145", " 8.68557525261468", " 11.5348506606029", " 3.13533381254403", " 2.29402715473857", "0.810", " 0.719", " 0.757", " 0.988", " 1.053", "-0.30", " -0.48", " -0.40", " -0.02", " 0.07", "0.0329625450488213", " 0.000560946406248153", " 0.0005185034747891", " 0.998806112151452", " 0.945262212270584", "0.974455238005781", " 0.00585169091972505", " 0.0142344453717083", " 0.999999999989872", " 1", "8.2", "", " ", " ", " ", " ", " ", " 8.2", " 6.3", " ", " 6.2", " ", " ", " ", " ", " ", " 5.2", " ", " ", " ", " 4.5", " 4.9", " 7.6", " ", " ", " 6.4", " 8.2", " ", " ", " ", " 4.9", " ", " ", " 5.5", " ", " 7.4", " 5.5", " 8.2", " 5.5", " 5.2", " "
"1219", "", "False", "", "C15 H40 N8 O P2 S2", "Full match", " No results", " No results", " No match", " No results", "2.04", "474.22514", "473.21786", "3.415", "1791213.76914886", "3", "0", "0", "", "", "", "No matches found", " No matches found", " No matches found", " No matches found", " No matches found", "", "No matches found", "PreferredDDA", "", "[M-H]-1", "1308081.91233096", " 1306771.10308798", " 1166120.20529345", " 1035928.90230096", " 1393861.60096355", "26.622325693589", " 8.90716353678742", " 18.7810174769043", " 16.7555457271365", " 14.1336234709205", "1.122", " 0.888", " 1.195", " 1.261", " 1.346", "0.17", " -0.17", " 0.26", " 0.34", " 0.43", "0.999989105436739", " 0.803013325498335", " 0.47971867293718", " 0.603595041989524", " 0.073338118350495", "0.999999999876955", " 0.999999999849258", " 0.999999999961495", " 0.999999999989872", " 0.730325428573679", "7.2", "3.1", " 6.2", " ", " 5.9", " 2.4", " 3.5", " 3.9", " 5.6", " 4.6", " 7.1", " 4.6", " ", " 5.8", " 5.4", " 4.6", " 3.9", " 6.2", " 4.5", " 3.3", " 3.8", " 5.3", " 4.0", " 5.5", " 5.2", " 6.3", " 2.3", " 4.2", " 2.7", " 5.5", " 3.0", " 5.2", " 2.9", " 2.3", " 5.7", " 7.2", " 3.8", " 5.7", " 4.1", " 4.1", " 7.2"
"1156", "", "False", "PG(13:0/0:0)", "C19 H39 O9 P", "Not the top hit", " No results", " No results", " Full match", " Full match", "0.24", "442.23327", "441.22600", "3.557", "1789503.17239264", "1", "0", "0", "", "", "", "No matches found", " No matches found", " No matches found", " No matches found", " No matches found", "", "Single match found", "PreferredDDA", "", "[M-H]-1", "781367.717623738", " 1138433.3205663", " 528884.603793566", " 625904.094117032", " 1396776.96204977", "48.1430766144783", " 49.1559502281811", " 24.252390985857", " 50.3336539037837", " 52.2948598036004", "1.477", " 1.183", " 2.641", " 1.819", " 2.232", "0.56", " 0.24", " 1.40", " 0.86", " 1.16", "0.909355381904279", " 0.998041064251264", " 0.648119198536817", " 0.59773368198252", " 0.762138999190257", "0.999999999876955", " 0.999999999849258", " 0.999999999961495", " 0.999999999989872", " 1", "4.9", "", " ", " 1.5", " ", " 2.1", " 0.8", " ", " 0.4", " ", " 2.1", " 3.6", " ", " ", " 0.8", " ", " 0.4", " ", " ", " ", " 4.4", " 3.3", " ", " ", " 2.9", " ", " ", " ", " 2.3", " 4.9", " 2.3", " ", " 2.7", " ", " 0.8", " ", " 3.6", " ", " ", " 2.1", " "
"1027", "", "False", "", "C21 H44 N7 O6 P S", "Full match", " No results", " No results", " No results", " No results", "-1.39", "553.28037", "552.27309", "4.266", "1789109.95295546", "0", "0", "0", "", "", "", "No matches found", " No matches found", " No matches found", " No matches found", " No matches found", "", "No matches found", "PreferredDDA", "", "[M-H]-1", "1057516.83514909", " 472894.49839255", " 838142.101209432", " 939734.719298598", " 1498717.56451559", "32.6231554810091", " 47.6253714152107", " 42.1960741299489", " 33.4928278987911", " 13.5783452763628", "1.262", " 1.121", " 1.788", " 0.503", " 1.595", "0.34", " 0.17", " 0.84", " -0.99", " 0.67", "0.962975219825474", " 0.999977072762542", " 0.597392451661418", " 0.283355268102687", " 0.661642289032429", "0.999999999876955", " 0.999999999849258", " 0.999999999961495", " 0.999999999989872", " 1", "5.7", "4.9", " 5.7", " 2.8", " 3.5", " 2.0", " 2.4", " 5.3", " 1.9", " 1.9", " 4.5", " ", " ", " 1.5", " ", " 1.5", " ", " 4.5", " 4.9", " 4.5", " 2.7", " 3.3", " ", " ", " 2.9", " 3.0", " 3.0", " 2.4", " 3.5", " 2.0", " 2.8", " ", " ", " ", " 4.9", " ", " ", " ", " 5.3", " ", " "
"1119", "", "False", "Adenosine", "C10 H13 N5 O4", "Not the top hit", " No results", " Full match", " Full match", " No results", "-0.08", "267.09673", "326.11056", "0.526", "1779029.87523623", "6", "0", "2", "", "", "17.0", "No matches found", " Multiple matches found", " No matches found", " No matches found", " No matches found", "", "No matches found", "PreferredDDA", "", "[M-H+HAc]-1", "", " 712291.731435729", " 466063.02760449", " 578892.432531512", " 573080.346928383", "", " 52.6278780427487", " ", " 51.0390855303776", " 25.5118618250638", "0.000", " 1.242", " 1.230", " 1.230", " 0.990", "-Infinity", " 0.31", " 0.30", " 0.30", " -0.01", "", " ", " ", " 0.665493656090591", " 0.999988022487591", "", " ", " ", " 0.999999999989872", " 1", "5.2", "", " ", " ", " ", " ", " ", " ", " ", " 4.4", " 1.0", " 1.1", " 3.4", " 1.5", " 4.0", " 1.5", " 0.8", " 2.3", " ", " 0.4", " ", " ", " ", " ", " ", " ", " ", " 0.8", " 0.8", " 3.3", " 1.1", " 2.7", " 1.1", " ", " 2.9", " ", " 2.9", " ", " 5.2", " 1.8", " 2.1"
"1155", "", "False", "2'-Deoxyinosine", "C10 H12 N4 O4", "Not the top hit", " Full match", " No results", " Partial match", " No results", "-0.94", "252.08562", "251.07834", "0.566", "1767954.70834494", "2", "3", "0", "70.0", "8.5", "", "No matches found", " No matches found", " No matches found", " No matches found", " No matches found", "", "No matches found", "PreferredDDA", "", "[M-H]-1", "", " 1449513.69318377", " 326968.75245163", " 1368046.17931241", " 1316053.42142409", "", " 11.0869037569571", " ", " 41.3404221303942", " ", "0.000", " 4.184", " 4.025", " 1.060", " 0.962", "-Infinity", " 2.06", " 2.01", " 0.08", " -0.06", "", " ", " ", " 0.99086391385563", " ", "", " ", " ", " 0.999999999989872", " ", "6.0", "", " ", " ", " ", " ", " ", " ", " ", " ", " ", " ", " 6.0", " 5.3", " 6.0", " ", " ", " ", " ", " ", " ", " ", " ", " 0.4", " ", " ", " ", " ", " ", " 4.4", " ", " 4.5", " ", " ", " ", " ", " 5.2", " ", " ", " ", " "
"1406", "", "False", "2'-deamino-2'-hydroxy-6'-dehydroparomamine", "C12 H22 N2 O8", "Full match", " No results", " No results", " Full match", " No results", "-2.15", "322.13692", "321.12965", "3.417", "1729784.18976501", "1", "0", "0", "", "", "", "No matches found", " No matches found", " No matches found", " No matches found", " No matches found", "", "No matches found", "PreferredDDA", "", "[M-H]-1", "", " 1478743.9259184", " ", " 524985.858492457", " 1331652.60924338", "", " 23.5688046668452", " ", " ", " 15.674610225667", "", " Infinity", " Infinity", " 2.817", " 2.537", "", " Infinity", " Infinity", " 1.49", " 1.34", "", " ", " ", " ", " ", "", " ", " ", " ", " ", "4.8", "", " ", " ", " ", " ", " ", " ", " ", " ", " 1.8", " 2.4", " 3.5", " 3.1", " 3.9", " ", " 3.9", " 4.3", " ", " ", " ", " ", " ", " ", " ", " ", " ", " ", " ", " ", " ", " ", " 1.1", " ", " 4.4", " 4.0", " 4.8", " ", " 4.4", " 2.3", " "
"1221", "", "False", "LPE 18:0", "C23 H48 N O7 P", "Not the top hit", " No results", " Full match", " Partial match", " Partial match", "-0.34", "481.31667", "480.30940", "5.259", "1721713.63854735", "5", "0", "1", "", "", "80.3", "No matches found", " No matches found", " No matches found", " Single match found", " No matches found", "", "Multiple matches found", "PreferredDDA", "", "[M-H]-1", "1340480.61173096", " 783827.710584505", " 1097455.02634079", " 893956.250157751", " 1325224.66093047", "19.9407256063426", " 28.0748023202753", " 23.8588916163724", " 6.7118881654998", " 15.9103341569787", "1.221", " 0.815", " 1.208", " 0.877", " 1.482", "0.29", " -0.30", " 0.27", " -0.19", " 0.57", "0.453316386654549", " 0.851234709168832", " 0.762148113479489", " 0.99999816496875", " 0.346950662456059", "0.999999999876955", " 0.999999999849258", " 0.999999999961495", " 0.999999999989872", " 1", "6.7", "5.5", " 6.3", " 4.0", " 4.8", " ", " 6.1", " ", " ", " 5.0", " ", " ", " 2.9", " 5.6", " ", " ", " 2.9", " 4.3", " ", " 2.9", " 3.9", " 5.8", " ", " 4.0", " ", " 4.0", " ", " ", " ", " ", " 5.2", " ", " 6.7", " ", " 6.3", " 4.8", " 2.7", " 4.0", " 6.3", " 5.9", " 3.4"
"962", "", "False", "", "C18 H26 N6 O2", "Full match", " No results", " No results", " No results", " No results", "1.24", "358.21217", "357.20489", "5.568", "1718350.70409514", "0", "0", "0", "", "", "", "No matches found", " No matches found", " No matches found", " No matches found", " No matches found", "", "No matches found", "PreferredDDA", "", "[M-H]-1", "377478.873424125", " 439293.576978393", " 862133.472531452", " 1151639.74185045", " 889224.06213706", "96.236637817396", " 61.9121337876533", " 45.2643301169048", " 37.0308459045883", " 48.9949793484587", "0.438", " 1.336", " 1.031", " 0.381", " 0.772", "-1.19", " 0.42", " 0.04", " -1.39", " -0.37", "0.929344820496681", " 0.822003278909809", " 0.999821931113558", " 0.23614208853009", " 0.596652789251463", "0.999999999876955", " 0.999999999849258", " 0.999999999961495", " 0.999999999989872", " 1", "6.4", "", " ", " 2.3", " 1.1", " 4.0", " ", " 4.5", " ", " 1.9", " 5.7", " 1.4", " ", " ", " ", " 4.9", " 2.7", " 2.7", " ", " 1.1", " 2.7", " ", " ", " ", " 4.0", " 0.8", " 5.4", " 6.0", " 3.9", " 6.0", " 4.9", " 5.8", " 5.4", " 6.4", " 3.3", " 2.7", " 3.4", " 3.4", " 3.8", " 2.7", " 3.6"
"1504", "", "False", "", "C7 H11 Cl N6 O2", "Full match", " No results", " No results", " No match", " No results", "0.21", "246.06325", "245.05598", "1.685", "1712269.39244825", "1", "0", "0", "", "", "", "No matches found", " No matches found", " No matches found", " No matches found", " No matches found", "", "No matches found", "PreferredDDA", "", "[M-H]-1", "1190247.11406332", " 1049316.55577776", " 840474.869834575", " 1087484.19631624", " 1021603.35724144", "19.0152270802043", " 24.2293113673601", " 30.8028856168702", " 27.0659422913649", " 19.1932994556323", "1.416", " 1.294", " 1.216", " 0.965", " 0.939", "0.50", " 0.37", " 0.28", " -0.05", " -0.09", "0.103501751768845", " 0.368781642203084", " 0.962607449382667", " 0.999999885965459", " 0.819323384003023", "0.999999999876955", " 0.781365290083077", " 0.999999999961495", " 0.999999999989872", " 1", "5.6", "2.7", " ", " 1.7", " 3.6", " ", " 2.3", " 3.3", " 5.2", " 1.8", " 3.1", " 3.7", " 2.4", " 2.4", " ", " 5.6", " 1.4", " ", " 1.6", " 1.6", " 1.6", " 0.5", " 3.0", " 2.8", " 2.6", " 2.4", " 2.9", " 3.7", " 2.1", " ", " 1.6", " 2.9", " 4.6", " 2.1", " 3.4", " 2.5", " 1.9", " ", " 3.4", " 3.4", " 3.0"
"1126", "", "False", "", "C26 H45 N5 O2", "Full match", " No results", " No results", " No results", " No results", "-2.87", "459.35601", "458.34873", "3.259", "1707775.88754327", "0", "0", "0", "", "", "", "No matches found", " No matches found", " No matches found", " No matches found", " No matches found", "", "No matches found", "PreferredDDA", "", "[M-H]-1", "582685.992978745", " 877521.451117711", " 502401.450546187", " 935127.821206851", " 686639.170723307", "30.538505329701", " 47.3567427291072", " 77.3557810228566", " 33.6776196570709", " 29.0433821172283", "1.160", " 1.861", " 1.367", " 0.938", " 0.734", "0.21", " 0.90", " 0.45", " -0.09", " -0.45", "0.999999997991974", " 0.391416583866501", " 0.937239982699275", " 0.980103966124769", " 0.911139781459288", "0.999999999876955", " 0.809280234210469", " 0.999999999961495", " 0.999999999989872", " 1", "5.9", "2.8", " 2.4", " ", " ", " 2.4", " ", " 2.8", " 5.1", " 4.5", " 3.6", " ", " ", " 2.7", " 2.3", " 4.0", " 3.0", " 1.9", " ", " 3.3", " 3.4", " ", " 4.5", " 2.3", " 3.0", " 4.9", " 5.7", " 3.4", " 5.8", " 3.2", " ", " ", " 4.3", " 3.9", " ", " ", " 5.9", " ", " 2.1", " 4.0", " 3.7"
"929", "", "False", "Stearic acid", "C18 H36 O2", "Full match", " Full match", " No results", " Full match", " Full match", "0.44", "284.27165", "283.26438", "8.978", "1697290.16481141", "27", "2", "0", "94.2", "9.7", "", "No matches found", " No matches found", " No matches found", " No matches found", " No matches found", "", "Multiple matches found", "PreferredDDA", "", "[M-H]-1", "1058808.51677265", " 1210470.4907516", " 1340946.80418262", " 1355815.62589649", " ", "8.8728723109673", " 13.0919152216582", " 8.88321240447899", " 45.8496156758299", " ", "0.790", " 1.011", " 0.000", " 0.893", " 0.000", "-0.34", " 0.02", " -Infinity", " -0.16", " -Infinity", "0.939865151282576", " 0.87532721457312", " ", " 0.939584322919362", " ", "0.999999999876955", " 0.999999999849258", " ", " 0.999999999989872", " ", "6.4", "", " 4.0", " ", " ", " ", " ", " 3.5", " ", " 4.5", " ", " 6.4", " ", " ", " 4.1", " ", " ", " ", " 5.0", " ", " ", " ", " 3.1", " ", " ", " 4.3", " 3.6", " ", " 0.0", " 4.4", " ", " 2.1", " 3.6", " ", " ", " ", " ", " ", " ", " ", " "
"1003", "", "False", "", "C17 H40 N4 O3 P2 S", "Full match", " No results", " No results", " No results", " No results", "2.92", "442.23093", "441.22365", "6.021", "1683454.8161062", "0", "0", "0", "", "", "", "No matches found", " No matches found", " No matches found", " No matches found", " No matches found", "", "No matches found", "PreferredDDA", "", "[M-H]-1", "1037528.66390914", " 952188.207986426", " 459472.598790563", " ", " 1376440.7316042", "14.0418297619796", " ", " ", " ", " 31.5439286395037", "2.258", " 0.000", " 2.996", " Infinity", " Infinity", "1.18", " -Infinity", " 1.58", " Infinity", " Infinity", "", " ", " ", " ", " ", "", " ", " ", " ", " ", "6.2", "4.3", " 6.2", " ", " 3.8", " ", " 5.1", " ", " ", " ", " ", " ", " 2.7", " ", " ", " ", " ", " ", " ", " ", " ", " 3.8", " ", " ", " ", " ", " ", " ", " ", " ", " ", " ", " ", " ", " ", " 2.4", " ", " ", " ", " 4.1", " "
"846", "", "False", "", "C3 H10 Br Cl3 N6 O5", "Full match", " No results", " No results", " No results", " No results", "-4.50", "393.89439", "392.88711", "8.920", "1678476.79537449", "0", "0", "0", "", "", "", "No matches found", " No matches found", " No matches found", " No matches found", " No matches found", "", "No matches found", "PreferredDDA", "", "[M-H]-1", "1093877.53575966", " 933449.503500023", " 1488877.89427997", " 703398.243710825", " 911495.818271006", "16.8456813265812", " 19.8239092831134", " 15.5910572527018", " 24.7008036541108", " ", "0.735", " 0.472", " 0.612", " 1.327", " 1.296", "-0.44", " -1.08", " -0.71", " 0.41", " 0.37", "0.465567371271582", " 0.000496019154514027", " ", " 0.336273711818942", " ", "0.999999999876955", " 0.00529471609120787", " ", " 0.999999999989872", " ", "6.3", "3.3", " ", " ", " ", " ", " 1.9", " 2.3", " ", " ", " 3.4", " 3.4", " 1.5", " ", " ", " ", " ", " ", " 3.6", " 3.6", " 4.4", " 6.3", " 2.1", " ", " ", " 4.0", " 2.5", " ", " 2.5", " 3.7", " 2.5", " ", " ", " ", " ", " 3.0", " ", " ", " ", " ", " "
"1387", "", "False", "DG(17:2(9Z,12Z)/20:3(8Z,11Z,14Z)/0:0)[iso2]", "C40 H68 O5", "Full match", " No results", " No results", " Partial match", " Full match", "1.26", "628.50747", "627.50019", "8.147", "1643675.75811124", "5", "0", "0", "", "", "", "No matches found", " No matches found", " No matches found", " No matches found", " No matches found", "", "Multiple matches found", "PreferredDDA", "", "[M-H]-1", "954053.419476043", " 581371.554542036", " 524896.172233742", " 837923.239057693", " 771858.841326418", "58.3585622595989", " 30.8671378725486", " 21.7220524610029", " 47.9759968835708", " 34.2228692889113", "1.818", " 1.596", " 1.470", " 0.694", " 0.921", "0.86", " 0.67", " 0.56", " -0.53", " -0.12", "0.703730405765732", " 0.663526299270072", " 0.812747477635334", " 0.763191311118854", " 0.994816268721599", "0.999999999876955", " 0.999999999849258", " 0.999999999961495", " 0.999999999989872", " 1", "4.8", "1.9", " ", " ", " ", " ", " 2.1", " ", " ", " 1.6", " ", " ", " ", " ", " 2.4", " 3.2", " 1.3", " ", " ", " ", " ", " ", " 4.8", " ", " ", " 2.5", " 0.0", " 4.5", " ", " ", " 2.7", " 2.7", " 2.1", " 0.8", " 0.9", " 3.5", " 2.8", " 2.8", " ", " 0.9", " 2.0"
"887", "", "False", "15-HETE-T", "C22 H37 N O5 S", "Full match", " No results", " No results", " Full match", " Full match", "-0.41", "427.23907", "426.23179", "8.879", "1641779.37065639", "2", "0", "0", "", "", "", "No matches found", " No matches found", " No matches found", " No matches found", " No matches found", "", "Multiple matches found", "PreferredDDA", "", "[M-H]-1", "", " 911875.138931008", " ", " 1075330.30049217", " ", "", " 55.9448015342924", " ", " 51.8798453208843", " ", "", " Infinity", " ", " 0.848", " 0.000", "", " Infinity", " ", " -0.24", " -Infinity", "", " ", " ", " 0.75394711711554", " ", "", " ", " ", " 0.999999999989872", " ", "5.5", "", " ", " ", " ", " ", " ", " ", " ", " ", " ", " 4.5", " 5.5", " ", " 4.5", " 3.8", " ", " ", " ", " ", " ", " ", " ", " ", " ", " ", " ", " ", " 5.5", " ", " ", " 3.0", " ", " ", " ", " ", " ", " ", " ", " ", " "
"788", "", "False", "", "C12 H16 N4 O S4", "Full match", " No results", " No results", " No results", " No results", "3.31", "360.02188", "359.01461", "8.893", "1616331.04108313", "0", "0", "0", "", "", "", "No matches found", " No matches found", " No matches found", " No matches found", " No matches found", "", "No matches found", "PreferredDDA", "", "[M-H]-1", "1037238.51874767", " 920797.568028354", " 1129448.82954115", " 856497.7264361", " 890099.431539089", "4.80804912027921", " 7.10516107319083", " 17.5861691459522", " 15.4306507575989", " 8.72026736360863", "0.918", " 0.758", " 0.788", " 1.075", " 1.039", "-0.12", " -0.40", " -0.34", " 0.10", " 0.06", "0.534061429247194", " 0.00569958265021397", " 0.011544676350111", " 0.983669333573275", " 0.98630162094111", "0.999999999876955", " 0.0361808393107915", " 0.130743459665007", " 0.999999999989872", " 1", "8.0", "6.4", " 5.3", " ", " 6.3", " 8.0", " ", " 8.0", " ", " 7.1", " 5.9", " 5.2", " ", " 5.6", " 4.4", " 5.6", " ", " 3.3", " ", " 6.7", " 6.7", " 6.1", " 6.7", " 5.7", " 7.0", " 7.8", " ", " 3.4", " ", " 4.2", " 3.4", " ", " 6.4", " ", " 6.7", " 5.2", " 4.8", " 7.1", " 4.0", " ", " "
"1018", "", "False", "", "C20 H34 N6 O3", "Full match", " No results", " No results", " No results", " No results", "0.54", "406.26946", "405.26218", "5.260", "1608519.19062915", "0", "0", "0", "", "", "", "No matches found", " No matches found", " No matches found", " No matches found", " No matches found", "", "No matches found", "PreferredDDA", "", "[M-H]-1", "1022131.05091415", " 613159.062247882", " 811067.209360986", " 1032146.19955955", " 896153.589681178", "35.9620771404209", " 51.9019484646869", " 38.8750518614767", " 15.4977367559073", " 39.8178215553347", "1.260", " 1.273", " 1.105", " 0.594", " 0.868", "0.33", " 0.35", " 0.14", " -0.75", " -0.20", "0.977130635734578", " 0.973851327985827", " 0.999740028401249", " 0.971763435797521", " 0.919375781692477", "0.999999999876955", " 0.999999999849258", " 0.999999999961495", " 0.999999999989872", " 1", "6.0", "", " ", " 4.3", " 3.9", " 6.0", " 5.7", " 5.4", " ", " ", " ", " ", " 5.2", " 3.0", " 3.3", " ", " 5.3", " 2.3", " 4.3", " ", " ", " 5.3", " 4.1", " 3.9", " 3.9", " ", " 3.4", " 2.3", " ", " 4.2", " 5.3", " 4.9", " 4.5", " 4.9", " 3.5", " 3.0", " 5.4", " 2.8", " ", " 2.6", " 3.2"
"1144", "", "False", "", "C5 H5 N2 O5 P", "Full match", " No results", " No results", " No results", " No results", "-1.76", "203.99325", "316.97855", "8.881", "1594605.01991451", "0", "0", "0", "", "", "", "No matches found", " No matches found", " No matches found", " No matches found", " No matches found", "", "No matches found", "PreferredDDA", "", "[M-H+TFA]-1", "749043.847459962", " 674923.554290412", " 1372852.17418529", " ", " 692766.021327157", "13.0455368614256", " 4.28362317521247", " 30.4987402702951", " ", " 11.4977012965259", "0.546", " 0.000", " 0.505", " Infinity", " Infinity", "-0.87", " -Infinity", " -0.99", " Infinity", " Infinity", "0.11825328764186", " ", " 0.0912170692542377", " ", " ", "0.999999999876955", " ", " 0.528379735057815", " ", " ", "7.3", "", " ", " 7.3", " 3.2", " 3.5", " ", " ", " ", " 3.0", " 4.5", " ", " ", " ", " ", " ", " ", " ", " 1.1", " 4.1", " ", " 2.4", " ", " ", " ", " ", " ", " ", " ", " ", " ", " ", " ", " ", " ", " 2.0", " ", " ", " ", " ", " 3.9"
"964", "", "False", "", "C10 H3 Cl3 N4 O5 S", "Full match", " No results", " No results", " No results", " No results", "4.06", "395.89058", "394.88330", "8.930", "1590154.28761792", "0", "0", "0", "", "", "", "No matches found", " No matches found", " No matches found", " No matches found", " No matches found", "", "No matches found", "PreferredDDA", "", "[M-H]-1", "1369061.05581076", " 806114.409383053", " 1427894.23972787", " 1029263.64441234", " 1045399.94048915", "14.0340962968985", " 23.2297546086779", " 15.4769303793618", " 15.0881007991024", " 10.6197685503441", "0.959", " 0.721", " 0.732", " 0.783", " 1.016", "-0.06", " -0.47", " -0.45", " -0.35", " 0.02", "0.980479601771427", " 0.228586592289894", " 0.209906350912318", " 0.295260774309805", " 0.999210252378472", "0.999999999876955", " 0.557234669254734", " 0.815813526447613", " 0.999999999989872", " 1", "6.6", "", " 4.1", " 4.5", " 4.5", " 4.1", " 3.8", " ", " 5.8", " 4.8", " ", " ", " ", " 1.0", " 2.9", " ", " ", " 1.0", " ", " ", " ", " ", " ", " 5.9", " 4.4", " ", " ", " ", " ", " ", " ", " 3.4", " 3.3", " 6.1", " 3.9", " ", " 2.4", " 6.6", " 6.6", " 3.8", " 3.9"
"618", "", "False", "", "C14 H20 N8 O17 P2", "Full match", " No results", " No results", " No results", " No results", "0.95", "634.04277", "633.03549", "0.494", "1584671.95483326", "0", "0", "0", "", "", "", "No matches found", " No matches found", " No matches found", " No matches found", " No matches found", "", "No matches found", "PreferredDDA", "", "[M-H]-1", "", " 256846.531744395", " 567903.322377165", " 1275226.52429104", " 335423.408752238", "", " ", " ", " 34.3171912088695", " 88.5419931542725", "0.000", " 2.245", " 0.591", " 0.201", " 0.263", "-Infinity", " 1.17", " -0.76", " -2.31", " -1.93", "", " ", " ", " ", " 0.54621193926479", "", " ", " ", " ", " 1", "6.4", "", " ", " ", " ", " ", " ", " ", " ", " 4.9", " ", " ", " ", " ", " ", " ", " ", " ", " 5.3", " ", " ", " ", " ", " ", " ", " ", " ", " 5.8", " ", " ", " ", " ", " 6.4", " ", " ", " 4.5", " ", " 4.5", " 5.5", " ", " "
"916", "", "False", "", "C8 H16 N2 O6 S2", "Full match", " No results", " No results", " No results", " No results", "-0.52", "300.04482", "299.03728", "0.520", "1576894.53040636", "0", "0", "0", "", "", "", "No matches found", " No matches found", " No matches found", " No matches found", " No matches found", "", "No matches found", "PreferredDDA", "", "[M-H]-1", "1077212.21971193", " 1188363.26686096", " 1415653.54550232", " 1458550.13140229", " 1347688.71740718", "", " 19.6163605182569", " 11.8671734842964", " 5.68167549627087", " 33.0575798922276", "0.761", " 1.030", " 0.952", " 0.815", " 0.924", "-0.39", " 0.04", " -0.07", " -0.30", " -0.11", "", " 0.999601740870811", " 0.793561949144201", " 0.961010807140512", " 0.629094146830457", "", " 0.999999999849258", " 0.999999999961495", " 0.999999999989872", " 1", "7.7", "", " ", " ", " ", " 5.3", " ", " ", " ", " ", " ", " ", " 7.4", " 5.7", " 5.9", " ", " ", " ", " 7.6", " ", " ", " 6.4", " ", " ", " 4.5", " ", " 6.9", " ", " 7.7", " ", " 7.7", " ", " ", " 6.9", " 4.9", " ", " 6.0", " 5.4", " ", " 5.3", " "
"1075", "", "False", "NP-014641", "C17 H28 O2", "Full match", " Full match", " No results", " Not the top hit", " Not the top hit", "-0.63", "264.20876", "263.20149", "5.611", "1565625.91361315", "9", "1", "0", "81.3", "9.1", "", "No matches found", " No matches found", " No matches found", " No matches found", " No matches found", "", "Multiple matches found", "PreferredDDA", "", "[M-H]-1", "1106743.94079861", " 358460.455577581", " 792517.007950344", " 921313.193388553", " 510521.302547448", "", " 29.7022134385162", " 52.8964335818957", " 47.2250194738418", " 47.348854173137", "1.396", " 1.163", " 0.644", " 0.389", " 0.554", "0.48", " 0.22", " -0.63", " -1.36", " -0.85", "", " 0.999894655266171", " 0.585813012571083", " 0.377499675789165", " 0.705719668802403", "", " 0.999999999849258", " 0.999999999961495", " 0.999999999989872", " 1", "4.9", "", " ", " ", " ", " 1.5", " ", " ", " ", " ", " ", " ", " 2.1", " ", " 1.8", " ", " ", " ", " 4.8", " ", " 4.9", " ", " 1.9", " ", " 3.6", " 1.5", " ", " 1.7", " 3.4", " 2.9", " ", " ", " ", " 2.7", " 1.5", " ", " 4.5", " ", " 3.0", " ", " 2.7"
"1290", "", "False", "", "C22 H38 N6 O", "Full match", " No results", " No results", " No results", " No results", "-3.75", "402.30920", "401.30202", "2.440", "1563442.36710259", "0", "0", "0", "", "", "", "No matches found", " No matches found", " No matches found", " No matches found", " No matches found", "", "No matches found", "PreferredDDA", "", "[M-H]-1", "1235345.59323313", " 656694.550064034", " ", " 505689.693626384", " 1128369.09820317", "17.8186442309721", " 49.8284037009153", " ", " ", " 54.5288344464009", "Infinity", " Infinity", " Infinity", " 1.299", " 2.231", "Infinity", " Infinity", " Infinity", " 0.38", " 1.16", "", " ", " ", " ", " ", "", " ", " ", " ", " ", "5.2", "2.7", " ", " ", " ", " 4.4", " ", " ", " ", " 1.1", " 2.5", " ", " 1.9", " ", " 4.9", " ", " ", " 4.9", " ", " ", " ", " ", " ", " ", " ", " ", " ", " ", " ", " ", " ", " ", " ", " 0.0", " 5.2", " ", " 1.9", " ", " ", " ", " "
"1429", "", "False", "12-Hydroxydodecanoic acid", "C12 H24 O3", "Full match", " Full match", " No results", " Full match", " Not the top hit", "-2.91", "216.17192", "215.16464", "2.794", "1537811.26961521", "15", "1", "0", "79.7", "9.0", "", "No matches found", " No matches found", " No matches found", " No matches found", " No matches found", "", "Multiple matches found", "PreferredDDA", "", "[M-H]-1", "", " 891383.512229439", " 825739.58074595", " 1066293.99607879", " 923048.753207435", "", " 14.0380727256579", " 9.1293326402537", " 29.3113946330948", " 9.8167924372751", "0.000", " 1.291", " 1.118", " 0.836", " 0.866", "-Infinity", " 0.37", " 0.16", " -0.26", " -0.21", "", " 0.305857695409783", " 0.891475811780171", " 0.716135407449886", " 0.805060319896067", "", " 0.704999226456542", " 0.999999999961495", " 0.999999999989872", " 1", "4.4", "", " ", " ", " ", " ", " ", " ", " ", " ", " 2.8", " ", " ", " 2.4", " 2.4", " 3.5", " ", " ", " ", " 2.9", " ", " ", " ", " ", " 3.3", " 4.0", " 3.9", " 2.5", " 1.4", " ", " ", " ", " ", " 1.8", " 4.4", " ", " ", " ", " ", " 3.3", " "
"1233", "", "False", "", "C26 H55 N O4", "Full match", " No results", " No results", " No results", " No results", "0.41", "445.41329", "444.40602", "3.443", "1523000.43189939", "0", "0", "0", "", "", "", "No matches found", " No matches found", " No matches found", " No matches found", " No matches found", "", "No matches found", "PreferredDDA", "", "[M-H]-1", "232394.548666646", " 1048177.46413405", " 337263.958083111", " 940327.256662928", " 1042450.83064136", "", " 30.5666448154582", " ", " 31.0848969127476", " 49.5913637407157", "0.689", " 2.788", " 3.091", " 1.115", " 1.109", "-0.54", " 1.48", " 1.63", " 0.16", " 0.15", "", " ", " ", " 0.999999916500307", " 0.999999471259602", "", " ", " ", " 0.999999999989872", " 1", "4.9", "", " ", " ", " 3.0", " ", " ", " ", " ", " ", " ", " ", " 3.4", " 4.3", " ", " 2.8", " ", " ", " ", " ", " ", " ", " ", " ", " ", " 3.0", " ", " 3.8", " ", " ", " ", " 2.4", " ", " ", " 4.9", " ", " ", " ", " 3.3", " ", " 1.9"
"923", "", "False", "", "", "No results", " No results", " No results", " No results", " No results", "", "642.48539", "641.47812", "5.029", "1508613.24451416", "0", "0", "0", "", "", "", "No matches found", " No matches found", " No matches found", " No matches found", " No matches found", "", "No matches found", "PreferredDDA", "", "[M-H]-1", "", " 1279032.49086273", " ", " 701348.03769131", " ", "", " 17.7141130266748", " ", " ", " ", "", " Infinity", " ", " 1.824", " 0.000", "", " Infinity", " ", " 0.87", " -Infinity", "", " ", " ", " ", " ", "", " ", " ", " ", " ", "4.9", "", " ", " ", " ", " ", " ", " ", " ", " ", " 4.9", " ", " 4.0", " ", " 3.6", " 3.8", " ", " ", " ", " ", " ", " ", " ", " ", " ", " ", " ", " ", " 1.1", " ", " ", " ", " ", " ", " ", " ", " ", " ", " ", " ", " "
"1546", "", "False", "9-oxo-7E-hexadecenoic acid", "C16 H28 O3", "Full match", " No results", " No results", " Not the top hit", " Full match", "-0.35", "268.20375", "267.19647", "3.259", "1503950.91247705", "9", "0", "0", "", "", "", "No matches found", " No matches found", " No matches found", " No matches found", " No matches found", "", "Multiple matches found", "PreferredDDA", "", "[M-H]-1", "986910.314723419", " 1251526.92722255", " 1208561.07896351", " 1172424.81181457", " 1219010.49176339", "12.4861297841979", " 19.603227114294", " ", " 15.1430625539115", " ", "0.817", " 0.970", " 1.009", " 1.067", " 1.040", "-0.29", " -0.04", " 0.01", " 0.09", " 0.06", "", " ", " ", " 0.993346511069548", " ", "", " ", " ", " 0.999999999989872", " ", "5.7", "", " ", " ", " ", " ", " 5.1", " 5.4", " ", " ", " 3.3", " 4.0", " 2.5", " 5.7", " ", " ", " ", " ", " ", " ", " ", " ", " ", " ", " 2.9", " ", " ", " ", " ", " ", " 4.8", " 5.3", " ", " 3.6", " 1.4", " ", " ", " ", " ", " ", " "
"988", "", "False", "", "C19 H46 Cl N9 O9", "Full match", " No results", " No results", " No results", " No results", "0.89", "579.31122", "578.30394", "3.917", "1497440.62402591", "0", "0", "0", "", "", "", "No matches found", " No matches found", " No matches found", " No matches found", " No matches found", "", "No matches found", "PreferredDDA", "", "[M-H]-1", "489154.492563818", " 445948.091526432", " 494202.302319328", " 550961.833315611", " 462848.891159648", "47.7135379912421", " 50.877078795619", " 70.977232836934", " 56.6569853064514", " 50.8803572129315", "0.990", " 1.115", " 0.937", " 0.809", " 0.840", "-0.01", " 0.16", " -0.09", " -0.31", " -0.25", "0.999852827294928", " 0.993307453688723", " 0.997356331371119", " 0.844001286285264", " 0.95491076026615", "0.999999999876955", " 0.999999999849258", " 0.999999999961495", " 0.999999999989872", " 1", "4.9", "4.2", " 1.9", " 1.1", " ", " 1.9", " 4.2", " 1.5", " ", " 1.9", " 2.7", " 0.8", " 1.5", " ", " ", " ", " ", " ", " ", " 2.1", " 1.5", " 1.1", " ", " ", " 1.5", " 1.9", " ", " 4.2", " 1.5", " 4.5", " 0.6", " 1.5", " 0.4", " 4.9", " 4.9", " ", " 1.9", " ", " ", " 1.5", " "
"973", "", "False", "", "C8 H8 N6 O9", "Full match", " No results", " No results", " No results", " No results", "3.13", "332.03631", "391.04980", "0.552", "1475537.68619004", "0", "0", "0", "", "", "", "No matches found", " No matches found", " No matches found", " No matches found", " No matches found", "", "No matches found", "PreferredDDA", "", "[M-H+HAc]-1", "695836.467985611", " 505242.185577489", " 551231.166580027", " 1007825.49731771", " 898102.961758216", "38.1514712731563", " 3.44314926798046", " 41.313507278004", " 41.8573455842258", " 13.2576771272486", "1.262", " 1.828", " 1.629", " 0.501", " 0.891", "0.34", " 0.87", " 0.70", " -1.00", " -0.17", "0.999262921627326", " 0.544189327652624", " 0.667106695380782", " 0.316535254245022", " 0.999997259105728", "0.999999999876955", " 0.999999999849258", " 0.999999999961495", " 0.999999999989872", " 1", "7.3", "5.8", " ", " 2.8", " 5.4", " 5.4", " 3.2", " 2.0", " ", " ", " ", " ", " 4.9", " 5.7", " ", " 6.1", " ", " ", " 4.5", " ", " ", " 3.4", " ", " ", " ", " ", " 1.9", " 1.5", " 2.9", " 4.0", " ", " 4.9", " ", " 3.4", " 6.9", " ", " ", " ", " 7.3", " 6.9", " "
"1077", "", "False", "", "C10 H4 N5 O4 P", "Invalid mass", " No results", " No results", " No results", " No results", "5.08", "289.00156", "287.99428", "8.875", "1474645.0768233", "0", "0", "0", "", "", "", "No matches found", " No matches found", " No matches found", " No matches found", " No matches found", "", "No matches found", "PreferredDDA", "", "[M-H]-1", "1383644.66668481", " 1197797.78954805", " 1289147.38225805", " 1316402.91740992", " 1135801.02992531", "10.1909971640482", " 16.918896796199", " ", " 8.09853956909615", " 7.21518735064865", "1.073", " 1.021", " 0.881", " 0.910", " 0.863", "0.10", " 0.03", " -0.18", " -0.14", " -0.21", "", " ", " ", " 0.486648338218259", " 0.249388519503447", "", " ", " ", " 0.999999999989872", " 1", "6.2", "3.8", " ", " 4.9", " 5.3", " 3.8", " ", " ", " ", " ", " ", " ", " ", " 3.0", " 5.2", " ", " 4.0", " ", " ", " ", " 3.6", " ", " ", " ", " ", " ", " 5.0", " 4.3", " 6.2", " 5.4", " 5.8", " 5.8", " 5.0", " 5.6", " 4.6", " ", " 5.4", " 4.3", " ", " 4.4", " 5.6"
"1162", "", "False", "Zooxanthellactone", "C22 H30 O2", "Full match", " No results", " No results", " Not the top hit", " Full match", "0.26", "326.22466", "325.21731", "5.652", "1456395.65706685", "4", "0", "0", "", "", "", "No matches found", " No matches found", " No matches found", " No matches found", " No matches found", "", "Multiple matches found", "PreferredDDA", "CO2", "[M-H]-1", "410216.659735888", " 980671.765225282", " ", " 1023341.02863864", " ", "3.72466184878196", " 68.6035025830187", " ", " ", " ", "Infinity", " Infinity", " ", " 0.958", " 0.000", "Infinity", " Infinity", " ", " -0.06", " -Infinity", "", " ", " ", " ", " ", "", " ", " ", " ", " ", "6.1", "", " ", " 6.1", " ", " ", " ", " 5.3", " ", " ", " 4.2", " 4.0", " ", " ", " ", " ", " ", " ", " ", " ", " ", " ", " ", " ", " ", " ", " ", " 5.3", " ", " ", " ", " ", " ", " ", " ", " ", " ", " ", " ", " ", " "
"1402", "", "False", "", "C9 H3 N8 O P", "Full match", " No results", " No results", " No results", " No results", "0.32", "270.01683", "269.00955", "0.597", "1446443.53717069", "0", "0", "0", "", "", "", "No matches found", " No matches found", " No matches found", " No matches found", " No matches found", "", "No matches found", "PreferredDDA", "", "[M-H]-1", "591584.76447236", " 1206981.39766241", " 577522.2661782", " 1078391.34880491", " 757902.257852925", "37.369347757964", " 17.669570437156", " 7.8766288807142", " ", " ", "1.024", " 1.867", " 1.312", " 1.119", " 0.703", "0.03", " 0.90", " 0.39", " 0.16", " -0.51", "0.999997826286857", " ", " ", " ", " ", "0.999999999876955", " ", " ", " ", " ", "7.4", "3.5", " ", " ", " ", " 2.0", " ", " ", " ", " ", " 3.8", " 5.5", " ", " ", " ", " ", " 5.5", " ", " 5.6", " ", " ", " 2.9", " ", " ", " 5.9", " 7.4", " ", " ", " 4.2", " ", " ", " ", " ", " ", " ", " ", " ", " 4.9", " ", " ", " "
"981", "", "False", "", "", "No results", " No results", " No results", " No results", " No results", "", "508.24127", "507.23399", "4.704", "1444861.83984296", "0", "0", "0", "", "", "", "No matches found", " No matches found", " No matches found", " No matches found", " No matches found", "", "No matches found", "PreferredDDA", "", "[M-H]-1", "791679.470711984", " 1214694.00484341", " 754059.288783128", " ", " 1015964.70047426", "16.4580369235393", " 22.2311159963087", " 6.1682849159645", " ", " 38.0377001678694", "1.050", " 0.000", " 1.347", " Infinity", " Infinity", "0.07", " -Infinity", " 0.43", " Infinity", " Infinity", "0.99790852294822", " ", " 0.717463311656791", " ", " ", "0.999999999876955", " ", " 0.999999999961495", " ", " ", "6.7", "", " 2.7", " ", " ", " ", " ", " 5.7", " ", " ", " 2.8", " 5.4", " ", " 5.6", " 3.9", " 3.3", " ", " ", " ", " ", " ", " ", " 6.7", " ", " ", " 4.4", " ", " ", " ", " ", " ", " ", " ", " ", " ", " 3.0", " ", " 5.1", " ", " ", " "
"920", "", "False", "", "C12 H32 N6 P2", "Full match", " No results", " No results", " No results", " No results", "3.64", "322.21754", "321.21035", "8.858", "1439356.67336539", "0", "0", "0", "", "", "", "No matches found", " No matches found", " No matches found", " No matches found", " No matches found", "", "No matches found", "PreferredDDA", "", "[M-H]-1", "459805.422648796", " ", " 765571.665733459", " 215027.060628824", " ", "37.6033988670126", " ", " 59.8068370240152", " 28.0680536384393", " ", "0.601", " 0.281", " 0.000", " 0.000", " 0.000", "-0.74", " -1.83", " -Infinity", " -Infinity", " -Infinity", "0.288626682117023", " 0.0163481286468484", " ", " ", " ", "0.999999999876955", " 0.0824592422956421", " ", " ", " ", "6.3", "", " ", " ", " 2.0", " 3.5", " 5.1", " 2.0", " 1.3", " ", " ", " ", " ", " ", " ", " ", " ", " ", " ", " 3.0", " 4.0", " 2.7", " ", " ", " ", " ", " 6.3", " 6.3", " ", " ", " ", " 4.4", " ", " ", " ", " ", " ", " ", " ", " ", " "
"1572", "", "False", "Cer 18:1;2O/18:0", "C36 H71 N O3", "No results", " No results", " Invalid mass", " No match", " No match", "106130.70", "625.56491", "624.55763", "7.822", "1436951.34913356", "2", "0", "30", "", "", "48.1", "No matches found", " No matches found", " No matches found", " Multiple matches found", " No matches found", "", "Multiple matches found", "PreferredDDA", "", "[M-H]-1", "507464.640450875", " 528984.759629295", " 599077.404879849", " 517855.602314678", " 671444.324411112", "54.7332720655264", " 16.2846228532125", " 45.7702136496056", " 29.9742504612283", " 4.34461792746277", "0.847", " 0.864", " 1.121", " 1.021", " 1.297", "-0.24", " -0.21", " 0.16", " 0.03", " 0.37", "0.977524401195344", " 0.973490514249545", " 0.991856663449883", " 0.995412533566619", " 0.810257188944305", "0.999999999876955", " 0.999999999849258", " 0.999999999961495", " 0.999999999989872", " 1", "5.7", "", " 0.0", " 0.8", " 2.3", " ", " ", " 1.1", " 1.7", " ", " ", " ", " ", " 3.4", " ", " ", " ", " 3.4", " ", " ", " ", " 0.4", " 1.5", " ", " ", " ", " 1.0", " ", " ", " ", " 5.6", " 2.5", " 1.8", " ", " 4.2", " ", " ", " 5.7", " ", " ", " "
"1202", "", "False", "PE(18:0/0:0)", "C23 H48 N O7 P", "Not the top hit", " No results", " No results", " Partial match", " Full match", "-1.63", "481.31606", "480.30836", "4.178", "1430509.20532619", "5", "0", "0", "", "", "", "No matches found", " No matches found", " No matches found", " No matches found", " No matches found", "", "Multiple matches found", "PreferredDDA", "Fatty_Acid_16:0", "[M-H]-1", "626088.974370056", " 693629.913572936", " 858612.638435908", " 692264.651992783", " 696157.20019074", "48.4426689434034", " 1.55038305160024", " 94.1965963422303", " ", " 27.2618823572971", "0.729", " 0.806", " 0.811", " 1.002", " 1.006", "-0.46", " -0.31", " -0.30", " 0.00", " 0.01", "0.999988725903134", " ", " 0.999953870918001", " ", " ", "0.999999999876955", " ", " 0.999999999961495", " ", " ", "6.8", "1.9", " ", " ", " ", " 3.8", " 1.5", " ", " 2.1", " 6.8", " 4.9", " ", " ", " ", " ", " ", " ", " ", " ", " 1.7", " ", " 3.8", " ", " ", " ", " ", " ", " ", " ", " 3.8", " ", " ", " ", " ", " ", " ", " ", " ", " ", " 1.0", " 2.5"
"1446", "", "False", "", "C22 H52 Cl2 N9 O P", "Full match", " No results", " No results", " No results", " No results", "-0.69", "559.34056", "558.33329", "5.296", "1429581.76747202", "0", "0", "0", "", "", "", "No matches found", " No matches found", " No matches found", " No matches found", " No matches found", "", "No matches found", "PreferredDDA", "", "[M-H]-1", "633525.459195063", " 425525.266843324", " 824996.800887236", " 393442.967028396", " 706699.365312107", "48.8877977601484", " 20.9846959057145", " 34.0362079203332", " 38.9844529987812", " 31.196134556088", "0.768", " 0.477", " 0.857", " 1.082", " 1.796", "-0.38", " -1.07", " -0.22", " 0.11", " 0.84", "0.968846756349552", " 0.196135208465419", " 0.992959397130752", " 0.999999999989872", " 0.55251489165385", "0.999999999876955", " 0.500144781586817", " 0.999999999961495", " 0.999999999989872", " 1", "5.9", "0.8", " 4.5", " ", " 1.9", " 4.5", " 1.1", " 1.5", " 0.6", " 3.7", " 1.0", " ", " ", " 5.9", " ", " ", " ", " ", " 1.3", " 1.5", " 0.5", " 1.3", " ", " ", " 2.4", " 2.0", " ", " ", " 0.9", " ", " 2.8", " ", " ", " ", " 1.6", " ", " ", " ", " ", " ", " 0.5"
"1013", "", "False", "", "C19 H32 N2 O10 S2", "Full match", " No results", " No results", " No results", " No results", "1.21", "512.15046", "511.14318", "0.571", "1413293.85281901", "0", "0", "0", "", "", "", "No matches found", " No matches found", " No matches found", " No matches found", " No matches found", "", "No matches found", "PreferredDDA", "", "[M-H]-1", "1030538.07487078", " 1413293.85281901", " 1197309.90922505", " 1115140.73901041", " ", "", " ", " ", " ", " ", "0.861", " 0.931", " 0.000", " 1.267", " 0.000", "-0.22", " -0.10", " -Infinity", " 0.34", " -Infinity", "", " ", " ", " ", " ", "", " ", " ", " ", " ", "5.5", "", " ", " ", " ", " 5.3", " ", " ", " ", " ", " 3.6", " ", " ", " ", " ", " ", " ", " ", " ", " 5.5", " ", " ", " ", " ", " ", " ", " 4.9", " ", " ", " ", " ", " ", " ", " ", " ", " ", " ", " ", " ", " ", " "
"1412", "", "False", "16-Hydroxyhexadecanoic acid", "C16 H32 O3", "Full match", " Full match", " No results", " Full match", " Not the top hit", "-0.07", "272.23513", "271.22785", "5.228", "1401630.35420816", "21", "1", "0", "94.6", "9.7", "", "No matches found", " No matches found", " No matches found", " No matches found", " No matches found", "", "Multiple matches found", "PreferredDDA", "", "[M-H]-1", "788744.999964014", " 1152555.33812336", " 822435.380573654", " 877352.27019239", " 1048949.85551512", "11.1954460656923", " 24.083620549711", " 24.7495960958999", " 6.42735870153479", " 4.08110247066397", "0.959", " 1.067", " 1.275", " 1.314", " 1.196", "-0.06", " 0.09", " 0.35", " 0.39", " 0.26", "0.988995671725426", " 0.999382838352821", " 0.578273215313608", " 0.456215399671134", " 0.727204430753819", "0.999999999876955", " 0.999999999849258", " 0.999999999961495", " 0.999999999989872", " 1", "6.2", "2.8", " ", " ", " ", " ", " ", " ", " 2.4", " 1.8", " 6.2", " ", " ", " ", " ", " ", " ", " 5.8", " 1.4", " 3.7", " ", " ", " 3.3", " 2.1", " ", " 4.0", " 5.2", " ", " ", " 2.5", " 4.0", " ", " 3.7", " ", " 4.5", " ", " 4.5", " ", " ", " 4.9", " "
"1135", "", "False", "", "C11 H11 N2 O P", "Full match", " No results", " No results", " No results", " No results", "-1.10", "218.06066", "217.05338", "1.815", "1395958.75077857", "0", "0", "0", "", "", "", "No matches found", " No matches found", " No matches found", " No matches found", " No matches found", "", "No matches found", "PreferredDDA", "", "[M-H]-1", "1336590.19654726", " ", " 626370.3048451", " 1150378.72678641", " 1068072.93597966", "3.10489615513444", " ", " ", " 22.7889708909168", " 32.5091162590055", "2.134", " 1.837", " 1.705", " 0.000", " 0.928", "1.09", " 0.88", " 0.77", " -Infinity", " -0.11", "", " ", " ", " ", " 0.983139634582104", "", " ", " ", " ", " 1", "7.8", "7.8", " 7.0", " ", " ", " ", " ", " ", " ", " ", " ", " ", " ", " ", " ", " ", " ", " ", " ", " ", " ", " ", " ", " 2.3", " ", " ", " ", " 3.5", " 3.9", " 3.3", " ", " ", " ", " ", " ", " ", " ", " ", " 4.9", " ", " 3.9"
"1093", "", "False", "N-oleoyl threonine", "C22 H41 N O4", "Full match", " No results", " No results", " Full match", " Full match", "-0.25", "383.30346", "382.29618", "5.407", "1385569.86268527", "2", "0", "0", "", "", "", "No matches found", " No matches found", " No matches found", " No matches found", " No matches found", "", "Multiple matches found", "PreferredDDA", "", "[M-H]-1", "904226.548550528", " 701463.778179802", " 672538.628155347", " 1057376.28571529", " ", "20.5125293138604", " 26.5570420282652", " 37.0568225870572", " 15.6976980635274", " ", "1.344", " 1.572", " 0.000", " 0.663", " 0.000", "0.43", " 0.65", " -Infinity", " -0.59", " -Infinity", "0.251459604657174", " 0.0706577724119932", " ", " 0.108464642697778", " ", "0.999999999876955", " 0.236729325088357", " ", " 0.999999999989872", " ", "6.7", "", " ", " 6.7", " ", " 6.2", " 4.4", " ", " 4.0", " 3.3", " ", " ", " 3.3", " 3.7", " ", " ", " ", " 6.3", " 3.2", " 5.8", " ", " 4.3", " 3.2", " ", " ", " ", " 3.8", " ", " ", " ", " ", " 4.9", " 3.4", " 4.8", " ", " ", " ", " ", " ", " ", " "
"1123", "", "False", "", "C31 H63 N2 O3 P", "Invalid mass", " No results", " No results", " No results", " No results", "-5.84", "542.45446", "541.44719", "5.638", "1363792.31660823", "0", "0", "0", "", "", "", "No matches found", " No matches found", " No matches found", " No matches found", " No matches found", "", "No matches found", "PreferredDDA", "", "[M-H]-1", "", " 920792.274539565", " 325342.564561949", " 718847.782025887", " 500656.705262918", "", " 68.0388709753922", " 66.4908575859223", " 25.3563090681225", " ", "0.000", " 2.210", " 1.539", " 1.281", " 0.696", "-Infinity", " 1.14", " 0.62", " 0.36", " -0.52", "", " 0.658194916483089", " ", " 0.995772945691861", " ", "", " 0.999999999849258", " ", " 0.999999999989872", " ", "5.9", "", " ", " ", " ", " ", " ", " ", " ", " ", " 2.3", " 5.2", " ", " ", " ", " ", " ", " ", " ", " ", " 4.5", " ", " ", " ", " 3.8", " 4.5", " ", " 3.3", " ", " 5.9", " ", " ", " ", " ", " ", " ", " ", " ", " ", " ", " 2.3"
"983", "", "False", "", "C14 H6 N6 O3 S", "Full match", " No results", " No results", " No results", " No results", "-0.55", "338.02202", "337.01463", "0.520", "1361666.92411401", "0", "0", "0", "", "", "", "No matches found", " No matches found", " No matches found", " No matches found", " No matches found", "", "No matches found", "PreferredDDA", "", "[M-H]-1", "744343.410490512", " 1102752.29218137", " 850680.715872236", " 1112017.57126091", " 1170209.41924897", "15.7286947945289", " 21.1955670674014", " 27.748360966744", " 0.352716488079227", " 19.102274199054", "0.875", " 1.307", " 1.376", " 0.992", " 1.052", "-0.19", " 0.39", " 0.46", " -0.01", " 0.07", "0.708198746696379", " 0.770750359147402", " 0.657336644177698", " 0.999819477549829", " 0.999999956004383", "0.999999999876955", " 0.999999999849258", " 0.999999999961495", " 0.999999999989872", " 1", "6.8", "", " 5.3", " 6.8", " ", " 3.8", " 3.8", " ", " ", " ", " 6.3", " 5.4", " ", " ", " 3.9", " ", " ", " 6.7", " 6.5", " 2.5", " ", " 3.7", " ", " ", " ", " ", " 6.1", " ", " ", " ", " ", " ", " ", " 6.8", " 5.9", " 5.7", " 5.3", " ", " ", " 4.8", " "
"1672", "", "False", "", "C32 H42 S2", "Invalid mass", " No results", " No results", " No match", " No results", "5.42", "490.27545", "489.26817", "8.346", "1354332.22470681", "1", "0", "0", "", "", "", "No matches found", " No matches found", " No matches found", " No matches found", " No matches found", "", "No matches found", "PreferredDDA", "", "[M-H]-1", "618208.835923416", " ", " 1178220.06944498", " ", " ", "27.12085880459", " ", " 15.3774364161592", " ", " ", "0.525", " 0.000", " 0.000", " ", " ", "-0.93", " -Infinity", " -Infinity", " ", " ", "0.029434061137977", " ", " ", " ", " ", "0.928154061217541", " ", " ", " ", " ", "4.0", "2.9", " 2.1", " ", " 3.7", " ", " ", " ", " ", " ", " ", " ", " ", " ", " ", " ", " ", " ", " ", " ", " ", " ", " ", " 3.6", " 3.0", " 4.0", " ", " ", " ", " ", " ", " ", " ", " ", " ", " ", " ", " ", " ", " ", " "
"1398", "", "False", "ethyl 5R,6R-epoxy-7-eicosynoate", "C22 H38 O3", "Not the top hit", " No results", " No results", " Not the top hit", " Full match", "-0.62", "350.28188", "349.27460", "5.719", "1352302.78456168", "5", "0", "0", "", "", "", "No matches found", " No matches found", " No matches found", " No matches found", " No matches found", "", "Multiple matches found", "PreferredDDA", "", "[M-H]-1", "1295097.05838625", " 931164.508095322", " 1017844.12658683", " 1069612.63276489", " 772996.196685111", "30.6667806976853", " 15.1793147167897", " 25.6105255943199", " 25.5072717190842", " ", "1.272", " 1.051", " 0.759", " 0.871", " 0.723", "0.35", " 0.07", " -0.40", " -0.20", " -0.47", "0.933087747671354", " 0.999426891591389", " ", " 0.999843981226466", " ", "0.999999999876955", " 0.999999999849258", " ", " 0.999999999989872", " ", "5.9", "", " ", " 1.6", " ", " 1.9", " 3.4", " 1.6", " 5.3", " ", " ", " ", " 3.8", " ", " 2.7", " 2.5", " ", " ", " 2.5", " ", " ", " 5.2", " 4.0", " ", " ", " 5.9", " ", " ", " 1.8", " ", " ", " 5.9", " 4.0", " ", " ", " 1.9", " ", " ", " ", " ", " "
"1350", "", "False", "O-heptadecanoylcarnitine", "C24 H47 N O4", "Full match", " No results", " No results", " Full match", " No results", "0.00", "413.35051", "412.34323", "5.716", "1321490.19408732", "1", "0", "0", "", "", "", "No matches found", " No matches found", " No matches found", " No matches found", " No matches found", "", "No matches found", "PreferredDDA", "", "[M-H]-1", "431556.780821103", " 1157233.26538179", " ", " ", " 681393.093687052", "15.5028349129476", " 7.96638328028641", " ", " ", " 35.2278276946097", "Infinity", " ", " Infinity", " Infinity", " Infinity", "Infinity", " ", " Infinity", " Infinity", " Infinity", "", " ", " ", " ", " ", "", " ", " ", " ", " ", "7.1", "", " ", " ", " ", " ", " ", " 3.0", " 3.4", " ", " ", " ", " 7.1", " 4.3", " 6.3", " 4.6", " 6.3", " 4.3", " ", " ", " ", " ", " ", " ", " ", " ", " ", " ", " ", " ", " ", " ", " ", " ", " 0.9", " 3.2", " 2.0", " ", " 2.2", " 0.5", " "
"1207", "", "False", "", "C17 H25 N4 O16 P3 S", "Full match", " No results", " No results", " No results", " No results", "0.04", "666.01994", "665.01266", "5.408", "1290671.25199886", "0", "0", "0", "", "", "", "No matches found", " No matches found", " No matches found", " No matches found", " No matches found", "", "No matches found", "PreferredDDA", "", "[M-H]-1", "", " 1149619.42815854", " 936439.812040611", " ", " 859696.714675741", "", " 17.3516032685669", " ", " ", " 13.6853310408583", "0.000", " 0.000", " 0.918", " Infinity", " Infinity", "-Infinity", " -Infinity", " -0.12", " Infinity", " Infinity", "", " ", " ", " ", " ", "", " ", " ", " ", " ", "7.0", "", " ", " ", " ", " ", " ", " ", " ", " ", " ", " ", " ", " ", " ", " ", " 6.1", " 7.0", " ", " ", " ", " ", " 3.0", " ", " ", " ", " ", " ", " ", " ", " ", " ", " ", " ", " 5.8", " 5.4", " 5.1", " ", " ", " ", " "
"1026", "", "False", "", "C12 H5 Cl3 N6 O5", "Full match", " No results", " No results", " No results", " No results", "-0.39", "417.93854", "416.93126", "8.919", "1277416.51796053", "0", "0", "0", "", "", "", "No matches found", " No matches found", " No matches found", " No matches found", " No matches found", "", "No matches found", "PreferredDDA", "", "[M-H]-1", "876704.713102537", " 691550.761325602", " 1068140.32736191", " 726258.087856748", " 716633.124629412", "17.0252715807307", " 7.10618139966395", " 19.8035537578734", " 15.0078144204374", " 8.13277314906851", "0.821", " 0.680", " 0.671", " 0.952", " 0.987", "-0.28", " -0.56", " -0.58", " -0.07", " -0.02", "0.467865784875185", " 0.000976872937467399", " 0.00349391146971623", " 0.99579782997349", " 1", "0.999999999876955", " 0.00901011730615386", " 0.052758063192715", " 0.999999999989872", " 1", "7.1", "5.7", " 6.4", " 6.1", " 4.5", " 6.1", " 3.8", " 6.1", " 6.1", " 7.1", " 6.7", " 4.4", " ", " 3.3", " ", " ", " 4.0", " 4.8", " 3.0", " ", " 3.8", " 4.0", " 6.3", " 5.7", " 6.4", " ", " 6.4", " 5.7", " 3.8", " 3.0", " 6.1", " 6.1", " 6.4", " 4.9", " ", " 4.0", " 6.7", " 7.1", " 4.0", " ", " 4.4"
"869", "", "False", "", "C5 H5 N10 O5 P", "Full match", " No results", " No results", " No results", " No results", "0.72", "316.01843", "352.96688", "0.519", "1263712.71464798", "0", "0", "0", "", "", "", "No matches found", " No matches found", " No matches found", " No matches found", " No matches found", "", "No matches found", "OtherDDA", "", "[M-2H+K]-1", "907355.209575534", " 376129.513181177", " 627761.597213856", " ", " ", "55.5422629868019", " 0.471480372187361", " ", " ", " ", "1.445", " 0.000", " 0.000", " Infinity", " ", "0.53", " -Infinity", " -Infinity", " Infinity", " ", "", " ", " ", " ", " ", "", " ", " ", " ", " ", "8.3", "", " ", " ", " ", " ", " ", " 1.5", " 5.2", " ", " ", " ", " 8.0", " ", " ", " 8.3", " ", " ", " ", " ", " ", " ", " ", " ", " ", " 5.3", " ", " ", " ", " ", " ", " ", " ", " ", " ", " ", " ", " ", " ", " ", " "
"1300", "", "False", "LPC 14:0", "C22 H46 N O7 P", "No match", " No results", " Invalid mass", " No results", " No results", "128442.11", "527.32234", "526.31507", "3.304", "1261840.79425765", "0", "0", "7", "", "", "89.3", "No matches found", " No matches found", " No matches found", " Multiple matches found", " No matches found", "", "No matches found", "PreferredDDA", "", "[M-H]-1", "605306.279666935", " ", " 1261840.79425765", " 534370.220950944", " 497551.324750693", "31.7648820803845", " ", " ", " 24.1846442910496", " ", "0.480", " 0.423", " 0.394", " 0.000", " 0.931", "-1.06", " -1.24", " -1.34", " -Infinity", " -0.10", "", " ", " ", " ", " ", "", " ", " ", " ", " ", "4.8", "", " ", " ", " ", " 2.4", " ", " ", " 4.3", " ", " ", " ", " ", " ", " ", " ", " ", " ", " ", " 4.8", " ", " ", " ", " ", " ", " ", " ", " ", " ", " 2.9", " 4.4", " ", " ", " 4.4", " 1.9", " ", " ", " ", " ", " ", " "
"1456", "", "False", "", "C22 H48 N9 O P", "Full match", " No results", " No results", " No results", " No results", "-0.80", "485.37155", "484.36428", "3.404", "1261039.03961902", "0", "0", "0", "", "", "", "No matches found", " No matches found", " No matches found", " No matches found", " No matches found", "", "No matches found", "PreferredDDA", "", "[M-H]-1", "468150.317750257", " 720752.391241862", " 292888.941793457", " 1087115.56403673", " ", "32.8004644218509", " 39.2556297531282", " 98.5435475118351", " 7.60938380015627", " ", "1.598", " 3.712", " 0.000", " 0.663", " 0.000", "0.68", " 1.89", " -Infinity", " -0.59", " -Infinity", "0.999651062615667", " 0.425779949787024", " ", " 0.770681645025623", " ", "0.999999999876955", " 0.853419200664822", " ", " 0.999999999989872", " ", "6.2", "2.4", " 0.9", " ", " ", " ", " ", " ", " ", " 4.7", " 2.8", " ", " ", " ", " ", " ", " 2.4", " ", " ", " 2.9", " ", " 1.9", " 1.1", " ", " ", " ", " 5.9", " 6.2", " ", " ", " ", " ", " ", " ", " ", " ", " ", " ", " ", " ", " "
"1277", "", "False", "LPC O-18:2", "C26 H52 N O6 P", "No match", " No results", " Invalid mass", " No match", " No match", "118771.25", "565.37466", "564.36738", "4.219", "1234189.42700565", "10", "0", "5", "", "", "76.3", "No matches found", " No matches found", " No matches found", " Multiple matches found", " No matches found", "", "Single match found", "PreferredDDA", "", "[M-H]-1", "498015.308021227", " 612120.898380945", " 551852.459616439", " 703283.380291025", " 724375.657906573", "39.9132012647414", " 27.0300065431883", " 23.8294688631747", " 29.8123672796718", " 43.6702956471534", "0.902", " 1.274", " 1.313", " 0.870", " 1.030", "-0.15", " 0.35", " 0.39", " -0.20", " 0.04", "0.999977436467597", " 0.878215534407692", " 0.946868779370225", " 0.702767942666515", " 0.999658237554235", "0.999999999876955", " 0.999999999849258", " 0.999999999961495", " 0.999999999989872", " 1", "5.6", "", " ", " ", " 1.3", " ", " 2.0", " ", " 2.4", " ", " ", " ", " 2.5", " 1.8", " ", " 5.2", " ", " 5.2", " 2.9", " 5.2", " ", " 3.7", " ", " ", " 4.0", " ", " 2.5", " ", " 2.5", " 3.3", " 3.3", " 5.6", " ", " 3.3", " 1.5", " 1.5", " 1.9", " ", " 2.3", " ", " 0.2"
"1120", "", "False", "Nebrosteroid M", "C29 H50 O3", "No results", " No results", " No results", " Partial match", " Full match", "0.00", "446.37600", "445.36872", "8.913", "1218856.94295286", "6", "0", "0", "", "", "", "No matches found", " No matches found", " No matches found", " No matches found", " No matches found", "", "Multiple matches found", "PreferredDDA", "", "[M-H]-1", "", " 822627.772041741", " 1179495.16318561", " 375442.903539663", " 421047.176256707", "", " 47.7474858747192", " ", " 54.612651097066", " 29.4717674641585", "0.000", " 0.318", " 0.357", " 2.191", " 1.121", "-Infinity", " -1.65", " -1.49", " 1.13", " 0.17", "", " ", " ", " 0.404477453235572", " 0.999998845187673", "", " ", " ", " 0.999999999989872", " 1", "5.6", "", " ", " ", " ", " ", " ", " ", " ", " 4.5", " 2.5", " 1.5", " ", " 1.5", " 4.2", " 4.5", " 1.9", " 1.5", " ", " 2.1", " ", " ", " ", " ", " ", " ", " 2.7", " 4.2", " 0.4", " 1.5", " 2.3", " 0.4", " ", " 2.3", " ", " 2.5", " 4.8", " ", " 5.6", " ", " 3.7"
"1216", "", "False", "14,16-dibromo-7E,9E,13E,15Z-hexadecatetraen-5-ynoic acid", "C16 H18 Br2 O2", "No match", " No results", " No results", " Full match", " Full match", "-3.97", "399.96577", "398.95849", "8.922", "1213517.19209519", "1", "0", "0", "", "", "", "No matches found", " No matches found", " No matches found", " No matches found", " No matches found", "", "Single match found", "PreferredDDA", "", "[M-H]-1", "656478.296591295", " 478641.791885164", " 840978.994356052", " 420196.185974121", " 583939.045198751", "10.7452959072812", " 18.1479278975357", " 29.7519780028912", " 18.2615090558106", " 2.617911658643", "0.781", " 0.500", " 0.694", " 1.139", " 1.390", "-0.36", " -1.00", " -0.53", " 0.19", " 0.47", "0.462114376568311", " 0.000164485034943818", " 0.214308630567916", " 0.999834670751629", " 0.466954718488256", "0.999999999876955", " 0.00204050354160033", " 0.815813526447613", " 0.999999999989872", " 1", "6.2", "", " 6.2", " 5.4", " 3.5", " ", " ", " 2.0", " 5.4", " 3.0", " 5.3", " 4.9", " 6.1", " 5.3", " 1.5", " ", " ", " 5.3", " 1.2", " 2.8", " 2.9", " 2.9", " 2.9", " 4.8", " 4.8", " 1.8", " 1.5", " 3.8", " 3.4", " 3.0", " 3.0", " 3.0", " 2.3", " 1.5", " ", " ", " 5.3", " ", " 4.5", " 3.0", " "
"1225", "", "False", "FAHFA 18:0/20:2", "C38 H70 O4", "Not the top hit", " No results", " Full match", " Partial match", " No results", "-3.93", "590.52509", "589.51791", "7.670", "1211267.18672101", "1", "0", "1", "", "", "69.4", "No matches found", " No matches found", " No matches found", " Single match found", " No matches found", "", "No matches found", "PreferredDDA", "", "[M-H]-1", "573833.957456023", " 524005.537021421", " 295005.56688822", " 280660.077649819", " 717966.561124655", "50.034539661044", " 15.179424361399", " 28.2897356393844", " ", " 29.9653522645824", "1.945", " 0.951", " 2.434", " 1.867", " 2.558", "0.96", " -0.07", " 1.28", " 0.90", " 1.36", "0.196925207912047", " ", " 0.00684060701446987", " ", " ", "0.999999999876955", " ", " 0.08853699935871", " ", " ", "7.2", "", " ", " 0.8", " ", " ", " 1.5", " ", " ", " 2.3", " ", " 3.8", " ", " 3.0", " 1.9", " ", " 3.4", " 7.2", " ", " 1.0", " 5.9", " ", " ", " ", " ", " ", " 2.3", " ", " ", " ", " ", " ", " ", " ", " ", " 2.1", " 1.8", " 5.2", " ", " 4.6", " "
"1596", "", "False", "", "C20 H28 N3 P", "Full match", " No results", " No results", " No results", " No results", "0.81", "341.20236", "340.19508", "2.329", "1197374.97877642", "0", "0", "0", "", "", "", "No matches found", " No matches found", " No matches found", " No matches found", " No matches found", "", "No matches found", "PreferredDDA", "", "[M-H]-1", "460429.532051411", " 930274.352814087", " 775877.280745346", " 531012.492396662", " ", "9.08096262401816", " ", " 38.0458418704248", " 14.6527197102481", " ", "0.593", " 0.684", " 0.000", " 1.752", " 0.000", "-0.75", " -0.55", " -Infinity", " 0.81", " -Infinity", "0.275737200565483", " 0.525399003958565", " ", " ", " ", "0.999999999876955", " 0.980317653727567", " ", " ", " ", "4.0", "", " ", " 3.3", " 4.0", " ", " ", " ", " 4.0", " ", " ", " ", " ", " 1.1", " ", " ", " ", " ", " ", " 0.5", " 3.2", " 3.8", " ", " ", " 0.5", " ", " 2.4", " ", " ", " 2.4", " ", " ", " ", " ", " ", " ", " ", " ", " ", " ", " "
"1370", "", "False", "LPC 14:0", "C22 H46 N O7 P", "No match", " No results", " Invalid mass", " No results", " No results", "128442.59", "527.32257", "526.31529", "3.467", "1186629.64686375", "0", "0", "13", "", "", "85.3", "No matches found", " No matches found", " No matches found", " Multiple matches found", " No matches found", "", "No matches found", "PreferredDDA", "", "[M-H]-1", "995043.197844809", " 731911.423900775", " 712406.682603767", " 718766.472623534", " 585425.912558291", "27.2293861368365", " ", " 21.0571378294776", " 33.2597965375676", " 20.8711955073655", "1.397", " 1.009", " 0.822", " 1.018", " 0.814", "0.48", " 0.01", " -0.28", " 0.03", " -0.30", "0.478455340759854", " 0.998564528290377", " 0.998280483934017", " ", " 0.982509812488568", "0.999999999876955", " 0.999999999849258", " 0.999999999961495", " ", " 1", "4.0", "", " ", " ", " ", " ", " 1.0", " ", " 3.1", " ", " ", " ", " ", " ", " ", " 0.0", " ", " ", " 4.0", " ", " ", " 2.9", " ", " ", " 1.4", " ", " ", " ", " ", " ", " 3.2", " ", " ", " 0.9", " ", " ", " 3.7", " ", " ", " 1.8", " 4.0"
"1227", "", "False", "", "C12 H14 Cl2 O2 S2", "Full match", " No results", " No results", " No results", " No results", "-4.16", "323.97988", "322.97260", "8.913", "1182151.08781241", "0", "0", "0", "", "", "", "No matches found", " No matches found", " No matches found", " No matches found", " No matches found", "", "No matches found", "PreferredDDA", "", "[M-H]-1", "767694.740126922", " 751279.56671234", " 1013269.93060205", " 753296.932191432", " 844328.870289701", "10.6121936469261", " 9.04835051763664", " 11.7692107493946", " 10.9897130439876", " 5.78590380645641", "0.758", " 0.743", " 0.833", " 0.997", " 1.121", "-0.40", " -0.43", " -0.26", " 0.00", " 0.16", "0.000535721712885295", " 0.000308133905264074", " 0.0445227135784474", " 0.999382337085085", " 0.416124107607777", "0.0633490925486862", " 0.00353771462138678", " 0.315137332047448", " 0.999999999989872", " 1", "6.7", "4.7", " 3.5", " 4.7", " 2.0", " 3.9", " 3.9", " 2.8", " 2.0", " 4.0", " 4.0", " 2.9", " 4.4", " 4.8", " 6.7", " 2.9", " 2.9", " 2.9", " 3.9", " 4.1", " 2.4", " 6.6", " 4.3", " 3.2", " 4.3", " 4.3", " 3.9", " ", " 5.1", " 5.4", " 3.5", " 3.9", " 2.8", " ", " 4.0", " 2.9", " 4.0", " 4.0", " 4.4", " 2.9", " "
"865", "", "False", "", "C6 H7 N3 O4 P2", "Full match", " No results", " No results", " No results", " No results", "-2.58", "246.99054", "245.98323", "8.933", "1165590.12430497", "0", "0", "0", "", "", "", "No matches found", " No matches found", " No matches found", " No matches found", " No matches found", "", "No matches found", "PreferredDDA", "", "[M-H]-1", "1165590.12430497", " 909358.450642333", " 993507.261150134", " ", " ", "", " 3.33597494888349", " 11.9575803182784", " ", " ", "1.173", " 0.000", " 0.000", " Infinity", " ", "0.23", " -Infinity", " -Infinity", " Infinity", " ", "", " ", " ", " ", " ", "", " ", " ", " ", " ", "6.1", "0.2", " ", " ", " ", " ", " ", " ", " ", " 6.1", " ", " ", " ", " 4.5", " ", " ", " ", " ", " 2.8", " ", " 4.7", " ", " ", " ", " 4.7", " ", " ", " ", " ", " ", " ", " ", " ", " ", " ", " ", " ", " ", " ", " ", " "
"1663", "", "False", "3,10-dihydroxydecanoic acid", "C10 H20 O4", "Full match", " No results", " No results", " Full match", " Full match", "-3.61", "204.13542", "203.12815", "1.442", "1165303.14893482", "3", "0", "0", "", "", "", "No matches found", " No matches found", " No matches found", " No matches found", " No matches found", "", "Multiple matches found", "PreferredDDA", "", "[M-H]-1", "527374.208539819", " 1042934.12223624", " 650717.526772752", " 1012725.58597703", " 772997.616570765", "13.7097622586071", " 12.8573903556086", " 24.4047992578665", " 15.8066296206414", " 5.43545396720007", "0.810", " 1.556", " 1.188", " 1.030", " 0.763", "-0.30", " 0.64", " 0.25", " 0.04", " -0.39", "0.444252903964405", " 0.0223778374800758", " 0.753854432903995", " 0.999799971869251", " 0.204037996920562", "0.999999999876955", " 0.0987637250322577", " 0.999999999961495", " 0.999999999989872", " 1", "7.1", "3.2", " 4.3", " ", " 3.9", " ", " ", " ", " ", " ", " ", " ", " 3.9", " 5.4", " 3.8", " ", " ", " ", " ", " 4.0", " ", " ", " 3.7", " ", " 2.9", " ", " 4.5", " 3.3", " ", " 4.8", " ", " 2.7", " 4.9", " ", " 7.1", " ", " ", " ", " 3.7", " ", " 3.3"
"1205", "", "False", "LPE 22:6", "C27 H44 N O7 P", "No match", " No results", " Full match", " Partial match", " Partial match", "0.09", "525.28559", "524.27826", "8.910", "1163031.16246103", "2", "0", "1", "", "", "59.4", "No matches found", " No matches found", " No matches found", " Single match found", " No matches found", "", "Multiple matches found", "PreferredDDA", "Fatty_Acid_22:6", "[M-H]-1", "1154024.8071229", " 799052.083640251", " 1163031.16246103", " 733053.694463407", " 800258.493571397", "", " 31.0273500409987", " ", " 15.0509449180832", " 20.0664796709075", "0.992", " 0.630", " 0.688", " 1.090", " 1.092", "-0.01", " -0.67", " -0.54", " 0.12", " 0.13", "", " ", " ", " 0.996427690544932", " 0.997251378563282", "", " ", " ", " 0.999999999989872", " 1", "6.1", "", " ", " ", " ", " ", " ", " 4.8", " ", " 4.3", " ", " 2.0", " ", " ", " 2.4", " ", " ", " ", " ", " ", " ", " ", " ", " 2.1", " ", " ", " ", " ", " ", " 1.9", " 3.8", " 6.1", " ", " ", " 5.6", " ", " 4.8", " ", " 1.4", " ", " 2.9"
"1465", "", "False", "", "C11 H16 N6 O7 P2", "Full match", " No results", " No results", " No results", " No results", "-0.11", "406.05553", "405.04825", "1.100", "1161080.98741551", "0", "0", "0", "", "", "", "No matches found", " No matches found", " No matches found", " No matches found", " No matches found", "", "No matches found", "PreferredDDA", "", "[M-H]-1", "664110.803311746", " 582214.126638182", " 795354.707524096", " 673511.23115987", " 971690.732028311", "28.0626369115049", " 62.6836937044393", " 26.4811327906326", " ", " 18.4449159047145", "0.835", " 0.847", " 1.222", " 0.864", " 1.443", "-0.26", " -0.24", " 0.29", " -0.21", " 0.53", "0.998396469577012", " ", " 0.826637015439492", " ", " ", "0.999999999876955", " ", " 0.999999999961495", " ", " ", "6.8", "", " 5.6", " ", " ", " ", " 5.6", " ", " ", " ", " 3.8", " ", " ", " ", " ", " 3.0", " ", " ", " 3.3", " 5.2", " ", " ", " ", " ", " 4.4", " ", " ", " ", " 2.3", " ", " ", " ", " ", " ", " 6.8", " ", " 4.9", " ", " ", " 6.3", " "
"1286", "", "False", "", "C11 H29 N4 O3 P", "Full match", " No results", " No results", " No results", " No results", "-4.82", "296.19630", "295.18902", "5.655", "1159168.4906507", "0", "0", "0", "", "", "", "No matches found", " No matches found", " No matches found", " No matches found", " No matches found", "", "No matches found", "PreferredDDA", "", "[M-H]-1", "706660.91289395", " 945155.014898947", " 781598.590797942", " 775818.657817624", " 869888.726919679", "26.559315324406", " 22.6011607363824", " 32.6207549392567", " 7.46603549339575", " 22.7882902594206", "0.904", " 0.993", " 1.113", " 1.218", " 1.121", "-0.15", " -0.01", " 0.15", " 0.28", " 0.17", "0.999632873739167", " 0.999998799630399", " 0.924726467338979", " 0.89237349531697", " 0.929771340252371", "0.999999999876955", " 0.999999999849258", " 0.999999999961495", " 0.999999999989872", " 1", "6.0", "1.4", " ", " 1.0", " 1.4", " 5.6", " 2.9", " 5.2", " 4.8", " 1.0", " 3.3", " 3.7", " 1.0", " ", " ", " ", " ", " 3.3", " 6.0", " 3.5", " 0.5", " 3.2", " 0.5", " 1.3", " 5.4", " ", " 2.9", " 2.9", " 2.9", " ", " ", " 4.0", " 3.7", " ", " 2.5", " 1.4", " ", " ", " 1.0", " 1.8", " 2.5"
"1497", "", "False", "24:3(15Z,18Z,21Z)", "C24 H42 O2", "Full match", " No results", " No results", " Not the top hit", " Full match", "0.28", "362.31858", "361.31130", "7.914", "1126409.51593215", "6", "0", "0", "", "", "", "No matches found", " No matches found", " No matches found", " No matches found", " No matches found", "", "Multiple matches found", "PreferredDDA", "", "[M-H]-1", "392360.203148239", " 492056.548129007", " ", " 383478.076275828", " 313683.489426788", "23.0929780541616", " 43.1939041176901", " ", " 37.1333801888391", " 20.8049726846256", "Infinity", " Infinity", " Infinity", " 1.283", " 0.818", "Infinity", " Infinity", " Infinity", " 0.36", " -0.29", "", " ", " ", " 0.384742054828264", " 0.593335204943448", "", " ", " ", " 0.999999999989872", " 1", "5.9", "", " ", " ", " ", " 2.9", " 3.7", " ", " ", " 4.9", " 4.9", " 2.7", " ", " 2.3", " 2.7", " 5.2", " 3.4", " ", " ", " ", " ", " ", " ", " ", " ", " ", " 4.3", " 2.8", " 4.3", " 2.8", " 5.4", " 2.4", " 3.2", " 5.4", " ", " 2.5", " ", " ", " 5.9", " ", " 5.6"
"1329", "", "False", "Cer 18:0;2O/2:0", "C20 H41 N O3", "No match", " No results", " Invalid mass", " No results", " No results", "174831.01", "403.32964", "402.32236", "5.559", "1101597.96572303", "0", "0", "13", "", "", "33.0", "No matches found", " No matches found", " No matches found", " Multiple matches found", " No matches found", "", "No matches found", "PreferredDDA", "", "[M-H]-1", "922335.975293151", " 1001147.66739299", " 699834.38104272", " ", " 291524.868905594", "22.5299646111461", " ", " 24.4427853638365", " ", " ", "1.318", " 0.000", " 0.417", " Infinity", " Infinity", "0.40", " -Infinity", " -1.26", " Infinity", " Infinity", "0.655041601398159", " ", " ", " ", " ", "0.999999999876955", " ", " ", " ", " ", "5.9", "", " ", " 5.9", " 4.0", " 4.4", " ", " ", " ", " 2.7", " ", " ", " ", " ", " ", " ", " ", " ", " 1.4", " ", " 4.4", " 3.7", " 4.8", " 5.6", " ", " ", " ", " ", " ", " ", " ", " ", " ", " ", " ", " ", " ", " 3.0", " ", " ", " "
"1074", "", "False", "", "C6 H N5 O2 S2", "Full match", " No results", " No results", " No results", " No results", "0.33", "238.95724", "237.94997", "8.872", "1100931.38420238", "0", "0", "0", "", "", "", "No matches found", " No matches found", " No matches found", " No matches found", " No matches found", "", "No matches found", "NoMSn", "", "[M-H]-1", "804729.882578022", " 456999.055242948", " 933184.215742695", " 554188.800070177", " 398775.389864793", "8.95681806906256", " 21.1118800969407", " 10.9151255985074", " 22.3209022257354", " 9.43526656068994", "0.862", " 0.594", " 0.427", " 0.825", " 0.720", "-0.21", " -0.75", " -1.23", " -0.28", " -0.47", "0.34519669199762", " 2.04898795042041E-06", " 2.57917665003049E-09", " 0.385509136401873", " 0.186029805658695", "0.999999999876955", " 8.90482777731082E-05", " 1.16836702246381E-06", " 0.999999999989872", " 1", "8.6", "6.3", " 8.6", " 8.6", " 5.6", " 7.8", " 7.4", " ", " ", " 4.8", " 2.9", " 3.7", " 6.7", " 2.9", " 2.9", " ", " 5.9", " 4.8", " ", " 6.6", " 4.7", " 3.2", " 5.1", " 5.4", " 5.1", " 6.6", " 3.3", " ", " 7.1", " 7.1", " ", " ", " 3.3", " 4.0", " 7.8", " 5.2", " 4.4", " 5.9", " 8.2", " 4.8", " "
"1232", "", "False", "", "", "No results", " No results", " No results", " No results", " No results", "", "628.56435", "627.55707", "7.303", "1098319.01108029", "0", "0", "0", "", "", "", "No matches found", " No matches found", " No matches found", " No matches found", " No matches found", "", "No matches found", "PreferredDDA", "", "[M-H]-1", "693240.307744719", " 189075.14373848", " 454227.876469331", " 299668.715816115", " 487295.412979259", "82.6362503284551", " ", " 19.6095498522867", " 28.1524043368288", " 29.8960075668959", "1.526", " 0.660", " 1.073", " 0.631", " 1.626", "0.61", " -0.60", " 0.10", " -0.66", " 0.70", "0.989069353486307", " 0.901641891908931", " 0.999325466933275", " ", " 0.942709987088407", "0.999999999876955", " 0.999999999849258", " 0.999999999961495", " ", " 1", "6.7", "", " ", " ", " ", " 3.4", " ", " 1.9", " ", " ", " ", " ", " 4.9", " ", " ", " ", " ", " ", " 2.3", " ", " ", " ", " ", " ", " ", " 3.0", " ", " ", " ", " 3.3", " ", " ", " ", " 4.8", " 3.7", " ", " 3.7", " ", " ", " ", " 6.7"
"1048", "", "False", "", "C6 H8 N4 O5 S", "Full match", " No results", " No results", " No results", " No results", "-3.38", "248.02070", "247.01329", "0.678", "1078065.14714914", "0", "0", "0", "", "", "", "No matches found", " No matches found", " No matches found", " No matches found", " No matches found", "", "No matches found", "PreferredDDA", "", "[M-H]-1", "822212.265578838", " ", " 1078065.14714914", " ", " ", "21.124258473132", " ", " ", " ", " ", "0.763", " 0.000", " 0.000", " ", " ", "-0.39", " -Infinity", " -Infinity", " ", " ", "", " ", " ", " ", " ", "", " ", " ", " ", " ", "6.3", "", " ", " ", " 3.7", " ", " ", " 5.2", " 6.3", " ", " ", " ", " ", " ", " ", " ", " ", " ", " ", " ", " ", " ", " ", " ", " ", " 4.2", " ", " ", " ", " ", " ", " ", " ", " ", " ", " ", " ", " ", " ", " ", " "
"1448", "", "False", "", "C11 H3 N2 O2 P S2", "Full match", " No results", " No results", " No results", " No results", "-2.27", "289.93670", "288.92942", "1.034", "1031707.28037971", "0", "0", "0", "", "", "", "No matches found", " No matches found", " No matches found", " No matches found", " No matches found", "", "No matches found", "PreferredDDA", "", "[M-H]-1", "", " 672831.203184583", " 774367.066612415", " 656201.511560446", " 503593.318643652", "", " 41.3650967772049", " ", " 15.5720191475336", " 45.130928716751", "0.000", " 0.847", " 0.650", " 1.025", " 0.767", "-Infinity", " -0.24", " -0.62", " 0.04", " -0.38", "", " ", " ", " 0.998187387589342", " 0.659719516719039", "", " ", " ", " 0.999999999989872", " 1", "6.8", "", " ", " ", " ", " ", " ", " ", " ", " ", " 4.5", " 2.7", " ", " ", " ", " ", " ", " ", " ", " ", " ", " ", " ", " ", " ", " 3.4", " 6.4", " ", " 4.9", " 6.8", " ", " 4.9", " 4.2", " 6.8", " 3.4", " ", " 5.3", " ", " 4.9", " 2.3", " 5.3"
"1453", "", "False", "26:4(11Z,14Z,17Z,20Z)", "C26 H44 O2", "Not the top hit", " No results", " No results", " Full match", " Full match", "0.21", "388.33421", "387.32693", "8.015", "1017497.56151772", "6", "0", "0", "", "", "", "No matches found", " No matches found", " No matches found", " No matches found", " No matches found", "", "Multiple matches found", "PreferredDDA", "", "[M-H]-1", "330982.988236661", " 375264.168249775", " 373846.641368212", " 297062.22901588", " 277706.449828781", "28.7582270487686", " 53.8662785025018", " ", " 46.2743178312999", " 19.4801962147207", "0.885", " 0.795", " 0.743", " 1.263", " 0.935", "-0.18", " -0.33", " -0.43", " 0.34", " -0.10", "", " ", " ", " 0.946687242183179", " 0.882402401562108", "", " ", " ", " 0.999999999989872", " 1", "6.8", "", " ", " 3.7", " ", " 6.3", " 2.5", " ", " ", " 4.2", " 4.9", " 2.3", " 2.7", " ", " 3.0", " 5.7", " 4.9", " 3.4", " ", " 4.9", " ", " ", " ", " ", " ", " ", " 3.0", " ", " 4.5", " 4.9", " 3.4", " 3.8", " 2.7", " 5.3", " 5.3", " 6.8", " ", " ", " ", " 6.1", " "
"1325", "", "False", "", "C12 H16 N3 O10 P S2", "Full match", " No results", " No results", " No results", " No results", "0.77", "457.00183", "455.99455", "0.480", "1013691.17687414", "0", "0", "0", "", "", "", "No matches found", " No matches found", " No matches found", " No matches found", " No matches found", "", "No matches found", "PreferredDDA", "", "[M-H]-1", "610042.883278728", " 858391.301789359", " 449119.845185748", " 943874.030728465", " 761240.420271489", "31.1850025462435", " 2.40302914617375", " 18.0896199559734", " 15.088164503429", " 19.6016113569079", "1.358", " 2.102", " 1.695", " 0.909", " 0.807", "0.44", " 1.07", " 0.76", " -0.14", " -0.31", "0.836589302380784", " 0.0169460996441874", " 0.0819047631301494", " 0.999496490947984", " 0.809415739619735", "0.999999999876955", " 0.0836372014696989", " 0.494704769306102", " 0.999999999989872", " 1", "6.1", "2.8", " ", " ", " ", " ", " 5.4", " 1.6", " ", " 4.5", " ", " 6.1", " ", " ", " ", " ", " ", " ", " ", " ", " 2.3", " ", " 3.0", " ", " 3.4", " ", " ", " 3.8", " 3.0", " ", " ", " ", " 2.7", " ", " ", " 3.0", " ", " 3.8", " ", " ", " 4.5"
"1064", "", "False", "", "C13 H12 Cl N6 O3 P", "Full match", " No results", " No results", " No results", " No results", "-2.65", "366.03873", "365.03145", "8.886", "1005484.95030163", "0", "0", "0", "", "", "", "No matches found", " No matches found", " No matches found", " No matches found", " No matches found", "", "No matches found", "PreferredDDA", "", "[M-H]-1", "", " 775826.183562955", " ", " 812082.640104492", " 978104.96697279", "", " 2.74508530114756", " ", " 7.03548298092963", " 7.02614298087953", "", " Infinity", " Infinity", " 0.955", " 1.204", "", " Infinity", " Infinity", " -0.07", " 0.27", "", " ", " ", " 0.734577103597505", " 0.0226193634816277", "", " ", " ", " 0.999999999989872", " 0.544680421620841", "8.0", "", " ", " ", " ", " ", " ", " ", " ", " 8.0", " ", " 4.9", " 8.0", " ", " ", " 6.1", " 7.2", " ", " ", " ", " ", " ", " ", " ", " ", " ", " ", " ", " ", " ", " ", " ", " 5.9", " 7.4", " 5.9", " 7.1", " ", " 7.4", " 5.6", " 5.2", " 6.3"
"597", "", "False", "", "C23 H38 N8 O S", "Full match", " No results", " No results", " No results", " No results", "1.80", "474.28978", "473.28251", "8.865", "999369.484266584", "0", "0", "0", "", "", "", "No matches found", " No matches found", " No matches found", " No matches found", " No matches found", "", "No matches found", "PreferredDDA", "", "[M-H]-1", "", " 695570.755148859", " 444791.799229872", " ", " 718394.263974739", "", " 25.1141534504862", " 52.5348411986239", " ", " 18.6395179159873", "0.000", " 0.000", " 1.615", " Infinity", " Infinity", "-Infinity", " -Infinity", " 0.69", " Infinity", " Infinity", "", " ", " 0.619514949919699", " ", " ", "", " ", " 0.999999999961495", " ", " ", "7.6", "", " ", " ", " ", " ", " ", " ", " ", " ", " ", " ", " ", " 5.6", " 6.7", " ", " ", " ", " ", " ", " 2.3", " ", " ", " 1.5", " 1.5", " ", " ", " ", " ", " ", " ", " ", " ", " ", " 7.2", " 5.7", " 4.5", " 7.6", " ", " ", " 6.4"
"1062", "", "False", "", "C10 H6 O12", "Full match", " No results", " No results", " No results", " No results", "0.06", "317.98594", "316.97867", "8.874", "996557.088363861", "0", "0", "0", "", "", "", "No matches found", " No matches found", " No matches found", " No matches found", " No matches found", "", "No matches found", "NoMSn", "", "[M-H]-1", "799598.511468166", " 756763.384792334", " 868661.41686514", " 770003.976106621", " 761243.173585207", "4.99039655820555", " 8.09979787259588", " 9.59321019445689", " 7.03880380288684", " 10.3495494678162", "0.920", " 0.886", " 0.876", " 0.983", " 0.989", "-0.12", " -0.17", " -0.19", " -0.03", " -0.02", "0.399926288978762", " 0.145134972615187", " 0.107956381952752", " 0.952457530869573", " 0.993520114752863", "0.999999999876955", " 0.405319894049819", " 0.59639318322679", " 0.999999999989872", " 1", "8.6", "4.9", " 6.4", " ", " ", " ", " 6.4", " 7.2", " 6.4", " ", " ", " 4.0", " 3.3", " ", " 6.7", " 3.7", " 4.4", " 6.3", " ", " ", " 4.0", " ", " 7.8", " 8.6", " 5.6", " 4.4", " 5.9", " ", " ", " 5.6", " 6.3", " 4.8", " 5.6", " 4.4", " ", " ", " 5.1", " 5.4", " 5.4", " 5.1", " "
"948", "", "False", "FAHFA 22:5/22:5", "C44 H66 O4", "No match", " No results", " Full match", " No match", " No match", "-2.48", "658.49448", "657.48720", "6.739", "988345.140220432", "4", "0", "2", "", "", "32.1", "No matches found", " No matches found", " No matches found", " Multiple matches found", " No matches found", "", "Multiple matches found", "PreferredDDA", "Fatty_Acid_22:6", "[M-H]-1", "", " 737043.961282718", " 688218.517276322", " 708525.514447998", " 365578.23922363", "", " 7.57761257841261", " ", " 36.1190637139596", " 49.8536591351964", "0.000", " 1.030", " 0.531", " 1.040", " 0.516", "-Infinity", " 0.04", " -0.91", " 0.06", " -0.95", "", " ", " ", " 0.99680557073245", " 0.496558887231502", "", " ", " ", " 0.999999999989872", " 1", "5.6", "", " ", " ", " ", " ", " ", " ", " ", " ", " 5.6", " 5.6", " ", " ", " ", " ", " 5.6", " ", " ", " 2.7", " ", " ", " ", " ", " ", " ", " ", " ", " 2.8", " ", " 5.1", " ", " 2.4", " 2.0", " 0.0", " ", " ", " ", " ", " 4.5", " 2.7"
"1604", "", "False", "", "C20 H16 N10 O12 P2 S", "Full match", " No results", " No results", " No results", " No results", "0.05", "682.01454", "681.00727", "5.516", "977722.517298707", "0", "0", "0", "", "", "", "No matches found", " No matches found", " No matches found", " No matches found", " No matches found", "", "No matches found", "PreferredDDA", "", "[M-H]-1", "", " 792461.051079944", " 506974.110386818", " ", " 761954.445754614", "", " 26.8866879175493", " 49.8995040685443", " ", " 9.00014759023772", "0.000", " 0.000", " 1.503", " Infinity", " Infinity", "-Infinity", " -Infinity", " 0.59", " Infinity", " Infinity", "", " ", " 0.328660854862497", " ", " ", "", " ", " 0.954767444898745", " ", " ", "5.9", "", " ", " ", " ", " ", " ", " ", " ", " ", " 2.1", " ", " ", " ", " ", " ", " 2.5", " 4.8", " ", " ", " ", " ", " 4.5", " 3.0", " ", " ", " ", " ", " ", " ", " ", " ", " ", " ", " 4.0", " 5.9", " ", " ", " 4.4", " ", " "
"1628", "", "False", "PG 2:0_15:0", "C23 H45 O10 P", "No results", " No results", " Invalid mass", " No results", " No results", "-5.17", "512.27239", "511.26511", "5.394", "954806.202733476", "0", "0", "1", "", "", "0.2", "No matches found", " No matches found", " No matches found", " Single match found", " No matches found", "", "No matches found", "PreferredDDA", "", "[M-H]-1", "906204.474053395", " 908028.5955987", " 600576.650441479", " ", " 838129.51105758", "34.4304742009448", " 6.52441740227592", " 1.06403182809447", " ", " ", "1.509", " 0.000", " 1.396", " Infinity", " Infinity", "0.59", " -Infinity", " 0.48", " Infinity", " Infinity", "0.845882869654514", " ", " ", " ", " ", "0.999999999876955", " ", " ", " ", " ", "6.3", "", " ", " ", " ", " ", " 3.5", " 3.5", " 2.4", " ", " ", " ", " 5.2", " ", " ", " 6.3", " ", " ", " ", " ", " ", " 6.1", " ", " ", " ", " 4.5", " ", " ", " ", " ", " ", " ", " ", " ", " ", " 2.3", " ", " ", " ", " ", " "
"1337", "", "False", "FAHFA 2:0/22:4", "C24 H38 O4", "No match", " No results", " Invalid mass", " Invalid mass", " No results", "-5.40", "390.27490", "389.26762", "7.222", "941429.048908934", "57", "0", "1", "", "", "0.8", "No matches found", " No matches found", " No matches found", " Single match found", " No matches found", "", "No matches found", "PreferredDDA", "Fatty_Acid_22:5", "[M-H]-1", "", " 787694.081648072", " 343713.835124249", " 706090.793596138", " 768638.68770575", "", " 17.0086698309677", " ", " 3.29552910233706", " 28.6512101966022", "0.000", " 2.054", " 2.236", " 1.116", " 1.089", "-Infinity", " 1.04", " 1.16", " 0.16", " 0.12", "", " ", " ", " 0.981514981387099", " 0.999925777323651", "", " ", " ", " 0.999999999989872", " 1", "7.2", "", " ", " ", " ", " ", " ", " ", " ", " 6.1", " ", " ", " 6.1", " 3.0", " ", " ", " ", " 7.2", " ", " ", " ", " ", " 4.9", " ", " ", " ", " ", " ", " 5.7", " ", " ", " 5.7", " 5.3", " ", " ", " 4.0", " ", " 4.8", " 4.0", " 3.7", " "
"1333", "", "False", "", "", "No results", " No results", " No results", " No results", " No results", "", "442.21022", "441.20295", "7.692", "940251.537215817", "0", "0", "0", "", "", "", "No matches found", " No matches found", " No matches found", " No matches found", " No matches found", "", "No matches found", "PreferredDDA", "", "[M-H]-1", "853456.205230545", " 777677.502060096", " 572923.6850114", " ", " 395302.264519064", "24.1900117995517", " ", " 34.8840924220893", " ", " 25.2740740993161", "1.490", " 0.000", " 0.690", " Infinity", " Infinity", "0.57", " -Infinity", " -0.54", " Infinity", " Infinity", "0.951691484217659", " ", " 0.128774575290594", " ", " ", "0.999999999876955", " ", " 0.627256802221928", " ", " ", "6.3", "", " ", " 4.4", " 2.5", " ", " 4.0", " ", " ", " ", " ", " ", " ", " ", " ", " ", " 1.9", " ", " ", " 5.8", " ", " 2.8", " 3.2", " ", " ", " ", " ", " ", " ", " ", " ", " ", " ", " ", " 3.7", " ", " 1.8", " ", " ", " 6.3", " 2.9"
"1391", "", "False", "", "C12 H12 N10 O2 S2", "Full match", " No results", " No results", " No results", " No results", "-3.35", "392.05730", "391.04969", "0.545", "932516.162389278", "0", "0", "0", "", "", "", "No matches found", " No matches found", " No matches found", " No matches found", " No matches found", "", "No matches found", "PreferredDDA", "", "[M-H]-1", "577209.809101586", " 830552.136092797", " 654636.259751226", " 551628.061453437", " 692772.534076807", "", " 9.46121273638304", " 50.5942546256181", " ", " 0.0350663029079857", "0.882", " 0.843", " 1.058", " 1.506", " 1.256", "-0.18", " -0.25", " 0.08", " 0.59", " 0.33", "", " ", " 0.987555892243168", " ", " ", "", " ", " 0.999999999961495", " ", " ", "7.8", "", " 5.3", " ", " ", " ", " ", " ", " ", " ", " 5.9", " 7.8", " ", " ", " 4.8", " ", " ", " ", " ", " 1.5", " ", " ", " ", " ", " 3.0", " ", " 4.5", " ", " ", " ", " ", " ", " ", " ", " ", " ", " 4.2", " ", " ", " ", " 7.6"
"1318", "", "False", "", "C12 H6 Cl2 N4 O7 S", "Full match", " No results", " No results", " No results", " No results", "3.03", "419.93470", "418.92742", "8.920", "920795.061373789", "0", "0", "0", "", "", "", "No matches found", " No matches found", " No matches found", " No matches found", " No matches found", "", "No matches found", "PreferredDDA", "", "[M-H]-1", "639529.259799679", " 637732.855790459", " 775312.190049204", " ", " 489481.619005912", "", " 4.73430780323254", " 26.5369037609419", " ", " 26.3149671001884", "0.825", " 0.000", " 0.631", " Infinity", " Infinity", "-0.28", " -Infinity", " -0.66", " Infinity", " Infinity", "", " ", " 0.328794086984998", " ", " ", "", " ", " 0.954767444898745", " ", " ", "5.6", "", " ", " ", " ", " ", " ", " ", " 4.9", " ", " ", " ", " 4.5", " ", " 4.9", " ", " ", " ", " ", " 5.2", " ", " ", " ", " ", " ", " 5.6", " ", " ", " ", " ", " ", " ", " ", " ", " 2.5", " ", " ", " ", " ", " 5.6", " "
"1214", "", "False", "", "C8 H10 O8", "Full match", " No results", " No results", " No results", " No results", "-4.54", "234.03651", "233.02871", "0.543", "919676.152854058", "0", "0", "0", "", "", "", "No matches found", " No matches found", " No matches found", " No matches found", " No matches found", "", "No matches found", "OtherDDA", "", "[M-H]-1", "593955.987614991", " 557040.89511137", " 505157.77419506", " 689581.134619709", " 517586.138701647", "26.1812383595301", " 30.6787354598255", " 31.5823350290075", " 15.0757776138129", " 40.4692327122928", "1.176", " 1.365", " 1.025", " 0.808", " 0.751", "0.23", " 0.45", " 0.04", " -0.31", " -0.41", "0.935493781008689", " 0.92913870694512", " 0.980976688398282", " 0.866197146844952", " 0.673107279639738", "0.999999999876955", " 0.999999999849258", " 0.999999999961495", " 0.999999999989872", " 1", "6.4", "2.5", " 3.3", " ", " ", " 2.5", " 5.9", " 2.1", " ", " ", " 5.4", " 2.0", " ", " 2.4", " 1.6", " ", " ", " ", " 2.8", " 1.6", " ", " 3.5", " ", " ", " 5.4", " ", " ", " ", " 4.2", " 6.4", " ", " 4.5", " ", " 2.7", " 1.9", " 1.9", " 2.3", " ", " 4.2", " ", " "
"789", "", "False", "Zearalenone", "C18 H22 O5", "Not the top hit", " No results", " No results", " Full match", " Full match", "0.18", "318.14678", "317.13950", "8.864", "893096.376655115", "1", "0", "0", "", "", "", "No matches found", " No matches found", " No matches found", " No matches found", " No matches found", "", "Single match found", "PreferredDDA", "CO2", "[M-H]-1", "566058.814289732", " 215624.670353999", " 686929.227856888", " 375890.192064406", " ", "23.036383879059", " ", " 13.0095246502085", " 26.754488324792", " ", "0.824", " 0.547", " 0.000", " 0.574", " 0.000", "-0.28", " -0.87", " -Infinity", " -0.80", " -Infinity", "0.973765578023282", " 0.0210793510854801", " ", " ", " ", "0.999999999876955", " 0.0957962588934194", " ", " ", " ", "7.1", "4.4", " ", " 4.4", " 3.3", " 5.2", " 7.1", " 7.1", " ", " 1.5", " ", " ", " ", " ", " ", " ", " ", " ", " ", " ", " ", " ", " ", " ", " 3.9", " 5.1", " 4.4", " 3.3", " 6.7", " 2.5", " 4.4", " 4.8", " 5.2", " 7.1", " ", " ", " ", " ", " ", " ", " "
"1393", "", "False", "Shibic acid", "C26 H42 O2", "Not the top hit", " No results", " No results", " Not the top hit", " Full match", "-0.35", "386.31835", "385.31107", "7.665", "891077.937391216", "3", "0", "0", "", "", "", "No matches found", " No matches found", " No matches found", " No matches found", " No matches found", "", "Multiple matches found", "PreferredDDA", "", "[M-H]-1", "612461.64667711", " 671968.993059624", " 278200.135313346", " 500262.060074702", " 356521.117260645", "", " 46.1132647356387", " 7.56580982983369", " 36.3327250710768", " ", "2.202", " 1.798", " 1.282", " 1.343", " 0.713", "1.14", " 0.85", " 0.36", " 0.43", " -0.49", "", " 0.477877461868205", " ", " 0.904949771748495", " ", "", " 0.92265492531583", " ", " 0.999999999989872", " ", "5.3", "", " ", " ", " ", " 5.3", " ", " ", " ", " ", " ", " 1.5", " ", " ", " ", " 1.1", " ", " ", " ", " 4.4", " ", " ", " ", " ", " 4.0", " ", " ", " 2.0", " 1.3", " ", " 3.9", " ", " ", " 2.8", " ", " ", " ", " ", " ", " ", " 1.5"
"1686", "", "False", "Asperitaconic acid B", "C13 H20 O6", "Not the top hit", " No results", " No results", " Not the top hit", " Full match", "0.40", "272.12610", "271.11876", "0.771", "890479.803937653", "3", "0", "0", "", "", "", "No matches found", " No matches found", " No matches found", " No matches found", " No matches found", "", "Multiple matches found", "PreferredDDA", "", "[M-H]-1", "", " 849789.501771768", " 695409.033377873", " ", " 800321.133660113", "", " 4.96295268315396", " ", " ", " 9.45784177415767", "0.000", " 0.000", " 1.151", " Infinity", " Infinity", "-Infinity", " -Infinity", " 0.20", " Infinity", " Infinity", "", " ", " ", " ", " ", "", " ", " ", " ", " ", "4.2", "", " ", " ", " ", " ", " ", " ", " ", " ", " 4.2", " ", " ", " ", " ", " 4.2", " ", " ", " 1.1", " ", " ", " ", " ", " ", " ", " ", " ", " ", " ", " ", " ", " ", " ", " ", " 2.5", " ", " ", " ", " 4.0", " ", " 4.0"
"1740", "", "False", "", "C12 H31 Cl N4 O P2 S", "Full match", " No results", " No results", " No match", " No results", "3.17", "376.13942", "375.13215", "5.131", "863473.200392292", "1", "0", "0", "", "", "", "No matches found", " No matches found", " No matches found", " No matches found", " No matches found", "", "No matches found", "PreferredDDA", "", "[M-H]-1", "347157.593555035", " 502622.159790437", " 815641.560003866", " 525324.986957636", " 420490.34409719", "34.9842750470787", " 3.7251614809402", " 22.899556271727", " ", " ", "0.426", " 0.644", " 0.516", " 0.957", " 0.800", "-1.23", " -0.63", " -0.96", " -0.06", " -0.32", "0.0874267840915308", " ", " ", " ", " ", "0.999999999876955", " ", " ", " ", " ", "7.6", "", " ", " ", " 5.1", " 2.8", " ", " 1.3", " ", " ", " 7.6", " 4.9", " ", " ", " ", " ", " ", " ", " 1.8", " 5.2", " 4.4", " ", " ", " ", " 3.3", " 2.5", " ", " 4.5", " ", " ", " ", " ", " ", " ", " ", " ", " ", " ", " ", " ", " 1.9"
"1632", "", "False", "3-Chloro-N'-(pyridin-3-ylcarbonyl)benzohydrazide", "C13 H10 Cl N3 O2", "No match", " Full match", " No results", " No match", " No results", "0.75", "275.04636", "274.03908", "7.988", "856979.846038001", "1", "1", "0", "91.1", "9.6", "", "No matches found", " No matches found", " No matches found", " No matches found", " No matches found", "", "No matches found", "PreferredDDA", "", "[M-H]-1", "743327.556964652", " 602249.054221955", " 448835.424235829", " 603592.630917478", " 486977.905336843", "19.9802342287064", " 13.8540681577223", " ", " 30.5501430338202", " ", "1.656", " 1.345", " 1.085", " 0.998", " 0.807", "0.73", " 0.43", " 0.12", " 0.00", " -0.31", "", " ", " ", " 0.999662093246652", " ", "", " ", " ", " 0.999999999989872", " ", "6.2", "", " ", " 3.4", " ", " 5.7", " 3.0", " 6.1", " ", " ", " 6.2", " ", " 3.9", " ", " ", " ", " ", " ", " ", " ", " ", " ", " ", " ", " 1.9", " ", " ", " ", " 5.4", " ", " 0.9", " 2.4", " ", " ", " ", " ", " 2.7", " ", " ", " ", " "
"1520", "", "False", "", "C15 H8 N8 O S", "Full match", " No results", " No results", " No results", " No results", "0.53", "348.05436", "407.06830", "0.519", "851399.504873672", "0", "0", "0", "", "", "", "No matches found", " No matches found", " No matches found", " No matches found", " No matches found", "", "No matches found", "PreferredDDA", "", "[M-H+HAc]-1", "409873.301947833", " 208962.283153224", " 358003.074395815", " 675235.934841398", " ", "", " 2.47983089941401", " 42.9287141600854", " 36.8956829873431", " ", "1.145", " 1.886", " 0.000", " 0.309", " 0.000", "0.20", " 0.92", " -Infinity", " -1.69", " -Infinity", "", " 0.347899096101535", " ", " 0.0389596640155981", " ", "", " 0.757140926990961", " ", " 0.999999999989872", " ", "8.0", "2.3", " ", " ", " ", " ", " ", " ", " ", " ", " 8.0", " ", " ", " 3.8", " 4.2", " ", " ", " ", " 3.4", " 2.7", " 2.3", " 2.7", " ", " ", " 2.7", " ", " 5.4", " 3.9", " ", " ", " ", " ", " ", " ", " ", " ", " ", " ", " ", " ", " "
"1289", "", "False", "", "C7 H12 Cl4 N2 O6", "Full match", " No results", " No results", " No results", " No results", "-2.83", "359.94393", "358.93665", "8.911", "844908.683502133", "0", "0", "0", "", "", "", "No matches found", " No matches found", " No matches found", " No matches found", " No matches found", "", "No matches found", "PreferredDDA", "", "[M-H]-1", "539122.370656284", " 368339.698954187", " 673808.207110358", " 420302.828254017", " 421850.407351176", "24.373987245752", " 44.5108059916695", " 28.2562627111607", " 5.17175611305847", " 29.6548766227813", "0.800", " 0.624", " 0.626", " 0.876", " 1.004", "-0.32", " -0.68", " -0.68", " -0.19", " 0.01", "0.871920710865782", " 0.705205935047971", " 0.461547857893283", " 0.970129592710703", " 0.999999375697814", "0.999999999876955", " 0.999999999849258", " 0.999999999961495", " 0.999999999989872", " 1", "5.9", "2.1", " ", " 1.4", " ", " 1.0", " ", " 1.0", " 1.0", " 1.5", " ", " 3.0", " ", " 0.0", " 1.5", " 4.5", " ", " ", " ", " 4.0", " 4.0", " 2.5", " 2.9", " 1.4", " 2.9", " 3.3", " 4.0", " ", " ", " ", " ", " ", " ", " 5.9", " 1.0", " ", " ", " 1.0", " 2.5", " ", " 3.3"
"2217", "", "False", "", "C7 H N9 O7 S", "Full match", " No results", " No results", " No results", " No results", "-4.18", "354.97048", "353.96309", "0.479", "844891.754862385", "0", "0", "0", "", "", "", "No matches found", " No matches found", " No matches found", " No matches found", " No matches found", "", "No matches found", "NoMSn", "", "[M-H]-1", "248582.673288182", " 369664.786968824", " ", " 343302.374604021", " 264178.325518093", "", " 29.0109708141459", " ", " 29.0415692143044", " 75.1900661537813", "Infinity", " Infinity", " Infinity", " 1.077", " 0.770", "Infinity", " Infinity", " Infinity", " 0.11", " -0.38", "", " ", " ", " 0.999967763622628", " 0.989300242450097", "", " ", " ", " 0.999999999989872", " 1", "5.7", "", " ", " ", " ", " ", " ", " 1.5", " ", " ", " ", " 1.0", " ", " ", " 1.0", " ", " ", " 5.6", " ", " ", " ", " ", " ", " ", " ", " ", " ", " 1.8", " ", " ", " 5.6", " 4.0", " 1.8", " ", " ", " ", " 0.0", " 0.4", " ", " ", " 5.7"
"1801", "", "False", "", "C9 H25 Cl N4 O P2 S", "Full match", " No results", " No results", " No match", " No results", "4.50", "334.09279", "333.08551", "3.421", "842469.089554811", "1", "0", "0", "", "", "", "No matches found", " No matches found", " No matches found", " No matches found", " No matches found", "", "No matches found", "PreferredDDA", "", "[M-H]-1", "514834.906438893", " 761504.510143534", " 555551.699573272", " 384574.042798676", " 575108.98403843", "14.7942492211309", " 10.7584459000834", " 22.8457052278217", " 8.03333008282177", " 30.6872648361593", "0.927", " 0.692", " 1.035", " 1.980", " 1.495", "-0.11", " -0.53", " 0.05", " 0.99", " 0.58", "0.776496245657483", " 0.117662234415524", " 0.954498600634815", " 0.00277915981880494", " 0.282254166217535", "0.999999999876955", " 0.34253348756735", " 0.999999999961495", " 0.546781939240464", " 1", "6.9", "2.8", " ", " 4.7", " ", " ", " 3.2", " ", " 2.0", " ", " ", " 3.2", " 4.7", " 6.9", " 2.8", " 3.9", " 3.2", " 3.9", " ", " 2.5", " ", " 1.4", " 2.1", " ", " 3.7", " ", " ", " 3.7", " ", " ", " 2.5", " ", " 2.9", " ", " 3.9", " 2.4", " 2.4", " ", " 2.4", " ", " 2.4"
"1668", "", "False", "", "C8 H14 N10 S2", "Full match", " No results", " No results", " No results", " No results", "4.15", "314.08573", "313.07846", "3.956", "837890.612900789", "0", "0", "0", "", "", "", "No matches found", " No matches found", " No matches found", " No matches found", " No matches found", "", "No matches found", "PreferredDDA", "", "[M-H]-1", "663352.865412925", " 555358.197012622", " 485061.884344302", " 555044.90890572", " 604866.966753018", "2.27833793919906", " 17.1510809090397", " 21.2704060235542", " 24.8390314712195", " 14.2144227159734", "1.368", " 1.144", " 1.247", " 1.001", " 1.090", "0.45", " 0.19", " 0.32", " 0.00", " 0.12", "0.133368810802862", " 0.495978750031861", " 0.500455686571627", " 0.99976885301349", " 0.999999999156069", "0.999999999876955", " 0.948559359435934", " 0.999999999961495", " 0.999999999989872", " 1", "7.6", "4.2", " 7.6", " 6.1", " 6.1", " ", " ", " ", " 3.0", " 3.4", " 6.1", " 4.5", " ", " ", " 3.8", " ", " ", " 4.9", " ", " ", " 2.9", " 3.3", " ", " 4.0", " 4.0", " 2.5", " 2.5", " 3.3", " 2.5", " ", " ", " 2.5", " 3.3", " ", " 2.4", " 6.9", " 3.5", " 3.5", " 3.5", " ", " "
"1483", "", "False", "", "C4 H2 Cl N3 O2 P2", "Full match", " No results", " No results", " No results", " No results", "-2.94", "220.93043", "219.92315", "8.902", "831598.480527343", "0", "0", "0", "", "", "", "No matches found", " No matches found", " No matches found", " No matches found", " No matches found", "", "No matches found", "PreferredDDA", "", "[M-H]-1", "776389.273510436", " 599912.249827967", " ", " 759409.816947171", " 725742.930792365", "11.4509210840254", " 4.90722288623634", " ", " ", " 5.74678918996974", "Infinity", " Infinity", " Infinity", " 0.790", " 0.956", "Infinity", " Infinity", " Infinity", " -0.34", " -0.07", "", " ", " ", " ", " ", "", " ", " ", " ", " ", "6.3", "", " 3.5", " 2.8", " ", " 3.9", " ", " ", " ", " ", " ", " ", " ", " ", " ", " 4.9", " 3.0", " ", " ", " ", " ", " ", " ", " ", " ", " ", " ", " ", " ", " ", " ", " ", " ", " 3.8", " 2.5", " ", " 6.3", " 3.7", " 4.0", " 4.8", " "
"1438", "", "False", "", "C9 H5 Cl N6 O8 P2", "Full match", " No results", " No results", " No results", " No results", "-0.11", "421.93321", "420.92594", "8.920", "817505.909686591", "0", "0", "0", "", "", "", "No matches found", " No matches found", " No matches found", " No matches found", " No matches found", "", "No matches found", "PreferredDDA", "", "[M-H]-1", "536229.569392469", " 404288.066481563", " 677338.002216712", " 527183.976606113", " 412231.072519207", "", " 0.698492742983699", " 27.5361525223657", " ", " 12.1332985910714", "0.792", " 0.778", " 0.609", " 0.767", " 0.782", "-0.34", " -0.36", " -0.72", " -0.38", " -0.35", "", " ", " 0.233812654159137", " ", " ", "", " ", " 0.862290527373964", " ", " ", "8.0", "", " ", " ", " ", " ", " ", " 4.5", " ", " ", " 8.0", " ", " ", " ", " ", " ", " 7.2", " 3.0", " ", " ", " ", " ", " 5.6", " 3.3", " 3.7", " ", " ", " ", " ", " ", " ", " ", " 4.5", " ", " ", " ", " 3.5", " ", " ", " ", " 3.5"
"1394", "", "False", "", "C14 H4 N8 O2 S2", "Full match", " No results", " No results", " No results", " No results", "1.79", "379.99054", "378.98327", "8.905", "791242.316296584", "0", "0", "0", "", "", "", "No matches found", " No matches found", " No matches found", " No matches found", " No matches found", "", "No matches found", "NoMSn", "", "[M-H]-1", "696818.844147809", " ", " 508325.443362091", " 791242.316296584", " 659057.678103314", "9.06096020429585", " ", " ", " ", " ", "1.371", " 1.557", " 1.297", " 0.000", " 0.833", "0.46", " 0.64", " 0.37", " -Infinity", " -0.26", "", " ", " ", " ", " ", "", " ", " ", " ", " ", "4.8", "", " ", " ", " 4.4", " ", " 4.8", " ", " ", " ", " ", " ", " ", " ", " ", " ", " ", " ", " 2.3", " ", " ", " ", " ", " ", " ", " ", " ", " ", " ", " ", " ", " ", " 4.5", " ", " 3.8", " ", " ", " ", " ", " ", " "
"1786", "", "False", "", "C17 H36 N4 O3 P2", "Full match", " No results", " No results", " No results", " No results", "-2.99", "406.22505", "405.21777", "5.408", "782209.052780799", "0", "0", "0", "", "", "", "No matches found", " No matches found", " No matches found", " No matches found", " No matches found", "", "No matches found", "PreferredDDA", "", "[M-H]-1", "782209.052780799", " 499094.016349778", " 489595.608435173", " ", " ", "", " 6.80789985067317", " 5.69795096229666", " ", " ", "1.598", " 0.000", " 0.000", " Infinity", " ", "0.68", " -Infinity", " -Infinity", " Infinity", " ", "", " ", " ", " ", " ", "", " ", " ", " ", " ", "4.8", "", " ", " ", " ", " ", " 4.2", " ", " ", " ", " ", " ", " ", " ", " 2.9", " 4.0", " ", " ", " ", " ", " ", " 4.4", " 4.8", " ", " ", " ", " ", " ", " ", " ", " ", " ", " ", " ", " ", " ", " ", " ", " ", " ", " "
"1958", "", "False", "", "C24 H42 N6 O", "Full match", " No results", " No results", " No results", " No results", "-3.32", "430.34058", "429.33330", "3.304", "776454.985923489", "0", "0", "0", "", "", "", "No matches found", " No matches found", " No matches found", " No matches found", " No matches found", "", "No matches found", "PreferredDDA", "", "[M-H]-1", "591408.907433146", " 586551.820932832", " 407015.465249812", " ", " 612362.995480285", "24.5903278692664", " ", " 8.57611992015611", " ", " 37.8960061392292", "1.453", " 0.000", " 1.505", " Infinity", " Infinity", "0.54", " -Infinity", " 0.59", " Infinity", " Infinity", "0.606312752969841", " ", " 0.584781587796877", " ", " ", "0.999999999876955", " ", " 0.999999999961495", " ", " ", "5.2", "4.0", " ", " 2.5", " ", " ", " ", " ", " ", " ", " ", " ", " ", " ", " ", " ", " ", " 1.9", " 5.2", " 5.2", " ", " ", " ", " ", " ", " ", " ", " ", " ", " ", " ", " ", " ", " ", " 5.1", " ", " 1.6", " ", " ", " ", " "
"2038", "", "False", "", "C6 H12 Cl2 N4 O3 S2", "Full match", " No results", " No results", " No results", " No results", "-3.59", "321.97163", "320.96435", "1.687", "758515.659845525", "0", "0", "0", "", "", "", "No matches found", " No matches found", " No matches found", " No matches found", " No matches found", "", "No matches found", "PreferredDDA", "", "[M-H]-1", "510645.817734353", " 408422.362184333", " 394560.890345054", " 403354.978047926", " 378262.573111933", "48.0062077087715", " 43.5062099224428", " 12.7460906454184", " 40.35364132891", " 8.28819458796001", "1.294", " 1.022", " 0.959", " 1.013", " 0.938", "0.37", " 0.03", " -0.06", " 0.02", " -0.09", "0.965236604606297", " 0.984892302394283", " 0.999998654399185", " 0.999478847113098", " 0.948817870316977", "0.999999999876955", " 0.999999999849258", " 0.999999999961495", " 0.999999999989872", " 1", "5.6", "", " ", " ", " 0.4", " ", " ", " 1.9", " ", " 0.8", " ", " 0.0", " 1.5", " 2.3", " ", " ", " ", " ", " ", " ", " ", " ", " 3.5", " ", " 2.4", " ", " 2.7", " 0.0", " 0.0", " ", " ", " ", " 1.5", " ", " 2.9", " 4.0", " ", " ", " 2.9", " 5.6", " 4.0"
"1638", "", "False", "", "C8 H13 N6 O5 P3 S", "Full match", " No results", " No results", " No results", " No results", "2.04", "397.98891", "396.98163", "0.484", "741713.742337107", "0", "0", "0", "", "", "", "No matches found", " No matches found", " No matches found", " No matches found", " No matches found", "", "No matches found", "PreferredDDA", "", "[M-H]-1", "386597.614196687", " 250141.716444624", " 397307.853532119", " 260457.581040796", " 195426.204687567", "14.9600516725825", " 20.9315999832767", " 34.0141515251833", " 11.8854462976814", " ", "0.973", " 0.656", " 0.492", " 0.960", " 0.750", "-0.04", " -0.61", " -1.02", " -0.06", " -0.41", "0.928150097856318", " 0.015199963035506", " ", " 0.999562864323162", " ", "0.999999999876955", " 0.0783908205988454", " ", " 0.999999999989872", " ", "5.1", "4.3", " 4.7", " 2.4", " 4.3", " 3.5", " ", " ", " ", " 2.1", " ", " ", " ", " 3.3", " 1.8", " 1.8", " ", " ", " 4.3", " 1.3", " 3.5", " 5.1", " ", " 5.1", " 1.6", " 1.3", " 3.2", " 4.7", " ", " 3.5", " 4.3", " 3.5", " 4.3", " ", " ", " ", " 1.1", " ", " ", " ", " "
"956", "", "False", "", "C40 H81 N3 O3 S", "Full match", " No results", " No results", " No results", " No results", "-2.85", "683.59791", "682.59064", "8.882", "683095.913046408", "0", "0", "0", "", "", "", "No matches found", " No matches found", " No matches found", " No matches found", " No matches found", "", "No matches found", "PreferredDDA", "", "[M-H]-1", "", " 358824.309030717", " ", " 213256.660945638", " 525599.392406733", "", " 23.1997952335524", " ", " 40.5877564333299", " 34.2087566574025", "", " Infinity", " Infinity", " 1.683", " 2.465", "", " Infinity", " Infinity", " 0.75", " 1.30", "", " ", " ", " 0.144373534291426", " 0.0275238209719688", "", " ", " ", " 0.999999999989872", " 0.544680421620841", "6.6", "", " ", " ", " ", " ", " ", " ", " ", " 5.2", " 3.7", " ", " ", " 2.1", " ", " ", " ", " ", " ", " ", " ", " ", " ", " ", " ", " ", " ", " ", " ", " 1.1", " ", " 2.7", " 3.0", " ", " ", " 5.4", " 6.2", " 6.6", " ", " 5.8", " 6.2"
"1407", "", "False", "", "C4 H16 N8 O4 S5", "Full match", " No results", " No results", " No results", " No results", "-1.68", "399.98913", "398.98186", "8.878", "628182.310795108", "0", "0", "0", "", "", "", "No matches found", " No matches found", " No matches found", " No matches found", " No matches found", "", "No matches found", "PreferredDDA", "", "[M-H]-1", "410875.11009892", " 478621.142645161", " 448065.009838761", " 468953.972334152", " 485288.324824683", "13.5741175251362", " 12.6593888694671", " 21.9363551760075", " 16.5483692023678", " 10.7328640103931", "0.917", " 1.047", " 1.083", " 1.021", " 1.035", "-0.13", " 0.07", " 0.12", " 0.03", " 0.05", "0.749859937227303", " 0.929421892524528", " 0.99992626332638", " 0.99998948814582", " 0.950220594223805", "0.999999999876955", " 0.999999999849258", " 0.999999999961495", " 0.999999999989872", " 1", "8.1", "2.4", " ", " ", " ", " ", " 3.5", " 3.9", " ", " 2.4", " ", " 4.3", " 3.5", " 3.9", " 8.1", " ", " ", " ", " ", " 2.5", " ", " 2.5", " ", " ", " 2.5", " ", " ", " ", " ", " 3.0", " ", " 3.0", " 2.7", " 7.6", " ", " 4.7", " ", " 5.1", " 5.1", " ", " 4.7"
"1417", "", "False", "", "C H2 Br Cl O2 S2", "Full match", " No results", " No results", " No results", " No results", "-0.34", "223.83674", "222.82946", "1.055", "619951.80401583", "0", "0", "0", "", "", "", "No matches found", " No matches found", " No matches found", " No matches found", " No matches found", "", "No matches found", "PreferredDDA", "NO2", "[M-H]-1", "159872.143698333", " 248417.442982838", " 152726.683151909", " 221532.34002872", " 308989.756413577", "38.0355436901459", " 58.4640212399368", " 18.8887408659417", " 33.2884627459927", " 23.6968799301134", "1.047", " 1.451", " 2.023", " 1.121", " 1.395", "0.07", " 0.54", " 1.02", " 0.17", " 0.48", "0.999650372654768", " 0.817720869395911", " 0.287080120351156", " 0.89513017872813", " 0.662739065842075", "0.999999999876955", " 0.999999999849258", " 0.89687789323499", " 0.999999999989872", " 1", "6.4", "", " ", " ", " 5.1", " 5.8", " ", " ", " ", " ", " 4.9", " 4.9", " 4.9", " ", " ", " 5.3", " 5.3", " 4.9", " ", " 6.4", " ", " ", " ", " ", " 6.4", " 6.4", " 3.2", " ", " 5.4", " 5.8", " 5.8", " 5.8", " 5.1", " 5.8", " 5.9", " ", " ", " ", " 6.3", " ", " 5.6"
"1355", "", "False", "", "C20 H12 N2 S2", "Full match", " No results", " No results", " No results", " No results", "0.05", "344.04421", "343.03693", "8.897", "614951.339912844", "0", "0", "0", "", "", "", "No matches found", " No matches found", " No matches found", " No matches found", " No matches found", "", "No matches found", "NoMSn", "", "[M-H]-1", "475802.032578793", " 405507.815924082", " 482046.849764964", " 427067.168834914", " 487934.682719493", "10.8884595021045", " 6.44582107816375", " 18.667502163901", " 25.372978262059", " 9.30475184835808", "0.987", " 0.886", " 1.012", " 0.950", " 1.143", "-0.02", " -0.17", " 0.02", " -0.07", " 0.19", "0.992109897208901", " 0.706814812481302", " 0.99889186878899", " 0.999975897000905", " 0.60006655713784", "0.999999999876955", " 0.999999999849258", " 0.999999999961495", " 0.999999999989872", " 1", "7.4", "", " ", " ", " 5.1", " 5.1", " 3.5", " 3.5", " ", " 4.4", " 4.4", " ", " 4.4", " ", " ", " 5.2", " ", " 7.1", " ", " ", " ", " 6.4", " 3.0", " 3.4", " 4.2", " 4.2", " ", " ", " 1.8", " 2.1", " ", " ", " 2.9", " 2.5", " ", " 6.7", " ", " 4.4", " 2.5", " 7.4", " "
"1831", "", "False", "", "C20 H42 N5 O3 P", "Full match", " No results", " No results", " No results", " No results", "1.64", "431.30323", "430.29596", "5.352", "604136.359558125", "0", "0", "0", "", "", "", "No matches found", " No matches found", " No matches found", " No matches found", " No matches found", "", "No matches found", "PreferredDDA", "", "[M-H]-1", "", " 391026.21848034", " ", " 332891.098139045", " 285176.238699305", "", " 38.3776201820796", " ", " 38.7933612477003", " 6.41770330575736", "", " Infinity", " Infinity", " 1.175", " 0.857", "", " Infinity", " Infinity", " 0.23", " -0.22", "", " ", " ", " 0.866207998248335", " 0.835170144745797", "", " ", " ", " 0.999999999989872", " 1", "6.7", "", " ", " ", " ", " ", " ", " ", " ", " 5.4", " ", " 2.8", " 2.4", " 0.9", " 2.8", " ", " 2.8", " ", " ", " ", " ", " ", " ", " ", " ", " ", " 2.4", " ", " 3.5", " ", " 0.9", " 2.8", " 2.0", " 4.7", " 4.0", " 6.7", " ", " ", " ", " ", " "
"2072", "", "False", "2-propyl-9Z-octadecenoic Acid", "C21 H40 O2", "Full match", " No results", " No results", " Partial match", " Full match", "-0.61", "324.30263", "323.29536", "8.021", "575419.301714679", "12", "0", "0", "", "", "", "No matches found", " No matches found", " No matches found", " No matches found", " No matches found", "", "Multiple matches found", "PreferredDDA", "", "[M-H]-1", "442914.4925554", " 342242.210677698", " 456498.865837669", " 366682.328901768", " 575419.301714679", "", " ", " 35.3455431503458", " 24.9084409767048", " ", "0.970", " 0.803", " 1.261", " 0.933", " 1.569", "-0.04", " -0.32", " 0.33", " -0.10", " 0.65", "", " 0.970687703487529", " ", " ", " ", "", " 0.999999999849258", " ", " ", " ", "6.7", "", " ", " ", " ", " 1.9", " ", " ", " ", " ", " 3.4", " ", " ", " ", " ", " ", " ", " ", " ", " ", " ", " ", " ", " ", " 4.7", " 2.8", " 6.7", " 2.9", " ", " 5.9", " ", " ", " ", " ", " ", " ", " ", " ", " ", " ", " 1.5"
"1621", "", "False", "", "C8 H15 Cl2 N2 O9 P", "Full match", " No results", " No results", " No match", " No results", "-1.93", "383.98848", "382.98120", "8.912", "568245.743185261", "1", "0", "0", "", "", "", "No matches found", " No matches found", " No matches found", " No matches found", " No matches found", "", "No matches found", "NoMSn", "", "[M-H]-1", "378344.169255163", " 328369.009063753", " 495249.388765499", " 279940.821075779", " 359242.990657442", "24.4721328718593", " 14.879086311822", " 9.57535852342936", " 13.2998780168013", " 3.91395823862406", "0.764", " 0.565", " 0.725", " 1.173", " 1.283", "-0.39", " -0.82", " -0.46", " 0.23", " 0.36", "0.0275327599140792", " 0.000404748447720982", " 0.0429840202021738", " 0.970944606872664", " 0.314401093194651", "0.928154061217541", " 0.00442332232152216", " 0.309075573834679", " 0.999999999989872", " 1", "6.6", "2.9", " 2.5", " ", " 3.3", " 1.0", " 2.1", " 2.5", " 4.0", " 5.1", " 4.3", " 3.5", " 6.6", " 2.4", " 3.5", " ", " 3.9", " 3.9", " ", " 4.8", " ", " ", " 5.2", " 4.0", " 4.4", " 5.2", " ", " 3.9", " 3.5", " 3.9", " 2.0", " 3.9", " ", " 3.9", " 3.4", " 4.5", " 3.4", " ", " 4.9", " 4.5", " 4.5"
"1636", "", "False", "", "C11 H9 N6 O14 P", "Full match", " No results", " No results", " No results", " No results", "1.21", "479.99202", "478.98474", "0.484", "566624.029565878", "0", "0", "0", "", "", "", "No matches found", " No matches found", " No matches found", " No matches found", " No matches found", "", "No matches found", "PreferredDDA", "", "[M-H]-1", "250384.360244728", " 174688.32838672", " 397737.911038732", " 190396.828799788", " 188096.634294988", "10.9323438926855", " 3.6879407240551", " 37.6348353474158", " 34.143077798056", " 0.567465787841415", "0.630", " 0.479", " 0.473", " 0.917", " 0.988", "-0.67", " -1.06", " -1.08", " -0.12", " -0.02", "0.393563493963296", " 0.086805727618967", " 0.0426910238386282", " 0.760279645373748", " 0.850371881966478", "0.999999999876955", " 0.27104645562657", " 0.309075573834679", " 0.999999999989872", " 1", "8.3", "4.3", " 6.9", " ", " 3.5", " ", " ", " ", " ", " ", " ", " ", " ", " 8.3", " 8.0", " ", " ", " ", " 3.2", " ", " ", " ", " ", " 2.4", " 1.6", " ", " 3.2", " 2.4", " 3.2", " 5.1", " 5.8", " 5.1", " 2.0", " ", " ", " ", " 3.8", " 4.5", " 8.0", " ", " "
"863", "", "False", "", "C3 H5 Cl N3 P S3", "Full match", " No results", " No results", " No results", " No results", "-3.45", "244.90633", "243.89905", "8.855", "559118.633402457", "0", "0", "0", "", "", "", "No matches found", " No matches found", " No matches found", " No matches found", " No matches found", "", "No matches found", "PreferredDDA", "NO2", "[M-H]-1", "222672.067570183", " 328369.786120898", " 209526.158740442", " 356978.277536679", " 220188.334334822", "63.4747505063393", " 31.5315905532127", " 53.001323440054", " ", " 54.4015265645899", "1.063", " 1.704", " 1.051", " 0.920", " 0.617", "0.09", " 0.77", " 0.07", " -0.12", " -0.70", "0.989401496710035", " ", " 0.770966711498413", " ", " ", "0.999999999876955", " ", " 0.999999999961495", " ", " ", "6.1", "3.8", " ", " 5.3", " 3.8", " 4.5", " ", " ", " ", " 2.4", " ", " ", " ", " 0.9", " ", " ", " ", " ", " ", " ", " ", " 3.4", " 5.7", " ", " 5.7", " 4.2", " ", " ", " ", " ", " ", " ", " 0.8", " ", " 1.5", " 0.4", " 1.5", " 2.3", " 1.1", " 5.3", " 6.1"
"1802", "", "False", "", "C9 H15 Cl S2", "Full match", " No results", " No results", " No results", " No results", "4.46", "222.03136", "221.02408", "8.953", "550940.424959684", "0", "0", "0", "", "", "", "No matches found", " No matches found", " No matches found", " No matches found", " No matches found", "", "No matches found", "PreferredDDA", "", "[M-H]-1", "374901.767164439", " 391789.481231066", " 428926.835838809", " 356025.004315687", " 426691.096564191", "19.538400244883", " 23.837266611713", " 2.92617057926952", " 21.5251793385559", " 15.3318405513436", "0.874", " 0.830", " 0.995", " 1.100", " 1.198", "-0.19", " -0.27", " -0.01", " 0.14", " 0.26", "0.984626891754762", " 0.971061746362858", " 0.999999995597845", " 0.998026211082528", " 0.904614193226835", "0.999999999876955", " 0.999999999849258", " 0.999999999961495", " 0.999999999989872", " 1", "6.1", "3.0", " 3.8", " ", " 3.0", " ", " 2.3", " 1.9", " 1.9", " 1.8", " 1.0", " 2.5", " 3.3", " ", " 2.9", " ", " ", " 4.0", " ", " ", " ", " ", " 6.1", " ", " ", " 4.9", " 2.5", " 2.9", " 4.4", " 2.9", " 2.9", " 2.5", " 1.4", " 4.0", " 1.9", " ", " 1.5", " 3.0", " 1.9", " 2.3", " "
"2160", "", "False", "", "", "No results", " No results", " No results", " No results", " No results", "", "269.80819", "268.80092", "0.980", "515525.320118569", "0", "0", "0", "", "", "", "No matches found", " No matches found", " No matches found", " No matches found", " No matches found", "", "No matches found", "PreferredDDA", "", "[M-H]-1", "397420.977099757", " 218663.603440417", " 362488.908988737", " 515525.320118569", " 182616.674471068", "", " 10.5949334728759", " 5.69038459281838", " ", " ", "1.096", " 1.422", " 0.504", " 0.424", " 0.354", "0.13", " 0.51", " -0.99", " -1.24", " -1.50", "", " ", " ", " ", " ", "", " ", " ", " ", " ", "7.1", "", " ", " ", " ", " ", " ", " 3.0", " ", " ", " ", " ", " 6.6", " ", " ", " ", " 4.3", " ", " 5.2", " ", " ", " ", " ", " 7.1", " ", " ", " ", " 4.2", " ", " ", " ", " ", " ", " ", " ", " ", " ", " ", " 4.5", " ", " "
"1749", "", "False", "", "C6 H7 Cl2 P S", "Full match", " No results", " No results", " No results", " No results", "-2.16", "211.93785", "210.93058", "8.902", "509173.96568271", "0", "0", "0", "", "", "", "No matches found", " No matches found", " No matches found", " No matches found", " No matches found", "", "No matches found", "NoMSn", "", "[M-H]-1", "371552.347470116", " 326991.528353773", " 364242.767286258", " 329516.986526091", " 359211.03309904", "5.06108265121645", " 27.4101216654777", " 23.1524493719799", " 14.7585963670205", " 14.3516064317533", "1.020", " 0.905", " 0.986", " 0.992", " 1.090", "0.03", " -0.14", " -0.02", " -0.01", " 0.12", "0.998541082673741", " 0.575544767387073", " 0.997621972953928", " 0.871497557864557", " 0.762567683396515", "0.999999999876955", " 0.999999999849258", " 0.999999999961495", " 0.999999999989872", " 1", "5.6", "", " 2.5", " ", " 4.4", " 2.5", " ", " ", " 5.6", " ", " ", " 1.8", " 5.6", " 4.0", " 2.5", " 2.9", " 1.0", " 5.6", " 2.5", " 1.0", " ", " 1.4", " ", " 1.0", " 1.0", " ", " 3.5", " ", " 3.5", " 3.9", " ", " 2.0", " ", " 2.4", " 2.8", " ", " ", " 4.3", " 2.8", " 3.5", " 5.4"
"2211", "", "False", "", "C20 H42 Cl N O3", "Full match", " No results", " No results", " No results", " No results", "0.34", "379.28545", "378.27818", "5.570", "489521.89224946", "0", "0", "0", "", "", "", "No matches found", " No matches found", " No matches found", " No matches found", " No matches found", "", "No matches found", "PreferredDDA", "", "[M-H]-1", "337971.381207746", " 300723.876864182", " 337469.004144412", " ", " ", "7.1517873553732", " ", " 26.9143921343595", " ", " ", "1.001", " 0.000", " 0.000", " Infinity", " ", "0.00", " -Infinity", " -Infinity", " Infinity", " ", "0.908952229303675", " ", " ", " ", " ", "0.999999999876955", " ", " ", " ", " ", "6.3", "", " ", " 4.8", " 5.2", " ", " ", " ", " ", " 4.2", " ", " ", " ", " ", " ", " ", " ", " ", " ", " ", " ", " 2.9", " 6.3", " 4.0", " ", " ", " ", " ", " ", " ", " ", " ", " ", " ", " ", " ", " ", " ", " ", " ", " "
"1998", "", "False", "", "C10 H22 Cl N4 O6 P S4", "Full match", " No results", " No results", " No results", " No results", "2.64", "487.98612", "486.97884", "8.925", "482596.034340236", "0", "0", "0", "", "", "", "No matches found", " No matches found", " No matches found", " No matches found", " No matches found", "", "No matches found", "NoMSn", "", "[M-H]-1", "303326.461727412", " 339187.007328068", " 299655.324368669", " ", " 446013.849845739", "5.05560552438819", " 13.770400935908", " 26.7371534006009", " ", " 6.75489414731253", "1.012", " 0.000", " 1.488", " Infinity", " Infinity", "0.02", " -Infinity", " 0.57", " Infinity", " Infinity", "0.996560067832698", " ", " 0.0107605795403295", " ", " ", "0.999999999876955", " ", " 0.130743459665007", " ", " ", "5.6", "", " 4.4", " ", " 4.4", " 4.0", " 2.9", " ", " ", " 3.5", " 2.0", " 3.5", " ", " ", " 2.8", " 3.5", " ", " 2.4", " ", " ", " ", " ", " ", " 5.6", " ", " 3.3", " ", " ", " ", " ", " ", " ", " ", " ", " ", " 2.9", " 2.9", " 4.0", " 4.0", " ", " "
"2183", "", "False", "", "C7 H13 Cl N6", "Full match", " No results", " No results", " No results", " No results", "-0.90", "216.08883", "215.08155", "3.412", "474897.376840266", "0", "0", "0", "", "", "", "No matches found", " No matches found", " No matches found", " No matches found", " No matches found", "", "No matches found", "PreferredDDA", "", "[M-H]-1", "", " 426489.983293582", " ", " ", " 410227.020045422", "", " 7.73605896822648", " ", " ", " 17.1351571220134", "", " ", " Infinity", " Infinity", " Infinity", "", " ", " Infinity", " Infinity", " Infinity", "", " ", " ", " ", " ", "", " ", " ", " ", " ", "5.6", "", " ", " ", " ", " ", " ", " ", " ", " ", " ", " ", " 5.2", " ", " ", " ", " ", " 5.6", " ", " ", " ", " ", " ", " ", " ", " ", " ", " ", " ", " ", " ", " ", " ", " ", " 3.4", " 4.9", " 4.2", " ", " ", " ", " "
"2089", "", "False", "", "C7 H17 Cl O13 P2", "Full match", " No results", " No results", " No results", " No results", "-1.01", "405.98288", "404.97561", "8.915", "426109.57074463", "0", "0", "0", "", "", "", "No matches found", " No matches found", " No matches found", " No matches found", " No matches found", "", "No matches found", "NoMSn", "", "[M-H]-1", "265591.116966165", " 334870.766436387", " 218499.429445361", " 295096.602298354", " 361558.958860993", "26.2319707309432", " 0.926519079771041", " ", " 31.0399899669025", " 8.67757502409886", "1.216", " 1.351", " 1.655", " 1.135", " 1.225", "0.28", " 0.43", " 0.73", " 0.18", " 0.29", "", " ", " ", " 0.893115623376885", " 0.452930928296722", "", " ", " ", " 0.999999999989872", " 1", "4.9", "1.8", " 2.5", " ", " ", " ", " ", " ", " 3.3", " ", " 4.9", " ", " ", " ", " ", " ", " 4.9", " ", " ", " ", " ", " ", " ", " 1.9", " ", " ", " 1.3", " ", " ", " ", " 2.0", " ", " ", " ", " ", " 4.8", " 4.8", " 4.0", " 4.0", " 4.4", " 4.4"
"1696", "", "False", "", "C H3 Cl2 N2 O P S2", "Full match", " No results", " No results", " No results", " No results", "3.65", "223.88096", "222.87369", "1.055", "419000.655279776", "0", "0", "0", "", "", "", "No matches found", " No matches found", " No matches found", " No matches found", " No matches found", "", "No matches found", "PreferredDDA", "", "[M-H]-1", "119253.214425413", " 419000.655279776", " 160648.231065095", " 155849.143644674", " 152381.012475534", "", " ", " ", " 21.7831227481513", " 61.0139523278034", "0.742", " 0.970", " 0.949", " 2.689", " 0.978", "-0.43", " -0.04", " -0.08", " 1.43", " -0.03", "", " ", " ", " ", " 0.801312136997096", "", " ", " ", " ", " 1", "6.7", "", " ", " ", " ", " ", " 4.9", " ", " ", " ", " ", " 4.9", " ", " ", " ", " ", " ", " ", " ", " ", " ", " ", " ", " ", " 5.3", " ", " 5.9", " ", " ", " ", " 6.3", " 6.7", " 5.9", " ", " 3.8", " ", " ", " ", " ", " 5.3", " 4.9"
"1576", "", "False", "", "", "No results", " No results", " No results", " No results", " No results", "", "531.68352", "530.67625", "8.864", "338997.803876091", "0", "0", "0", "", "", "", "No matches found", " No matches found", " No matches found", " No matches found", " No matches found", "", "No matches found", "NoMSn", "", "[M-H]-1", "", " 277182.662803386", " 54812.8601529478", " 221306.630445056", " 251037.207600966", "", " 23.5787251692756", " ", " 19.5746108574975", " 24.3845417666541", "0.000", " 4.037", " 4.580", " 1.252", " 1.134", "-Infinity", " 2.01", " 2.20", " 0.32", " 0.18", "", " ", " ", " 0.736458075746825", " 0.56737554616561", "", " ", " ", " 0.999999999989872", " 1", "7.2", "", " ", " ", " ", " ", " ", " ", " ", " ", " 3.3", " 4.0", " 6.7", " ", " 3.7", " 3.3", " ", " 6.3", " ", " ", " ", " 5.7", " ", " ", " ", " ", " ", " ", " 4.5", " 4.5", " 4.9", " 7.2", " 4.5", " 4.2", " 5.9", " 6.3", " 2.9", " ", " 6.7", " ", " 2.9"
"1838", "", "False", "", "C5 H9 Cl2 N4 P3 S", "Invalid mass", " No results", " No results", " No results", " No results", "-5.92", "319.91189", "318.90461", "8.874", "294990.639851744", "0", "0", "0", "", "", "", "No matches found", " No matches found", " No matches found", " No matches found", " No matches found", "", "No matches found", "NoMSn", "", "[M-H]-1", "212862.302558202", " 225658.642814671", " ", " ", " 294990.639851744", "", " 12.2957424561089", " ", " ", " ", "Infinity", " ", " Infinity", " Infinity", " Infinity", "Infinity", " ", " Infinity", " Infinity", " Infinity", "", " ", " ", " ", " ", "", " ", " ", " ", " ", "8.1", "3.8", " ", " ", " ", " ", " ", " ", " ", " ", " ", " ", " ", " ", " 7.3", " 8.1", " 5.1", " ", " ", " ", " ", " ", " ", " ", " ", " ", " ", " ", " ", " ", " ", " ", " ", " ", " ", " ", " ", " ", " 1.5", " ", " "
"1843", "", "False", "", "C3 H5 Br Cl2 N8 O", "Full match", " No results", " No results", " No results", " No results", "0.09", "317.91470", "316.90743", "8.875", "237480.051026973", "0", "0", "0", "", "", "", "No matches found", " No matches found", " No matches found", " No matches found", " No matches found", "", "No matches found", "NoMSn", "", "[M-H]-1", "", " 189588.513891888", " 115990.249968691", " 192256.275960067", " 192660.268108831", "", " 16.7556622986825", " ", " 8.40819952092961", " ", "0.000", " 1.658", " 1.661", " 0.986", " 1.002", "-Infinity", " 0.73", " 0.73", " -0.02", " 0.00", "", " ", " ", " 0.999996625230688", " ", "", " ", " ", " 0.999999999989872", " ", "7.6", "", " ", " ", " ", " ", " ", " ", " ", " 3.0", " 4.5", " ", " ", " 7.6", " ", " ", " ", " 4.5", " ", " ", " ", " ", " 1.5", " ", " ", " ", " ", " ", " 5.2", " ", " 5.9", " ", " ", " ", " ", " 5.3", " ", " ", " ", " ", " "
