"Compounds ID", "Tags", "Checked", "Name", "Formula", "Annot. Source: Predicted Compositions", "Annot. Source: mzCloud Search", "Annot. Source: mzVault Search", "Annot. Source: ChemSpider Search", "Annot. Source: MassList Search", "Annot. DeltaMass [ppm]", "Calc. MW", "m/z", "RT [min]", "Area (Max.)", "# ChemSpider Results", "# mzCloud Results", "# mzVault Results", "mzCloud Best Match", "mzCloud Best Match Confidence", "mzVault Best Match", "mzVault Library Match: Bamba lab 34 lipid mediators library stepped NCE 10 30 45", "mzVault Library Match: Bamba lab 598 polar metabolites stepped NCE 10 30 45", "mzVault Library Match: Custom mzVault Library", "mzVault Library Match: LipidBlast-VS68-Neg", "mzVault Library Match: LipidBlast-VS68-Pos", "Class Coverage: Phosphatidylcholine Compound Class", "Mass List Match: LipidMaps Structure Database 2021-09-13", "MS2", "Neutral Losses", "Reference Ion", "Group Area: cla", "Group Area: cla/lps", "Group Area: ctrl", "Group Area: lps", "Group Area: no2-cla/lps", "Group CV [%]: cla", "Group CV [%]: cla/lps", "Group CV [%]: ctrl", "Group CV [%]: lps", "Group CV [%]: no2-cla/lps", "Ratio: (cla) / (ctrl)", "Ratio: (lps) / (ctrl)", "Ratio: (no2-cla/lps) / (ctrl)", "Ratio: (cla/lps) / (lps)", "Ratio: (no2-cla/lps) / (lps)", "Log2 Fold Change: (cla) / (ctrl)", "Log2 Fold Change: (lps) / (ctrl)", "Log2 Fold Change: (no2-cla/lps) / (ctrl)", "Log2 Fold Change: (cla/lps) / (lps)", "Log2 Fold Change: (no2-cla/lps) / (lps)", "P-value: (cla) / (ctrl)", "P-value: (lps) / (ctrl)", "P-value: (no2-cla/lps) / (ctrl)", "P-value: (cla/lps) / (lps)", "P-value: (no2-cla/lps) / (lps)", "Adj. P-value: (cla) / (ctrl)", "Adj. P-value: (lps) / (ctrl)", "Adj. P-value: (no2-cla/lps) / (ctrl)", "Adj. P-value: (cla/lps) / (lps)", "Adj. P-value: (no2-cla/lps) / (lps)", "Peak Rating (Max.)", "Peak Rating: Kidney-F-9.raw (F9)", "Peak Rating: Kidney-F-10.raw (F10)", "Peak Rating: Kidney-F-11.raw (F11)", "Peak Rating: Kidney-F-12.raw (F12)", "Peak Rating: Kidney-F-13.raw (F13)", "Peak Rating: Kidney-F-14.raw (F14)", "Peak Rating: Kidney-F-15.raw (F15)", "Peak Rating: Kidney-F-16.raw (F16)", "Peak Rating: Kidney-F-25.raw (F25)", "Peak Rating: Kidney-F-26.raw (F26)", "Peak Rating: Kidney-F-27.raw (F27)", "Peak Rating: Kidney-F-28.raw (F28)", "Peak Rating: Kidney-F-29.raw (F29)", "Peak Rating: Kidney-F-30.raw (F30)", "Peak Rating: Kidney-F-31.raw (F31)", "Peak Rating: Kidney-F-32.raw (F32)", "Peak Rating: Kidney-F-1.raw (F1)", "Peak Rating: Kidney-F-2.raw (F2)", "Peak Rating: Kidney-F-3.raw (F3)", "Peak Rating: Kidney-F-4.raw (F4)", "Peak Rating: Kidney-F-5.raw (F5)", "Peak Rating: Kidney-F-6.raw (F6)", "Peak Rating: Kidney-F-7.raw (F7)", "Peak Rating: Kidney-F-8.raw (F8)", "Peak Rating: Kidney-F-17.raw (F17)", "Peak Rating: Kidney-F-18.raw (F18)", "Peak Rating: Kidney-F-19.raw (F19)", "Peak Rating: Kidney-F-20.raw (F20)", "Peak Rating: Kidney-F-21.raw (F21)", "Peak Rating: Kidney-F-22.raw (F22)", "Peak Rating: Kidney-F-23.raw (F23)", "Peak Rating: Kidney-F-24.raw (F24)", "Peak Rating: Kidney-F-33.raw (F33)", "Peak Rating: Kidney-F-34.raw (F34)", "Peak Rating: Kidney-F-35.raw (F35)", "Peak Rating: Kidney-F-36.raw (F36)", "Peak Rating: Kidney-F-37.raw (F37)", "Peak Rating: Kidney-F-38.raw (F38)", "Peak Rating: Kidney-F-39.raw (F39)", "Peak Rating: Kidney-F-40.raw (F40)"
"1", "", "False", "Linoleic acid", "C18 H32 O2", "Full match", " Full match", " No results", " Full match", " Not the top hit", "-2.53", "280.23952", "279.23224", "7.660", "1730033222.4075", "119", "4", "0", "97.1", "9.9", "", "No matches found", " No matches found", " No matches found", " No matches found", " No matches found", "", "Multiple matches found", "PreferredDDA", "", "[M-H]-1", "541576328.725363", " 685118028.135823", " 697790253.027199", " 1087598819.64617", " 1014802100.39617", "16.9248371564498", " 35.283371695742", " 13.3098607791265", " 27.7138722959499", " 18.3444839720577", "0.776", " 1.559", " 1.454", " 0.630", " 0.933", "-0.37", " 0.64", " 0.54", " -0.67", " -0.10", "0.162907430954076", " 0.0150302762199919", " 0.0989674992110363", " 0.00159770532998627", " 0.929277177860663", "0.919100264834113", " 0.0523782353120929", " 0.269649854978879", " 0.0367472225896841", " 0.999999954496112", "8.2", "5.5", " 5.8", " 6.2", " 7.3", " 5.1", " 5.8", " 4.7", " 5.5", " 4.8", " 5.2", " 4.1", " 4.1", " 6.3", " 4.4", " 6.7", " 6.3", " 7.9", " 6.3", " 8.2", " 8.2", " 7.9", " 6.3", " 7.9", " 6.0", " 6.1", " 5.3", " 6.8", " 5.3", " 5.3", " 4.6", " 4.2", " 4.6", " 4.3", " 5.8", " 5.8", " 7.7", " 5.1", " 7.3", " 5.5", " 5.1"
"2", "", "False", "Docosahexaenoic Acid", "C22 H32 O2", "Full match", " Full match", " No results", " Partial match", " Partial match", "-2.11", "328.23954", "327.23226", "7.405", "1079048516.29776", "12", "2", "0", "91.8", "55.2", "", "No matches found", " No matches found", " No matches found", " No matches found", " No matches found", "", "Multiple matches found", "PreferredDDA", "CO2", "[M-H]-1", "340429898.331767", " 542014768.676076", " 331213435.92968", " 645384425.565832", " 654058379.981662", "28.9968815598606", " 37.9124419284705", " 20.5928539444671", " 26.4801557006278", " 17.5833292540995", "1.028", " 1.949", " 1.975", " 0.840", " 1.013", "0.04", " 0.96", " 0.98", " -0.25", " 0.02", "0.999926494697097", " 9.86869024304227E-05", " 0.000982282390222133", " 0.418992486977287", " 0.934696434921388", "0.999999999997193", " 0.000810642412821329", " 0.00634290387593957", " 0.999999987372115", " 0.999999954496112", "7.7", "7.2", " 4.9", " 6.1", " 5.7", " 7.2", " 7.6", " 6.8", " 4.9", " 6.3", " 6.7", " 3.7", " 7.1", " 6.3", " 3.7", " 6.7", " 6.3", " 4.6", " 7.6", " 6.8", " 4.9", " 6.1", " 5.7", " 5.3", " 6.8", " 4.6", " 4.9", " 6.5", " 4.6", " 5.3", " 4.9", " 6.8", " 4.2", " 5.5", " 5.5", " 7.7", " 5.1", " 5.8", " 7.0", " 5.8", " 5.5"
"3", "", "False", "Arachidonic acid", "C20 H32 O2", "Full match", " Full match", " No results", " Full match", " Not the top hit", "-2.30", "304.23953", "303.23225", "7.551", "817610579.377013", "51", "2", "0", "95.7", "9.8", "", "No matches found", " No matches found", " No matches found", " No matches found", " No matches found", "", "Multiple matches found", "PreferredDDA", "CO2", "[M-H]-1", "472093722.337252", " 463429412.372183", " 397440579.188999", " 511325113.263937", " 484350342.242346", "28.5050320488992", " 32.4551807655402", " 20.9664385747035", " 25.6177963378735", " 35.4857255612644", "1.188", " 1.287", " 1.219", " 0.906", " 0.947", "0.25", " 0.36", " 0.29", " -0.14", " -0.08", "0.895880281224603", " 0.228878604872719", " 0.839377157665383", " 0.864204870860935", " 0.803656991777267", "0.999999999997193", " 0.518152631942702", " 0.999999999407085", " 0.999999987372115", " 0.999999954496112", "8.0", "6.1", " 8.0", " 4.6", " 7.2", " 5.7", " 6.8", " 5.3", " 4.6", " 6.0", " 7.5", " 4.1", " 6.3", " 4.4", " 4.8", " 7.1", " 6.7", " 7.2", " 6.8", " 6.8", " 4.6", " 7.2", " 7.2", " 6.1", " 6.8", " 5.3", " 4.2", " 4.9", " 4.9", " 5.3", " 6.8", " 4.9", " 3.8", " 4.4", " 6.0", " 7.5", " 6.0", " 4.1", " 6.3", " 4.4", " 5.2"
"5", "", "False", "a-Eleostearic acid", "C18 H30 O2", "Full match", " Full match", " No results", " Not the top hit", " Not the top hit", "-2.70", "278.22383", "277.21655", "7.170", "703094737.834034", "76", "6", "0", "96.6", "9.8", "", "No matches found", " No matches found", " No matches found", " No matches found", " No matches found", "", "Multiple matches found", "PreferredDDA", "CO2", "[M-H]-1", "104303713.514795", " 110026615.804108", " 176943924.79148", " 352151002.309911", " 311558206.32362", "28.2884322572612", " 67.5851237724364", " 24.6357730018152", " 36.6681395722295", " 33.3625500040433", "0.589", " 1.990", " 1.761", " 0.312", " 0.885", "-0.76", " 0.99", " 0.82", " -1.68", " -0.18", "0.0936959827003261", " 0.00753301956380881", " 0.0453205484504755", " 8.645950560493E-06", " 0.952629272939865", "0.800019544595092", " 0.0307805223792021", " 0.157935244600142", " 0.000770161876944897", " 0.999999954496112", "7.6", "6.8", " 6.5", " 5.7", " 7.6", " 7.6", " 6.5", " 7.6", " 4.6", " 2.8", " 5.1", " 3.2", " 4.7", " 6.2", " 6.2", " 5.8", " 5.8", " 6.5", " 6.8", " 7.2", " 7.2", " 6.8", " 6.5", " 6.8", " 7.2", " 7.5", " 5.2", " 6.0", " 6.7", " 6.3", " 6.7", " 6.3", " 4.8", " 6.0", " 4.4", " 3.7", " 4.4", " 4.4", " 3.7", " 6.3", " 6.3"
"4", "", "False", "Oleic acid", "C18 H34 O2", "Full match", " Full match", " No results", " Full match", " Not the top hit", "-2.51", "282.25517", "281.24789", "8.173", "640122646.290175", "60", "3", "0", "96.9", "9.8", "", "No matches found", " No matches found", " No matches found", " No matches found", " No matches found", "", "Multiple matches found", "PreferredDDA", "", "[M-H]-1", "183878766.827353", " 279254438.195606", " 226706004.640272", " 386187624.596676", " 367915974.594667", "22.1444457970822", " 32.9376541669026", " 17.6396642831883", " 26.9280973357666", " 20.7499553725791", "0.811", " 1.703", " 1.623", " 0.723", " 0.953", "-0.30", " 0.77", " 0.70", " -0.47", " -0.07", "0.289017900131017", " 0.00152600282163018", " 0.0221084814868542", " 0.0287592526873118", " 0.857823803144259", "0.999999999997193", " 0.00825595889057085", " 0.0941657544810456", " 0.305290528526849", " 0.999999954496112", "8.1", "5.7", " 7.2", " 5.3", " 7.2", " 7.2", " 7.2", " 7.2", " 5.7", " 4.8", " 4.4", " 4.1", " 6.3", " 4.8", " 4.4", " 4.4", " 4.8", " 5.5", " 8.1", " 7.7", " 5.8", " 7.7", " 5.8", " 6.2", " 7.7", " 4.9", " 4.9", " 5.3", " 4.9", " 5.3", " 6.8", " 4.6", " 4.9", " 5.7", " 7.2", " 6.5", " 4.9", " 7.2", " 4.9", " 5.3", " 4.6"
"7", "", "False", "Ethyl myristate", "C16 H32 O2", "Full match", " Full match", " No results", " Not the top hit", " Not the top hit", "-2.94", "256.23948", "255.23220", "8.066", "500809667.997218", "32", "2", "0", "97.0", "9.9", "", "No matches found", " No matches found", " No matches found", " No matches found", " No matches found", "", "Multiple matches found", "PreferredDDA", "", "[M-H]-1", "232291824.867132", " 282073921.410127", " 260149058.063889", " 338418201.074746", " 332200227.691066", "15.3360424049779", " 25.3867807264019", " 10.6768506736783", " 19.5454842992182", " 15.6211445751533", "0.893", " 1.301", " 1.277", " 0.834", " 0.982", "-0.16", " 0.38", " 0.35", " -0.26", " -0.03", "0.707265858351854", " 0.0181378186188839", " 0.107748307442158", " 0.0379382141632312", " 0.93871670458482", "0.999999999997193", " 0.0579402539214346", " 0.275356785685514", " 0.345760006885994", " 0.999999954496112", "8.2", "7.7", " 5.8", " 5.5", " 5.8", " 7.3", " 7.3", " 7.3", " 5.8", " 4.2", " 4.9", " 4.9", " 5.3", " 5.7", " 7.2", " 5.3", " 5.3", " 5.6", " 8.2", " 8.2", " 8.2", " 7.9", " 8.2", " 6.0", " 8.2", " 4.3", " 5.1", " 6.2", " 5.5", " 5.8", " 5.8", " 7.3", " 5.5", " 5.5", " 7.3", " 7.3", " 7.7", " 5.1", " 4.7", " 5.8", " 4.7"
"6", "", "False", "Palmitoleic acid", "C16 H30 O2", "Full match", " Full match", " No results", " Full match", " Not the top hit", "-3.06", "254.22380", "253.21653", "7.476", "495956964.961172", "57", "6", "0", "97.5", "9.9", "", "No matches found", " No matches found", " No matches found", " No matches found", " No matches found", "", "Multiple matches found", "PreferredDDA", "", "[M-H]-1", "91362463.0948734", " 154219611.863074", " 165178410.773025", " 325496262.878485", " 273353611.086933", "34.7647701768013", " 36.102719567587", " 22.4371261384373", " 26.2564489266269", " 31.1036070402483", "0.553", " 1.971", " 1.655", " 0.474", " 0.840", "-0.85", " 0.98", " 0.73", " -1.08", " -0.25", "0.0208128439019984", " 0.00157610976840561", " 0.0155856334825553", " 0.000801665212099789", " 0.915799100504234", "0.288778209140228", " 0.00825595889057085", " 0.074681160437244", " 0.0254856119914458", " 0.999999954496112", "7.6", "6.0", " 6.3", " 6.0", " 6.0", " 6.0", " 6.7", " 5.6", " 5.6", " 6.7", " 7.1", " 6.3", " 6.7", " 6.3", " 5.6", " 6.0", " 5.6", " 6.5", " 4.6", " 4.9", " 6.8", " 7.2", " 7.2", " 5.3", " 6.5", " 6.8", " 5.7", " 6.8", " 4.6", " 7.2", " 7.6", " 7.2", " 6.8", " 6.7", " 6.3", " 6.7", " 3.7", " 4.4", " 4.4", " 4.1", " 4.1"
"8", "", "False", "9,12-hexadecadienoic acid", "C16 H28 O2", "Full match", " No results", " No results", " Partial match", " Full match", "-2.98", "252.20818", "251.20090", "6.939", "415412979.25492", "50", "0", "0", "", "", "", "No matches found", " No matches found", " No matches found", " No matches found", " No matches found", "", "Multiple matches found", "PreferredDDA", "", "[M-H]-1", "33701880.3354283", " 124483630.885076", " 31075360.1368137", " 214818663.319528", " 171616165.777136", "33.8658160623332", " 79.8500190916152", " 33.9591293810107", " 34.0622348913325", " 35.185484250841", "1.085", " 6.913", " 5.523", " 0.579", " 0.799", "0.12", " 2.79", " 2.47", " -0.79", " -0.32", "0.796345480043667", " 2.69007449649195E-09", " 3.06429684959753E-08", " 0.0581271016925753", " 0.909507106111026", "0.999999999997193", " 3.09358567096574E-07", " 1.17464712567905E-06", " 0.422186317556599", " 0.999999954496112", "7.5", "5.6", " 6.0", " 5.6", " 5.7", " 6.7", " 6.0", " 5.6", " 6.0", " 5.8", " 5.8", " 5.8", " 6.2", " 5.8", " 5.8", " 3.7", " 5.8", " 5.4", " 6.0", " 5.4", " 5.2", " 6.3", " 6.1", " 6.0", " 6.3", " 7.1", " 6.0", " 6.0", " 6.3", " 7.5", " 6.7", " 4.8", " 6.3", " 6.3", " 6.7", " 6.7", " 6.3", " 6.3", " 6.7", " 6.7", " 6.3"
"9", "", "False", "Myristic acid", "C14 H28 O2", "Full match", " Full match", " No results", " Full match", " Full match", "-4.29", "228.20795", "227.20067", "7.289", "268423449.857492", "27", "2", "0", "97.8", "9.9", "", "No matches found", " No matches found", " No matches found", " No matches found", " No matches found", "", "Multiple matches found", "PreferredDDA", "", "[M-H]-1", "52243813.351416", " 87069834.7469082", " 78280395.5846542", " 161596347.049676", " 128203390.215661", "21.7471537843723", " 56.3416029132683", " 28.1342645853713", " 25.0236420818042", " 25.8589290628092", "0.667", " 2.064", " 1.638", " 0.539", " 0.793", "-0.58", " 1.05", " 0.71", " -0.89", " -0.33", "0.103974413090604", " 0.000981558683011086", " 0.0650278339071507", " 0.00348174329250006", " 0.508653897535672", "0.824368560932645", " 0.00609883486132445", " 0.191748741008265", " 0.0600600717956261", " 0.999999954496112", "7.6", "6.8", " 7.2", " 6.8", " 6.1", " 6.5", " 7.6", " 6.8", " 6.5", " 6.2", " 5.8", " 6.2", " 5.8", " 5.5", " 5.5", " 5.5", " 5.8", " 4.9", " 6.8", " 6.5", " 6.8", " 6.8", " 6.8", " 7.6", " 6.5", " 7.6", " 6.8", " 6.8", " 7.2", " 6.8", " 6.8", " 6.5", " 6.8", " 4.6", " 6.8", " 7.6", " 6.8", " 6.5", " 6.5", " 6.8", " 4.9"
"10", "", "False", "Alepric acid", "C14 H24 O2", "Full match", " No results", " No results", " Partial match", " Full match", "-4.47", "224.17663", "223.16935", "6.180", "261167057.570417", "48", "0", "0", "", "", "", "No matches found", " No matches found", " No matches found", " No matches found", " No matches found", "", "Multiple matches found", "PreferredDDA", "", "[M-H]-1", "11331382.9079364", " 72922856.4695226", " 15480732.6449001", " 126563702.956512", " 102856943.418216", "49.2498632086643", " 82.3537292633676", " 39.8086331071298", " 29.30850865232", " 54.317232873366", "0.732", " 8.176", " 6.644", " 0.576", " 0.813", "-0.45", " 3.03", " 2.73", " -0.80", " -0.30", "0.997318141431884", " 1.83628527938851E-08", " 5.97831516513381E-08", " 0.0400881167404051", " 0.99381312503671", "0.999999999997193", " 7.03909357098927E-07", " 1.71876560997597E-06", " 0.345760006885994", " 0.999999954496112", "8.0", "4.6", " 5.4", " 6.0", " 4.6", " 4.8", " 5.6", " 5.6", " 5.8", " 5.8", " 6.2", " 7.0", " 5.1", " 6.6", " 6.2", " 5.4", " 5.8", " 4.9", " 6.9", " 6.3", " 6.1", " 6.1", " 5.5", " 6.9", " 6.9", " 8.0", " 8.0", " 7.2", " 8.0", " 7.2", " 7.2", " 7.6", " 7.6", " 6.2", " 7.0", " 6.2", " 7.0", " 6.2", " 6.6", " 6.6", " 6.6"
"14", "", "False", "2E,4E,8E,10E-Dodecatetraenedioic acid", "C12 H14 O4", "Full match", " No results", " No results", " Partial match", " Full match", "-4.47", "222.08822", "221.08094", "3.587", "212505876.304368", "7", "0", "0", "", "", "", "No matches found", " No matches found", " No matches found", " No matches found", " No matches found", "", "Single match found", "PreferredDDA", "CO2", "[M-H]-1", "49957642.6530744", " 65810876.033296", " 85721541.5162776", " 82875180.0816582", " 64745661.2068288", "47.8442086670061", " 58.5205370322118", " 54.5992028686459", " 86.6523977313937", " 67.9778164150742", "0.583", " 0.967", " 0.755", " 0.794", " 0.781", "-0.78", " -0.05", " -0.40", " -0.33", " -0.36", "0.916656189343558", " 0.90052247076901", " 0.976836352489918", " 0.894767348537663", " 0.998083027412368", "0.999999999997193", " 0.999999954286235", " 0.999999999407085", " 0.999999987372115", " 0.999999954496112", "6.6", "6.2", " 5.8", " 5.8", " 5.8", " 6.2", " 6.2", " 6.2", " 5.8", " 5.8", " 6.6", " 6.2", " 6.2", " 6.2", " 6.2", " 6.2", " 5.8", " 5.6", " 5.8", " 6.2", " 6.2", " 6.2", " 6.2", " 5.8", " 6.2", " 6.2", " 4.6", " 6.2", " 5.2", " 6.2", " 6.2", " 5.6", " 6.2", " 6.2", " 6.2", " 6.2", " 6.6", " 6.2", " 5.8", " 5.8", " 5.8"
"11", "", "False", "Eicosapentaenoic acid", "C20 H30 O2", "Full match", " Full match", " No results", " Full match", " Not the top hit", "-2.43", "302.22385", "301.21657", "7.094", "206238822.560635", "59", "2", "0", "93.0", "79.5", "", "No matches found", " No matches found", " No matches found", " No matches found", " No matches found", "", "Multiple matches found", "PreferredDDA", "CO2", "[M-H]-1", "34013631.1583943", " 79527580.4209312", " 30940336.7966389", " 115712002.736964", " 99339313.9185613", "30.2450642862392", " 61.5665673571846", " 32.8502739059778", " 35.2167045031276", " 32.6066089896928", "1.099", " 3.740", " 3.211", " 0.687", " 0.859", "0.14", " 1.90", " 1.68", " -0.54", " -0.22", "0.999993602610341", " 1.67283152474607E-06", " 2.11075518098403E-05", " 0.231234835722738", " 0.915228849262471", "0.999999999997193", " 2.69504577238289E-05", " 0.000220669859830148", " 0.886400203603827", " 0.999999954496112", "7.5", "6.1", " 5.6", " 7.1", " 5.4", " 6.7", " 6.0", " 7.1", " 7.1", " 6.6", " 6.6", " 6.6", " 6.6", " 6.6", " 5.5", " 6.6", " 6.6", " 5.7", " 6.0", " 6.7", " 6.7", " 7.1", " 7.1", " 7.1", " 6.7", " 7.1", " 7.5", " 7.5", " 7.1", " 7.1", " 6.3", " 6.3", " 6.0", " 7.5", " 6.0", " 6.7", " 7.1", " 6.0", " 6.3", " 7.1", " 6.7"
"15", "", "False", "(+/-)12(13)-DiHOME", "C18 H34 O4", "No match", " Invalid mass", " No results", " No match", " No match", "-57316.05", "296.23439", "295.22711", "5.750", "186050688.021117", "55", "9", "0", "95.9", "9.8", "", "No matches found", " No matches found", " No matches found", " No matches found", " No matches found", "", "Multiple matches found", "PreferredDDA", "CO2", "[M-H]-1", "23411279.8867054", " 18377220.698596", " 24288424.6061959", " 37145849.8847721", " 27864093.6288868", "33.5402630290531", " 57.0330576667257", " 32.6232181710905", " 104.193566258782", " 35.8282239179118", "0.964", " 1.529", " 1.147", " 0.495", " 0.750", "-0.05", " 0.61", " 0.20", " -1.02", " -0.41", "0.999917672342505", " 0.262212497059908", " 0.931425885162991", " 0.0611868765926845", " 0.714621165593563", "0.999999999997193", " 0.56895164456395", " 0.999999999407085", " 0.422189448489523", " 0.999999954496112", "7.5", "5.6", " 6.1", " 6.0", " 6.9", " 6.0", " 7.5", " 5.7", " 6.3", " 6.6", " 5.5", " 5.1", " 5.2", " 6.0", " 5.0", " 5.0", " 5.2", " 5.4", " 6.0", " 5.6", " 5.6", " 5.4", " 5.4", " 4.4", " 5.6", " 5.8", " 5.5", " 5.5", " 5.8", " 4.5", " 4.7", " 4.1", " 5.8", " 6.0", " 6.3", " 6.5", " 6.3", " 6.3", " 6.3", " 5.0", " 6.3"
"13", "", "False", "8Z,11Z,14Z-Eicosatrienoic acid", "C20 H34 O2", "Full match", " Full match", " No results", " Full match", " Not the top hit", "-2.22", "306.25520", "305.24792", "7.864", "182312752.192129", "38", "3", "0", "97.9", "9.9", "", "No matches found", " No matches found", " No matches found", " No matches found", " No matches found", "", "Multiple matches found", "PreferredDDA", "CO2", "[M-H]-1", "43154984.3460727", " 61867879.4146412", " 44145928.4867536", " 96822139.0479943", " 77441718.9105518", "32.7983367397129", " 54.3302133193598", " 19.4102101522051", " 38.1940386159203", " 27.7442090936948", "0.978", " 2.193", " 1.754", " 0.639", " 0.800", "-0.03", " 1.13", " 0.81", " -0.65", " -0.32", "0.971116120638924", " 0.00100763358578404", " 0.029730746789093", " 0.112881453192721", " 0.719672419392958", "0.999999999997193", " 0.00609883486132445", " 0.117897788991231", " 0.599140020792135", " 0.999999954496112", "8.1", "5.2", " 6.0", " 6.3", " 6.1", " 7.1", " 6.3", " 6.0", " 4.1", " 4.3", " 5.8", " 4.7", " 3.9", " 5.5", " 5.5", " 6.2", " 5.1", " 7.7", " 7.0", " 7.7", " 7.0", " 8.1", " 7.0", " 7.0", " 6.6", " 7.1", " 4.8", " 6.7", " 6.0", " 6.3", " 6.7", " 5.2", " 2.9", " 5.3", " 3.8", " 6.8", " 6.5", " 6.1", " 5.7", " 6.5", " 6.8"
"16", "", "False", "5-methyl-2E-tridecenoic acid", "C14 H26 O2", "Full match", " No results", " No results", " Not the top hit", " Full match", "-4.35", "226.19230", "225.18502", "6.762", "151415910.349157", "45", "0", "0", "", "", "", "No matches found", " No matches found", " No matches found", " No matches found", " No matches found", "", "Multiple matches found", "PreferredDDA", "", "[M-H]-1", "7520777.9748935", " 40122383.4552767", " 9531422.37853541", " 70956082.9929451", " 47379640.1992545", "54.4772278098737", " 83.8696454915213", " 39.8450201806249", " 35.0147554714296", " 51.1147712049065", "0.789", " 7.444", " 4.971", " 0.565", " 0.668", "-0.34", " 2.90", " 2.31", " -0.82", " -0.58", "0.999999999997193", " 8.24762608209184E-08", " 1.0523596397638E-06", " 0.256122280306031", " 0.908548578349728", "0.999999999997193", " 2.3711924986014E-06", " 2.42042717145674E-05", " 0.930128281111377", " 0.999999954496112", "6.2", "3.9", " 4.2", " 4.8", " 3.3", " 3.1", " 3.5", " 3.5", " 4.8", " 5.5", " 6.2", " 5.5", " 5.5", " 5.5", " 5.5", " 5.0", " 5.5", " 2.4", " 4.6", " 4.7", " 5.7", " 3.6", " 3.0", " 5.7", " 5.1", " 6.0", " 6.0", " 6.0", " 6.0", " 6.0", " 6.0", " 6.0", " 4.1", " 5.5", " 5.8", " 4.3", " 5.5", " 6.2", " 5.8", " 5.5", " 4.7"
"12", "", "False", "Docosapentaenoic acid", "C22 H34 O2", "Full match", " Full match", " No results", " Partial match", " Not the top hit", "-2.17", "330.25516", "329.24789", "7.648", "142539470.353544", "17", "2", "0", "92.3", "9.6", "", "No matches found", " No matches found", " No matches found", " No matches found", " No matches found", "", "Multiple matches found", "PreferredDDA", "CO2", "[M-H]-1", "26596604.695123", " 62608344.1322456", " 22151261.9513993", " 68882060.0658086", " 58343711.1288453", "27.7750846056746", " 54.0083906253934", " 27.3126750061007", " 41.7269739010488", " 30.6081210585531", "1.201", " 3.110", " 2.634", " 0.909", " 0.847", "0.26", " 1.64", " 1.40", " -0.14", " -0.24", "0.933372402254322", " 5.85565086519413E-06", " 0.000107923554837019", " 0.918558888192615", " 0.867093880764151", "0.999999999997193", " 6.12181681361204E-05", " 0.000827413920417149", " 0.999999987372115", " 0.999999954496112", "7.2", "3.6", " 6.1", " 5.9", " 6.2", " 4.2", " 5.7", " 7.2", " 6.1", " 2.8", " 5.1", " 2.4", " 3.2", " 5.5", " 3.6", " 5.5", " 5.1", " 5.9", " 3.4", " 4.3", " 3.2", " 6.8", " 5.9", " 3.4", " 3.4", " 5.5", " 2.8", " 2.8", " 2.4", " 2.8", " 2.8", " 3.2", " 3.2", " 3.7", " 6.3", " 5.6", " 3.7", " 4.8", " 2.9", " 3.7", " 4.1"
"17", "", "False", "Adrenic acid", "C22 H36 O2", "Full match", " Full match", " No results", " Full match", " Not the top hit", "-2.18", "332.27081", "331.26353", "8.064", "104873012.689838", "14", "3", "0", "95.4", "9.8", "", "No matches found", " No matches found", " No matches found", " No matches found", " No matches found", "", "Multiple matches found", "PreferredDDA", "CO2", "[M-H]-1", "13524154.8424269", " 32875388.4415191", " 11351587.381941", " 45652246.2902881", " 42974410.1233123", "33.2863543839544", " 70.7261828039612", " 36.963429121571", " 42.6708459583379", " 33.1672285538143", "1.191", " 4.022", " 3.786", " 0.720", " 0.941", "0.25", " 2.01", " 1.92", " -0.47", " -0.09", "0.940874986379384", " 8.12114738235614E-07", " 4.18792190548523E-06", " 0.663903998042521", " 0.981504343077639", "0.999999999997193", " 1.55655324828493E-05", " 6.8801574161543E-05", " 0.999999987372115", " 0.999999954496112", "6.9", "6.6", " 5.0", " 3.5", " 3.2", " 5.7", " 5.7", " 4.6", " 4.2", " 6.2", " 3.2", " 5.2", " 4.3", " 4.7", " 2.2", " 5.2", " 3.9", " 2.2", " 5.7", " 6.3", " 6.9", " 6.5", " 5.9", " 4.6", " 6.1", " 6.2", " 3.9", " 6.2", " 2.4", " 4.7", " 5.5", " 6.6", " 6.2", " 3.7", " 6.7", " 6.7", " 6.3", " 4.8", " 4.4", " 4.4", " 2.9"
"18", "", "False", "5-methyl-2E-tridecenoic acid", "C14 H26 O2", "Full match", " No results", " No results", " Not the top hit", " Full match", "-4.32", "226.19230", "225.18503", "6.645", "87488387.8093238", "45", "0", "0", "", "", "", "No matches found", " No matches found", " No matches found", " No matches found", " No matches found", "", "Multiple matches found", "PreferredDDA", "", "[M-H]-1", "5059935.10363875", " 13077165.6769276", " 11369879.1211704", " 44533630.1810929", " 34813411.9972456", "54.2210622759198", " 75.6813810539049", " 39.4336329720593", " 36.277930315681", " 46.8550202115421", "0.445", " 3.917", " 3.062", " 0.294", " 0.782", "-1.17", " 1.97", " 1.61", " -1.77", " -0.36", "0.130960477313589", " 2.91995126389111E-05", " 0.000591189563903916", " 0.000351946406041193", " 0.848646585246548", "0.855094881282848", " 0.000279828662789564", " 0.00424917499055939", " 0.0161895346778949", " 0.999999954496112", "6.0", "4.8", " 4.8", " 5.0", " 4.5", " 4.8", " 5.0", " 4.8", " 5.2", " 5.5", " 5.5", " 5.5", " 5.2", " 2.3", " 5.0", " 4.5", " 4.5", " 5.3", " 5.7", " 5.5", " 5.7", " 5.5", " 5.5", " 5.7", " 5.7", " 6.0", " 6.0", " 6.0", " 6.0", " 6.0", " 5.6", " 5.2", " 6.0", " 5.5", " 5.5", " 5.2", " 5.5", " 5.5", " 5.5", " 5.5", " 4.7"
"19", "", "False", "4,7,10-hexadecatrienoic acid", "C16 H26 O2", "Full match", " No results", " No results", " Not the top hit", " Full match", "-3.15", "250.19249", "249.18521", "6.633", "82929581.5552959", "21", "0", "0", "", "", "", "No matches found", " No matches found", " No matches found", " No matches found", " No matches found", "", "Multiple matches found", "PreferredDDA", "CO2", "[M-H]-1", "6176849.24179795", " 23496932.856758", " 5729134.19332953", " 43492365.3885218", " 28983929.7543109", "41.52433426169", " 83.1383257383615", " 16.1968508327683", " 36.995175830404", " 54.6221696540636", "1.078", " 7.591", " 5.059", " 0.540", " 0.666", "0.11", " 2.92", " 2.34", " -0.89", " -0.59", "0.988931703347059", " 4.41400287876093E-07", " 3.92020580575192E-06", " 0.111965153846852", " 0.933427616705572", "0.999999999997193", " 1.01522066211501E-05", " 6.8801574161543E-05", " 0.599140020792135", " 0.999999954496112", "6.7", "3.8", " 5.8", " 6.1", " ", " 5.4", " 4.8", " 3.4", " 4.5", " 5.5", " 4.7", " 5.1", " 5.1", " 5.2", " 5.2", " 4.5", " 5.2", " ", " 6.7", " 6.7", " 6.7", " 5.2", " 5.5", " 6.1", " 5.9", " 6.7", " 6.3", " 6.0", " 5.2", " 5.6", " 5.6", " 6.0", " 6.0", " 5.5", " 4.8", " 5.5", " 5.8", " 4.7", " 6.2", " 3.7", " 4.7"
"56", "", "False", "(15Z)-9,12,13-Trihydroxy-15-octadecenoic acid", "C18 H34 O5", "Full match", " Full match", " No results", " Partial match", " Partial match", "-2.00", "330.23997", "329.23269", "3.704", "61478873.2951813", "28", "1", "0", "81.4", "9.1", "", "No matches found", " No matches found", " No matches found", " No matches found", " No matches found", "", "Multiple matches found", "PreferredDDA", "", "[M-H]-1", "15123650.6081772", " 16755928.8591848", " 21114803.6013603", " 28135943.7660464", " 28006478.3931704", "30.3562501530459", " 41.1926454320859", " 42.4068097990876", " 61.2867105796846", " ", "0.716", " 1.333", " 1.326", " 0.596", " 0.995", "-0.48", " 0.41", " 0.41", " -0.75", " -0.01", "0.870740455846247", " 0.906318467929875", " ", " 0.450493888887707", " ", "0.999999999997193", " 0.999999954286235", " ", " 0.999999987372115", " ", "5.0", "2.7", " ", " ", " 3.2", " ", " 2.7", " 5.0", " 1.2", " 3.7", " 2.0", " 2.6", " 3.2", " ", " ", " ", " ", " ", " 3.2", " ", " 0.7", " ", " ", " 2.6", " 3.9", " 2.2", " 2.8", " 4.3", " 3.7", " 2.6", " ", " ", " 3.6", " ", " ", " ", " ", " ", " ", " ", " 2.4"
"20", "", "False", "Docosapentaenoic acid", "C22 H34 O2", "Full match", " Full match", " No results", " Partial match", " Not the top hit", "-2.09", "330.25519", "329.24791", "7.827", "57331712.5806586", "17", "2", "0", "94.1", "9.7", "", "No matches found", " No matches found", " No matches found", " No matches found", " No matches found", "", "Multiple matches found", "PreferredDDA", "CO2", "[M-H]-1", "15058496.9931447", " 20951519.181845", " 9631581.88445008", " 26678464.7492343", " 21261025.2708056", "31.2479127823221", " 62.0292101884702", " 53.4794258136619", " 40.9097260113726", " 42.108576588138", "1.563", " 2.770", " 2.207", " 0.785", " 0.797", "0.64", " 1.47", " 1.14", " -0.35", " -0.33", "0.784459382495744", " 0.00398413445740908", " 0.0404295994517788", " 0.97862195192205", " 0.849117098741016", "0.999999999997193", " 0.0183270185040818", " 0.154980131231819", " 0.999999987372115", " 0.999999954496112", "6.5", "6.3", " 4.6", " 5.0", " 5.9", " 5.7", " 6.5", " 6.1", " 6.5", " 5.8", " 5.8", " ", " 4.7", " 4.8", " 5.6", " 2.6", " 5.2", " 5.0", " 6.2", " 5.0", " 5.6", " 5.4", " 5.0", " 4.8", " 4.6", " 5.1", " 3.9", " 3.0", " 5.2", " 6.2", " 4.5", " ", " 2.0", " 5.6", " 3.7", " 5.6", " 5.5", " 5.8", " 2.8", " 4.6", " 5.8"
"23", "", "False", "3-dehydroecdysone", "C27 H42 O6", "Full match", " No results", " No results", " Not the top hit", " Full match", "-1.89", "462.29727", "461.28999", "6.888", "55370515.7000302", "8", "0", "0", "", "", "", "No matches found", " No matches found", " No matches found", " No matches found", " No matches found", "", "Multiple matches found", "PreferredDDA", "", "[M-H]-1", "4476075.1830653", " 24801764.9033078", " 5463864.69072255", " 30867315.4350591", " 32023608.7540599", "29.4015105370866", " 51.0679067070866", " 28.1365568499238", " 33.4417832539462", " 27.8852393003238", "0.819", " 5.649", " 5.861", " 0.803", " 1.037", "-0.29", " 2.50", " 2.55", " -0.32", " 0.05", "0.936459117864515", " 1.1601764215996E-08", " 6.46161590900363E-09", " 0.827173901123216", " 0.999129294237073", "0.999999999997193", " 6.67101442419771E-07", " 3.71542914767709E-07", " 0.999999987372115", " 0.999999954496112", "8.0", "6.2", " 6.5", " ", " ", " 5.8", " 6.0", " 5.2", " 6.4", " 2.0", " 5.5", " 4.3", " 4.7", " 5.2", " 5.2", " 6.4", " 5.8", " ", " 6.2", " 5.0", " 5.4", " 6.5", " ", " 4.9", " 5.6", " 6.7", " 6.0", " 4.8", " 5.7", " 4.1", " 5.2", " 4.4", " 3.3", " 6.5", " 6.1", " 7.6", " 8.0", " 5.7", " 5.7", " 7.0", " 7.2"
"21", "", "False", "3E,9Z,12Z,15Z-octadecatetraenoic acid", "C18 H28 O2", "Full match", " No results", " No results", " Partial match", " Full match", "-2.77", "276.20816", "275.20089", "6.752", "53495380.1043251", "73", "0", "0", "", "", "", "No matches found", " No matches found", " No matches found", " No matches found", " No matches found", "", "Multiple matches found", "PreferredDDA", "CO2", "[M-H]-1", "3822252.72243073", " 9726331.40579727", " 4921055.89359139", " 19081822.1740816", " 15492309.7666403", "20.8122342774587", " 64.5765391565925", " 25.0110428963028", " 55.2069157728965", " 44.6544010866789", "0.777", " 3.878", " 3.148", " 0.510", " 0.812", "-0.36", " 1.96", " 1.65", " -0.97", " -0.30", "0.900943673075765", " 3.71200297100138E-06", " 2.96009814395592E-05", " 0.0063233781013905", " 0.930625705330582", "0.999999999997193", " 4.26880341665159E-05", " 0.00028367607212911", " 0.0872626177991889", " 0.999999954496112", "6.3", "", " 5.9", " 6.3", " ", " 4.3", " ", " ", " 4.3", " 4.7", " 6.0", " 5.6", " 3.9", " 3.9", " 4.0", " ", " 4.8", " ", " 4.4", " 5.2", " 4.3", " 5.3", " 4.3", " 4.9", " 6.2", " 5.8", " 5.5", " 4.8", " 5.2", " 5.4", " 6.0", " 5.2", " 5.5", " 4.5", " 5.6", " 5.6", " 5.2", " 5.8", " 6.2", " 5.8", " 5.1"
"24", "", "False", "LPC 22:6", "C30 H50 N O7 P", "No match", " No results", " Invalid mass", " No results", " No results", "105793.26", "627.35245", "626.34517", "5.207", "53028225.4386689", "0", "0", "1", "", "", "58.2", "No matches found", " No matches found", " No matches found", " Single match found", " No matches found", "", "No matches found", "PreferredDDA", "", "[M-H]-1", "11416800.8140566", " 9640512.02734371", " 24409977.6311007", " 15137925.0682654", " 13677521.0546283", "46.8880033313487", " 29.10916762196", " 41.2115298151593", " 63.8089646853229", " 33.8057684360912", "0.468", " 0.620", " 0.560", " 0.637", " 0.904", "-1.10", " -0.69", " -0.84", " -0.65", " -0.15", "0.00235076238565834", " 0.230962471691915", " 0.0238720512872885", " 0.0534468991403798", " 0.828448512061341", "0.130467312404038", " 0.518152631942702", " 0.098045924929935", " 0.421014690983406", " 0.999999954496112", "6.5", "5.2", " 4.5", " 4.8", " 5.2", " 4.6", " 4.8", " 5.4", " 5.1", " 5.5", " 5.5", " 4.9", " 6.2", " 5.6", " 5.3", " 4.5", " 5.3", " 3.9", " 5.8", " 5.5", " 5.6", " 5.6", " 5.5", " 5.2", " 5.5", " 3.9", " 5.2", " 4.5", " 3.3", " 5.2", " 5.2", " 4.8", " 4.5", " 5.7", " 5.4", " 6.1", " 5.7", " 6.5", " 5.4", " 4.4", " 5.7"
"109", "", "False", "", "C9 H7 N3 P2 S", "Full match", " No results", " No results", " No results", " No results", "4.28", "250.98467", "249.97739", "0.145", "47656981.0689197", "0", "0", "0", "", "", "", "No matches found", " No matches found", " No matches found", " No matches found", " No matches found", "", "No matches found", "PreferredDDA", "", "[M-H]-1", "42510629.7664607", " 43162181.0131017", " 43432758.0790416", " 41628275.867121", " 41322649.1058139", "5.87137120602577", " 2.69302246057406", " 4.90944196920765", " 1.90127865811575", " 3.64534365387182", "0.979", " 0.958", " 0.951", " 1.037", " 0.993", "-0.03", " -0.06", " -0.07", " 0.05", " -0.01", "0.165603651321462", " 0.287107187281067", " 0.0511912213785546", " 0.903253247964228", " 0.915085873230409", "0.919100264834113", " 0.600315027951323", " 0.168199727386679", " 0.999999987372115", " 0.999999954496112", "4.3", "", " 3.8", " 3.8", " ", " 3.4", " 3.4", " 3.4", " 3.4", " ", " 3.9", " 3.9", " 3.9", " ", " 3.9", " 3.9", " ", " 3.9", " ", " 3.9", " 3.9", " 3.9", " 3.9", " ", " ", " 3.9", " 3.9", " ", " ", " 3.9", " ", " 4.3", " 3.9", " ", " ", " 3.9", " 3.9", " 4.3", " 3.9", " 4.3", " 3.9"
"25", "", "False", "4,7,10-hexadecatrienoic acid", "C16 H26 O2", "Full match", " No results", " No results", " Not the top hit", " Full match", "-3.09", "250.19251", "249.18523", "6.407", "45971300.685253", "21", "0", "0", "", "", "", "No matches found", " No matches found", " No matches found", " No matches found", " No matches found", "", "Multiple matches found", "PreferredDDA", "", "[M-H]-1", "4113004.44502319", " 8534487.03345118", " 3956712.57197793", " 22148321.9428017", " 16798695.7543982", "", " 70.2044487121882", " 6.95614932239851", " 39.8675559826667", " 46.067391877252", "1.040", " 5.598", " 4.246", " 0.385", " 0.758", "0.06", " 2.48", " 2.09", " -1.38", " -0.40", "", " 3.13324677303495E-06", " 1.92161580806482E-05", " 0.0009233917388205", " 0.90484235210363", "", " 4.00359309887799E-05", " 0.000220669859830148", " 0.0254856119914458", " 0.999999954496112", "7.7", "", " ", " ", " ", " ", " ", " ", " 5.2", " 5.5", " 5.2", " 5.6", " 5.0", " 5.2", " 4.5", " ", " 4.4", " ", " 7.7", " ", " 7.4", " 7.3", " ", " 7.3", " 7.3", " 6.3", " 5.6", " 6.1", " 6.1", " 6.1", " 6.0", " 6.3", " 6.3", " 5.6", " 5.6", " 5.6", " 5.6", " 5.8", " 5.5", " 5.2", " 5.8"
"26", "", "False", "ethyl 3-cyano-2-hydroxy-6-phenylisonicotinate", "C15 H12 N2 O3", "No match", " Invalid mass", " No results", " No match", " No results", "-17.31", "268.08015", "267.07288", "0.564", "44997610.6104191", "4", "1", "0", "60.4", "44.5", "", "No matches found", " No matches found", " No matches found", " No matches found", " No matches found", "", "No matches found", "PreferredDDA", "", "[M-H]-1", "24909436.2886931", " 15903318.9122367", " 32176223.3546634", " 23857081.0751026", " 27062576.1410918", "38.5192709329062", " 65.6062020104143", " 33.3645840523915", " 33.6635421674083", " 21.3694628452843", "0.774", " 0.741", " 0.841", " 0.667", " 1.134", "-0.37", " -0.43", " -0.25", " -0.59", " 0.18", "0.736475140913307", " 0.820341711385328", " 0.995036490387382", " 0.29381920925952", " 0.95875865282852", "0.999999999997193", " 0.999999954286235", " 0.999999999407085", " 0.96487872033657", " 0.999999954496112", "7.2", "5.5", " 6.7", " 7.1", " 5.7", " 6.1", " 6.7", " 6.1", " 6.7", " 6.2", " 6.2", " 5.2", " 6.6", " 4.6", " 6.4", " 4.0", " 5.0", " 5.7", " 6.7", " 6.3", " 6.3", " 6.3", " 6.3", " 6.3", " 6.3", " 6.7", " 6.7", " 6.7", " 5.7", " 5.5", " 6.5", " 6.3", " 6.7", " 6.8", " 6.8", " 6.8", " 6.8", " 7.2", " 7.2", " 7.0", " 7.2"
"34", "", "False", "(15Z)-9,12,13-Trihydroxy-15-octadecenoic acid", "C18 H34 O5", "Full match", " Full match", " No results", " Partial match", " Partial match", "-2.05", "330.23995", "329.23267", "3.227", "44282265.8028081", "28", "1", "0", "90.5", "52.3", "", "No matches found", " No matches found", " No matches found", " No matches found", " No matches found", "", "Multiple matches found", "PreferredDDA", "", "[M-H]-1", "6699689.48230446", " 4717619.11456895", " 6991255.23830669", " 15496881.4463388", " 4300373.96635079", "31.7756305949022", " 4.750488534087", " 21.0394070102288", " 87.7030086972844", " 106.062261202788", "0.958", " 2.217", " 0.615", " 0.304", " 0.277", "-0.06", " 1.15", " -0.70", " -1.72", " -1.85", "0.999894986532858", " 0.427267276017061", " 0.999722765213434", " 0.156748056437528", " 0.669804056157558", "0.999999999997193", " 0.792511882934871", " 0.999999999407085", " 0.745904544426856", " 0.999999954496112", "7.8", "3.8", " ", " 2.1", " ", " 4.9", " 4.6", " ", " 4.4", " 7.8", " ", " ", " ", " 7.0", " 7.8", " ", " ", " ", " 5.6", " 4.9", " 5.8", " ", " ", " 6.0", " 4.5", " ", " 5.5", " 4.8", " ", " 3.9", " 1.4", " ", " 4.8", " 3.6", " ", " ", " ", " ", " 2.9", " ", " 2.8"
"28", "", "False", "7-hydroxy-10E-Heptadecen-8-ynoic acid", "C17 H28 O3", "Full match", " No results", " No results", " Not the top hit", " Full match", "-2.34", "280.20319", "279.19591", "5.058", "44057221.0117292", "12", "0", "0", "", "", "", "No matches found", " No matches found", " No matches found", " No matches found", " No matches found", "", "Multiple matches found", "PreferredDDA", "CO2", "[M-H]-1", "12058910.8394827", " 9961326.71703931", " 10668765.5731651", " 8316642.40166697", " 8460020.52292146", "53.8492951151716", " 56.1440458060288", " 35.0906963634729", " 101.885370790412", " 52.5427358885554", "1.130", " 0.780", " 0.793", " 1.198", " 1.017", "0.18", " -0.36", " -0.33", " 0.26", " 0.02", "0.968512917126854", " 0.999999754581691", " 0.999887512437648", " 0.999999987372115", " 0.999964126066366", "0.999999999997193", " 0.999999954286235", " 0.999999999407085", " 0.999999987372115", " 0.999999954496112", "6.5", "4.2", " 5.2", " 6.2", " 5.8", " 4.8", " 5.2", " 4.6", " 5.5", " 5.8", " 6.4", " 5.2", " 4.6", " 4.5", " 3.3", " 4.2", " 5.0", " 5.5", " 6.5", " 5.9", " 6.1", " 4.7", " 5.4", " 6.1", " 5.7", " 4.5", " 5.8", " 3.9", " 4.4", " ", " 4.2", " 5.5", " 5.6", " 5.0", " 4.2", " 4.6", " 4.6", " 5.6", " 5.6", " 4.6", " 4.6"
"53", "", "False", "", "C6 H7 N2 O5 P", "Full match", " No results", " No results", " No results", " No results", "0.22", "218.00930", "217.00203", "10.874", "43194998.8463476", "0", "0", "0", "", "", "", "No matches found", " No matches found", " No matches found", " No matches found", " No matches found", "", "No matches found", "PreferredDDA", "", "[M-H]-1", "38405408.9654712", " 36615496.0179773", " 36134936.3274139", " 37292608.2881769", " 39029330.4674134", "9.95223178119139", " 8.87986913482817", " 9.67889865442864", " 7.4824145723318", " 6.27733203191504", "1.063", " 1.032", " 1.080", " 0.982", " 1.047", "0.09", " 0.05", " 0.11", " -0.03", " 0.07", "0.849709919491234", " 0.99633380799325", " 0.340741558595094", " 0.984286936011497", " 0.548388863727758", "0.999999999997193", " 0.999999954286235", " 0.699737129257783", " 0.999999987372115", " 0.999999954496112", "6.5", "4.2", " 4.9", " 5.7", " 4.9", " 4.2", " 6.1", " 6.1", " 4.6", " 4.6", " 5.7", " 4.2", " 6.1", " 4.2", " 4.6", " 5.3", " 3.8", " 6.5", " 6.5", " 4.9", " 4.6", " 5.3", " 5.3", " 5.3", " 5.7", " 5.7", " 4.2", " 4.2", " 3.8", " 4.2", " 4.2", " 3.8", " 3.4", " 6.5", " 5.7", " 6.1", " 4.9", " 5.3", " 4.6", " 4.2", " 4.6"
"31", "", "False", "ascr#29", "C23 H42 O6", "Full match", " No results", " No results", " Full match", " Full match", "-2.34", "414.29717", "413.28989", "7.065", "39537265.2397217", "2", "0", "0", "", "", "", "No matches found", " No matches found", " No matches found", " No matches found", " No matches found", "", "Multiple matches found", "PreferredDDA", "", "[M-H]-1", "8867202.71085707", " 14501432.7726454", " 11070895.7247108", " 22649474.8145357", " 24425387.5639653", "34.215256645078", " 56.9802217806633", " 51.4694551430139", " 25.6112895362769", " 28.7638585875383", "0.801", " 2.046", " 2.206", " 0.640", " 1.078", "-0.32", " 1.03", " 1.14", " -0.64", " 0.11", "0.837705341004866", " 0.00277454236999197", " 0.00202649887757245", " 0.0549149596934877", " 0.999963014517218", "0.999999999997193", " 0.0132946821895449", " 0.0122656511010964", " 0.421014690983406", " 0.999999954496112", "7.2", "6.3", " 3.6", " 5.1", " 3.8", " 6.3", " 6.5", " 6.3", " 5.0", " 5.5", " 5.2", " 3.7", " 4.8", " 5.0", " 5.0", " 5.8", " 4.5", " 3.5", " 4.8", " 4.2", " 5.6", " 4.8", " 3.1", " 4.1", " 5.5", " 3.6", " 6.5", " 5.3", " 6.1", " 6.2", " 7.2", " 4.2", " 5.3", " 3.4", " 6.5", " 5.5", " 6.5", " 6.5", " 6.5", " 5.9", " 5.5"
"27", "", "False", "3-pentadecynoic acid", "C15 H26 O2", "Full match", " No results", " No results", " Partial match", " Full match", "-3.63", "238.19241", "237.18514", "6.329", "38175100.8332148", "30", "0", "0", "", "", "", "No matches found", " No matches found", " No matches found", " No matches found", " No matches found", "", "Multiple matches found", "PreferredDDA", "", "[M-H]-1", "11079188.6935345", " 5090592.26797272", " 6411764.16465484", " 5850795.56930658", " 4435794.5236114", "86.877641659182", " 26.0744772905413", " 97.2925934270775", " 27.9505944712375", " 20.2794747835824", "1.728", " 0.913", " 0.692", " 0.870", " 0.758", "0.79", " -0.13", " -0.53", " -0.20", " -0.40", "0.765745875575642", " 0.951248846382585", " 0.339340448781198", " 0.931491952767988", " 0.69573512566365", "0.999999999997193", " 0.999999954286235", " 0.699737129257783", " 0.999999987372115", " 0.999999954496112", "6.6", "", " 5.2", " 5.0", " 5.4", " 6.4", " 4.8", " 6.6", " 5.6", " 6.4", " 6.2", " 3.7", " 4.6", " ", " ", " ", " ", " ", " 5.0", " ", " 4.6", " 4.8", " 5.8", " 4.4", " 4.0", " 5.4", " 4.5", " 4.9", " 4.6", " ", " 5.3", " 4.3", " 4.3", " 5.9", " 4.6", " ", " ", " 6.2", " 3.3", " ", " 4.3"
"29", "", "False", "11(Z),14(Z)-Eicosadienoic acid", "C20 H36 O2", "Full match", " Full match", " No results", " Not the top hit", " Full match", "-2.28", "308.27083", "307.26355", "8.285", "36778716.3753877", "36", "2", "0", "96.0", "9.8", "", "No matches found", " No matches found", " No matches found", " No matches found", " No matches found", "", "Multiple matches found", "PreferredDDA", "", "[M-H]-1", "6490739.34916896", " 11245659.7133355", " 7610843.59900527", " 17336556.6073878", " 15440891.6415218", "26.1268112580024", " 49.8957981613174", " 29.1285122615712", " 41.9895074959268", " 18.2774410687647", "0.853", " 2.278", " 2.029", " 0.649", " 0.891", "-0.23", " 1.19", " 1.02", " -0.62", " -0.17", "0.715616684592389", " 7.78551800144633E-05", " 0.000992802345799237", " 0.0727480004480913", " 0.908395757019246", "0.999999999997193", " 0.000688718900127945", " 0.00634290387593957", " 0.478058288658885", " 0.999999954496112", "8.3", "5.6", " 6.4", " 6.4", " 5.4", " 6.0", " 7.1", " 6.8", " 6.4", " 6.2", " 5.6", " 6.0", " 5.6", " 5.0", " 5.4", " 5.0", " 5.4", " 5.8", " 6.6", " 6.4", " 5.6", " 6.8", " 6.4", " 4.5", " 7.1", " 6.4", " 6.6", " 6.0", " 6.0", " 5.8", " 6.0", " 6.4", " 6.0", " 6.7", " 7.9", " 7.5", " 4.8", " 4.8", " 8.3", " 7.9", " 5.2"
"47", "", "False", "(±)11(12)-EET", "C20 H32 O3", "Full match", " Full match", " Full match", " Not the top hit", " Not the top hit", "-2.32", "320.23440", "319.22712", "6.023", "34833255.5249443", "72", "7", "3", "91.2", "32.0", "63.0", "Multiple matches found", " No matches found", " No matches found", " No matches found", " No matches found", "", "Multiple matches found", "PreferredDDA", "CO2", "[M-H]-1", "23792307.594867", " 8708973.22903312", " 12061459.2398407", " 13256856.1014538", " 12050491.6217853", "50.2636298373688", " 27.3798122041653", " ", " 72.3807168171892", " 10.8882068696811", "1.973", " 1.099", " 0.999", " 0.657", " 0.909", "0.98", " 0.14", " 0.00", " -0.61", " -0.14", "", " ", " ", " 0.51123332032698", " 0.961448129207944", "", " ", " ", " 0.999999987372115", " 0.999999954496112", "7.2", "", " ", " 6.2", " ", " 4.6", " ", " ", " 5.8", " 1.8", " 6.6", " 3.0", " ", " 3.7", " ", " ", " ", " ", " ", " ", " 4.8", " ", " ", " ", " ", " 5.2", " 5.1", " ", " ", " ", " 2.0", " ", " ", " ", " ", " ", " ", " 7.2", " 5.4", " ", " "
"46", "", "False", "(+/-)13-HODE", "C18 H32 O3", "Full match", " Full match", " No results", " Full match", " Not the top hit", "-2.59", "296.23438", "295.22710", "6.503", "34432398.244579", "55", "9", "0", "96.5", "9.8", "", "No matches found", " No matches found", " No matches found", " No matches found", " No matches found", "", "Multiple matches found", "PreferredDDA", "CO2", "[M-H]-1", "6822862.46914414", " 8921782.44922811", " 7820720.59422801", " 12254904.8890827", " 17189027.4435102", "20.2962724359789", " 59.3346809013879", " 19.8017335718173", " 56.9307318996189", " 46.9809534165657", "0.872", " 1.567", " 2.198", " 0.728", " 1.403", "-0.20", " 0.65", " 1.14", " -0.46", " 0.49", "0.904964820847665", " 0.170721535038469", " 0.138727303891539", " 0.300650615757047", " 0.999962356473048", "0.999999999997193", " 0.436288367320533", " 0.325584488725042", " 0.96487872033657", " 0.999999954496112", "6.9", "2.6", " 3.9", " 5.3", " 5.6", " 4.3", " ", " 3.4", " 5.6", " 4.7", " 4.6", " 2.3", " 4.1", " 2.5", " 3.9", " ", " 3.5", " ", " 4.6", " 2.3", " 6.9", " 3.5", " 6.5", " 6.4", " 5.9", " 5.0", " 1.3", " 5.4", " 4.8", " 5.2", " 4.2", " 4.1", " 5.6", " 4.2", " 3.9", " 1.8", " 2.4", " 2.2", " 3.3", " 3.9", " 3.7"
"36", "", "False", "LPE 22:6", "C27 H44 N O7 P", "Full match", " No results", " Full match", " Partial match", " Partial match", "-2.27", "525.28435", "524.27707", "5.183", "33089656.1387116", "2", "0", "1", "", "", "57.2", "No matches found", " No matches found", " No matches found", " Single match found", " No matches found", "", "Multiple matches found", "PreferredDDA", "", "[M-H]-1", "7820024.6124784", " 5724751.37111597", " 16352568.1241545", " 12157843.872659", " 9035237.05358669", "34.2245962054101", " 41.3625002292699", " 45.9205997625006", " 50.6401028000579", " 53.0901994059302", "0.478", " 0.743", " 0.553", " 0.471", " 0.743", "-1.06", " -0.43", " -0.86", " -1.09", " -0.43", "0.0708349180970482", " 0.196165663926863", " 0.263527005895158", " 0.619280952591683", " 0.999974843746122", "0.714788718979305", " 0.469980236491442", " 0.582800109191215", " 0.999999987372115", " 0.999999954496112", "5.8", "", " 3.6", " 4.7", " 5.1", " ", " 4.5", " ", " ", " 3.6", " ", " 3.9", " 4.6", " ", " ", " 4.4", " ", " 5.6", " 5.5", " 5.6", " 5.8", " 2.6", " 3.9", " 5.1", " 4.8", " 5.2", " 4.8", " 5.6", " 5.2", " 3.3", " 2.7", " 4.6", " 4.6", " 3.9", " 3.6", " ", " ", " ", " 5.2", " 4.2", " 3.7"
"33", "", "False", "Uridine", "C9 H12 N2 O6", "Full match", " No results", " No results", " Full match", " No results", "-3.19", "244.06876", "243.06146", "0.566", "31127589.5219263", "3", "0", "0", "", "", "", "No matches found", " No matches found", " No matches found", " No matches found", " No matches found", "", "No matches found", "PreferredDDA", "", "[M-H]-1", "21734535.8846423", " 12832820.3347087", " 26232971.6969629", " 17631636.223554", " 18488230.4049527", "34.4968531155424", " 51.9731368604209", " 26.5704150144704", " 25.7824082297062", " 22.897339754827", "0.829", " 0.672", " 0.705", " 0.728", " 1.049", "-0.27", " -0.57", " -0.50", " -0.46", " 0.07", "0.970716822238889", " 0.714444483905401", " 0.808106983848456", " 0.187929514625644", " 0.999806193417686", "0.999999999997193", " 0.999999954286235", " 0.999999999407085", " 0.831000081220288", " 0.999999954496112", "7.2", "6.3", " 6.7", " 6.3", " 5.7", " 6.5", " 6.3", " 5.7", " 6.7", " 5.6", " 5.2", " 6.0", " 5.5", " 4.2", " 5.0", " 4.0", " 5.0", " 6.4", " 6.5", " 7.0", " 6.8", " 6.6", " 6.5", " 7.2", " 7.2", " 6.2", " 6.8", " 7.0", " 6.6", " 6.4", " 6.2", " 6.6", " 7.2", " 7.0", " 6.2", " 6.6", " 6.2", " 7.2", " 6.5", " 6.4", " 7.0"
"35", "", "False", "trans-10-Heptadecenoic acid", "C17 H32 O2", "Full match", " Full match", " No results", " Not the top hit", " Not the top hit", "-2.45", "268.23957", "267.23230", "7.839", "30642424.78921", "51", "2", "0", "95.5", "9.8", "", "No matches found", " No matches found", " No matches found", " No matches found", " No matches found", "", "Multiple matches found", "PreferredDDA", "", "[M-H]-1", "5456687.1274579", " 7537437.86073684", " 6703822.52023099", " 13417898.6626884", " 11782404.2095771", "24.1027592042673", " 46.3399682936135", " 20.6956593696391", " 45.514296238668", " 34.1547798049071", "0.814", " 2.002", " 1.758", " 0.562", " 0.878", "-0.30", " 1.00", " 0.81", " -0.83", " -0.19", "0.694128251286455", " 0.00157940083123964", " 0.0195659730106933", " 0.00422977832016536", " 0.873895031058611", "0.999999999997193", " 0.00825595889057085", " 0.0865418037011434", " 0.0648566009092021", " 0.999999954496112", "6.5", "", " 6.4", " 6.2", " ", " 6.2", " 4.3", " 5.8", " 6.4", " 5.6", " 5.0", " 2.7", " 2.7", " 5.2", " 5.2", " ", " 5.2", " 4.6", " 6.4", " 6.4", " 6.4", " 6.4", " 6.2", " 6.4", " 4.1", " 6.0", " 2.8", " 5.6", " 5.6", " 5.8", " 5.2", " 5.6", " 5.6", " 3.6", " 6.5", " 3.6", " 5.7", " 6.5", " 6.1", " 5.9", " 5.7"
"30", "", "False", "PA(P-16:0/20:5(5Z,8Z,11Z,14Z,17Z))", "C39 H67 O7 P", "No match", " No results", " No results", " Full match", " Full match", "-2.49", "678.46075", "677.45348", "7.406", "29251389.5089427", "1", "0", "0", "", "", "", "No matches found", " No matches found", " No matches found", " No matches found", " No matches found", "", "Single match found", "PreferredDDA", "", "[M-H]-1", "6546166.78104049", " 12312469.970738", " 5501512.8939774", " 14359274.9734832", " 16486682.706024", "34.4649607155023", " 44.0122137361439", " 35.7865407250422", " 40.6055653212738", " 23.3038049389449", "1.190", " 2.610", " 2.997", " 0.857", " 1.148", "0.25", " 1.38", " 1.58", " -0.22", " 0.20", "0.99652252161052", " 0.000250243382823534", " 3.58978181687064E-05", " 0.794451804610293", " 0.99888616305887", "0.999999999997193", " 0.00191853260164709", " 0.000294874934957231", " 0.999999987372115", " 0.999999954496112", "6.6", "2.0", " 5.9", " 3.6", " ", " 2.9", " 4.9", " 2.5", " 1.3", " 2.8", " 4.5", " 1.4", " 5.2", " 2.2", " 2.3", " 2.0", " 3.0", " 3.4", " 3.2", " 3.4", " 2.2", " 2.2", " 2.6", " 3.2", " 2.5", " ", " 2.4", " 3.3", " 2.2", " 2.2", " 2.2", " 5.6", " ", " 3.6", " 6.2", " 6.6", " 3.2", " 3.2", " 6.2", " 1.5", " 1.7"
"44", "", "False", "(±)17-HDoHE", "C22 H32 O3", "Full match", " No results", " Full match", " Partial match", " Partial match", "-2.21", "344.23438", "343.22711", "6.010", "28560313.7780602", "34", "0", "1", "", "", "27.7", "Single match found", " No matches found", " No matches found", " No matches found", " No matches found", "", "Multiple matches found", "PreferredDDA", "", "[M-H]-1", "11177689.150419", " 5696144.00908832", " ", " 10740750.1635115", " 4632151.52541288", "38.2779209671163", " 17.3252991597863", " ", " 67.0678016431103", " 30.2313738742703", "Infinity", " Infinity", " Infinity", " 0.530", " 0.431", "Infinity", " Infinity", " Infinity", " -0.92", " -1.21", "", " ", " ", " 0.172070030088264", " 0.0647968715436578", "", " ", " ", " 0.791522138406014", " 0.999999954496112", "6.2", "6.1", " ", " 4.3", " ", " 5.7", " ", " 5.0", " 5.7", " 2.0", " 5.5", " 4.2", " ", " 5.2", " ", " ", " ", " ", " ", " ", " ", " ", " ", " ", " ", " 3.9", " 2.2", " ", " ", " 6.2", " 5.1", " 3.3", " 0.8", " ", " ", " 4.3", " ", " 4.9", " ", " 4.5", " "
"32", "", "False", "7-oxo-11E-Tetradecenoic acid", "C14 H24 O3", "Full match", " No results", " No results", " Not the top hit", " Full match", "-3.50", "240.17170", "239.16443", "4.945", "28218968.4729077", "5", "0", "0", "", "", "", "No matches found", " No matches found", " No matches found", " No matches found", " No matches found", "", "Multiple matches found", "PreferredDDA", "", "[M-H]-1", "", " 6752668.96681338", " 3939215.9743662", " 7195832.28616806", " 7958849.20042822", "", " 34.8162250965971", " 9.24311105206213", " 77.8739474163061", " 61.4476802569543", "0.000", " 1.827", " 2.020", " 0.938", " 1.106", "-Infinity", " 0.87", " 1.01", " -0.09", " 0.15", "", " 0.365032056299269", " 0.424926024419287", " 0.980112139172638", " 0.997800831284886", "", " 0.721702447163241", " 0.830800047270116", " 0.999999987372115", " 0.999999954496112", "6.3", "", " ", " ", " ", " ", " ", " ", " ", " 5.0", " 6.3", " 4.5", " 4.4", " ", " ", " ", " ", " ", " 3.5", " ", " 6.3", " ", " ", " ", " ", " 4.5", " 5.5", " 4.8", " 4.2", " 3.3", " 3.6", " 5.0", " 4.6", " 3.6", " 5.6", " 3.8", " 4.2", " 6.0", " 5.6", " 4.9", " 5.0"
"37", "", "False", "Stearic acid", "C18 H36 O2", "Full match", " Full match", " No results", " Full match", " Full match", "-2.29", "284.27088", "283.26360", "8.710", "27760459.9348102", "27", "2", "0", "96.8", "9.8", "", "No matches found", " No matches found", " No matches found", " No matches found", " No matches found", "", "Multiple matches found", "PreferredDDA", "", "[M-H]-1", "14360049.6596365", " 17734248.8975905", " 13326414.7094665", " 20277154.9046666", " 23451271.6908426", "15.1331563479593", " 14.2798677110557", " 21.769454804797", " 20.3335174155161", " 12.0223975128781", "1.078", " 1.522", " 1.760", " 0.875", " 1.157", "0.11", " 0.61", " 0.82", " -0.19", " 0.21", "0.999966686772942", " 0.00168492158198252", " 1.95707698187331E-05", " 0.747264915745592", " 0.564994979459639", "0.999999999997193", " 0.00842460790991262", " 0.000220669859830148", " 0.999999987372115", " 0.999999954496112", "7.9", "5.0", " 7.1", " 7.1", " 6.7", " 7.1", " 7.1", " 7.1", " 7.1", " 6.3", " 7.6", " 7.6", " 7.6", " 7.6", " 6.1", " 7.6", " 7.6", " 6.2", " 5.1", " 6.6", " 6.6", " 6.6", " 6.2", " 5.1", " 6.2", " 6.2", " 6.8", " 6.8", " 5.1", " 6.2", " 6.6", " 5.1", " 5.1", " 7.9", " 6.1", " 6.1", " 6.7", " 7.9", " 7.9", " 6.1", " 6.3"
"38", "", "False", "2,5-di-tert-Butylhydroquinone", "C14 H22 O2", "Full match", " Full match", " No results", " Partial match", " Partial match", "-4.56", "222.16097", "221.15369", "5.641", "27729886.7492139", "10", "1", "0", "92.3", "9.6", "", "No matches found", " No matches found", " No matches found", " No matches found", " No matches found", "", "Multiple matches found", "PreferredDDA", "CO2", "[M-H]-1", "", " 9281792.37326695", " ", " 15969978.6472228", " 10713029.3811958", "", " 44.3120951561474", " ", " 31.9887863777756", " 53.54395075693", "", " Infinity", " Infinity", " 0.581", " 0.671", "", " Infinity", " Infinity", " -0.78", " -0.58", "", " ", " ", " 0.106125978212846", " 0.754241342904829", "", " ", " ", " 0.599140020792135", " 0.999999954496112", "6.9", "", " ", " ", " ", " ", " ", " ", " ", " 5.2", " 4.2", " 5.0", " 4.2", " 4.8", " ", " ", " ", " ", " ", " ", " ", " ", " ", " ", " ", " 5.7", " 6.3", " 6.1", " 6.9", " 5.5", " 6.1", " 6.9", " 6.1", " 5.2", " 4.2", " 3.9", " 5.6", " 6.6", " 6.2", " 3.9", " 6.0"
"39", "", "False", "LPC 16:0", "C24 H50 N O7 P", "No match", " No results", " Invalid mass", " No match", " No match", "121170.96", "555.35240", "554.34512", "5.630", "26702397.0808957", "1", "0", "17", "", "", "85.6", "No matches found", " No matches found", " No matches found", " Multiple matches found", " No matches found", "", "Single match found", "PreferredDDA", "", "[M-H]-1", "6184066.42200781", " 5303098.09800446", " 13330108.6463249", " 6756579.64128487", " 7902249.247959", "59.8547228978435", " 29.7921391555731", " 40.391826016926", " 38.9225672708555", " 28.2191353441584", "0.464", " 0.507", " 0.593", " 0.785", " 1.170", "-1.11", " -0.98", " -0.75", " -0.35", " 0.23", "0.0107766572249872", " 0.0179346936488574", " 0.0775436501637737", " 0.601444719323355", " 0.970996025116075", "0.288778209140228", " 0.0579402539214346", " 0.222937994220849", " 0.999999987372115", " 0.999999954496112", "6.2", "4.5", " 5.2", " 6.0", " 4.6", " ", " 4.8", " 4.2", " 5.4", " 6.0", " 6.2", " 5.8", " 5.3", " 4.6", " 5.8", " 6.2", " 5.6", " 5.6", " 5.8", " 4.8", " 4.5", " 5.4", " 6.0", " 4.5", " 4.5", " 5.5", " 5.0", " 5.9", " 2.4", " 5.3", " 5.5", " 4.4", " 2.9", " 5.4", " 5.3", " 6.2", " 5.6", " 4.1", " 5.5", " 5.8", " 6.0"
"236", "", "False", "", "C2 H5 N8 O P3", "Full match", " No results", " No results", " No results", " No results", "-0.49", "249.97979", "248.97252", "9.416", "25675205.8693513", "0", "0", "0", "", "", "", "No matches found", " No matches found", " No matches found", " No matches found", " No matches found", "", "No matches found", "PreferredDDA", "", "[M-H]-1", "18936345.3046291", " 12688160.5874682", " 15060339.3219832", " 18701638.3578437", " 22508639.4122403", "2.32548056435593", " 31.4472810190403", " 39.2313010557393", " 13.8118742778134", " 26.1644846738074", "1.257", " 1.242", " 1.495", " 0.678", " 1.204", "0.33", " 0.31", " 0.58", " -0.56", " 0.27", "0.858539389986119", " 0.70305674248335", " 0.556767311855822", " 0.667458244895923", " 0.998191008583579", "0.999999999997193", " 0.999999954286235", " 0.999999999407085", " 0.999999987372115", " 0.999999954496112", "5.6", "", " ", " 5.6", " 5.6", " ", " ", " ", " ", " 3.1", " 3.1", " 3.1", " ", " 3.3", " 2.7", " 2.7", " 2.7", " ", " ", " 1.9", " 3.1", " ", " ", " ", " ", " ", " 4.2", " 4.4", " 4.6", " 4.2", " ", " 4.6", " 4.6", " 3.2", " 3.2", " 3.2", " 3.4", " 3.4", " 3.2", " 3.8", " 3.8"
"59", "", "False", "Cer 10:1;2O/3:0", "C13 H25 N O3", "Full match", " No results", " Full match", " No results", " No results", "-3.35", "243.18263", "242.17535", "2.993", "25454814.3390875", "0", "0", "2", "", "", "2.6", "No matches found", " No matches found", " No matches found", " Multiple matches found", " No matches found", "", "No matches found", "PreferredDDA", "CO2", "[M-H]-1", "19492935.7986513", " 19297678.8307412", " 20230730.2052957", " 19760085.6428146", " 20081325.9978585", "3.2109618132868", " 3.08012377122177", " 3.76656132681166", " 5.14542075860768", " 9.54173075672993", "0.964", " 0.977", " 0.993", " 0.977", " 1.016", "-0.05", " -0.03", " -0.01", " -0.03", " 0.02", "0.502276913180665", " 0.893075555314389", " 0.963103584365593", " 0.986877247458905", " 0.527480621511333", "0.999999999997193", " 0.999999954286235", " 0.999999999407085", " 0.999999987372115", " 0.999999954496112", "8.6", "7.1", " 8.3", " 7.9", " 7.1", " 7.5", " 7.9", " 7.9", " 7.1", " 8.3", " 7.1", " 7.5", " 7.1", " 8.6", " 5.6", " 7.5", " 7.9", " 7.5", " 8.3", " 7.5", " 7.5", " 7.5", " 8.3", " 7.1", " 6.7", " 7.8", " 6.6", " 7.0", " 7.0", " 7.4", " 7.0", " 7.4", " 8.0", " 7.0", " 7.4", " 7.0", " 7.0", " 7.8", " 7.4", " 7.4", " 7.2"
"50", "", "False", "diginatigenin", "C23 H34 O6", "Full match", " No results", " No results", " Full match", " Full match", "-2.27", "406.23461", "405.22734", "3.177", "24928335.0233413", "4", "0", "0", "", "", "", "No matches found", " No matches found", " No matches found", " No matches found", " No matches found", "", "Multiple matches found", "PreferredDDA", "", "[M-H]-1", "5561260.50483802", " 12008490.4011359", " 6151477.86572211", " 10370624.2416156", " 13448002.2692449", "35.596923380621", " 56.0267159458295", " 27.7668249073478", " 31.1250975686113", " 27.8690607997711", "0.904", " 1.686", " 2.186", " 1.158", " 1.297", "-0.15", " 0.75", " 1.13", " 0.21", " 0.37", "0.999670008826489", " 0.313092552137302", " 0.100825597948624", " 0.999933110415838", " 0.908771625174295", "0.999999999997193", " 0.631677956066487", " 0.269649854978879", " 0.999999987372115", " 0.999999954496112", "7.0", "", " 5.7", " ", " ", " 5.3", " 5.9", " ", " 5.5", " 5.5", " 6.0", " 4.5", " 4.8", " 5.0", " 5.4", " 3.3", " 5.4", " ", " 5.8", " ", " ", " ", " ", " 6.0", " 5.6", " 5.7", " 4.6", " 5.5", " 6.1", " 5.9", " 3.6", " 4.0", " 6.1", " 7.0", " 5.5", " 6.4", " 4.7", " 6.6", " 7.0", " 4.9", " 6.6"
"41", "", "False", "LPC 20:4", "C28 H50 N O7 P", "No match", " No results", " Invalid mass", " No results", " No results", "110466.04", "603.35228", "602.34500", "5.225", "23429573.5005073", "0", "0", "5", "", "", "53.0", "No matches found", " No matches found", " No matches found", " Multiple matches found", " No matches found", "", "No matches found", "PreferredDDA", "", "[M-H]-1", "6879600.30967852", " 4971635.00299174", " 9480830.4995462", " 6902372.82041706", " 6960369.96224723", "48.4504977903589", " 16.9904541588805", " 44.8215259335966", " 54.3406291210267", " 39.9825702795968", "0.726", " 0.728", " 0.734", " 0.720", " 1.008", "-0.46", " -0.46", " -0.45", " -0.47", " 0.01", "0.0407103446505134", " 0.270833277757287", " 0.12318574736189", " 0.414819372265515", " 0.992647849803633", "0.451884825620698", " 0.57677457300163", " 0.301411935034413", " 0.999999987372115", " 0.999999954496112", "6.7", "", " 5.0", " 4.2", " 3.9", " 4.2", " 3.6", " 4.2", " 5.2", " 5.2", " 6.3", " 6.3", " 5.4", " 5.2", " 6.7", " ", " 6.3", " 6.2", " 6.0", " 5.0", " 3.5", " 3.9", " 4.8", " 4.2", " 3.5", " 3.0", " 5.4", " 4.0", " 3.3", " 3.9", " 4.6", " 5.8", " 1.7", " 4.1", " 4.4", " 5.1", " 5.1", " 4.4", " 5.4", " 4.3", " 4.5"
"125", "", "False", "tramazoline", "C13 H17 N3", "Full match", " No results", " No results", " Full match", " No results", "-4.75", "215.14122", "214.13395", "4.040", "23414471.3484074", "1", "0", "0", "", "", "", "No matches found", " No matches found", " No matches found", " No matches found", " No matches found", "", "No matches found", "PreferredDDA", "", "[M-H]-1", "20960953.6004906", " 21013459.6873727", " 21414827.9873984", " 19770936.4910467", " 20898801.4378442", "5.90672334519524", " 5.91349680410564", " 6.55153729934734", " 5.29092489715975", " 5.72490238242322", "0.979", " 0.923", " 0.976", " 1.063", " 1.057", "-0.03", " -0.12", " -0.04", " 0.09", " 0.08", "0.973301170329995", " 0.370264733762011", " 0.818491036316109", " 0.442606008767083", " 0.939855239337606", "0.999999999997193", " 0.721702447163241", " 0.999999999407085", " 0.999999987372115", " 0.999999954496112", "7.4", "5.5", " 5.5", " 6.6", " 7.0", " 6.6", " 6.8", " 6.2", " 5.5", " 6.5", " 6.2", " 5.7", " 6.2", " 6.6", " 6.2", " 6.5", " 5.5", " 6.8", " 5.9", " 5.1", " 4.7", " 5.9", " 6.2", " 6.5", " 5.1", " 6.5", " 5.1", " 5.9", " 7.4", " 5.9", " 5.5", " 6.2", " 5.9", " 6.2", " 6.2", " 5.1", " 5.9", " 5.1", " 6.2", " 7.0", " 6.2"
"40", "", "False", "Zooxanthellactone", "C22 H30 O2", "Full match", " No results", " No results", " Not the top hit", " Full match", "-2.23", "326.22385", "325.21658", "7.039", "20124170.4658677", "4", "0", "0", "", "", "", "No matches found", " No matches found", " No matches found", " No matches found", " No matches found", "", "Multiple matches found", "PreferredDDA", "CO2", "[M-H]-1", "4618261.25329158", " 6686727.25966894", " 3505384.20418247", " 6977760.93695177", " 6581401.55998308", "34.1182253772066", " 65.066762808341", " 21.490990377799", " 48.7475046877138", " 30.0120702923795", "1.317", " 1.991", " 1.878", " 0.958", " 0.943", "0.40", " 0.99", " 0.91", " -0.06", " -0.08", "0.761890175748365", " 0.00432043016653705", " 0.0636833373115319", " 0.974897979596884", " 0.797363619918157", "0.999999999997193", " 0.0191095949673754", " 0.191748741008265", " 0.999999987372115", " 0.999999954496112", "6.0", "4.7", " 5.9", " 4.1", " ", " 6.0", " 5.1", " 3.4", " 4.0", " 5.6", " 5.4", " 5.2", " 5.2", " 4.6", " 4.5", " 3.8", " 5.0", " ", " 3.5", " 5.2", " 3.3", " 5.9", " 5.9", " 3.9", " 3.7", " 4.8", " 4.8", " 2.7", " 5.2", " 4.4", " 4.6", " 3.1", " 5.2", " 5.5", " 3.0", " 5.3", " 3.2", " 5.9", " 5.1", " 5.7", " 5.9"
"61", "", "False", "", "C19 H39 O2 P S", "Full match", " No results", " No results", " No results", " No results", "4.54", "362.24248", "361.23521", "7.685", "19857315.4757298", "0", "0", "0", "", "", "", "No matches found", " No matches found", " No matches found", " No matches found", " No matches found", "", "No matches found", "PreferredDDA", "", "[M-H]-1", "14106412.2264384", " 13574265.9315088", " 15648475.2907572", " 14060208.6869602", " 14563199.4691861", "23.3956706446894", " 13.9809713672978", " 19.532659289486", " 37.6319320772923", " 15.0419168544354", "0.901", " 0.899", " 0.931", " 0.965", " 1.036", "-0.15", " -0.15", " -0.10", " -0.05", " 0.05", "0.629468533482993", " 0.192002410987883", " 0.991677604723998", " 0.842347792431635", " 0.395813944464498", "0.999999999997193", " 0.469793133268223", " 0.999999999407085", " 0.999999987372115", " 0.999999954496112", "6.0", "2.8", " 2.4", " 5.3", " 5.1", " 3.2", " 3.2", " 2.4", " 1.7", " 2.5", " 2.7", " 3.1", " 2.7", " 3.8", " 3.5", " 3.5", " 3.8", " 2.6", " 3.3", " 3.3", " 2.6", " 2.2", " 2.2", " 6.0", " 3.0", " 2.7", " 1.2", " 1.7", " 5.1", " 3.2", " 1.6", " 1.2", " 1.2", " 2.6", " 4.1", " 3.3", " 2.2", " 4.5", " 3.7", " 4.5", " 2.2"
"45", "", "False", "", "C32 H72 N6 O4 S", "Full match", " No results", " No results", " No results", " No results", "-2.85", "636.53176", "635.52449", "7.651", "19393352.6631766", "0", "0", "0", "", "", "", "No matches found", " No matches found", " No matches found", " No matches found", " No matches found", "", "No matches found", "PreferredDDA", "", "[M-H]-1", "2258005.0129261", " 6785749.72909422", " 4202945.58263143", " 11800843.8930022", " 9190096.51047755", "46.0210874305891", " 58.0240037197424", " 43.2937196157833", " 39.8412670229485", " 42.1451698271199", "0.537", " 2.808", " 2.187", " 0.575", " 0.779", "-0.90", " 1.49", " 1.13", " -0.80", " -0.36", "0.867573430561747", " 0.00776204477388576", " 0.0170218385791727", " 0.552087294347824", " 0.99883998261748", "0.999999999997193", " 0.0307805223792021", " 0.0783004574641945", " 0.999999987372115", " 0.999999954496112", "5.7", "", " 2.7", " ", " ", " 2.3", " 0.8", " 2.7", " 2.5", " 1.8", " 2.7", " ", " 4.6", " 1.1", " ", " ", " ", " 1.5", " ", " 3.3", " 4.2", " 1.0", " ", " ", " 1.2", " 5.7", " 1.6", " 1.3", " 3.5", " 2.2", " 3.2", " 2.7", " 3.5", " 0.8", " 2.6", " 2.0", " 2.6", " 2.0", " 4.8", " 3.3", " "
"52", "", "False", "14-hydroxy-12-tetradecenoic acid", "C14 H26 O3", "Full match", " No results", " No results", " Not the top hit", " Full match", "-3.56", "242.18733", "241.18005", "5.483", "19319118.5838419", "12", "0", "0", "", "", "", "No matches found", " No matches found", " No matches found", " No matches found", " No matches found", "", "Multiple matches found", "PreferredDDA", "", "[M-H]-1", "", " 5464315.92309493", " ", " 5816402.34584228", " 7830414.05398903", "", " 27.8758833134167", " ", " 84.0594118022635", " 35.4452947833733", "", " Infinity", " Infinity", " 0.939", " 1.346", "", " Infinity", " Infinity", " -0.09", " 0.43", "", " ", " ", " 0.816838060134661", " 0.991586095242966", "", " ", " ", " 0.999999987372115", " 0.999999954496112", "6.4", "", " ", " ", " ", " ", " ", " ", " ", " 5.3", " 5.8", " 4.3", " ", " ", " ", " ", " ", " ", " ", " ", " ", " ", " ", " ", " ", " 4.2", " 6.4", " ", " 3.3", " ", " ", " ", " 4.4", " ", " 4.4", " ", " 4.5", " 5.4", " 5.5", " ", " "
"64", "", "False", "", "C16 H26 N6 O2", "Full match", " No results", " No results", " No results", " No results", "-1.49", "334.21123", "333.20395", "6.937", "18585113.3434652", "0", "0", "0", "", "", "", "No matches found", " No matches found", " No matches found", " No matches found", " No matches found", "", "No matches found", "PreferredDDA", "", "[M-H]-1", "4068553.74201935", " 9031081.95675287", " 2460194.6371692", " 11641030.7896481", " 10412957.7666583", "", " 48.2997025179666", " ", " 25.6839692435496", " 21.9697114781159", "1.654", " 4.732", " 4.233", " 0.776", " 0.895", "0.73", " 2.24", " 2.08", " -0.37", " -0.16", "", " ", " ", " 0.391879537804769", " 0.942737797718104", "", " ", " ", " 0.999999987372115", " 0.999999954496112", "7.1", "", " ", " ", " ", " ", " ", " ", " 1.0", " 2.2", " 1.8", " 3.3", " 2.0", " 4.6", " 2.5", " ", " 4.0", " ", " 4.5", " ", " ", " ", " ", " ", " ", " 5.9", " 2.4", " 5.5", " 2.6", " 7.1", " 5.5", " 4.0", " 2.4", " 5.5", " 6.4", " 5.6", " 4.9", " 6.2", " 4.3", " 6.0", " 6.6"
"54", "", "False", "", "C18 H28 N6 O2", "Full match", " No results", " No results", " No results", " No results", "-1.29", "360.22691", "359.21963", "7.175", "18556538.1127584", "0", "0", "0", "", "", "", "No matches found", " No matches found", " No matches found", " No matches found", " No matches found", "", "No matches found", "PreferredDDA", "", "[M-H]-1", "6388922.9045756", " 7385394.22387818", " 9550323.27594615", " 14132766.095583", " 14289727.8754852", "24.8836958404902", " 37.590093629521", " 14.0606694614826", " 19.1566435065299", " 15.9012669539751", "0.669", " 1.480", " 1.496", " 0.523", " 1.011", "-0.58", " 0.57", " 0.58", " -0.94", " 0.02", "0.00432112399240991", " 0.0274687221702518", " 0.0574620327120586", " 1.11617663325347E-05", " 0.997812291188891", "0.159881587719167", " 0.084627741607515", " 0.183559271163521", " 0.000770161876944897", " 0.999999954496112", "7.2", "5.4", " 3.4", " 3.0", " 3.9", " 6.0", " 3.5", " 5.6", " 5.6", " 2.7", " 2.9", " 2.5", " 2.5", " 4.9", " 5.1", " ", " 4.1", " 4.4", " 6.9", " 7.0", " 6.6", " 4.7", " 4.7", " 7.2", " 5.0", " 6.7", " 3.7", " 7.1", " 6.4", " 3.9", " 6.0", " 4.8", " 2.2", " 5.2", " 7.1", " 3.5", " 3.7", " 3.0", " 2.2", " 6.0", " 4.1"
"62", "", "False", "2-(Methylsulfonyl)-3-(pyrazin-2-ylamino)acrylonitrile", "C8 H8 N4 O2 S", "No match", " Invalid mass", " No results", " No results", " No results", "-9.43", "224.03468", "223.02741", "3.851", "18338541.5434753", "0", "2", "0", "94.6", "9.7", "", "No matches found", " No matches found", " No matches found", " No matches found", " No matches found", "", "No matches found", "PreferredDDA", "", "[M-H]-1", "10194857.9253367", " 10214499.2930521", " 9292310.40768549", " 9264133.16556911", " 9855501.28568434", "13.1231827199362", " 22.646518131974", " 19.415700936468", " 32.0105310414928", " 20.3513828820609", "1.097", " 0.997", " 1.061", " 1.103", " 1.064", "0.13", " 0.00", " 0.08", " 0.14", " 0.09", "0.864838892965728", " 0.809284784548141", " 0.924376512690909", " 0.949078312705253", " 0.998424806259264", "0.999999999997193", " 0.999999954286235", " 0.999999999407085", " 0.999999987372115", " 0.999999954496112", "8.0", "8.0", " 7.2", " 7.0", " 6.9", " 6.3", " 7.0", " 7.8", " ", " 5.9", " 5.6", " 6.2", " 5.3", " 5.6", " 6.0", " 5.9", " 6.2", " 7.3", " 6.5", " 6.1", " 6.5", " 5.8", " ", " 5.6", " 6.7", " 5.1", " 5.7", " 5.7", " 5.1", " 5.5", " 5.9", " 4.7", " 4.4", " 5.6", " 5.3", " 6.4", " 5.9", " 6.2", " 6.0", " 5.9", " 6.2"
"43", "", "False", "", "C7 H8 O5 S2", "Full match", " No results", " No results", " No results", " No results", "3.87", "235.98223", "234.97495", "10.849", "17999473.7233699", "0", "0", "0", "", "", "", "No matches found", " No matches found", " No matches found", " No matches found", " No matches found", "", "No matches found", "PreferredDDA", "CO2", "[M-H]-1", "14076761.4859366", " 14713138.1552902", " 12170911.4173628", " 14470819.2088778", " 15632582.9391562", "", " 27.3666153918006", " 12.4926015951835", " 35.2743578534204", " 31.381563593405", "1.157", " 1.189", " 1.284", " 1.017", " 1.080", "0.21", " 0.25", " 0.36", " 0.02", " 0.11", "", " 0.999999954286235", " 0.998746178609611", " 0.999491298255733", " 0.996885933286085", "", " 0.999999954286235", " 0.999999999407085", " 0.999999987372115", " 0.999999954496112", "6.1", "", " ", " ", " ", " 3.0", " ", " ", " ", " 4.3", " 4.3", " 4.0", " 5.5", " 3.6", " 3.6", " ", " 4.3", " 5.0", " 5.0", " 6.1", " 5.0", " ", " ", " ", " ", " ", " 3.5", " 3.1", " 4.2", " 2.4", " 3.1", " 3.5", " 4.2", " ", " 3.1", " 3.8", " 3.5", " 2.3", " 2.6", " 3.5", " 2.3"
"66", "", "False", "", "C4 H14 N6 O2 P2", "Full match", " No results", " No results", " No results", " No results", "3.30", "240.06614", "239.05886", "3.851", "17461339.3392247", "0", "0", "0", "", "", "", "No matches found", " No matches found", " No matches found", " No matches found", " No matches found", "", "No matches found", "PreferredDDA", "", "[M-H]-1", "9552397.03336643", " 9863182.8809152", " 8916759.31872199", " 8780915.67149347", " 9348396.54562829", "12.5243453227452", " 22.2401938531283", " 21.0746207111806", " 32.0901144915083", " 20.2741767889586", "1.071", " 0.985", " 1.048", " 1.123", " 1.065", "0.10", " -0.02", " 0.07", " 0.17", " 0.09", "0.838933728014316", " 0.758800314154143", " 0.880124554942318", " 0.941326940367273", " 0.998974552476301", "0.999999999997193", " 0.999999954286235", " 0.999999999407085", " 0.999999987372115", " 0.999999954496112", "7.4", "6.6", " 6.9", " 7.4", " 7.2", " 6.3", " 7.0", " 6.6", " ", " 6.2", " 6.0", " 5.6", " 4.9", " 6.0", " 6.0", " 5.6", " 6.6", " 5.6", " 5.3", " 5.6", " 6.0", " 5.6", " ", " 5.9", " 6.0", " 5.1", " 6.1", " 5.4", " 5.5", " 5.1", " 5.5", " 4.7", " 4.7", " 3.7", " 5.6", " 6.0", " 6.2", " 6.2", " 5.6", " 6.2", " 6.6"
"92", "", "False", "", "C13 H25 N O3", "Full match", " No results", " No results", " No results", " No results", "-3.37", "243.18262", "242.17535", "3.138", "16843358.7623225", "0", "0", "0", "", "", "", "No matches found", " No matches found", " No matches found", " No matches found", " No matches found", "", "No matches found", "PreferredDDA", "CO2", "[M-H]-1", "14593064.2318763", " 15272164.2680003", " 14639692.1580678", " 14187901.1104798", " 14317660.2662672", "7.16722464049129", " 3.32257297346165", " 6.15132022308749", " 10.1213274626562", " 6.65373494899515", "0.997", " 0.969", " 0.978", " 1.076", " 1.009", "0.00", " -0.05", " -0.03", " 0.11", " 0.01", "0.998790099065142", " 0.999885145509399", " 0.988116083610978", " 0.900869327893876", " 0.997207090733963", "0.999999999997193", " 0.999999954286235", " 0.999999999407085", " 0.999999987372115", " 0.999999954496112", "7.1", "6.6", " 6.2", " 5.9", " 6.2", " 5.5", " 5.9", " 5.5", " 6.2", " ", " ", " 7.1", " 6.4", " 6.7", " 6.4", " 7.1", " ", " 5.9", " 6.2", " 6.2", " 5.5", " ", " 5.5", " 5.9", " 6.2", " 5.4", " 4.6", " 5.4", " 5.7", " 5.4", " 6.1", " 5.4", " ", " 6.6", " 6.2", " 6.2", " 5.9", " 5.9", " 6.2", " 5.9", " 6.2"
"57", "", "False", "", "C27 H63 N6 O5 P", "Full match", " No results", " No results", " No results", " No results", "2.42", "582.46117", "581.45389", "7.678", "16552017.093779", "0", "0", "0", "", "", "", "No matches found", " No matches found", " No matches found", " No matches found", " No matches found", "", "No matches found", "PreferredDDA", "", "[M-H]-1", "7242134.39355699", " 8075798.71025236", " 10875009.9286557", " 11267972.2822923", " 11868926.1091046", "21.6905451543731", " 26.1542887642212", " 16.7813494520311", " 22.6413387814315", " 19.3304593586339", "0.666", " 1.036", " 1.091", " 0.717", " 1.053", "-0.59", " 0.05", " 0.13", " -0.48", " 0.07", "0.0183498143824664", " 0.760855494912045", " 0.426236545990755", " 0.00342781278133952", " 0.987269027403293", "0.288778209140228", " 0.999999954286235", " 0.830800047270116", " 0.0600600717956261", " 0.999999954496112", "7.5", "2.8", " 4.1", " 3.0", " 6.8", " 3.0", " 3.7", " 1.5", " 4.1", " 3.0", " 3.0", " ", " 3.0", " 2.6", " 3.0", " 2.0", " 3.4", " 2.2", " 3.7", " 4.8", " 6.5", " 2.7", " 3.5", " 4.5", " 4.1", " 3.2", " 3.2", " 1.5", " 3.2", " 6.8", " 1.7", " 3.2", " ", " 3.0", " 3.7", " 3.5", " 3.7", " 2.2", " 7.5", " 4.2", " 3.7"
"127", "", "False", "", "C7 H12 Cl O P S2", "Full match", " No results", " No results", " No results", " No results", "1.79", "241.97600", "240.96873", "10.882", "15726464.6406198", "0", "0", "0", "", "", "", "No matches found", " No matches found", " No matches found", " No matches found", " No matches found", "", "No matches found", "PreferredDDA", "CO2", "[M-H]-1", "12726005.9461464", " 13141426.3324326", " 12645876.297854", " 12618511.4175236", " 12516000.9055867", "10.1068556638275", " 11.2376694457921", " 9.53142483230127", " 9.41212673891039", " 9.16274726011824", "1.006", " 0.998", " 0.990", " 1.041", " 0.992", "0.01", " 0.00", " -0.01", " 0.06", " -0.01", "0.985128033874231", " 0.997999074165988", " 0.999935519054844", " 0.999896116896631", " 0.992261924444985", "0.999999999997193", " 0.999999954286235", " 0.999999999407085", " 0.999999987372115", " 0.999999954496112", "6.2", "3.8", " 5.0", " 5.0", " 5.0", " 5.4", " 5.4", " 4.2", " 5.0", " 5.0", " 5.0", " 5.4", " 5.0", " 3.5", " 5.0", " 6.1", " 5.7", " 5.9", " 5.9", " 5.5", " 4.0", " 6.2", " 4.0", " 5.5", " 6.2", " 5.5", " 5.9", " 4.3", " 5.1", " 5.1", " 4.0", " 5.1", " 5.1", " 4.3", " 5.1", " 6.2", " 5.1", " 5.1", " 5.5", " 4.7", " 5.1"
"67", "", "False", "", "C7 H8 O5 S2", "Full match", " No results", " No results", " No results", " No results", "3.80", "235.98221", "234.97494", "10.876", "15618616.455098", "0", "0", "0", "", "", "", "No matches found", " No matches found", " No matches found", " No matches found", " No matches found", "", "No matches found", "PreferredDDA", "CO2", "[M-H]-1", "13092765.7119346", " 13176246.1910046", " 13232734.892664", " 11911753.0765258", " 12494554.4922195", "7.88032677527747", " 4.4340925688201", " 9.59640395054877", " 9.68140989508117", " 6.91338254634381", "0.989", " 0.900", " 0.944", " 1.106", " 1.049", "-0.02", " -0.15", " -0.08", " 0.15", " 0.07", "0.896140014043572", " 0.802637436274508", " 0.993241236608198", " 0.720192575803308", " 0.97264329956208", "0.999999999997193", " 0.999999954286235", " 0.999999999407085", " 0.999999987372115", " 0.999999954496112", "7.9", "4.7", " 4.7", " 4.3", " 5.9", " ", " 4.0", " 4.3", " 5.9", " 7.9", " ", " ", " ", " ", " ", " 5.2", " ", " ", " ", " ", " ", " 6.2", " 4.3", " 4.3", " 5.1", " 4.3", " ", " ", " ", " 6.6", " ", " ", " ", " 4.7", " ", " ", " ", " ", " 5.9", " ", " "
"60", "", "False", "", "C14 H22 N6 O2", "Full match", " No results", " No results", " No results", " No results", "-1.40", "306.18000", "305.17272", "6.179", "15537237.7016419", "0", "0", "0", "", "", "", "No matches found", " No matches found", " No matches found", " No matches found", " No matches found", "", "No matches found", "PreferredDDA", "", "[M-H]-1", "", " 6376170.52074945", " ", " 8367900.59278071", " 7544938.85022619", "", " 58.4486482590817", " ", " 23.8733323283528", " 42.9644541168142", "", " Infinity", " Infinity", " 0.762", " 0.902", "", " Infinity", " Infinity", " -0.39", " -0.15", "", " ", " ", " 0.0923152895198637", " 0.963492641051881", "", " ", " ", " 0.553891737119182", " 0.999999954496112", "6.8", "", " ", " ", " ", " ", " ", " ", " ", " 3.7", " 4.2", " 4.2", " 4.6", " 5.5", " 3.8", " ", " 4.9", " ", " ", " ", " ", " ", " ", " ", " ", " 5.3", " 4.3", " 5.3", " 6.8", " 5.3", " 3.7", " 4.7", " 6.2", " 5.8", " 4.4", " 5.0", " 4.2", " 6.0", " 3.3", " 4.4", " 3.7"
"128", "", "False", "Ambrettolic acid", "C16 H30 O3", "Full match", " No results", " No results", " Not the top hit", " Full match", "-2.20", "270.21890", "269.21162", "6.254", "15172772.9554798", "20", "0", "0", "", "", "", "No matches found", " No matches found", " No matches found", " No matches found", " No matches found", "", "Multiple matches found", "PreferredDDA", "", "[M-H]-1", "", " 4235437.64117513", " 6673991.64142399", " 7120831.10760785", " 4232340.56652108", "", " 42.804796967404", " ", " 45.2390625895087", " 50.7756114375079", "0.000", " 1.067", " 0.634", " 0.595", " 0.594", "-Infinity", " 0.09", " -0.66", " -0.75", " -0.75", "", " ", " ", " 0.45958586636153", " 0.297874982830899", "", " ", " ", " 0.999999987372115", " 0.999999954496112", "4.8", "", " ", " ", " ", " ", " ", " ", " ", " 4.6", " 4.8", " 4.5", " ", " ", " ", " ", " ", " ", " 1.2", " ", " ", " ", " ", " ", " ", " 2.0", " 1.1", " 0.5", " ", " ", " ", " 1.7", " 0.8", " ", " 4.5", " ", " 0.8", " 0.5", " 1.7", " ", " 3.4"
"95", "", "False", "11ß-Prostaglandin E2", "C20 H32 O5", "Full match", " Full match", " Full match", " Full match", " Not the top hit", "-1.99", "352.22427", "351.21700", "3.376", "15078450.4897321", "197", "18", "6", "93.9", "80.6", "70.5", "Multiple matches found", " No matches found", " No matches found", " No matches found", " No matches found", "", "Multiple matches found", "PreferredDDA", "", "[M-H]-1", "4855410.9104817", " 5918552.55879905", " 6523375.82976156", " 10973872.7607068", " 5863672.90218871", "18.1889783264424", " 43.9336116061958", " 23.0098851692181", " 42.8368007377528", " 22.0851697895739", "0.744", " 1.682", " 0.899", " 0.539", " 0.534", "-0.43", " 0.75", " -0.15", " -0.89", " -0.90", "0.957128917418406", " 0.112578577903357", " 0.995554775641408", " 0.219433994307277", " 0.243165035988884", "0.999999999997193", " 0.308250868068716", " 0.999999999407085", " 0.886400203603827", " 0.999999954496112", "5.8", "", " 4.0", " 5.4", " ", " ", " 4.4", " ", " 4.8", " 5.2", " 3.9", " 1.4", " 5.2", " ", " ", " 4.4", " 4.2", " 5.4", " 4.1", " 5.8", " 4.5", " ", " 5.6", " 2.2", " 3.5", " ", " 4.5", " ", " ", " ", " 3.6", " ", " 4.5", " 3.9", " ", " 3.9", " ", " 4.5", " 4.9", " ", " 3.9"
"65", "", "False", "Sudan IV", "C24 H20 N4 O", "Full match", " No results", " No results", " Full match", " No results", "1.57", "380.16431", "379.15703", "7.662", "15052053.3154467", "1", "0", "0", "", "", "", "No matches found", " No matches found", " No matches found", " No matches found", " No matches found", "", "No matches found", "PreferredDDA", "Fatty_Acid_18:3", "[M-H]-1", "1803880.69947134", " 3490140.52956508", " 3818779.96212292", " 5843482.34738284", " 4928147.75905978", "", " 49.3038711745947", " 17.9878601777695", " 59.1823673377566", " 43.9721579548882", "0.472", " 1.530", " 1.291", " 0.597", " 0.843", "-1.08", " 0.61", " 0.37", " -0.74", " -0.25", "", " 0.404336321660264", " 0.966387676495965", " 0.620599747240502", " 0.642857317264435", "", " 0.76227339329394", " 0.999999999407085", " 0.999999987372115", " 0.999999954496112", "5.0", "", " ", " ", " ", " ", " ", " 2.3", " ", " 2.3", " ", " 3.0", " 1.9", " ", " ", " ", " ", " 3.3", " 3.3", " ", " ", " ", " ", " 3.3", " 3.0", " 2.7", " 3.0", " 0.0", " 3.6", " ", " ", " ", " 3.3", " 4.8", " 3.5", " 0.6", " ", " 0.2", " 5.0", " 4.9", " 0.2"
"73", "", "False", "", "C12 H12 N6 O4", "Full match", " No results", " No results", " No match", " No results", "-1.49", "304.09155", "303.08427", "3.587", "14886627.5883057", "2", "0", "0", "", "", "", "No matches found", " No matches found", " No matches found", " No matches found", " No matches found", "", "No matches found", "PreferredDDA", "", "[M-H]-1", "5571021.02521345", " 5896370.00913551", " 7365326.03714081", " 10871718.4985777", " 7947025.1984765", "32.4246837474299", " 48.921771532169", " 37.7852644663684", " 34.9888619327847", " 32.3312118190933", "0.756", " 1.476", " 1.079", " 0.542", " 0.731", "-0.40", " 0.56", " 0.11", " -0.88", " -0.45", "0.778787324991947", " 0.667682969110581", " 0.983172790391179", " 0.401551089244369", " 0.942121503674916", "0.999999999997193", " 0.999999954286235", " 0.999999999407085", " 0.999999987372115", " 0.999999954496112", "6.0", "5.9", " 4.1", " 4.1", " 5.8", " 4.7", " ", " 5.5", " ", " 3.4", " 2.7", " 3.3", " 6.0", " 4.2", " 4.4", " 6.0", " 2.1", " ", " 4.3", " 4.4", " 4.0", " 5.0", " 5.5", " 4.1", " 5.4", " 5.0", " ", " 4.6", " ", " 4.7", " 2.6", " ", " 2.7", " 4.1", " 4.7", " 5.1", " 5.4", " 5.1", " ", " ", " "
"100", "", "False", "12-hydroxy-10-dodecenoic acid", "C12 H22 O3", "No results", " No results", " No results", " Not the top hit", " Full match", "-4.88", "214.15585", "213.14857", "4.355", "14880928.7669931", "17", "0", "0", "", "", "", "No matches found", " No matches found", " No matches found", " No matches found", " No matches found", "", "Multiple matches found", "PreferredDDA", "", "[M-H]-1", "", " 5743846.03384916", " ", " 6945533.16643646", " 8147982.41208243", "", " 25.9992626224447", " ", " 53.061773462937", " 18.3885931309766", "", " Infinity", " Infinity", " 0.827", " 1.173", "", " Infinity", " Infinity", " -0.27", " 0.23", "", " ", " ", " 0.597707066924161", " 0.966439489453444", "", " ", " ", " 0.999999987372115", " 0.999999954496112", "6.5", "", " ", " ", " ", " ", " ", " ", " ", " 4.1", " 4.3", " ", " ", " ", " ", " ", " ", " ", " ", " ", " ", " ", " ", " ", " ", " 4.2", " 3.7", " ", " ", " ", " ", " 2.9", " 3.5", " ", " 5.4", " ", " 5.0", " 6.5", " 4.6", " ", " "
"63", "", "False", "16:4(4Z,7Z,10Z,13Z)", "C16 H24 O2", "Full match", " No results", " No results", " Not the top hit", " Full match", "-3.13", "248.17685", "247.16958", "6.111", "14687248.02331", "18", "0", "0", "", "", "", "No matches found", " No matches found", " No matches found", " No matches found", " No matches found", "", "Multiple matches found", "PreferredDDA", "CO2", "[M-H]-1", "", " 6388921.85966608", " ", " 8129255.38515475", " 7066383.95134955", "", " 52.0738414704133", " ", " 34.0543744118007", " 50.5515108604773", "", " Infinity", " Infinity", " 0.786", " 0.869", "", " Infinity", " Infinity", " -0.35", " -0.20", "", " ", " ", " 0.341863150091413", " 0.604553083997964", "", " ", " ", " 0.999999987372115", " 0.999999954496112", "6.1", "", " ", " ", " ", " ", " ", " ", " ", " 4.5", " 4.2", " 5.0", " 5.0", " 3.3", " 3.4", " ", " 4.5", " ", " ", " ", " ", " ", " ", " ", " ", " 5.9", " 6.1", " 5.5", " 5.1", " 4.1", " 5.5", " 4.7", " 6.1", " 3.9", " 4.4", " 3.1", " 4.4", " 5.2", " 5.6", " 4.5", " 5.4"
"48", "", "False", "PA(P-16:0/16:1(9Z))", "C35 H67 O7 P", "Not the top hit", " No results", " No results", " Full match", " Full match", "-2.28", "630.46101", "629.45373", "7.555", "14554095.7503643", "2", "0", "0", "", "", "", "No matches found", " No matches found", " No matches found", " No matches found", " No matches found", "", "Multiple matches found", "PreferredDDA", "", "[M-H]-1", "8653616.55679822", " 8096314.43181742", " 6279889.38627008", " 9597866.08338277", " 9706089.40658332", "41.184656059739", " 30.4116740427839", " 24.0180960422754", " 24.7404411003858", " 27.744326817045", "1.378", " 1.528", " 1.546", " 0.844", " 1.011", "0.46", " 0.61", " 0.63", " -0.25", " 0.02", "0.637008180991654", " 0.183359993328905", " 0.104520072860387", " 0.984654758537393", " 0.998503615236897", "0.999999999997193", " 0.458399983322264", " 0.273177463157829", " 0.999999987372115", " 0.999999954496112", "6.5", "0.6", " 2.6", " 2.2", " 4.9", " 2.0", " 0.5", " 3.1", " 4.1", " 2.7", " 3.1", " 2.5", " 2.7", " 2.5", " 5.3", " 2.9", " 5.1", " 6.5", " 3.7", " 4.6", " 5.3", " 5.0", " 3.0", " 3.0", " 5.0", " 4.0", " 1.7", " 5.6", " 4.5", " 4.3", " 3.4", " 3.7", " 2.2", " 3.0", " 3.2", " 6.0", " 3.0", " 3.6", " 4.3", " 4.5", " 5.3"
"55", "", "False", "LPA 16:0", "C19 H39 O7 P", "No match", " No results", " Full match", " Partial match", " Partial match", "-2.63", "410.24226", "409.23499", "7.390", "14477977.2037878", "3", "0", "1", "", "", "32.5", "No matches found", " No matches found", " No matches found", " Single match found", " No matches found", "", "Multiple matches found", "PreferredDDA", "Fatty_Acid_16:0", "[M-H]-1", "11933334.1309374", " 12937704.1327018", " 11869176.1319508", " 11665488.2225592", " 11529806.4264325", "13.8860373743757", " 11.3874930621457", " 11.9110962934233", " 8.79388019219422", " 14.2715862478975", "1.005", " 0.983", " 0.971", " 1.109", " 0.988", "0.01", " -0.02", " -0.04", " 0.15", " -0.02", "0.998447454483278", " 0.983409885856263", " 0.999999718623532", " 0.398411266699207", " 0.986929724754662", "0.999999999997193", " 0.999999954286235", " 0.999999999407085", " 0.999999987372115", " 0.999999954496112", "7.2", "5.9", " 6.1", " 7.2", " 3.2", " 3.1", " 5.7", " 5.0", " 4.6", " 3.1", " 4.6", " 4.6", " 4.2", " 3.1", " 3.8", " 2.7", " 6.9", " 6.9", " 4.6", " 4.6", " 3.2", " 5.5", " 2.7", " 5.0", " 3.8", " 3.2", " 3.7", " 4.0", " 4.9", " 3.6", " 4.3", " 5.1", " 3.6", " 3.1", " 6.5", " 3.1", " 3.5", " 5.0", " 4.4", " 3.2", " 4.0"
"193", "", "False", "", "C17 H23 N3", "Full match", " No results", " No results", " No results", " No results", "-2.52", "269.18852", "268.18124", "5.620", "14467655.3053779", "0", "0", "0", "", "", "", "No matches found", " No matches found", " No matches found", " No matches found", " No matches found", "", "No matches found", "PreferredDDA", "", "[M-H]-1", "12557240.3155851", " 12395401.2508464", " 13968917.0069035", " 12813373.5097071", " 12005278.2589368", "6.47883238472204", " 4.88955898097803", " 4.11283400889436", " 4.59073753884685", " 4.26249374344899", "0.899", " 0.917", " 0.859", " 0.967", " 0.937", "-0.15", " -0.12", " -0.22", " -0.05", " -0.09", "0.0135339531756913", " 0.0122633917321039", " 3.30709840906662E-05", " 0.997539174786027", " 0.260910666172248", "0.288778209140228", " 0.0454932273932886", " 0.00029255101310974", " 0.999999987372115", " 0.999999954496112", "7.1", "5.5", " 4.7", " 6.2", " 5.9", " 6.2", " 4.7", " 6.2", " 4.7", " 5.2", " 4.8", " 4.5", " 6.7", " 5.2", " 6.4", " 6.7", " 5.2", " 6.7", " 7.1", " 5.6", " 6.7", " 6.7", " 6.4", " 6.7", " 6.7", " 5.2", " 4.8", " 5.2", " 5.6", " 6.4", " 6.0", " 6.7", " 5.2", " 5.2", " 6.4", " 7.1", " 5.6", " 4.8", " 6.4", " 5.2", " 6.0"
"298", "", "False", "", "C14 H17 N3", "Full match", " No results", " No results", " No results", " No results", "-4.13", "227.14131", "226.13403", "4.191", "14168159.8032262", "0", "0", "0", "", "", "", "No matches found", " No matches found", " No matches found", " No matches found", " No matches found", "", "No matches found", "PreferredDDA", "", "[M-H]-1", "11762557.7888098", " 12357429.7142106", " 12339041.9007081", " 11356391.9527022", " 12316031.7650188", "9.33294337671949", " 4.47901008517385", " 9.00720311881267", " 7.14593895040186", " 9.6282031250921", "0.953", " 0.920", " 0.998", " 1.088", " 1.085", "-0.07", " -0.12", " 0.00", " 0.12", " 0.12", "0.850324840558549", " 0.132297690185788", " 0.999645205364387", " 0.228086289989405", " 0.639735623671005", "0.999999999997193", " 0.345778053894673", " 0.999999999407085", " 0.886400203603827", " 0.999999954496112", "6.4", "4.0", " 4.3", " 3.2", " 4.0", " 4.0", " 4.3", " 4.0", " 4.3", " 4.5", " 5.6", " 6.0", " 6.4", " 6.0", " ", " 4.8", " 5.6", " 4.0", " 3.6", " 4.0", " 4.0", " 4.3", " 4.0", " 4.0", " 4.0", " 3.6", " 3.0", " 3.6", " 4.0", " 5.1", " 5.1", " 4.0", " ", " 4.3", " ", " ", " 5.5", " ", " ", " ", " "
"76", "", "False", "Ieodomycin C", "C12 H20 O4", "Full match", " No results", " No results", " Not the top hit", " Full match", "-4.23", "228.13519", "227.12792", "4.095", "13749503.8104645", "10", "0", "0", "", "", "", "No matches found", " No matches found", " No matches found", " No matches found", " No matches found", "", "Multiple matches found", "PreferredDDA", "CO2", "[M-H]-1", "4275444.5087589", " ", " 7156176.97880461", " 6234161.37611815", " ", "", " ", " 46.8382451750466", " ", " ", "0.597", " 0.871", " 0.000", " 0.000", " 0.000", "-0.74", " -0.20", " -Infinity", " -Infinity", " -Infinity", "", " ", " ", " ", " ", "", " ", " ", " ", " ", "5.6", "", " ", " 3.6", " ", " ", " ", " ", " ", " ", " ", " ", " ", " ", " ", " ", " ", " ", " ", " 4.6", " 5.6", " 4.4", " ", " 5.4", " 4.4", " ", " 4.2", " ", " ", " ", " ", " ", " ", " ", " ", " ", " ", " ", " ", " ", " "
"75", "", "False", "LPE 20:4", "C25 H44 N O7 P", "Not the top hit", " No results", " Full match", " Partial match", " Partial match", "-1.87", "501.28460", "500.27732", "5.196", "13584270.4707115", "4", "0", "2", "", "", "80.1", "No matches found", " No matches found", " No matches found", " Multiple matches found", " No matches found", "", "Multiple matches found", "PreferredDDA", "", "[M-H]-1", "5130873.05571896", " 3915378.09822325", " 6468776.50428199", " 6670744.15417511", " 5839709.59102218", "14.5185632354621", " ", " 49.1712466416236", " 22.2405214932975", " 36.1259265940849", "0.793", " 1.031", " 0.903", " 0.587", " 0.875", "-0.33", " 0.04", " -0.15", " -0.77", " -0.19", "0.877633175335929", " 0.987174277806646", " 0.976793989151312", " ", " 0.999867976934277", "0.999999999997193", " 0.999999954286235", " 0.999999999407085", " ", " 0.999999954496112", "6.4", "", " 6.0", " 6.4", " ", " ", " ", " ", " ", " ", " ", " ", " 2.9", " ", " ", " ", " ", " 2.7", " 4.8", " 2.3", " 5.6", " 3.6", " 2.7", " 4.6", " 2.9", " 2.6", " 6.0", " 5.3", " 6.0", " ", " ", " ", " 5.0", " ", " ", " ", " ", " ", " 4.7", " 4.1", " 4.9"
"91", "", "False", "(15Z)-9,12,13-Trihydroxy-15-octadecenoic acid", "C18 H34 O5", "Full match", " Full match", " No results", " Partial match", " Partial match", "-2.05", "330.23995", "329.23267", "4.230", "13358944.7594394", "28", "1", "0", "78.6", "8.9", "", "No matches found", " No matches found", " No matches found", " No matches found", " No matches found", "", "Multiple matches found", "PreferredDDA", "", "[M-H]-1", "7677872.38712483", " 8786743.98833062", " 7099228.25087361", " 9400649.37427996", " ", "8.23945379047837", " 37.6383780882714", " 39.9674683805169", " 36.6097436093249", " ", "1.082", " 1.324", " 0.000", " 0.935", " 0.000", "0.11", " 0.41", " -Infinity", " -0.10", " -Infinity", "0.997598469872049", " 0.982580056387103", " ", " 0.940987050925974", " ", "0.999999999997193", " 0.999999954286235", " ", " 0.999999987372115", " ", "6.4", "6.4", " ", " ", " ", " ", " ", " 6.4", " ", " 3.2", " ", " 4.1", " 4.6", " ", " ", " ", " ", " ", " 5.0", " ", " ", " ", " ", " 3.6", " 4.0", " 5.7", " ", " 4.6", " 4.7", " ", " ", " ", " 4.2", " ", " ", " ", " ", " ", " ", " ", " "
"58", "", "False", "", "C24 H22 N4 O", "Full match", " No results", " No results", " No results", " No results", "1.88", "382.18008", "381.17280", "8.177", "13224382.6176575", "0", "0", "0", "", "", "", "No matches found", " No matches found", " No matches found", " No matches found", " No matches found", "", "No matches found", "PreferredDDA", "CO2", "[M-H]-1", "2100336.22610368", " 4364933.98898262", " 4114780.75846824", " 6553253.6270438", " 5102364.58117984", "", " 38.4481652768291", " 2.90059425912049", " 38.3684383331536", " 32.3483811712043", "0.510", " 1.593", " 1.240", " 0.666", " 0.779", "-0.97", " 0.67", " 0.31", " -0.59", " -0.36", "", " 0.31006440469312", " 0.981678808768036", " 0.364735949095965", " 0.204551670586599", "", " 0.631677956066487", " 0.999999999407085", " 0.999999987372115", " 0.999999954496112", "8.6", "", " ", " ", " ", " ", " ", " ", " 2.3", " 5.5", " 3.0", " 3.0", " 5.8", " ", " ", " ", " ", " ", " 8.6", " ", " ", " ", " ", " 7.0", " ", " 2.5", " 4.2", " 3.8", " 2.9", " ", " 3.8", " 2.9", " 2.9", " 5.4", " 3.0", " 5.1", " 1.9", " 4.7", " 2.9", " 5.1", " 0.7"
"85", "", "False", "9-oxo-7E-hexadecenoic acid", "C16 H28 O3", "Full match", " No results", " No results", " Not the top hit", " Full match", "-2.25", "268.20324", "267.19596", "5.723", "13075592.815492", "9", "0", "0", "", "", "", "No matches found", " No matches found", " No matches found", " No matches found", " No matches found", "", "Multiple matches found", "PreferredDDA", "", "[M-H]-1", "", " 5327743.95633865", " 3673128.13190905", " 5483714.98768271", " 6111438.46664083", "", " 39.7525516294545", " 9.53707180839421", " 44.063111205673", " 27.9352999653385", "0.000", " 1.493", " 1.664", " 0.972", " 1.114", "-Infinity", " 0.58", " 0.73", " -0.04", " 0.16", "", " 0.0455627438372793", " 0.0879219558792566", " 0.984512461093651", " 0.982837693051068", "", " 0.134351680545824", " 0.246610364051573", " 0.999999987372115", " 0.999999954496112", "6.5", "", " ", " ", " ", " ", " ", " ", " ", " 4.7", " 4.5", " 4.5", " 4.5", " ", " ", " ", " ", " ", " 5.8", " ", " 6.3", " 5.9", " 6.5", " 6.3", " ", " 4.0", " 4.8", " 3.6", " 2.9", " ", " 3.6", " 4.0", " 4.6", " 5.0", " 4.9", " 4.0", " 4.9", " 5.3", " 6.0", " ", " 5.4"
"80", "", "False", "NP-011548", "C18 H34 O3", "Full match", " Full match", " No results", " Partial match", " Partial match", "-2.44", "298.25007", "297.24279", "5.999", "12840398.1904234", "73", "1", "0", "95.1", "9.8", "", "No matches found", " No matches found", " No matches found", " No matches found", " No matches found", "", "Multiple matches found", "PreferredDDA", "", "[M-H]-1", "6812219.71083421", " 6740237.91646452", " 6114514.97687101", " 8435315.32953927", " 6283273.67756603", "32.0202249097468", " 15.1561860439661", " 27.2731319457142", " 35.8774956520217", " 13.7802401304086", "1.114", " 1.380", " 1.028", " 0.799", " 0.745", "0.16", " 0.46", " 0.04", " -0.32", " -0.42", "0.895484655138442", " 0.456657950904787", " 0.999668931979522", " 0.966646924238111", " 0.662062817766636", "0.999999999997193", " 0.833581973873818", " 0.999999999407085", " 0.999999987372115", " 0.999999954496112", "7.0", "2.9", " 1.1", " 4.7", " ", " 2.9", " 1.3", " 4.1", " 3.1", " 2.0", " 2.3", " 3.5", " ", " ", " ", " ", " ", " ", " 4.9", " 1.6", " 4.1", " 5.8", " 4.1", " 3.0", " 5.8", " 1.0", " 5.7", " 2.9", " 3.4", " 2.2", " 2.1", " ", " 1.2", " 4.0", " 6.0", " ", " 2.6", " 7.0", " ", " ", " 5.5"
"107", "", "False", "Embelin", "C17 H26 O4", "Full match", " No results", " No results", " Full match", " Full match", "-1.86", "294.18256", "293.17529", "4.259", "12774466.2302752", "4", "0", "0", "", "", "", "No matches found", " No matches found", " No matches found", " No matches found", " No matches found", "", "Single match found", "PreferredDDA", "CO2", "[M-H]-1", "7795371.89997292", " 7440132.728827", " 9847658.13986265", " 8609942.79930304", " 7752490.53784042", "24.6142996668993", " 7.48705160174461", " 19.8807343655963", " 11.0128313118116", " 16.4414772587855", "0.792", " 0.874", " 0.787", " 0.864", " 0.900", "-0.34", " -0.19", " -0.35", " -0.21", " -0.15", "0.573032861436779", " 0.850658817937128", " 0.60775391221774", " 0.771710298744367", " 0.992416063540681", "0.999999999997193", " 0.999999954286235", " 0.999999999407085", " 0.999999987372115", " 0.999999954496112", "6.8", "4.9", " 5.5", " 4.9", " 4.5", " 4.5", " 4.1", " 2.6", " 4.1", " 6.4", " 6.8", " 6.4", " 6.4", " 6.0", " 5.6", " 6.4", " 6.4", " 4.6", " 5.4", " 4.6", " 5.4", " 6.4", " 6.0", " 5.8", " 4.1", " 6.3", " 5.5", " 5.9", " 5.9", " 5.9", " 5.9", " 6.3", " 5.9", " 5.4", " 5.0", " 6.4", " 5.4", " 5.0", " 4.6", " 3.9", " 5.0"
"72", "", "False", "", "C21 H39 O2 P S", "Full match", " No results", " No results", " No results", " No results", "3.95", "386.24236", "385.23509", "7.554", "11959612.5299538", "0", "0", "0", "", "", "", "No matches found", " No matches found", " No matches found", " No matches found", " No matches found", "", "No matches found", "PreferredDDA", "", "[M-H]-1", "11138599.815872", " 9002447.68362968", " 9781692.86668935", " 7141430.38719289", " 7876154.81341514", "10.64462444126", " 17.3029744009934", " 6.06712970853542", " 10.6482700325431", " 16.4834503903316", "1.139", " 0.730", " 0.805", " 1.261", " 1.103", "0.19", " -0.45", " -0.31", " 0.33", " 0.14", "0.537195712637163", " 0.000339437101116835", " 0.00537312244280308", " 0.080559994485679", " 0.867436928025849", "0.999999999997193", " 0.00229619215461388", " 0.02886454734677", " 0.505330874501077", " 0.999999954496112", "7.5", "3.2", " 4.6", " 4.2", " 3.2", " 3.1", " 3.1", " 4.2", " 2.7", " 2.0", " 5.8", " 3.5", " 3.9", " 3.5", " 3.9", " 2.3", " 6.5", " 3.4", " 7.0", " 6.8", " 3.0", " 7.5", " 3.0", " 4.5", " 7.5", " 7.0", " 3.0", " 2.5", " 7.0", " 4.0", " 4.4", " 5.9", " 4.0", " 3.9", " 2.7", " 6.1", " 3.5", " 3.9", " 3.6", " 2.7", " 3.9"
"173", "", "False", "diginatigenin", "C23 H34 O6", "Full match", " No results", " No results", " Full match", " Full match", "-2.11", "406.23468", "405.22741", "2.606", "11582472.8344776", "4", "0", "0", "", "", "", "No matches found", " No matches found", " No matches found", " No matches found", " No matches found", "", "Multiple matches found", "PreferredDDA", "", "[M-H]-1", "", " 7151258.39014219", " ", " 11582472.8344776", " 7670163.86320746", "", " ", " ", " ", " 19.569680399272", "", " Infinity", " Infinity", " 0.617", " 0.662", "", " Infinity", " Infinity", " -0.70", " -0.59", "", " ", " ", " ", " ", "", " ", " ", " ", " ", "5.0", "", " ", " ", " ", " ", " ", " ", " ", " 3.5", " ", " ", " ", " ", " ", " ", " ", " ", " ", " ", " ", " ", " ", " ", " ", " ", " 4.1", " ", " ", " ", " ", " ", " ", " ", " ", " ", " 5.0", " 5.0", " 4.6", " ", " "
"70", "", "False", "", "C42 H62 N4 O2", "Full match", " No results", " No results", " No results", " No results", "-3.70", "654.48486", "653.47758", "6.920", "11512212.194403", "0", "0", "0", "", "", "", "No matches found", " No matches found", " No matches found", " No matches found", " No matches found", "", "No matches found", "PreferredDDA", "", "[M-H]-1", "", " 3806852.92038749", " ", " 3536494.39120412", " 3989707.65041375", "", " 79.4733164547503", " ", " 55.0722308895289", " 31.811519075678", "", " Infinity", " Infinity", " 1.076", " 1.128", "", " Infinity", " Infinity", " 0.11", " 0.17", "", " ", " ", " 0.919092167094011", " 0.933166814227022", "", " ", " ", " 0.999999987372115", " 0.999999954496112", "6.4", "", " ", " ", " ", " ", " ", " ", " ", " 3.0", " 2.1", " 4.2", " ", " ", " ", " ", " ", " ", " ", " ", " ", " ", " ", " ", " ", " 4.2", " 2.3", " 4.9", " 1.9", " ", " 4.2", " 2.5", " 2.3", " 5.7", " ", " 2.0", " 4.3", " 6.4", " 2.6", " ", " 4.7"
"49", "", "False", "", "C28 H20 N4 O", "Full match", " No results", " No results", " No results", " No results", "1.73", "428.16445", "427.15717", "7.403", "11409466.9937583", "0", "0", "0", "", "", "", "No matches found", " No matches found", " No matches found", " No matches found", " No matches found", "", "No matches found", "PreferredDDA", "", "[M-H]-1", "", " 3457161.40621748", " 3217076.07975618", " 4709259.53847069", " 4207152.30985336", "", " 57.3245737245479", " 45.5063364699712", " 59.8260097798493", " 19.9617793290983", "0.000", " 1.464", " 1.308", " 0.734", " 0.893", "-Infinity", " 0.55", " 0.39", " -0.45", " -0.16", "", " 0.63405932397159", " 0.728811723202785", " 0.963405420313916", " 0.993200279822327", "", " 0.999999954286235", " 0.999999999407085", " 0.999999987372115", " 0.999999954496112", "6.3", "", " ", " ", " ", " ", " ", " ", " ", " 5.4", " 0.4", " 4.0", " 0.0", " ", " ", " ", " 2.3", " ", " 3.6", " ", " ", " ", " ", " 1.9", " ", " 1.7", " 1.8", " 0.6", " ", " 1.5", " 1.9", " 3.3", " ", " 4.8", " 3.0", " 5.2", " 6.3", " 4.0", " 4.8", " ", " 4.0"
"122", "", "False", "14,14,14-Trifluoro-11E-tetradecenyl acetate", "C16 H27 F3 O2", "No match", " No results", " No results", " Full match", " Full match", "-2.21", "308.19563", "307.18836", "6.756", "11216909.2484315", "2", "0", "0", "", "", "", "No matches found", " No matches found", " No matches found", " No matches found", " No matches found", "", "Multiple matches found", "PreferredDDA", "", "[M-H]-1", "", " 5453331.84268024", " ", " 4962462.93350376", " 5629764.36705304", "", " 29.3353913639917", " ", " 35.5976390905663", " 56.73128437418", "", " Infinity", " Infinity", " 1.099", " 1.134", "", " Infinity", " Infinity", " 0.14", " 0.18", "", " ", " ", " 0.793786680637079", " 0.817768748810545", "", " ", " ", " 0.999999987372115", " 0.999999954496112", "6.0", "", " ", " ", " ", " ", " ", " ", " ", " 6.0", " 5.8", " 3.5", " 2.4", " ", " ", " ", " ", " ", " ", " ", " ", " ", " ", " ", " ", " 4.5", " 1.3", " 2.6", " 5.3", " 1.3", " 0.9", " 1.0", " 0.7", " ", " 2.1", " ", " 4.5", " 3.1", " 0.7", " ", " "
"74", "", "False", "PA(O-16:0/12:0)", "C31 H63 O7 P", "No match", " No results", " No results", " Full match", " Full match", "-2.22", "578.42986", "577.42258", "7.174", "11006689.0628068", "1", "0", "0", "", "", "", "No matches found", " No matches found", " No matches found", " No matches found", " No matches found", "", "Single match found", "PreferredDDA", "", "[M-H]-1", "", " 3473676.24283679", " 1887706.11862494", " 4564824.89063551", " 4955159.71647391", "", " ", " 27.1379131637015", " 56.1107941296004", " 33.8873682896272", "0.000", " 2.418", " 2.625", " 0.761", " 1.086", "-Infinity", " 1.27", " 1.39", " -0.39", " 0.12", "", " 0.0833835747403953", " 0.0497978963518425", " ", " 0.954136155255478", "", " 0.239727777378636", " 0.168199727386679", " ", " 0.999999954496112", "6.7", "", " ", " ", " ", " ", " ", " ", " ", " 0.0", " ", " ", " ", " ", " ", " ", " ", " ", " ", " ", " 6.7", " ", " ", " 5.6", " ", " 6.1", " 5.2", " ", " 1.4", " 2.3", " 4.2", " 4.8", " 4.8", " 4.7", " 2.6", " ", " 2.6", " 4.1", " 1.3", " ", " 3.6"
"103", "", "False", "threo-9,10-Dihydroxystearic acid", "C18 H36 O4", "Full match", " No results", " No results", " Full match", " Full match", "-2.62", "316.26053", "315.25325", "5.313", "10376678.1789646", "22", "0", "0", "", "", "", "No matches found", " No matches found", " No matches found", " No matches found", " No matches found", "", "Multiple matches found", "PreferredDDA", "", "[M-H]-1", "4814948.43225239", " 7467903.98309531", " 4771275.34867643", " 4986076.34863079", " 6347817.74020881", "3.28595569441593", " 36.5767865363661", " 39.156402399163", " 42.6044510507637", " ", "1.009", " 1.045", " 1.330", " 1.498", " 1.273", "0.01", " 0.06", " 0.41", " 0.58", " 0.35", "0.985086664415828", " 0.999999854127831", " ", " 0.99963318452383", " ", "0.999999999997193", " 0.999999954286235", " ", " 0.999999987372115", " ", "7.4", "6.7", " ", " ", " ", " ", " ", " 7.4", " ", " 5.1", " ", " 4.3", " 5.9", " ", " ", " ", " ", " ", " 5.9", " ", " ", " ", " ", " 5.3", " 4.5", " 2.9", " 4.4", " 5.4", " 4.4", " 3.0", " ", " ", " 4.6", " ", " ", " ", " ", " ", " ", " ", " 4.2"
"158", "", "False", "", "", "No results", " No results", " No results", " No results", " No results", "", "220.86161", "219.85434", "0.812", "10071808.3717034", "0", "0", "0", "", "", "", "No matches found", " No matches found", " No matches found", " No matches found", " No matches found", "", "No matches found", "PreferredDDA", "", "[M-H]-1", "4597930.99328212", " ", " 7984307.20617536", " 5734036.13816525", " 4738925.85730291", "25.1982465524099", " ", " 7.71269692252076", " 37.5995159141155", " 11.9674471431049", "0.576", " 0.718", " 0.594", " 0.000", " 0.826", "-0.80", " -0.48", " -0.75", " -Infinity", " -0.27", "0.111846704954122", " 0.466314265827957", " 0.190651781414638", " ", " 0.67572665103544", "0.827665616660503", " 0.83790844640961", " 0.438499097253667", " ", " 0.999999954496112", "6.4", "", " 3.9", " 5.0", " 4.9", " 4.3", " ", " ", " ", " ", " ", " ", " ", " ", " ", " ", " ", " 5.6", " 6.0", " ", " 6.0", " 5.6", " 6.4", " ", " ", " 3.6", " ", " 4.0", " 4.0", " 4.1", " 4.3", " 4.5", " 3.8", " ", " ", " ", " ", " ", " 5.7", " 5.7", " "
"136", "", "False", "", "C9 H7 N3 P2 S", "Full match", " No results", " No results", " No results", " No results", "4.31", "250.98467", "249.97740", "0.751", "10049124.0888087", "0", "0", "0", "", "", "", "No matches found", " No matches found", " No matches found", " No matches found", " No matches found", "", "No matches found", "PreferredDDA", "", "[M-H]-1", "9156227.28755847", " ", " 7165546.51863202", " 6134673.94975405", " 6928417.84858754", "13.7911251705538", " ", " 7.78165626603632", " 19.332774148014", " 14.6857495430529", "1.278", " 0.856", " 0.967", " 0.000", " 1.129", "0.35", " -0.22", " -0.05", " -Infinity", " 0.18", "0.340353132673308", " 0.772406658809821", " 0.98776153818643", " ", " 0.973724435780767", "0.999999999997193", " 0.999999954286235", " 0.999999999407085", " ", " 0.999999954496112", "7.1", "5.9", " ", " ", " 5.5", " ", " ", " ", " ", " ", " ", " ", " ", " ", " ", " ", " ", " ", " 7.1", " ", " 6.8", " 6.0", " 7.1", " ", " ", " 5.0", " ", " 5.2", " 6.3", " 5.8", " ", " 6.1", " 5.4", " ", " ", " ", " ", " ", " 4.7", " 5.9", " "
"105", "", "False", "LPC 18:0", "C26 H54 N O7 P", "No match", " No results", " Invalid mass", " No match", " No match", "114681.24", "583.38380", "582.37652", "6.519", "10014814.9708839", "1", "0", "21", "", "", "86.3", "No matches found", " No matches found", " No matches found", " Multiple matches found", " No matches found", "", "Single match found", "PreferredDDA", "", "[M-H]-1", "4042698.03259151", " ", " 5274679.54054177", " 5293058.21639305", " 3554555.4385417", "35.8361620453816", " ", " 35.6981593350542", " ", " 18.906250362412", "0.766", " 1.003", " 0.674", " 0.000", " 0.672", "-0.38", " 0.01", " -0.57", " -Infinity", " -0.57", "0.655889552019553", " ", " 0.13401583680447", " ", " ", "0.999999999997193", " ", " 0.321079609010709", " ", " ", "6.1", "", " 4.7", " 5.7", " ", " ", " ", " ", " 5.4", " ", " ", " ", " ", " ", " ", " ", " ", " 2.2", " 5.1", " 4.7", " 5.3", " ", " 4.1", " 4.7", " 4.1", " ", " 0.6", " ", " ", " ", " ", " ", " ", " ", " 4.2", " 6.1", " ", " 2.3", " 2.1", " ", " "
"177", "", "False", "Cladosporester A", "C13 H24 O4", "Full match", " No results", " No results", " Not the top hit", " Full match", "-3.31", "244.16665", "243.15937", "3.832", "9983579.39639371", "7", "0", "0", "", "", "", "No matches found", " No matches found", " No matches found", " No matches found", " No matches found", "", "Multiple matches found", "PreferredDDA", "", "[M-H]-1", "9018460.51417058", " 9200604.02132093", " 8841977.86638972", " 9078301.68350798", " 9741328.39095185", "4.61786893687165", " 3.65815164634783", " 4.07713121776944", " 5.38130584147199", " 2.40503994405342", "1.020", " 1.027", " 1.102", " 1.013", " 1.073", "0.03", " 0.04", " 0.14", " 0.02", " 0.10", "0.953273768602502", " 0.556033506886747", " 0.00237924898389541", " 0.999992975330092", " 0.107852516713477", "0.999999999997193", " 0.983751589107322", " 0.0136806816573986", " 0.999999987372115", " 0.999999954496112", "7.7", "6.9", " 6.5", " 6.1", " 6.5", " 6.9", " 6.9", " 6.5", " 6.9", " 6.5", " 6.5", " 6.5", " 6.1", " 6.9", " 7.3", " 7.3", " 7.7", " 6.9", " 4.2", " 6.5", " 6.1", " 6.5", " 6.9", " 6.1", " 6.5", " 5.6", " 4.9", " 6.0", " 4.9", " 6.0", " 5.6", " 6.0", " 6.4", " 7.3", " 6.5", " 6.9", " 7.3", " 5.4", " 7.3", " 6.9", " 6.5"
"142", "", "False", "LPC 18:2", "C26 H50 N O7 P", "No match", " No results", " Invalid mass", " No match", " No match", "115570.71", "579.35211", "578.34484", "5.191", "9870637.93554554", "2", "0", "4", "", "", "78.4", "No matches found", " No matches found", " No matches found", " Multiple matches found", " No matches found", "", "Single match found", "PreferredDDA", "", "[M-H]-1", "4025035.52126898", " 3631340.91478277", " 6734030.81340036", " 5095267.31963938", " 6074247.95603266", "6.86870939360929", " 14.194907675141", " 33.3932580964271", " 24.5786152963957", " 30.2396806159943", "0.598", " 0.757", " 0.902", " 0.713", " 1.192", "-0.74", " -0.40", " -0.15", " -0.49", " 0.25", "0.234430380801516", " 0.846466143850052", " 0.981761677315975", " 0.591833624833195", " 0.993214983926703", "0.999999999997193", " 0.999999954286235", " 0.999999999407085", " 0.999999987372115", " 0.999999954496112", "7.3", "", " 7.3", " 7.1", " ", " ", " ", " ", " 4.6", " 6.6", " ", " ", " 3.8", " ", " ", " ", " ", " 3.2", " 1.3", " 2.9", " 1.1", " 4.3", " 5.5", " 5.3", " 4.0", " 3.4", " 5.3", " 5.4", " ", " 3.1", " 2.8", " 3.0", " 2.9", " ", " 4.0", " 0.7", " 5.3", " 4.7", " 4.0", " ", " 4.7"
"81", "", "False", "", "C16 H28 N6 O2", "Full match", " No results", " No results", " No results", " No results", "-1.21", "336.22697", "335.21969", "7.479", "9673163.2855935", "0", "0", "0", "", "", "", "No matches found", " No matches found", " No matches found", " No matches found", " No matches found", "", "No matches found", "PreferredDDA", "", "[M-H]-1", "3773829.14372159", " 4257624.75043141", " 5915814.01771881", " 6083158.83230845", " 6090348.54221826", "24.8437952950348", " 13.2118430611443", " 14.0342400322562", " 9.55823713278268", " 26.4420351738928", "0.638", " 1.028", " 1.030", " 0.700", " 1.001", "-0.65", " 0.04", " 0.04", " -0.51", " 0.00", "0.000581483065675847", " 0.912887002432181", " 0.967596263946226", " 0.00705128354367401", " 0.998882503369474", "0.0645446202900191", " 0.999999954286235", " 0.999999999407085", " 0.088461557184274", " 0.999999954496112", "7.9", "2.9", " 1.6", " 2.4", " 5.6", " 5.6", " 4.6", " 1.8", " 3.1", " 6.6", " 4.5", " 6.8", " 2.2", " 4.9", " 6.4", " 6.0", " 2.6", " 6.6", " ", " 5.1", " 5.3", " 4.9", " 3.4", " 4.4", " 6.0", " 4.5", " ", " 4.9", " ", " 3.1", " 3.5", " 7.9", " 3.1", " 6.5", " 5.6", " 3.1", " 3.4", " 1.8", " 3.0", " 2.8", " 1.6"
"82", "", "False", "", "C28 H63 N10 O P", "Full match", " No results", " No results", " No results", " No results", "0.27", "586.49255", "585.48527", "8.173", "9653547.71170207", "0", "0", "0", "", "", "", "No matches found", " No matches found", " No matches found", " No matches found", " No matches found", "", "No matches found", "PreferredDDA", "", "[M-H]-1", "3543027.7475482", " 4945515.62790695", " 3633171.88399453", " 6671548.37395128", " 5904275.89109807", "28.6095645230545", " 37.4914839989301", " 34.9038614128074", " 32.2891005931186", " 21.6563767669877", "0.975", " 1.836", " 1.625", " 0.741", " 0.885", "-0.04", " 0.88", " 0.70", " -0.43", " -0.18", "0.825484612386441", " 0.120618006591631", " 0.196077939837971", " 0.138927557916375", " 0.99889522629124", "0.999999999997193", " 0.322583040884596", " 0.442136531007189", " 0.710074184905914", " 0.999999954496112", "7.1", "", " 5.6", " 3.1", " 2.1", " 5.9", " ", " 7.1", " 3.1", " 3.2", " 2.5", " 2.2", " 3.8", " 1.9", " 3.5", " 5.1", " 2.6", " 2.4", " 3.6", " 6.6", " 2.0", " ", " 2.0", " 3.2", " 2.4", " 2.1", " 4.4", " 2.6", " 5.3", " 0.9", " 5.1", " 2.9", " 6.3", " 2.8", " 3.4", " 3.5", " 3.7", " 3.7", " 3.0", " 2.4", " 2.4"
"77", "", "False", "", "C17 H38 N6 O4", "Full match", " No results", " No results", " No results", " No results", "4.01", "390.29702", "389.28974", "7.473", "9564913.43441687", "0", "0", "0", "", "", "", "No matches found", " No matches found", " No matches found", " No matches found", " No matches found", "", "No matches found", "PreferredDDA", "", "[M-H]-1", "2917679.92609888", " 5094403.49428072", " 3549950.80940316", " 7011912.27090362", " 6489111.00813117", "6.84787034345992", " 23.2495842330017", " 24.9456901847508", " 18.0691917199585", " 15.9218304635345", "0.822", " 1.975", " 1.828", " 0.727", " 0.925", "-0.28", " 0.98", " 0.87", " -0.46", " -0.11", "0.883348061977866", " 1.87481445035331E-06", " 8.6608264853183E-06", " 0.0314425513864011", " 0.976466187034161", "0.999999999997193", " 2.69504577238289E-05", " 0.000124499380726451", " 0.30993372080881", " 0.999999954496112", "6.5", "4.0", " 6.3", " ", " ", " ", " 6.3", " ", " 4.4", " 6.0", " 5.0", " 1.5", " 3.1", " 5.8", " 5.0", " 5.6", " 3.1", " ", " 1.8", " 4.4", " 2.5", " 5.8", " 1.0", " 5.6", " 5.8", " ", " 5.4", " 2.3", " 3.9", " 3.3", " 3.9", " 2.7", " 6.1", " 4.2", " 6.5", " 6.5", " 3.5", " ", " 3.5", " 3.3", " 3.9"
"171", "", "False", "ascr#30", "C23 H44 O6", "Not the top hit", " No results", " No results", " Full match", " Full match", "-2.49", "416.31275", "415.30548", "7.773", "9446058.46564177", "2", "0", "0", "", "", "", "No matches found", " No matches found", " No matches found", " No matches found", " No matches found", "", "Multiple matches found", "PreferredDDA", "", "[M-H]-1", "", " 3349061.41047983", " ", " 4068030.69211685", " 4160539.33978322", "", " 31.9619298022502", " ", " 17.8930119354244", " 44.4057588776644", "", " Infinity", " Infinity", " 0.823", " 1.023", "", " Infinity", " Infinity", " -0.28", " 0.03", "", " ", " ", " 0.694407259705228", " 0.754763328553714", "", " ", " ", " 0.999999987372115", " 0.999999954496112", "5.1", "", " ", " ", " ", " ", " ", " ", " ", " 1.1", " 4.3", " ", " 5.1", " ", " ", " ", " ", " ", " ", " ", " ", " ", " ", " ", " ", " 3.8", " 2.5", " 3.0", " 2.5", " ", " 3.4", " 3.6", " 4.0", " 4.0", " 4.8", " 2.7", " 0.5", " 2.1", " 1.0", " ", " 0.2"
"98", "", "False", "3beta-(3-methyl-butanoyloxy)-villanovane-13alpha,17-diol", "C25 H42 O6", "Not the top hit", " No results", " No results", " Full match", " Full match", "-2.18", "438.29718", "437.28991", "7.010", "9375736.89844238", "1", "0", "0", "", "", "", "No matches found", " No matches found", " No matches found", " No matches found", " No matches found", "", "Single match found", "PreferredDDA", "", "[M-H]-1", "3948394.50689837", " 4997584.86466836", " 2948619.5821781", " 3909554.62354089", " 5310045.97421979", "8.3425014180271", " 20.9856175082678", " 6.22953816152751", " 35.0338984543359", " 35.8801381650574", "1.339", " 1.326", " 1.801", " 1.278", " 1.358", "0.42", " 0.41", " 0.85", " 0.35", " 0.44", "0.858323378869431", " 0.781362411618982", " 0.112602996035297", " 0.693321604470183", " 0.238005684290128", "0.999999999997193", " 0.999999954286235", " 0.281507490088242", " 0.999999987372115", " 0.999999954496112", "6.2", "", " ", " ", " ", " ", " 5.2", " ", " 5.8", " 4.9", " 5.8", " 3.9", " 5.8", " 3.3", " ", " 6.2", " 3.9", " ", " ", " ", " ", " ", " ", " 4.4", " 4.4", " 3.0", " 2.6", " 4.9", " 3.5", " 4.7", " 3.9", " ", " 4.4", " 3.6", " 2.6", " 2.8", " 5.9", " 4.1", " 2.6", " ", " 5.1"
"89", "", "False", "5-methyl-2E-tridecenoic acid", "C14 H26 O2", "Full match", " No results", " No results", " Not the top hit", " Full match", "-4.26", "226.19232", "225.18504", "6.381", "9249307.72553255", "45", "0", "0", "", "", "", "No matches found", " No matches found", " No matches found", " No matches found", " No matches found", "", "Multiple matches found", "PreferredDDA", "", "[M-H]-1", "6018461.04729351", " ", " 3643668.16842702", " ", " ", "39.4522972861925", " ", " 56.0263216861474", " ", " ", "1.652", " 0.000", " 0.000", " ", " ", "0.72", " -Infinity", " -Infinity", " ", " ", "0.540807613178225", " ", " ", " ", " ", "0.999999999997193", " ", " ", " ", " ", "6.3", "", " 5.1", " 4.7", " 5.4", " 6.3", " 5.3", " 5.5", " 4.7", " ", " ", " ", " ", " ", " ", " ", " ", " ", " ", " ", " 3.4", " 4.9", " 5.4", " ", " ", " ", " ", " ", " ", " ", " ", " ", " ", " ", " ", " ", " ", " ", " ", " ", " "
"235", "", "False", "", "", "No results", " No results", " No results", " No results", " No results", "", "220.86158", "219.85430", "11.165", "9240406.43971148", "0", "0", "0", "", "", "", "No matches found", " No matches found", " No matches found", " No matches found", " No matches found", "", "No matches found", "PreferredDDA", "", "[M-H]-1", "7250645.64269033", " 6165208.8963726", " 7647142.19573795", " 6638471.71358112", " 5624861.63592685", "5.69380648335411", " 7.71322694201265", " 9.13832769193704", " 6.20617797013878", " 6.19919488895724", "0.948", " 0.868", " 0.736", " 0.929", " 0.847", "-0.08", " -0.20", " -0.44", " -0.11", " -0.24", "0.128516723422493", " 0.00555012784448206", " 6.4773808539087E-10", " 0.221381320823586", " 3.4240323525947E-05", "0.855094881282848", " 0.0236394334116828", " 7.448987981995E-08", " 0.886400203603827", " 0.00506756788184015", "6.0", "4.5", " 4.5", " 4.1", " 5.3", " 5.6", " 5.6", " 5.6", " 4.1", " 5.6", " 4.5", " 4.3", " 5.4", " 5.6", " 5.6", " 5.3", " 4.5", " 4.1", " 4.1", " 3.7", " 4.1", " 4.9", " 3.7", " 5.3", " 5.6", " 3.7", " 4.1", " 6.0", " 5.6", " 5.6", " 5.6", " 6.0", " 5.6", " 4.3", " 5.4", " 4.5", " 5.0", " 3.9", " 3.9", " 3.9", " 5.8"
"178", "", "False", "15R-PGE2 methyl ester, 15-acetate", "C23 H36 O6", "Full match", " No results", " No results", " Not the top hit", " Full match", "-2.07", "408.25034", "407.24307", "2.627", "9219739.60395338", "2", "0", "0", "", "", "", "No matches found", " No matches found", " No matches found", " No matches found", " No matches found", "", "Single match found", "PreferredDDA", "", "[M-H]-1", "", " 4755959.67212421", " ", " 7486761.69558641", " 6183710.1543181", "", " 10.533000063164", " ", " 23.14573401385", " 31.6179594935986", "", " Infinity", " Infinity", " 0.635", " 0.826", "", " Infinity", " Infinity", " -0.65", " -0.28", "", " ", " ", " 0.280376176548942", " 0.782864002663753", "", " ", " ", " 0.946756234831367", " 0.999999954496112", "6.4", "", " ", " ", " ", " ", " ", " ", " ", " 4.9", " 4.9", " ", " 6.4", " ", " ", " ", " ", " ", " ", " ", " ", " ", " ", " ", " ", " 3.7", " 4.1", " ", " ", " ", " ", " ", " ", " ", " 4.5", " ", " 3.6", " 5.5", " 4.9", " ", " "
"84", "", "False", "", "C21 H32", "Full match", " No results", " No results", " No results", " No results", "-3.47", "284.24941", "283.24214", "7.404", "9146050.10998795", "0", "0", "0", "", "", "", "No matches found", " No matches found", " No matches found", " No matches found", " No matches found", "", "No matches found", "PreferredDDA", "", "[M-H]-1", "3070120.90591685", " 4879775.82407719", " 2859512.397002", " 6124253.24583072", " 5481087.3211081", "16.8561982667209", " 37.516209322485", " 17.5124989400785", " 25.6001328814646", " 16.4359501983826", "1.074", " 2.142", " 1.917", " 0.797", " 0.895", "0.10", " 1.10", " 0.94", " -0.33", " -0.16", "0.945732753475166", " 0.00028735295855209", " 0.00552191340546904", " 0.276324473703481", " 0.543039432385581", "0.999999999997193", " 0.00206534938959314", " 0.02886454734677", " 0.946756234831367", " 0.999999954496112", "7.0", "", " ", " ", " ", " 4.2", " 1.9", " 4.9", " ", " 3.2", " 2.2", " 1.0", " 3.4", " 1.1", " 2.8", " 0.9", " 1.5", " ", " ", " ", " 3.4", " 1.9", " 3.0", " ", " 6.1", " 3.4", " 4.1", " 4.3", " ", " 2.8", " ", " 5.4", " 3.0", " 3.3", " 5.5", " 7.0", " 3.3", " ", " 5.5", " 1.9", " 4.0"
"79", "", "False", "", "C14 H26 N6 O2", "Full match", " No results", " No results", " No results", " No results", "-1.48", "310.21127", "309.20399", "7.290", "9130150.63863487", "0", "0", "0", "", "", "", "No matches found", " No matches found", " No matches found", " No matches found", " No matches found", "", "No matches found", "PreferredDDA", "", "[M-H]-1", "3568892.37830167", " 5246156.65939637", " 5112495.50591235", " 7612470.3942923", " 6646461.50968754", "16.2199376232321", " 34.3878124717423", " 29.5767226663346", " 10.7320649034334", " 10.7035459285593", "0.698", " 1.489", " 1.300", " 0.689", " 0.873", "-0.52", " 0.57", " 0.38", " -0.54", " -0.20", "0.0195074443024836", " 0.0159031762653711", " 0.289630565585073", " 0.00998207914859051", " 0.663333451563899", "0.288778209140228", " 0.0537901550152257", " 0.616805834116358", " 0.114793910208791", " 0.999999954496112", "7.4", "4.9", " 6.3", " 6.3", " 2.3", " 2.3", " 6.1", " 5.3", " 3.6", " 4.7", " 4.4", " 2.9", " 2.6", " 4.5", " 3.0", " 5.4", " 5.7", " 2.0", " 6.0", " 3.5", " 3.1", " 1.2", " 2.8", " 4.6", " 5.8", " 6.6", " 7.0", " 4.4", " 7.0", " 6.3", " 4.4", " 7.0", " 7.4", " 2.9", " 7.0", " 6.8", " 6.3", " 5.9", " 4.0", " 6.0", " 4.0"
"129", "", "False", "Embelin", "C17 H26 O4", "Full match", " No results", " No results", " Full match", " Full match", "-2.00", "294.18252", "293.17525", "4.753", "9111247.68191916", "4", "0", "0", "", "", "", "No matches found", " No matches found", " No matches found", " No matches found", " No matches found", "", "Single match found", "PreferredDDA", "CO2", "[M-H]-1", "5161561.73329073", " 5043440.20840849", " 5320943.75758339", " 6875670.40182619", " 8084760.00822393", "23.5128361604561", " 8.42920676006165", " 15.6991242216701", " 27.5427673614297", " 26.0080402412734", "0.970", " 1.292", " 1.519", " 0.734", " 1.176", "-0.04", " 0.37", " 0.60", " -0.45", " 0.23", "0.994871924376383", " 0.996028934476576", " 0.670569389030752", " 0.904816112667728", " 0.864809763645265", "0.999999999997193", " 0.999999954286235", " 0.999999999407085", " 0.999999987372115", " 0.999999954496112", "6.5", "", " 4.5", " ", " ", " 3.5", " 4.6", " ", " ", " ", " ", " ", " ", " ", " 6.5", " 6.2", " 6.5", " ", " ", " 5.2", " ", " 5.4", " 5.2", " ", " ", " ", " ", " ", " ", " 4.6", " 4.9", " 4.9", " ", " 5.3", " ", " 5.3", " 5.6", " ", " ", " ", " 4.6"
"121", "", "False", "Margaric acid", "C17 H34 O2", "Full match", " No results", " No results", " Not the top hit", " Full match", "-2.24", "270.25528", "269.24800", "8.398", "9024835.39343087", "33", "0", "0", "", "", "", "No matches found", " No matches found", " No matches found", " No matches found", " No matches found", "", "Multiple matches found", "PreferredDDA", "", "[M-H]-1", "2473325.30643619", " 4873321.62123628", " 4414256.5126163", " 4412306.73036588", " 4424350.10883911", "", " 24.9864159507003", " 21.0426252625176", " 37.9620916166215", " 13.6563202750345", "0.560", " 1.000", " 1.002", " 1.104", " 1.003", "-0.84", " 0.00", " 0.00", " 0.14", " 0.00", "", " 0.993782021155905", " 0.999953078206015", " 0.999989926043005", " 0.93247940195363", "", " 0.999999954286235", " 0.999999999407085", " 0.999999987372115", " 0.999999954496112", "6.9", "", " ", " ", " ", " ", " ", " ", " 4.9", " 6.9", " ", " ", " 2.4", " ", " ", " ", " ", " ", " 4.3", " ", " ", " ", " ", " 3.7", " ", " 3.0", " 4.4", " 3.4", " 2.4", " ", " 5.3", " 3.0", " 5.3", " 3.9", " 6.0", " 4.3", " 3.8", " 4.1", " 5.3", " ", " 4.9"
"87", "", "False", "4,8,12,15,19,21-tetracosahexaenoic acid", "C24 H36 O2", "Full match", " No results", " No results", " Partial match", " Full match", "-2.05", "356.27080", "355.26352", "7.871", "8951910.16759975", "10", "0", "0", "", "", "", "No matches found", " No matches found", " No matches found", " No matches found", " No matches found", "", "Multiple matches found", "PreferredDDA", "CO2", "[M-H]-1", "", " 3119818.5186132", " 3085752.61288603", " 2957903.07891086", " 2523780.56626326", "", " 44.11169366632", " 16.8191430532235", " 62.2118686732404", " 4.03384209082852", "0.000", " 0.959", " 0.818", " 1.055", " 0.853", "-Infinity", " -0.06", " -0.29", " 0.08", " -0.23", "", " 0.957061776875789", " 0.929514788167769", " 0.928170225161586", " 0.505153987777198", "", " 0.999999954286235", " 0.999999999407085", " 0.999999987372115", " 0.999999954496112", "6.4", "", " ", " ", " ", " ", " ", " ", " ", " 5.5", " ", " 4.9", " ", " ", " ", " ", " ", " ", " 6.4", " ", " ", " ", " ", " 6.4", " ", " 5.2", " 4.2", " 4.9", " 3.8", " ", " 4.5", " ", " 3.4", " 5.3", " ", " ", " ", " 5.3", " 5.3", " ", " 6.1"
"150", "", "False", "14-hydroxy-12-tetradecenoic acid", "C14 H26 O3", "Full match", " No results", " No results", " Not the top hit", " Full match", "-3.68", "242.18730", "241.18003", "5.297", "8873731.60324914", "12", "0", "0", "", "", "", "No matches found", " No matches found", " No matches found", " No matches found", " No matches found", "", "Multiple matches found", "PreferredDDA", "", "[M-H]-1", "", " 3945249.60603725", " ", " 4066153.58496078", " 4528812.96759118", "", " ", " ", " 51.6928071359688", " 5.56397903666577", "", " Infinity", " Infinity", " 0.970", " 1.114", "", " Infinity", " Infinity", " -0.04", " 0.16", "", " ", " ", " ", " 0.933654233425887", "", " ", " ", " ", " 0.999999954496112", "6.5", "", " ", " ", " ", " ", " ", " ", " ", " 4.0", " ", " ", " ", " ", " ", " ", " ", " ", " ", " ", " ", " ", " ", " ", " ", " 3.6", " 4.2", " ", " ", " ", " ", " ", " 4.5", " ", " 5.4", " ", " ", " 6.5", " 6.5", " ", " "
"108", "", "False", "LNAPE 22:6/N-2:0", "C29 H46 N O8 P", "Not the top hit", " No results", " Full match", " No results", " No results", "-2.23", "567.29484", "566.28756", "10.848", "8763635.80725715", "0", "0", "1", "", "", "31.5", "No matches found", " No matches found", " No matches found", " Single match found", " No matches found", "", "No matches found", "PreferredDDA", "", "[M-H]-1", "3078694.5012872", " ", " 2220196.72609735", " 2096397.00679554", " 3354289.35521309", "", " ", " 56.5423761228303", " ", " 56.7555097207244", "1.387", " 0.944", " 1.511", " 0.000", " 1.600", "0.47", " -0.08", " 0.60", " -Infinity", " 0.68", "", " ", " 0.500896458128874", " ", " ", "", " ", " 0.960051544747009", " ", " ", "4.9", "3.8", " ", " ", " ", " ", " ", " ", " ", " ", " ", " ", " ", " ", " ", " ", " ", " ", " ", " ", " 4.5", " ", " ", " ", " 4.9", " ", " ", " ", " ", " ", " ", " 3.4", " ", " ", " 3.0", " 4.8", " 1.9", " 2.3", " 3.8", " 3.9", " 4.5"
"112", "", "False", "", "C12 H22 N6 O2", "Full match", " No results", " No results", " No results", " No results", "-1.52", "282.17999", "281.17272", "6.359", "8636009.43708795", "0", "0", "0", "", "", "", "No matches found", " No matches found", " No matches found", " No matches found", " No matches found", "", "No matches found", "PreferredDDA", "", "[M-H]-1", "", " 4705596.60008652", " 2928220.31606726", " 5712204.90097898", " 4700144.28040116", "", " 39.4708439652808", " ", " 22.3311531247254", " 24.6367355853859", "0.000", " 1.951", " 1.605", " 0.824", " 0.823", "-Infinity", " 0.96", " 0.68", " -0.28", " -0.28", "", " ", " ", " 0.589548858247337", " 0.892971718644761", "", " ", " ", " 0.999999987372115", " 0.999999954496112", "6.5", "", " ", " ", " ", " ", " ", " ", " ", " 4.0", " 6.4", " 3.8", " 5.7", " 3.5", " 3.9", " ", " 3.5", " ", " 3.0", " ", " ", " ", " ", " ", " ", " 4.6", " 5.6", " 6.2", " 5.8", " 4.4", " 5.4", " 5.0", " 5.6", " 5.4", " 6.5", " 3.5", " 4.6", " 5.6", " 6.4", " 4.6", " 5.0"
"116", "", "False", "", "C21 H43 Cl N2 O S2", "Full match", " No results", " No results", " No results", " No results", "4.16", "438.25235", "437.24508", "6.904", "8626052.03756385", "0", "0", "0", "", "", "", "No matches found", " No matches found", " No matches found", " No matches found", " No matches found", "", "No matches found", "PreferredDDA", "", "[M-H]-1", "", " 4112420.35820597", " ", " 4749086.59647923", " 3957798.44244209", "", " 51.4545745299883", " ", " 34.4199127355257", " 29.9502936592074", "", " Infinity", " Infinity", " 0.866", " 0.833", "", " Infinity", " Infinity", " -0.21", " -0.26", "", " ", " ", " 0.999749083907408", " 0.380758181933823", "", " ", " ", " 0.999999987372115", " 0.999999954496112", "6.2", "", " ", " ", " ", " ", " ", " ", " ", " 5.0", " 1.0", " 1.9", " ", " ", " ", " ", " ", " ", " ", " ", " ", " ", " ", " ", " ", " 0.5", " 3.2", " 4.1", " ", " ", " 4.7", " 0.7", " 3.2", " 4.9", " 2.9", " 5.2", " 4.3", " 6.2", " 3.9", " ", " 5.2"
"106", "", "False", "", "C17 H37 Cl N6 O2", "Invalid mass", " No results", " No results", " No results", " No results", "5.19", "392.26869", "391.26141", "7.637", "8548151.38109666", "0", "0", "0", "", "", "", "No matches found", " No matches found", " No matches found", " No matches found", " No matches found", "", "No matches found", "PreferredDDA", "", "[M-H]-1", "3952930.97852839", " 2415512.80002774", " 3287361.52981232", " 5615207.42662176", " 4808092.73319533", "44.1145156561162", " 79.5299970217715", " 15.1535808281443", " 19.5086570624497", " 37.1535623756577", "1.202", " 1.708", " 1.463", " 0.430", " 0.856", "0.27", " 0.77", " 0.55", " -1.22", " -0.22", "0.999253220733976", " 0.617212689544071", " 0.728511726277731", " 0.817295416969877", " 0.989318153265217", "0.999999999997193", " 0.999999954286235", " 0.999999999407085", " 0.999999987372115", " 0.999999954496112", "5.9", "", " 4.2", " ", " ", " ", " ", " ", " 3.6", " 1.2", " ", " ", " ", " 2.3", " ", " ", " 4.5", " 2.3", " 1.9", " 4.8", " ", " 2.3", " ", " 3.0", " 3.3", " ", " ", " ", " 5.9", " ", " 2.9", " ", " 3.1", " 1.9", " 2.9", " 1.3", " 3.6", " 4.5", " 1.1", " 2.4", " "
"99", "", "False", "NP-011548", "C18 H34 O3", "Full match", " Full match", " No results", " Partial match", " Partial match", "-2.42", "298.25007", "297.24280", "6.897", "8359678.45205806", "73", "1", "0", "96.4", "9.8", "", "No matches found", " No matches found", " No matches found", " No matches found", " No matches found", "", "Multiple matches found", "PreferredDDA", "CO2", "[M-H]-1", "6996928.77211156", " ", " 4498692.37719065", " 5955432.54440183", " 5706054.90293067", "6.68996686065105", " ", " 2.14229121983777", " ", " 33.1176981133958", "1.555", " 1.324", " 1.268", " 0.000", " 0.958", "0.64", " 0.40", " 0.34", " -Infinity", " -0.06", "0.476827854622445", " ", " 0.861469058016202", " ", " ", "0.999999999997193", " ", " 0.999999999407085", " ", " ", "7.5", "", " ", " ", " ", " 7.5", " ", " ", " 3.4", " ", " ", " ", " ", " ", " ", " ", " ", " ", " ", " ", " ", " ", " ", " 5.2", " 5.2", " ", " 1.7", " ", " ", " ", " ", " ", " ", " 1.1", " 3.2", " 2.9", " 5.9", " ", " 1.1", " ", " 4.3"
"114", "", "False", "16-Hydroxyhexadecanoic acid", "C16 H32 O3", "Full match", " Full match", " No results", " Full match", " Not the top hit", "-2.20", "272.23455", "271.22727", "6.884", "7940250.36649805", "21", "1", "0", "62.1", "8.1", "", "No matches found", " No matches found", " No matches found", " No matches found", " No matches found", "", "Multiple matches found", "PreferredDDA", "", "[M-H]-1", "", " 4902753.92782171", " 3530521.50118997", " 3426764.30285537", " 3399121.33480896", "", " 50.9698237464826", " ", " 44.6062255527111", " 12.5111104003012", "0.000", " 0.971", " 0.963", " 1.431", " 0.992", "-Infinity", " -0.04", " -0.05", " 0.52", " -0.01", "", " ", " ", " 0.931689975576622", " 0.888723807924464", "", " ", " ", " 0.999999987372115", " 0.999999954496112", "6.6", "", " ", " ", " ", " ", " ", " ", " ", " 0.8", " ", " ", " 0.8", " ", " ", " ", " ", " ", " 1.5", " ", " ", " ", " ", " ", " ", " 1.1", " 3.1", " 2.3", " 4.5", " ", " ", " 1.5", " 2.9", " ", " 6.6", " ", " 4.7", " 3.2", " 3.8", " ", " 4.7"
"90", "", "False", "", "C21 H37 O2 P S", "Full match", " No results", " No results", " No results", " No results", "4.02", "384.22673", "383.21945", "7.092", "7925015.21720929", "0", "0", "0", "", "", "", "No matches found", " No matches found", " No matches found", " No matches found", " No matches found", "", "No matches found", "PreferredDDA", "", "[M-H]-1", "2699394.57130774", " 4918942.55440748", " 2986463.8318956", " 6111452.12387368", " 5508273.33862164", "4.29418351971748", " 31.6849014767707", " ", " 22.9109381054868", " 20.9609929178916", "0.904", " 2.046", " 1.844", " 0.805", " 0.901", "-0.15", " 1.03", " 0.88", " -0.31", " -0.15", "", " ", " ", " 0.87372976757774", " 0.9190583899", "", " ", " ", " 0.999999987372115", " 0.999999954496112", "7.6", "", " ", " ", " ", " ", " ", " 5.7", " 7.6", " 4.4", " 3.0", " 4.4", " 3.0", " 4.1", " 5.4", " ", " 4.5", " ", " ", " ", " ", " ", " ", " 4.2", " ", " 5.6", " 6.0", " 6.0", " 4.3", " 6.3", " 3.5", " 5.3", " 3.4", " 4.6", " 2.0", " 5.0", " 3.5", " 5.8", " 6.0", " 4.0", " 5.0"
"130", "", "False", "alpha-hydroxy lauric acid", "C12 H24 O3", "Full match", " No results", " No results", " Not the top hit", " Full match", "-4.80", "216.17151", "215.16423", "4.856", "7693295.18935145", "15", "0", "0", "", "", "", "No matches found", " No matches found", " No matches found", " No matches found", " No matches found", "", "Multiple matches found", "PreferredDDA", "", "[M-H]-1", "", " 3635626.75148144", " 3821442.94072207", " 3932709.58913626", " 4709074.05727625", "", " 36.3481394520449", " ", " 39.895297676901", " 18.9192823677616", "0.000", " 1.029", " 1.232", " 0.924", " 1.197", "-Infinity", " 0.04", " 0.30", " -0.11", " 0.26", "", " ", " ", " 0.999772208154984", " 0.959998507946404", "", " ", " ", " 0.999999987372115", " 0.999999954496112", "6.7", "", " ", " ", " ", " ", " ", " ", " ", " 4.7", " 3.9", " 3.9", " 4.3", " ", " ", " ", " ", " ", " 3.3", " ", " ", " ", " ", " ", " ", " 5.3", " 5.1", " 3.9", " 3.9", " ", " ", " 3.9", " 4.5", " ", " 5.9", " ", " 6.7", " 5.2", " 5.5", " ", " 5.3"
"110", "", "False", "Alepric acid", "C14 H24 O2", "Full match", " No results", " No results", " Partial match", " Full match", "-4.26", "224.17668", "223.16940", "5.968", "7690843.54576502", "48", "0", "0", "", "", "", "No matches found", " No matches found", " No matches found", " No matches found", " No matches found", "", "Multiple matches found", "PreferredDDA", "", "[M-H]-1", "4326335.45052519", " ", " 4323500.11251324", " 3546572.43684242", " ", "36.5258254150709", " ", " 19.4290622627589", " ", " ", "1.001", " 0.820", " 0.000", " 0.000", " 0.000", "0.00", " -0.29", " -Infinity", " -Infinity", " -Infinity", "0.961570872231487", " ", " ", " ", " ", "0.999999999997193", " ", " ", " ", " ", "6.3", "", " ", " 5.1", " ", " 5.7", " 4.1", " 5.5", " 4.5", " ", " ", " ", " ", " ", " ", " ", " ", " ", " ", " ", " 6.1", " ", " 6.3", " ", " ", " ", " 1.5", " ", " ", " ", " ", " ", " ", " ", " ", " ", " ", " ", " ", " ", " "
"115", "", "False", "Zooxanthellactone", "C22 H30 O2", "Full match", " No results", " No results", " Not the top hit", " Full match", "-2.49", "326.22377", "325.21649", "7.308", "7476511.9597127", "4", "0", "0", "", "", "", "No matches found", " No matches found", " No matches found", " No matches found", " No matches found", "", "Multiple matches found", "PreferredDDA", "CO2", "[M-H]-1", "", " 4444020.20313985", " ", " 3072265.46865119", " 3731625.28495241", "", " 47.9421190251392", " ", " 17.7984989743654", " 18.4595410124754", "", " Infinity", " Infinity", " 1.446", " 1.215", "", " Infinity", " Infinity", " 0.53", " 0.28", "", " ", " ", " 0.281282649478884", " 0.70401807819557", "", " ", " ", " 0.946756234831367", " 0.999999954496112", "6.4", "", " ", " ", " ", " ", " ", " ", " ", " 3.9", " 1.9", " 4.8", " 3.1", " ", " ", " ", " 4.5", " ", " ", " ", " ", " ", " ", " ", " ", " 6.4", " 3.4", " 5.3", " ", " 3.4", " ", " ", " 3.4", " 6.1", " ", " 2.5", " ", " ", " ", " ", " "
"97", "", "False", "", "C32 H74 N6 O3 P2", "Full match", " No results", " No results", " No results", " No results", "-4.71", "652.52669", "651.51941", "10.845", "7404607.50810002", "0", "0", "0", "", "", "", "No matches found", " No matches found", " No matches found", " No matches found", " No matches found", "", "No matches found", "PreferredDDA", "", "[M-H]-1", "2568239.00143265", " 4811569.02275937", " 3638660.3273996", " 4152042.47287944", " 4120465.85266958", "", " 19.8557990796794", " ", " 32.0836726036288", " 37.3225311643709", "0.706", " 1.141", " 1.132", " 1.159", " 0.992", "-0.50", " 0.19", " 0.18", " 0.21", " -0.01", "", " ", " ", " 0.999924297042424", " 0.999363690027316", "", " ", " ", " 0.999999987372115", " 0.999999954496112", "5.7", "", " ", " 2.7", " ", " ", " ", " ", " ", " 4.8", " 4.0", " ", " 5.7", " ", " ", " ", " ", " ", " ", " ", " ", " ", " ", " ", " 3.8", " ", " 4.9", " 5.1", " 4.9", " 2.6", " ", " 4.3", " 3.8", " ", " ", " 3.0", " ", " 4.9", " 4.9", " 5.1", " 4.7"
"147", "", "False", "13,14-Dihydro-15-keto Prostaglandin J2", "C20 H30 O4", "No match", " Invalid mass", " No results", " No match", " No match", "-53891.40", "316.20313", "315.19585", "4.375", "7373288.68859539", "53", "10", "0", "93.7", "9.7", "", "No matches found", " No matches found", " No matches found", " No matches found", " No matches found", "", "Multiple matches found", "PreferredDDA", "", "[M-H]-1", "6680883.72452487", " ", " 4959454.22047052", " ", " ", "40.1074624232273", " ", " 27.1686863252743", " ", " ", "1.347", " 0.000", " 0.000", " ", " ", "0.43", " -Infinity", " -Infinity", " ", " ", "0.359253448451505", " ", " ", " ", " ", "0.999999999997193", " ", " ", " ", " ", "5.9", "", " ", " ", " ", " 4.5", " 4.2", " ", " 4.6", " ", " ", " ", " ", " ", " ", " ", " ", " ", " 5.8", " 5.8", " 5.4", " 5.6", " 3.9", " 5.9", " 3.7", " ", " ", " ", " ", " ", " ", " ", " ", " ", " ", " ", " ", " ", " ", " ", " "
"104", "", "False", "N-(2-Furylmethyl)-3-[(2S,5aS,8aR)-1-methyl-5-oxodecahydropyrrolo[3,2-E][1,4]diazepin-2-yl]propanamide", "C16 H24 N4 O3", "No match", " Invalid mass", " No results", " No results", " No results", "112372.22", "356.16472", "355.15744", "8.073", "7206692.72247131", "0", "1", "0", "68.2", "8.4", "", "No matches found", " No matches found", " No matches found", " No matches found", " No matches found", "", "No matches found", "PreferredDDA", "", "[M-H]-1", "1671670.00933103", " 2502001.76667126", " 2970238.07808012", " 3462261.81718943", " 2845002.07492855", "11.0904811871378", " 42.8441430792276", " 27.8308921379087", " 37.7688594506103", " 31.7717020270529", "0.563", " 1.166", " 0.958", " 0.723", " 0.822", "-0.83", " 0.22", " -0.06", " -0.47", " -0.28", "0.364967311107522", " 0.836932467267902", " 0.999999229659372", " 0.659938626024605", " 0.583438552121138", "0.999999999997193", " 0.999999954286235", " 0.999999999407085", " 0.999999987372115", " 0.999999954496112", "6.2", "", " 5.1", " ", " ", " ", " ", " 4.3", " 3.9", " 5.2", " 1.5", " 1.5", " 5.7", " ", " ", " ", " ", " ", " 2.9", " ", " ", " ", " ", " 4.0", " ", " 3.2", " 1.7", " 3.2", " 0.9", " ", " 2.0", " 3.9", " 0.5", " 1.3", " 5.1", " ", " 6.2", " 0.9", " 2.6", " 3.2", " 0.5"
"146", "", "False", "alpha-hydroxy myristic acid", "C14 H28 O3", "Full match", " No results", " No results", " Not the top hit", " Full match", "-3.26", "244.20305", "243.19577", "5.907", "7205480.7927831", "13", "0", "0", "", "", "", "No matches found", " No matches found", " No matches found", " No matches found", " No matches found", "", "Multiple matches found", "PreferredDDA", "", "[M-H]-1", "", " 3491580.83779818", " 4337302.85803559", " 3838607.65685195", " 3888863.17350521", "", " 34.5945043891619", " ", " 39.7866915764751", " 11.0011508981945", "0.000", " 0.885", " 0.897", " 0.910", " 1.013", "-Infinity", " -0.18", " -0.16", " -0.14", " 0.02", "", " ", " ", " 0.959590415729017", " 0.878563081851748", "", " ", " ", " 0.999999987372115", " 0.999999954496112", "6.9", "", " ", " ", " ", " ", " ", " ", " ", " 6.3", " 4.3", " 3.5", " 4.3", " ", " ", " ", " ", " ", " 3.3", " ", " ", " ", " ", " ", " ", " 3.5", " 4.4", " 5.4", " ", " ", " ", " ", " 4.1", " ", " 5.7", " ", " 5.7", " 5.7", " 5.3", " ", " 6.9"
"207", "", "False", "(15Z)-9,12,13-Trihydroxy-15-octadecenoic acid", "C18 H34 O5", "Full match", " Full match", " No results", " Partial match", " Partial match", "-2.08", "330.23994", "329.23266", "3.990", "7119692.55805926", "28", "1", "0", "80.1", "9.0", "", "No matches found", " No matches found", " No matches found", " No matches found", " No matches found", "", "Multiple matches found", "PreferredDDA", "", "[M-H]-1", "3701191.56547661", " 4251033.00590551", " 5850151.59054895", " 6625897.72911591", " ", "", " 12.3626465010266", " ", " 10.5394223193748", " ", "0.633", " 1.133", " 0.000", " 0.642", " 0.000", "-0.66", " 0.18", " -Infinity", " -0.64", " -Infinity", "", " ", " ", " 0.146862494305807", " ", "", " ", " ", " 0.723822293364336", " ", "6.8", "", " ", " ", " ", " ", " ", " 4.5", " ", " 6.8", " ", " ", " 6.0", " ", " ", " ", " ", " ", " 4.4", " ", " ", " ", " ", " ", " ", " ", " ", " 4.4", " ", " ", " ", " ", " 6.3", " ", " ", " ", " ", " ", " ", " ", " "
"86", "", "False", "6Z,9Z,12Z,15Z,18Z-tetracosapentaenoic acid", "C24 H38 O2", "Full match", " No results", " No results", " Not the top hit", " Full match", "-2.22", "358.28638", "357.27911", "8.178", "7015740.4474543", "16", "0", "0", "", "", "", "No matches found", " No matches found", " No matches found", " No matches found", " No matches found", "", "Multiple matches found", "PreferredDDA", "CO2", "[M-H]-1", "", " 3161713.84833639", " ", " 3273152.17677321", " 2604502.5940714", "", " 49.3789027588775", " ", " 37.3908469450478", " 19.7796002514034", "", " Infinity", " Infinity", " 0.966", " 0.796", "", " Infinity", " Infinity", " -0.05", " -0.33", "", " ", " ", " 0.992894176152811", " 0.328108475256615", "", " ", " ", " 0.999999987372115", " 0.999999954496112", "5.7", "", " ", " ", " ", " ", " ", " ", " ", " 5.0", " 4.9", " 1.9", " 5.7", " ", " ", " ", " ", " ", " ", " ", " ", " ", " ", " ", " ", " ", " 2.5", " 3.5", " 3.5", " ", " 2.8", " 3.5", " 3.0", " 5.7", " ", " ", " ", " 3.4", " 3.0", " ", " 4.2"
"166", "", "False", "Tridecylic acid", "C13 H26 O2", "No results", " Invalid mass", " No results", " No results", " No results", "-5.01", "214.19221", "213.18493", "6.845", "6781219.30052615", "0", "1", "0", "83.4", "9.2", "", "No matches found", " No matches found", " No matches found", " No matches found", " No matches found", "", "No matches found", "PreferredDDA", "", "[M-H]-1", "4766872.41308999", " 4108039.47675946", " 4216070.34927052", " 5097588.96115215", " 5086160.140064", "8.37429988969587", " 22.4483054693337", " 12.8105301062136", " 17.3574756561022", " 16.5804733333985", "1.131", " 1.209", " 1.206", " 0.806", " 0.998", "0.18", " 0.27", " 0.27", " -0.31", " 0.00", "0.735547557007323", " 0.208705568394747", " 0.422859669435396", " 0.676221891808998", " 0.991037280272034", "0.999999999997193", " 0.489819191130529", " 0.830800047270116", " 0.999999987372115", " 0.999999954496112", "6.2", "", " ", " 5.8", " 6.2", " 6.2", " ", " ", " 2.8", " 2.6", " 4.3", " 2.0", " 4.3", " 3.9", " 3.9", " ", " 4.3", " 4.1", " 5.3", " 4.9", " 4.9", " 3.9", " 4.7", " 5.3", " 4.7", " 4.8", " 2.5", " 4.0", " 4.8", " 2.5", " 3.6", " 3.1", " 4.4", " 2.9", " 3.3", " 3.3", " 3.3", " 2.5", " 2.5", " 3.8", " 4.4"
"78", "", "False", "", "C9 H8 N8 O P2", "Full match", " No results", " No results", " No match", " No results", "0.06", "306.02965", "305.02237", "0.480", "6726733.89879041", "1", "0", "0", "", "", "", "No matches found", " No matches found", " No matches found", " No matches found", " No matches found", "", "No matches found", "PreferredDDA", "", "[M-H]-1", "2394646.01652639", " 3166973.08049166", " 4354671.5886677", " 3900796.2578213", " 3483467.81384017", "30.90926840958", " 19.0741858894317", " 36.0249025893316", " 33.5597744947632", " 21.2255922059551", "0.550", " 0.896", " 0.800", " 0.812", " 0.893", "-0.86", " -0.16", " -0.32", " -0.30", " -0.16", "0.228779255813552", " 0.96071049778749", " 0.999999999407085", " 0.536848537659149", " 0.957230160745618", "0.999999999997193", " 0.999999954286235", " 0.999999999407085", " 0.999999987372115", " 0.999999954496112", "6.4", "3.9", " 5.1", " 3.2", " 4.5", " 4.3", " 5.8", " 3.9", " 5.8", " 6.4", " 6.1", " 5.3", " 4.9", " 5.3", " 4.9", " 5.7", " 6.1", " ", " 5.7", " 3.9", " 4.9", " 5.7", " 5.7", " 5.4", " 3.9", " 5.4", " 5.4", " 4.7", " 4.9", " 5.4", " 4.1", " 5.7", " 4.5", " 5.0", " 4.4", " 4.4", " 5.9", " 4.4", " 5.6", " 5.0", " 4.0"
"159", "", "False", "", "C7 H20 N6 O2 P2 S", "Full match", " No results", " No results", " No match", " No results", "2.40", "314.08512", "313.07785", "5.269", "6686573.84868532", "1", "0", "0", "", "", "", "No matches found", " No matches found", " No matches found", " No matches found", " No matches found", "", "No matches found", "PreferredDDA", "", "[M-H]-1", "4138321.40758512", " 3905269.87668658", " 4422554.22774306", " 3591517.47091448", " 3693652.35681922", "10.2442910137374", " 14.8225125453759", " 19.428224723641", " 33.3589211235561", " 18.645029781141", "0.936", " 0.812", " 0.835", " 1.087", " 1.028", "-0.10", " -0.30", " -0.26", " 0.12", " 0.04", "0.999993320977062", " 0.999481469233454", " 0.996705019094101", " 0.999582576778614", " 0.999821482341191", "0.999999999997193", " 0.999999954286235", " 0.999999999407085", " 0.999999987372115", " 0.999999954496112", "7.6", "7.2", " 5.7", " 7.2", " 7.6", " ", " 6.0", " 5.4", " ", " ", " 7.2", " 7.2", " ", " 5.4", " 6.9", " 7.2", " 6.4", " ", " ", " 4.5", " ", " ", " ", " 5.9", " 5.2", " 5.1", " 5.5", " 4.5", " 5.4", " ", " 4.7", " 4.7", " 3.9", " 5.3", " 5.7", " 6.1", " 5.9", " 6.3", " 5.3", " 5.9", " 4.9"
"157", "", "False", "Pentadecanoic acid", "C15 H30 O2", "Full match", " Full match", " No results", " Full match", " Full match", "-3.55", "242.22372", "241.21644", "7.713", "6566596.00099003", "24", "2", "0", "83.6", "9.2", "", "No matches found", " No matches found", " No matches found", " No matches found", " No matches found", "", "Multiple matches found", "PreferredDDA", "", "[M-H]-1", "5538219.80684865", " 4924294.35690395", " 5169147.4486017", " 5656874.93520441", " 5079963.71619601", "15.4214644860819", " 10.5028202686342", " 9.95186048137264", " 6.61319167372177", " 6.91273428181932", "1.071", " 1.094", " 0.983", " 0.870", " 0.898", "0.10", " 0.13", " -0.03", " -0.20", " -0.16", "0.99999928768843", " 0.723907976410108", " 0.892703751739129", " 0.192695671007603", " 0.26552495549312", "0.999999999997193", " 0.999999954286235", " 0.999999999407085", " 0.831000081220288", " 0.999999954496112", "6.9", "5.5", " 3.3", " 5.2", " 5.2", " 3.3", " 3.3", " 3.3", " 4.2", " 5.7", " 3.8", " ", " 4.5", " 3.4", " 6.0", " 6.0", " 4.5", " 5.0", " 6.9", " 6.2", " 6.2", " 4.3", " 4.3", " 4.5", " 5.4", " 5.0", " 4.6", " 5.0", " 3.7", " ", " 4.3", " ", " 4.3", " 5.0", " 4.6", " 5.0", " ", " 5.0", " 3.9", " 3.9", " 4.3"
"148", "", "False", "", "C16 H30 N6 O2", "Full match", " No results", " No results", " No results", " No results", "-1.32", "338.24258", "337.23530", "8.049", "6303598.13321305", "0", "0", "0", "", "", "", "No matches found", " No matches found", " No matches found", " No matches found", " No matches found", "", "No matches found", "PreferredDDA", "", "[M-H]-1", "5019030.01015321", " 4601744.78934322", " 4999769.17807904", " 4041865.12155903", " 4595621.73642913", "7.4530583128824", " 22.0934361219283", " 11.7561208379158", " 14.8910416155939", " 17.5340495531189", "1.004", " 0.808", " 0.919", " 1.139", " 1.137", "0.01", " -0.31", " -0.12", " 0.19", " 0.19", "0.999213539321747", " 0.0279639494007441", " 0.270871279269178", " 0.807723795663647", " 0.826468920481913", "0.999999999997193", " 0.084627741607515", " 0.587739568225575", " 0.999999987372115", " 0.999999954496112", "7.3", "6.2", " 5.0", " 3.5", " 3.9", " 4.6", " 5.0", " 3.9", " 7.3", " 5.6", " 6.2", " 6.2", " 5.8", " 3.5", " 2.8", " 2.8", " 3.9", " 3.2", " 3.8", " 5.3", " 3.0", " 4.1", " 5.7", " 5.7", " 2.2", " 5.8", " 4.3", " ", " 2.6", " 6.8", " 6.4", " 5.3", " 5.7", " 1.7", " 4.4", " 2.1", " 2.1", " 3.0", " ", " 2.5", " 6.1"
"154", "", "False", "7-hydroxy-10E,16-heptadecadien-8-ynoic acid", "C17 H26 O3", "Full match", " No results", " No results", " Not the top hit", " Full match", "-2.53", "278.18749", "277.18021", "5.250", "6239825.15346834", "10", "0", "0", "", "", "", "No matches found", " No matches found", " No matches found", " No matches found", " No matches found", "", "Multiple matches found", "PreferredDDA", "", "[M-H]-1", "", " ", " ", " 3610042.65706949", " 4485614.16487837", "", " ", " ", " 6.65918249502725", " 24.7998645847786", "", " Infinity", " Infinity", " 0.000", " 1.243", "", " Infinity", " Infinity", " -Infinity", " 0.31", "", " ", " ", " ", " 0.217338808488653", "", " ", " ", " ", " 0.999999954496112", "7.4", "", " ", " ", " ", " ", " ", " ", " ", " ", " ", " ", " ", " ", " ", " ", " ", " ", " ", " ", " ", " ", " ", " ", " ", " ", " ", " ", " ", " ", " 5.9", " 7.4", " ", " 6.2", " ", " 5.4", " 6.0", " ", " ", " ", " "
"83", "", "False", "", "C30 H65 N8 O P", "Full match", " No results", " No results", " No results", " No results", "-2.34", "584.50053", "583.49325", "7.475", "6228907.35835423", "0", "0", "0", "", "", "", "No matches found", " No matches found", " No matches found", " No matches found", " No matches found", "", "No matches found", "PreferredDDA", "", "[M-H]-1", "", " 2035304.88262728", " ", " 3824869.8587924", " 3450241.99073425", "", " 40.4538459765249", " ", " 32.6886602410184", " 50.7143688032621", "", " Infinity", " Infinity", " 0.532", " 0.902", "", " Infinity", " Infinity", " -0.91", " -0.15", "", " ", " ", " 0.374749195277286", " 0.995796015292835", "", " ", " ", " 0.999999987372115", " 0.999999954496112", "5.4", "", " ", " ", " ", " ", " ", " ", " ", " 4.9", " 4.5", " 0.0", " ", " ", " ", " ", " 4.5", " ", " ", " ", " ", " ", " ", " ", " ", " ", " ", " 5.3", " 2.2", " 5.1", " 5.4", " ", " 3.0", " 1.9", " 5.0", " 4.5", " 4.8", " 1.7", " 5.0", " 4.5", " 1.5"
"246", "", "False", "N-palmitoyl glutamine", "C21 H40 N2 O4", "Not the top hit", " No results", " No results", " Full match", " Full match", "-2.09", "384.29800", "383.29073", "4.084", "6223642.68437486", "1", "0", "0", "", "", "", "No matches found", " No matches found", " No matches found", " No matches found", " No matches found", "", "Single match found", "PreferredDDA", "", "[M-H]-1", "5847798.81886059", " 5998499.12573122", " 5867924.27442155", " 5749310.26900918", " 5832992.24243402", "3.43536710433954", " 3.07995025848256", " 4.19238949586279", " 3.49790917788138", " 3.02060791883606", "0.997", " 0.980", " 0.994", " 1.043", " 1.015", "0.00", " -0.03", " -0.01", " 0.06", " 0.02", "0.998525038097363", " 0.965526159654394", " 0.996100266197109", " 0.377061920825809", " 0.998452932525349", "0.999999999997193", " 0.999999954286235", " 0.999999999407085", " 0.999999987372115", " 0.999999954496112", "7.8", "6.9", " 6.5", " 6.3", " 5.2", " 5.9", " 7.0", " 7.0", " 6.7", " 5.8", " 6.5", " 7.3", " 4.8", " 5.8", " 6.9", " 6.3", " 6.3", " 5.5", " 5.9", " 7.0", " 6.7", " 6.9", " 5.5", " 5.2", " 6.5", " 6.7", " 6.7", " 6.7", " 7.3", " 7.0", " 6.3", " 6.3", " 5.9", " 6.9", " 7.8", " 5.5", " 6.7", " 6.3", " 5.9", " 5.2", " 5.5"
"124", "", "False", "", "C35 H75 N4 O6 P", "Full match", " No results", " No results", " No results", " No results", "-0.33", "678.54220", "677.53492", "10.847", "6139051.44789771", "0", "0", "0", "", "", "", "No matches found", " No matches found", " No matches found", " No matches found", " No matches found", "", "No matches found", "PreferredDDA", "", "[M-H]-1", "", " 4479307.27030053", " 3398529.03466292", " 3626530.18738441", " 3398980.74960623", "", " 4.9477673765013", " ", " 30.8256696584105", " 29.8367169375347", "0.000", " 1.067", " 1.000", " 1.235", " 0.937", "-Infinity", " 0.09", " 0.00", " 0.30", " -0.09", "", " ", " ", " 0.883666569059788", " 0.997410062043174", "", " ", " ", " 0.999999987372115", " 0.999999954496112", "5.9", "", " ", " ", " ", " ", " ", " ", " ", " 5.9", " 5.5", " ", " ", " ", " ", " ", " ", " ", " ", " ", " ", " ", " ", " ", " 1.5", " ", " 3.9", " 5.5", " 3.5", " 1.5", " ", " 2.8", " 3.0", " ", " ", " 3.3", " ", " ", " 3.7", " 4.6", " "
"155", "", "False", "2-(8-Hydroxy-4a,8-dimethyldecahydro-2-naphthalenyl)acrylic acid", "C15 H24 O3", "No match", " Invalid mass", " No results", " No match", " No match", "-71425.22", "234.16107", "233.15379", "5.785", "6103348.75438896", "35", "2", "0", "96.6", "9.8", "", "No matches found", " No matches found", " No matches found", " No matches found", " No matches found", "", "Multiple matches found", "PreferredDDA", "", "[M-H]-1", "3513044.41629226", " 3782687.30972648", " 3284151.93991398", " 4632985.14028088", " 3459497.36968196", "8.13495732858797", " 16.5637432842813", " 8.98813300518869", " 15.5672068958367", " 22.0246307784933", "1.070", " 1.411", " 1.053", " 0.816", " 0.747", "0.10", " 0.50", " 0.08", " -0.29", " -0.42", "0.999965736901383", " 0.00813959077171944", " 0.783127910214692", " 0.255498665278595", " 0.0528051244316131", "0.999999999997193", " 0.0312017646249245", " 0.999999999407085", " 0.930128281111377", " 0.999999954496112", "7.1", "5.9", " ", " 6.3", " 6.7", " ", " ", " 6.3", " 5.9", " 5.9", " 5.5", " 5.3", " 5.3", " 5.9", " 5.7", " ", " 5.3", " ", " ", " ", " 6.9", " 5.9", " 7.1", " 5.9", " 6.7", " 5.9", " 6.1", " 5.9", " 5.9", " 5.9", " 5.7", " 5.9", " 5.9", " 4.4", " 5.2", " 4.4", " 5.4", " 4.6", " 4.8", " 4.3", " 4.4"
"149", "", "False", "7-heptadecynoic acid", "C17 H30 O2", "Full match", " No results", " No results", " Partial match", " Full match", "-2.51", "266.22391", "265.21664", "7.302", "5777313.7978842", "19", "0", "0", "", "", "", "No matches found", " No matches found", " No matches found", " No matches found", " No matches found", "", "Multiple matches found", "PreferredDDA", "", "[M-H]-1", "", " 2493180.67889482", " ", " 2948303.25363207", " 3093440.29185235", "", " ", " ", " 40.9161187890771", " 24.997580724439", "", " Infinity", " Infinity", " 0.846", " 1.049", "", " Infinity", " Infinity", " -0.24", " 0.07", "", " ", " ", " ", " 0.997528628943984", "", " ", " ", " ", " 0.999999954496112", "5.6", "", " ", " ", " ", " ", " ", " ", " ", " 3.8", " ", " ", " ", " ", " ", " ", " ", " ", " ", " ", " ", " ", " ", " ", " ", " 4.5", " 2.1", " ", " 4.2", " ", " 1.5", " ", " 4.9", " ", " ", " ", " ", " 5.6", " 3.1", " ", " 5.6"
"137", "", "False", "", "C12 H15 O3 P S", "Full match", " No results", " No results", " No results", " No results", "-3.09", "270.04712", "269.03984", "0.560", "5775111.80062077", "0", "0", "0", "", "", "", "No matches found", " No matches found", " No matches found", " No matches found", " No matches found", "", "No matches found", "PreferredDDA", "", "[M-H]-1", "2802625.86587917", " 2937432.59285106", " 2950850.35189817", " 4071601.6243931", " 2828755.36683151", "46.8250645813946", " 39.3425306174257", " 15.430644551605", " 15.0415077396515", " 17.1209962504576", "0.950", " 1.380", " 0.959", " 0.721", " 0.695", "-0.07", " 0.46", " -0.06", " -0.47", " -0.53", "0.971150512063834", " 0.393073303575589", " 0.999992254226641", " 0.784349616041193", " 0.398101869570589", "0.999999999997193", " 0.753390498519879", " 0.999999999407085", " 0.999999987372115", " 0.999999954496112", "6.4", "", " 4.5", " 4.5", " ", " ", " 4.9", " ", " 5.2", " 5.7", " 5.7", " 5.4", " 2.0", " ", " ", " ", " 5.1", " ", " 5.3", " ", " 6.1", " 6.1", " 3.8", " 5.3", " 6.1", " 6.1", " 6.3", " ", " ", " ", " 6.3", " 6.1", " 6.3", " 6.1", " 5.7", " 6.4", " 6.4", " 5.9", " 6.1", " ", " 6.1"
"220", "", "False", "", "C12 H14 O3 P2 S", "Full match", " No results", " No results", " No results", " No results", "-4.05", "300.01267", "299.00540", "10.870", "5656884.76294958", "0", "0", "0", "", "", "", "No matches found", " No matches found", " No matches found", " No matches found", " No matches found", "", "No matches found", "PreferredDDA", "", "[M-H]-1", "4527376.70802535", " 4303326.8330844", " 4064215.90065048", " 3637760.56957255", " 3835476.17424672", "22.121843922176", " 10.8788611764137", " 28.6653043264413", " 22.0040617581433", " 18.8903077231147", "1.114", " 0.895", " 0.944", " 1.183", " 1.054", "0.16", " -0.16", " -0.08", " 0.24", " 0.08", "0.999912699516172", " 0.910835978942433", " 0.97047336244331", " 0.946292916592496", " 0.998634155555582", "0.999999999997193", " 0.999999954286235", " 0.999999999407085", " 0.999999987372115", " 0.999999954496112", "6.2", "4.4", " 3.5", " ", " ", " 1.4", " 4.6", " 5.0", " 6.2", " 3.0", " 2.8", " 2.8", " 5.7", " 3.8", " 4.9", " 5.3", " 5.7", " 5.4", " 3.1", " ", " ", " 2.8", " 4.3", " ", " 3.3", " 2.8", " 2.4", " ", " ", " 2.9", " 2.9", " 1.0", " 2.4", " 5.2", " 3.4", " 4.8", " 3.4", " 2.9", " 3.0", " ", " 4.4"
"119", "", "False", "PA(O-16:0/14:0)", "C33 H67 O7 P", "Not the top hit", " No results", " No results", " Full match", " Full match", "-1.81", "606.46135", "605.45407", "7.612", "5655900.07173388", "2", "0", "0", "", "", "", "No matches found", " No matches found", " No matches found", " No matches found", " No matches found", "", "Multiple matches found", "PreferredDDA", "", "[M-H]-1", "2574015.67735769", " 2681639.85378777", " 2561369.95994026", " 2172517.72021822", " 3368326.77053828", "7.73380863349866", " ", " 51.2892807969058", " 59.7641594188949", " 29.4951433065657", "1.005", " 0.848", " 1.315", " 1.234", " 1.550", "0.01", " -0.24", " 0.40", " 0.30", " 0.63", "0.992674652073577", " 0.999958812756191", " 0.999268040610585", " ", " 0.996999207291503", "0.999999999997193", " 0.999999954286235", " 0.999999999407085", " ", " 0.999999954496112", "5.9", "", " 4.0", " ", " ", " 2.5", " ", " ", " ", " ", " ", " ", " ", " 0.4", " ", " ", " ", " ", " 0.4", " 3.0", " ", " ", " ", " 0.0", " 4.8", " 1.7", " ", " ", " ", " 1.5", " ", " ", " 1.5", " 1.8", " 2.8", " ", " 2.1", " 2.4", " 4.0", " ", " 5.9"
"160", "", "False", "16:4(4Z,7Z,10Z,13Z)", "C16 H24 O2", "Full match", " No results", " No results", " Not the top hit", " Full match", "-3.25", "248.17682", "247.16955", "6.225", "5598932.04131028", "18", "0", "0", "", "", "", "No matches found", " No matches found", " No matches found", " No matches found", " No matches found", "", "Multiple matches found", "PreferredDDA", "CO2", "[M-H]-1", "", " 4351351.46952114", " ", " 3457667.96027509", " 3530804.4409895", "", " 24.9585131239056", " ", " 25.9402681681191", " 18.8345913503621", "", " Infinity", " Infinity", " 1.258", " 1.021", "", " Infinity", " Infinity", " 0.33", " 0.03", "", " ", " ", " 0.769239061836117", " 0.713889170066383", "", " ", " ", " 0.999999987372115", " 0.999999954496112", "6.1", "", " ", " ", " ", " ", " ", " ", " ", " 5.0", " ", " 5.6", " 5.4", " ", " ", " ", " ", " ", " ", " ", " ", " ", " ", " ", " ", " ", " 5.2", " 5.6", " ", " ", " 5.6", " ", " 5.8", " 6.1", " ", " 5.9", " ", " ", " ", " ", " 5.3"
"68", "", "False", "Cer 18:2;2O/16:0", "C34 H65 N O3", "No match", " No results", " Invalid mass", " No results", " No results", "112083.79", "595.51691", "594.50964", "10.833", "5538644.71530869", "0", "0", "30", "", "", "75.9", "No matches found", " No matches found", " No matches found", " Multiple matches found", " No matches found", "", "No matches found", "PreferredDDA", "", "[M-H]-1", "1456510.00543584", " 1877327.80106498", " 815604.037490652", " 2758713.62368843", " 3140088.70367896", "", " 60.3253050145661", " ", " 43.6762833543985", " 31.9975752120393", "1.786", " 3.382", " 3.850", " 0.681", " 1.138", "0.84", " 1.76", " 1.94", " -0.56", " 0.19", "", " ", " ", " 0.93721934954739", " 0.998348355823939", "", " ", " ", " 0.999999987372115", " 0.999999954496112", "6.0", "", " 3.8", " ", " ", " ", " ", " ", " ", " 3.3", " 5.7", " 4.2", " 3.3", " 3.8", " 3.4", " ", " ", " ", " ", " ", " ", " ", " ", " 5.3", " ", " ", " 5.2", " 4.2", " 4.2", " ", " 5.3", " 4.2", " 4.2", " ", " 3.9", " 5.8", " 3.5", " 5.1", " 4.9", " 5.8", " 6.0"
"219", "", "False", "16-Hydroxyhexadecanoic acid", "C16 H32 O3", "Full match", " Full match", " No results", " Full match", " Not the top hit", "-2.24", "272.23454", "271.22726", "5.715", "5527871.79475709", "21", "1", "0", "96.8", "9.8", "", "No matches found", " No matches found", " No matches found", " No matches found", " No matches found", "", "Multiple matches found", "PreferredDDA", "", "[M-H]-1", "", " ", " 4393612.78647505", " 4037881.33866427", " ", "", " ", " 17.4972712722399", " ", " ", "0.000", " 0.919", " 0.000", " 0.000", " 0.000", "-Infinity", " -0.12", " -Infinity", " -Infinity", " -Infinity", "", " ", " ", " ", " ", "", " ", " ", " ", " ", "6.3", "", " ", " ", " ", " ", " ", " ", " ", " ", " ", " ", " ", " ", " ", " ", " ", " ", " 5.5", " ", " 4.0", " ", " 6.1", " 6.3", " ", " ", " 4.4", " ", " ", " ", " ", " ", " ", " ", " ", " ", " ", " ", " ", " ", " "
"51", "", "False", "4-Dodecylbenzenesulfonic acid", "C18 H30 O3 S", "Not the top hit", " Full match", " No results", " No results", " No results", "-1.85", "326.19096", "325.18369", "10.838", "5508174.78034964", "0", "3", "0", "97.7", "9.9", "", "No matches found", " No matches found", " No matches found", " No matches found", " No matches found", "", "No matches found", "PreferredDDA", "", "[M-H]-1", "2636993.1506318", " 1802902.97413181", " 1278620.01277258", " 3106239.32968924", " 2027049.37352211", "45.580397754348", " 36.0621803626838", " 81.8651260945439", " 20.9940009441002", " 16.9156825977622", "2.062", " 2.429", " 1.585", " 0.580", " 0.653", "1.04", " 1.28", " 0.66", " -0.78", " -0.62", "0.998099834715605", " 0.733678281638806", " 0.982976947174768", " 0.928332193001273", " 0.940993496273195", "0.999999999997193", " 0.999999954286235", " 0.999999999407085", " 0.999999987372115", " 0.999999954496112", "6.4", "3.8", " 4.9", " ", " 3.4", " ", " 3.8", " 4.5", " 4.5", " ", " ", " ", " 5.1", " ", " 5.1", " 5.4", " 5.1", " 5.7", " 5.5", " 3.4", " 3.4", " ", " ", " 3.0", " 5.3", " 5.2", " 4.8", " ", " ", " ", " 5.6", " ", " ", " 5.7", " 6.4", " 5.3", " ", " 6.4", " ", " ", " 5.7"
"167", "", "False", "2,4-di-tert-Butylphenol", "C14 H22 O", "No match", " Invalid mass", " No results", " No results", " No results", "-5.60", "206.16591", "205.15864", "6.363", "5490603.45085859", "0", "3", "0", "99.9", "10.0", "", "No matches found", " No matches found", " No matches found", " No matches found", " No matches found", "", "No matches found", "PreferredDDA", "", "[M-H]-1", "3169574.61023024", " 3470590.96344684", " 3444127.40538373", " 3560414.36275475", " 3615990.50888398", "11.7938566796359", " 12.2786524620909", " 19.7209658467608", " 21.4776161197721", " 8.04976968878669", "0.920", " 1.034", " 1.050", " 0.975", " 1.016", "-0.12", " 0.05", " 0.07", " -0.04", " 0.02", "0.217685926003195", " 0.986770851026846", " 0.99987724950872", " 0.782575207595786", " 0.966196538213544", "0.999999999997193", " 0.999999954286235", " 0.999999999407085", " 0.999999987372115", " 0.999999954496112", "7.8", "7.3", " 7.3", " 6.2", " 7.3", " 7.3", " 6.9", " 6.6", " 6.6", " 5.7", " 6.6", " 6.2", " 7.3", " 6.0", " 6.6", " ", " 6.2", " 3.8", " 6.1", " 5.7", " 6.8", " 6.1", " 5.5", " 5.9", " 5.3", " 6.2", " 6.2", " 4.4", " ", " 4.0", " 5.2", " 5.6", " 5.8", " 5.9", " 7.8", " 7.7", " 6.5", " 7.4", " 7.1", " 6.7", " 7.8"
"135", "", "False", "", "C7 H14 N6 O5 S2", "Full match", " No results", " No results", " No results", " No results", "3.61", "326.04789", "325.04061", "0.563", "5472791.65371682", "0", "0", "0", "", "", "", "No matches found", " No matches found", " No matches found", " No matches found", " No matches found", "", "No matches found", "PreferredDDA", "", "[M-H]-1", "2648921.15158315", " 4342392.84252228", " 2316924.84718437", " 2355718.33860675", " 3076974.48954762", "18.753780285659", " 31.0335671887845", " 7.18722121545159", " 11.3119165797044", " 36.2207073462576", "1.143", " 1.017", " 1.328", " 1.843", " 1.306", "0.19", " 0.02", " 0.41", " 0.88", " 0.39", "0.993727309810781", " 0.999998737527592", " 0.853691262259476", " 0.497121906865747", " 0.878601952705823", "0.999999999997193", " 0.999999954286235", " 0.999999999407085", " 0.999999987372115", " 0.999999954496112", "6.7", "", " 6.1", " 6.1", " ", " ", " ", " ", " ", " 5.3", " 5.3", " 5.1", " 4.9", " ", " ", " ", " ", " ", " 6.7", " ", " ", " ", " ", " 5.9", " ", " ", " ", " ", " ", " ", " 6.6", " ", " 6.6", " 5.1", " 5.4", " 5.4", " 5.4", " 5.1", " 5.7", " 5.1", " 5.1"
"145", "", "False", "", "C24 H51 N10 O P", "Full match", " No results", " No results", " No results", " No results", "0.10", "526.39855", "525.39127", "6.935", "5432547.62676074", "0", "0", "0", "", "", "", "No matches found", " No matches found", " No matches found", " No matches found", " No matches found", "", "No matches found", "PreferredDDA", "", "[M-H]-1", "", " 1971699.2394103", " ", " 3548548.1435563", " 3061803.34240252", "", " ", " ", " 37.7627963557409", " 28.5081487499337", "", " Infinity", " Infinity", " 0.556", " 0.863", "", " Infinity", " Infinity", " -0.85", " -0.21", "", " ", " ", " ", " 0.980088408088377", "", " ", " ", " ", " 0.999999954496112", "6.3", "", " ", " ", " ", " ", " ", " ", " ", " ", " 3.4", " ", " ", " ", " ", " ", " ", " ", " ", " ", " ", " ", " ", " ", " ", " 5.8", " 5.3", " ", " ", " ", " 5.1", " 2.0", " 2.2", " ", " ", " ", " ", " 3.1", " 3.7", " ", " 6.3"
"138", "", "False", "", "C10 H14 O11", "Full match", " No results", " No results", " No results", " No results", "-1.51", "310.05314", "309.04587", "0.559", "5264191.62386533", "0", "0", "0", "", "", "", "No matches found", " No matches found", " No matches found", " No matches found", " No matches found", "", "No matches found", "PreferredDDA", "", "[M-H]-1", "3855281.77075119", " 4223121.52555183", " 3447389.05662076", " 3172301.53106521", " 3274586.23971184", "8.59684764813695", " 32.6200644064372", " 14.2477297735751", " 23.0938993217683", " 19.2073751873033", "1.118", " 0.920", " 0.950", " 1.331", " 1.032", "0.16", " -0.12", " -0.07", " 0.41", " 0.05", "0.949573719462346", " 0.97941707546493", " 0.999999999061141", " 0.677991460655147", " 0.977804434309448", "0.999999999997193", " 0.999999954286235", " 0.999999999407085", " 0.999999987372115", " 0.999999954496112", "7.3", "", " 7.3", " 7.3", " ", " ", " ", " ", " 7.1", " 5.7", " 5.7", " 5.1", " 4.9", " ", " ", " ", " ", " ", " 7.2", " 6.2", " 6.6", " ", " 6.6", " 6.2", " 6.6", " ", " 5.8", " 5.6", " ", " ", " 5.9", " 5.9", " 2.9", " 6.1", " 6.4", " 6.1", " 6.1", " 6.4", " 6.7", " ", " 6.1"
"176", "", "False", "14,14,14-Trifluoro-11E-tetradecenyl acetate", "C16 H27 F3 O2", "No match", " No results", " No results", " Full match", " Full match", "-2.10", "308.19567", "307.18839", "6.649", "5163536.25101906", "2", "0", "0", "", "", "", "No matches found", " No matches found", " No matches found", " No matches found", " No matches found", "", "Multiple matches found", "PreferredDDA", "", "[M-H]-1", "", " 3072110.48644409", " ", " 3618398.70497577", " 3092231.77298038", "", " ", " ", " 27.2071432147546", " 10.8198722887757", "", " Infinity", " Infinity", " 0.849", " 0.855", "", " Infinity", " Infinity", " -0.24", " -0.23", "", " ", " ", " ", " 0.900179514184178", "", " ", " ", " ", " 0.999999954496112", "5.8", "", " ", " ", " ", " ", " ", " ", " ", " 4.5", " ", " ", " ", " ", " ", " ", " ", " ", " ", " ", " ", " ", " ", " ", " ", " 5.8", " 2.8", " 5.6", " 4.8", " ", " 5.6", " ", " 2.8", " ", " ", " ", " 3.9", " 3.5", " ", " ", " 5.4"
"152", "", "False", "14(Z)-Eicosenoic acid", "C20 H38 O2", "Full match", " Full match", " No results", " Partial match", " Not the top hit", "-2.09", "310.28653", "309.27926", "8.769", "5129320.70603034", "39", "3", "0", "96.7", "9.8", "", "No matches found", " No matches found", " No matches found", " No matches found", " No matches found", "", "Multiple matches found", "PreferredDDA", "", "[M-H]-1", "", " 2443513.58417682", " 1997790.88636023", " 2859389.12171378", " 2973774.20037676", "", " 17.7515173539425", " ", " 29.0140515561164", " 14.8485961712306", "0.000", " 1.431", " 1.489", " 0.855", " 1.040", "-Infinity", " 0.52", " 0.57", " -0.23", " 0.06", "", " ", " ", " 0.645412090608111", " 0.999368826731821", "", " ", " ", " 0.999999987372115", " 0.999999954496112", "8.1", "", " ", " ", " ", " ", " ", " ", " ", " 7.2", " ", " ", " 6.4", " ", " ", " ", " 6.8", " ", " ", " ", " 4.5", " ", " ", " ", " ", " 5.9", " 4.6", " 5.9", " 5.6", " ", " 5.9", " 4.0", " 5.2", " 6.2", " 7.7", " 6.6", " 8.1", " 4.7", " 6.8", " ", " 6.9"
"318", "", "False", "2-Hydroxymyristic acid", "C14 H28 O3", "Full match", " Full match", " No results", " Not the top hit", " Full match", "-3.17", "244.20307", "243.19579", "4.527", "5096773.40402778", "13", "1", "0", "82.7", "9.1", "", "No matches found", " No matches found", " No matches found", " No matches found", " No matches found", "", "Multiple matches found", "PreferredDDA", "", "[M-H]-1", "", " ", " ", " 4981257.13057704", " 4762194.61261233", "", " ", " ", " 3.27958738740977", " 1.95325908631778", "", " Infinity", " Infinity", " 0.000", " 0.956", "", " Infinity", " Infinity", " -Infinity", " -0.06", "", " ", " ", " ", " 0.238847875857719", "", " ", " ", " ", " 0.999999954496112", "6.7", "", " ", " ", " ", " ", " ", " ", " ", " ", " ", " ", " ", " ", " ", " ", " ", " ", " ", " ", " ", " ", " ", " ", " ", " ", " 5.9", " ", " ", " ", " ", " ", " 6.7", " ", " ", " ", " ", " 5.9", " ", " ", " 6.7"
"185", "", "False", "", "C22 H22 N6 O6", "Full match", " No results", " No results", " No match", " No results", "-2.13", "466.15909", "465.15181", "3.585", "4922829.69005826", "1", "0", "0", "", "", "", "No matches found", " No matches found", " No matches found", " No matches found", " No matches found", "", "No matches found", "PreferredDDA", "", "[M-H]-1", "", " 3175358.71575167", " ", " 4922829.69005826", " 3098472.48376221", "", " 7.51121842469627", " ", " ", " ", "", " Infinity", " Infinity", " 0.645", " 0.629", "", " Infinity", " Infinity", " -0.63", " -0.67", "", " ", " ", " ", " ", "", " ", " ", " ", " ", "7.4", "", " ", " ", " ", " ", " ", " ", " ", " ", " ", " ", " 7.1", " ", " ", " 7.4", " ", " ", " ", " ", " ", " ", " ", " ", " ", " ", " ", " ", " ", " ", " ", " ", " 4.8", " ", " ", " ", " 4.5", " ", " ", " ", " "
"211", "", "False", "", "C21 H41 O2 P S", "Full match", " No results", " No results", " No results", " No results", "4.33", "388.25817", "387.25089", "7.867", "4870107.13216611", "0", "0", "0", "", "", "", "No matches found", " No matches found", " No matches found", " No matches found", " No matches found", "", "No matches found", "PreferredDDA", "", "[M-H]-1", "", " 3187270.76143316", " 2862718.19435565", " 3700893.41806725", " 3274790.4227314", "", " 15.0997308007569", " ", " 16.62499625543", " 11.3761745853613", "0.000", " 1.293", " 1.144", " 0.861", " 0.885", "-Infinity", " 0.37", " 0.19", " -0.22", " -0.18", "", " ", " ", " 0.648468289187117", " 0.29382653094423", "", " ", " ", " 0.999999987372115", " 0.999999954496112", "6.7", "", " ", " ", " ", " ", " ", " ", " ", " 4.0", " 4.2", " 3.0", " 3.8", " ", " ", " ", " ", " ", " 4.9", " ", " ", " ", " ", " ", " ", " 3.6", " 6.7", " 5.7", " 6.4", " ", " 6.4", " 3.8", " 2.5", " 6.2", " 4.3", " 6.6", " ", " 3.9", " 6.6", " ", " 3.9"
"113", "", "False", "", "C10 H17 N2 O10 P S", "Full match", " No results", " No results", " No results", " No results", "-3.98", "388.03261", "387.02533", "0.480", "4796887.24383273", "0", "0", "0", "", "", "", "No matches found", " No matches found", " No matches found", " No matches found", " No matches found", "", "No matches found", "PreferredDDA", "", "[M-H]-1", "2328506.70771792", " 2935766.37987184", " 3576258.21792259", " 3470582.84503287", " 2924138.08776975", "29.8282374297897", " 20.9218742971154", " 40.4194833933993", " 26.330896700004", " 25.8404663385351", "0.651", " 0.970", " 0.818", " 0.846", " 0.843", "-0.62", " -0.04", " -0.29", " -0.24", " -0.25", "0.783135474549416", " 0.975344263050356", " 0.999999996263887", " 0.734813531576285", " 0.97009672770655", "0.999999999997193", " 0.999999954286235", " 0.999999999407085", " 0.999999987372115", " 0.999999954496112", "6.3", "5.2", " ", " 4.0", " 4.8", " 4.8", " ", " 4.4", " 5.6", " 5.9", " 6.3", " 5.6", " 3.7", " 4.8", " 5.2", " 4.4", " 5.9", " ", " 5.2", " 4.5", " 3.8", " 4.8", " 5.2", " 4.9", " 4.5", " 5.9", " 4.8", " 5.4", " 6.2", " 4.8", " 6.3", " 6.3", " 5.2", " 4.4", " 5.6", " 6.3", " 5.9", " 4.8", " 4.4", " 5.4", " 4.4"
"243", "", "False", "", "C9 H12 N O4 P S2", "Full match", " No results", " No results", " No results", " No results", "3.09", "292.99544", "291.98816", "0.746", "4754866.48920805", "0", "0", "0", "", "", "", "No matches found", " No matches found", " No matches found", " No matches found", " No matches found", "", "No matches found", "PreferredDDA", "", "[M-H]-1", "4635319.76702157", " ", " 4097060.43016435", " 3692188.32732479", " 3159660.89946327", "", " ", " 22.7059928933848", " 17.9837756300153", " ", "1.131", " 0.901", " 0.771", " 0.000", " 0.856", "0.18", " -0.15", " -0.37", " -Infinity", " -0.22", "", " 0.983737815285403", " ", " ", " ", "", " 0.999999954286235", " ", " ", " ", "5.8", "", " ", " ", " 3.6", " ", " ", " ", " ", " ", " ", " ", " ", " ", " ", " ", " ", " ", " 5.8", " ", " ", " 4.4", " ", " ", " ", " 3.0", " ", " ", " 4.9", " ", " ", " 5.2", " ", " ", " ", " ", " ", " ", " 3.4", " ", " "
"120", "", "False", "", "C9 H8 N8 O P2", "Full match", " No results", " No results", " No match", " No results", "0.22", "306.02970", "305.02242", "10.849", "4745765.63700048", "1", "0", "0", "", "", "", "No matches found", " No matches found", " No matches found", " No matches found", " No matches found", "", "No matches found", "PreferredDDA", "", "[M-H]-1", "3355192.564506", " 3209449.96948047", " 2758049.37034635", " 3373746.84205962", " 3268192.13540822", "19.3171882801356", " 7.2910756695856", " 27.0210027270146", " 17.5830571463989", " 12.803672174285", "1.217", " 1.223", " 1.185", " 0.951", " 0.969", "0.28", " 0.29", " 0.24", " -0.07", " -0.05", "0.967069243745065", " 0.869745267362278", " 0.752217211839178", " 0.998447380996494", " 0.999284347752752", "0.999999999997193", " 0.999999954286235", " 0.999999999407085", " 0.999999987372115", " 0.999999954496112", "8.1", "5.3", " 5.3", " 4.9", " 4.2", " 6.1", " 6.8", " 5.5", " 6.3", " 6.3", " 6.3", " 5.2", " 5.9", " 5.6", " 5.2", " 6.3", " 7.4", " 6.9", " 5.0", " 4.4", " 3.3", " 4.4", " 5.2", " 4.8", " 4.4", " 6.7", " 4.4", " 5.7", " 3.4", " 3.0", " 3.8", " 6.1", " 5.7", " 7.7", " 8.1", " 5.4", " 6.2", " 4.5", " 6.2", " 5.8", " 3.5"
"223", "", "False", "", "C18 H32 N6 O2", "Full match", " No results", " No results", " No results", " No results", "-0.79", "364.25839", "363.25111", "8.175", "4730757.0111264", "0", "0", "0", "", "", "", "No matches found", " No matches found", " No matches found", " No matches found", " No matches found", "", "No matches found", "PreferredDDA", "", "[M-H]-1", "3412333.50109506", " 3877680.75928925", " 3828540.4014112", " 4046100.65422624", " 3836789.80953588", "11.9995706272897", " 28.5455238642464", " 28.581440382739", " 27.3882282720028", " 4.88180656377037", "0.891", " 1.057", " 1.002", " 0.958", " 0.948", "-0.17", " 0.08", " 0.00", " -0.06", " -0.08", "0.999752629038087", " 0.999761273198868", " 0.936814652866866", " 0.999729668682196", " 0.97018839325904", "0.999999999997193", " 0.999999954286235", " 0.999999999407085", " 0.999999987372115", " 0.999999954496112", "5.6", "", " 4.3", " 4.3", " 3.2", " 5.1", " ", " 5.1", " ", " ", " 3.1", " 4.0", " 2.0", " 2.8", " 3.3", " ", " 2.4", " 2.8", " 4.3", " 2.9", " ", " 5.6", " 3.3", " 4.3", " ", " 2.4", " 2.9", " 2.5", " 1.2", " ", " 2.8", " 2.4", " 3.1", " 4.9", " 4.8", " 4.5", " 3.6", " ", " 4.8", " 5.3", " "
"156", "", "False", "", "C10 H14 O10", "Full match", " No results", " No results", " No results", " No results", "-1.07", "294.05838", "293.05110", "0.557", "4574687.17336502", "0", "0", "0", "", "", "", "No matches found", " No matches found", " No matches found", " No matches found", " No matches found", "", "No matches found", "PreferredDDA", "", "[M-H]-1", "2850720.97741186", " 3391304.61215142", " 2828808.53533911", " 2754408.32837461", " 2187527.74166867", "39.9517612390012", " ", " 21.6461895248797", " 31.9302636239547", " 0.289590409930044", "1.008", " 0.974", " 0.773", " 1.231", " 0.794", "0.01", " -0.04", " -0.37", " 0.30", " -0.33", "0.999802445071194", " 0.999999461154691", " 0.692976700337588", " ", " 0.749546283566113", "0.999999999997193", " 0.999999954286235", " 0.999999999407085", " ", " 0.999999954496112", "8.0", "", " 5.1", " ", " ", " ", " 5.4", " ", " 5.7", " 4.9", " ", " ", " ", " ", " ", " ", " ", " ", " 5.6", " 5.6", " 5.6", " ", " 4.8", " 5.6", " 5.8", " ", " 5.3", " ", " ", " ", " 5.4", " 5.4", " 5.1", " ", " ", " ", " ", " 7.6", " 8.0", " ", " "
"140", "", "False", "", "C24 H59 N10 O P", "Full match", " No results", " No results", " No results", " No results", "0.24", "534.46122", "533.45394", "8.066", "4566140.66560649", "0", "0", "0", "", "", "", "No matches found", " No matches found", " No matches found", " No matches found", " No matches found", "", "No matches found", "PreferredDDA", "", "[M-H]-1", "2749199.34917481", " 2602627.99583501", " 3379182.96017345", " 3041388.67928305", " 3255635.23010524", "19.6297317609765", " 17.9026618985454", " 16.8109311118737", " 9.65292760695569", " 20.4778755817012", "0.814", " 0.900", " 0.963", " 0.856", " 1.070", "-0.30", " -0.15", " -0.05", " -0.22", " 0.10", "0.586883213551355", " 0.882831001316977", " 0.999999987287173", " 0.814486130380931", " 0.888014947435757", "0.999999999997193", " 0.999999954286235", " 0.999999999407085", " 0.999999987372115", " 0.999999954496112", "7.1", "6.1", " 3.4", " 3.0", " 6.1", " 3.0", " 5.7", " 5.3", " 3.0", " ", " ", " ", " 3.0", " ", " 3.4", " ", " ", " 3.3", " 3.6", " 6.1", " 6.1", " 6.1", " 5.7", " 5.3", " 3.4", " 4.0", " 7.1", " 4.0", " 2.5", " ", " 4.0", " ", " 5.6", " 2.5", " 2.8", " 2.5", " 6.2", " 4.8", " 1.0", " 2.9", " "
"288", "", "False", "", "C8 H2 Cl3 N6 O7 P", "Full match", " No results", " No results", " No results", " No results", "2.49", "429.87989", "428.87261", "5.402", "4346270.97917609", "0", "0", "0", "", "", "", "No matches found", " No matches found", " No matches found", " No matches found", " No matches found", "", "No matches found", "PreferredDDA", "", "[M-H]-1", "3976972.92314207", " 3983673.39704343", " 3997841.04688263", " 3772845.9031934", " 3331029.1915901", "6.7205375552378", " 3.6276348340807", " 1.66736446181255", " 6.76861834631973", " 9.42914773189967", "0.995", " 0.944", " 0.833", " 1.056", " 0.883", "-0.01", " -0.08", " -0.26", " 0.08", " -0.18", "0.98570943987306", " 0.234295103139309", " 0.0620114515557386", " 0.491218126031379", " 0.739014496186061", "0.999999999997193", " 0.518152631942702", " 0.191748741008265", " 0.999999987372115", " 0.999999954496112", "7.4", "6.2", " 6.2", " 4.6", " 6.2", " 5.8", " 6.3", " 6.5", " 6.3", " 6.7", " 6.7", " ", " ", " 6.7", " ", " 7.2", " ", " ", " ", " ", " ", " 7.4", " 6.3", " 5.9", " 6.3", " 5.9", " 5.9", " 6.7", " 4.8", " 6.2", " ", " 5.8", " 6.2", " 5.9", " 5.8", " ", " ", " 5.9", " ", " ", " "
"141", "", "False", "PA(O-16:0/20:2(11Z,14Z))", "C39 H75 O7 P", "Not the top hit", " No results", " No results", " Not the top hit", " Full match", "-1.70", "686.52388", "685.51660", "8.071", "4338383.00870521", "5", "0", "0", "", "", "", "No matches found", " No matches found", " No matches found", " No matches found", " No matches found", "", "Multiple matches found", "PreferredDDA", "", "[M-H]-1", "", " 3160580.35602157", " ", " 3125326.61655127", " 1650158.84683849", "", " 52.7012224843696", " ", " 36.3275257362771", " 25.672644703668", "", " Infinity", " Infinity", " 1.011", " 0.528", "", " Infinity", " Infinity", " 0.02", " -0.92", "", " ", " ", " 0.996677817091545", " 0.325206630187067", "", " ", " ", " 0.999999987372115", " 0.999999954496112", "6.3", "", " ", " ", " ", " ", " ", " ", " ", " 1.7", " ", " 1.5", " ", " ", " ", " ", " ", " ", " ", " ", " ", " ", " ", " ", " ", " ", " 4.1", " ", " ", " ", " ", " 5.4", " ", " ", " ", " ", " 6.3", " ", " 3.3", " ", " 6.3"
"208", "", "False", "", "C33 H47 N3 O5", "Full match", " No results", " No results", " No results", " No results", "-2.07", "565.35040", "564.34312", "9.009", "3854538.43876287", "0", "0", "0", "", "", "", "No matches found", " No matches found", " No matches found", " No matches found", " No matches found", "", "No matches found", "PreferredDDA", "", "[M-H]-1", "", " 2044687.09648219", " ", " 2703944.16001856", " 3000702.9986761", "", " 11.631250188245", " ", " ", " 21.7028098245443", "", " Infinity", " Infinity", " 0.756", " 1.110", "", " Infinity", " Infinity", " -0.40", " 0.15", "", " ", " ", " ", " ", "", " ", " ", " ", " ", "6.2", "", " ", " ", " ", " ", " ", " ", " ", " ", " 6.2", " 5.1", " ", " ", " ", " ", " ", " ", " ", " ", " ", " ", " ", " ", " ", " ", " 2.3", " ", " ", " ", " ", " ", " ", " 4.0", " 3.5", " 4.0", " ", " 5.2", " ", " ", " "
"164", "", "False", "", "C10 H17 N2 O10 P S", "Full match", " No results", " No results", " No results", " No results", "-3.75", "388.03270", "387.02542", "10.848", "3505468.53148518", "0", "0", "0", "", "", "", "No matches found", " No matches found", " No matches found", " No matches found", " No matches found", "", "No matches found", "PreferredDDA", "", "[M-H]-1", "2166091.55058965", " 1974225.05745939", " 3199908.91182031", " 1906527.23078849", " 1979710.82306981", "14.6363611115464", " 5.07577728661383", " 13.5043393468915", " 18.3788733686085", " 12.5429333475644", "0.677", " 0.596", " 0.619", " 1.036", " 1.038", "-0.56", " -0.75", " -0.69", " 0.05", " 0.05", "0.0360138094971336", " 0.0130687939440549", " 0.0134811846018401", " 0.952478287080521", " 0.999999954496112", "0.444170317131315", " 0.0469659782364473", " 0.0674059230092006", " 0.999999987372115", " 0.999999954496112", "8.1", "", " 4.7", " ", " ", " 7.3", " 6.2", " 3.5", " 4.3", " 5.2", " ", " 4.8", " ", " ", " 7.8", " 6.7", " ", " 6.2", " 5.8", " ", " ", " ", " ", " ", " ", " 7.2", " 5.3", " ", " ", " 6.1", " ", " 6.1", " 5.3", " 8.1", " 8.1", " 4.3", " ", " 6.2", " 5.8", " ", " "
"234", "", "False", "", "C7 H10 N8 O S2", "Full match", " No results", " No results", " No results", " No results", "0.42", "286.04202", "285.03474", "0.552", "3432035.70517635", "0", "0", "0", "", "", "", "No matches found", " No matches found", " No matches found", " No matches found", " No matches found", "", "No matches found", "PreferredDDA", "", "[M-H]-1", "", " 3329219.55623351", " ", " 2547928.87995964", " 2719574.60718776", "", " 20.6454448250762", " ", " ", " 17.0026831026166", "", " Infinity", " Infinity", " 1.307", " 1.067", "", " Infinity", " Infinity", " 0.39", " 0.09", "", " ", " ", " ", " ", "", " ", " ", " ", " ", "6.4", "", " ", " ", " ", " ", " ", " ", " ", " 5.6", " 5.9", " 5.6", " ", " ", " ", " ", " ", " ", " ", " ", " ", " ", " ", " ", " ", " ", " ", " ", " ", " ", " ", " ", " 2.3", " ", " 6.4", " ", " ", " ", " 6.1", " ", " "
"295", "", "False", "2-(Methylsulfonyl)-3-(pyrazin-2-ylamino)acrylonitrile", "C8 H8 N4 O2 S", "No match", " Invalid mass", " No results", " No results", " No results", "-9.50", "224.03467", "223.02739", "7.206", "3287136.58932277", "0", "2", "0", "92.2", "55.9", "", "No matches found", " No matches found", " No matches found", " No matches found", " No matches found", "", "No matches found", "PreferredDDA", "", "[M-H]-1", "2876818.72971578", " ", " 2663056.6632103", " ", " ", "10.3062847250106", " ", " ", " ", " ", "1.080", " 0.000", " 0.000", " ", " ", "0.11", " -Infinity", " -Infinity", " ", " ", "", " ", " ", " ", " ", "", " ", " ", " ", " ", "6.2", "6.2", " ", " ", " 5.4", " ", " 5.1", " ", " ", " ", " ", " ", " ", " ", " ", " ", " ", " ", " ", " ", " ", " ", " ", " ", " 4.5", " ", " ", " ", " ", " ", " ", " ", " ", " ", " ", " ", " ", " ", " ", " ", " "
"215", "", "False", "", "C26 H42 N6 O2", "Full match", " No results", " No results", " No results", " No results", "-2.19", "470.33589", "469.32862", "6.179", "3008379.74243951", "0", "0", "0", "", "", "", "No matches found", " No matches found", " No matches found", " No matches found", " No matches found", "", "No matches found", "PreferredDDA", "", "[M-H]-1", "", " 2246960.64823168", " ", " 1735780.94462906", " 2794853.93473038", "", " ", " ", " 11.3128940889075", " 10.8045393509285", "", " Infinity", " Infinity", " 1.294", " 1.610", "", " Infinity", " Infinity", " 0.37", " 0.69", "", " ", " ", " ", " 0.0898809826432375", "", " ", " ", " ", " 0.999999954496112", "6.9", "", " ", " ", " ", " ", " ", " ", " ", " 4.5", " ", " ", " ", " ", " ", " ", " ", " ", " ", " ", " ", " ", " ", " ", " ", " ", " 6.6", " ", " ", " ", " ", " 4.3", " ", " ", " ", " ", " ", " 5.4", " 6.9", " ", " "
"88", "", "False", "", "C17 H28 O3 S", "Full match", " No results", " No results", " No results", " No results", "-1.60", "312.17542", "311.16814", "10.838", "2947642.04282376", "0", "0", "0", "", "", "", "No matches found", " No matches found", " No matches found", " No matches found", " No matches found", "", "No matches found", "PreferredDDA", "", "[M-H]-1", "2085263.95465941", " 1221973.68522285", " 2291537.15032959", " 1857791.25870181", " 1563939.70473847", "0.489940551518081", " 40.0010352408886", " 55.6322757445573", " 12.6463729363697", " 13.5502919746797", "0.910", " 0.811", " 0.682", " 0.658", " 0.842", "-0.14", " -0.30", " -0.55", " -0.60", " -0.25", "0.969131430254871", " 0.999653497201611", " 0.994164289986167", " 0.914496919157549", " 0.979948069263809", "0.999999999997193", " 0.999999954286235", " 0.999999999407085", " 0.999999987372115", " 0.999999954496112", "7.6", "", " ", " ", " ", " ", " 6.4", " 7.6", " 7.6", " ", " ", " ", " 3.8", " ", " ", " 3.4", " 4.2", " 4.2", " 5.7", " ", " ", " ", " ", " 3.8", " ", " 6.6", " ", " ", " ", " ", " 5.8", " ", " ", " 6.9", " 6.2", " 6.6", " ", " 6.2", " ", " ", " "
"201", "", "False", "", "C31 H62 N8 O4", "Full match", " No results", " No results", " No results", " No results", "4.16", "610.49194", "609.48467", "8.072", "2773098.11356527", "0", "0", "0", "", "", "", "No matches found", " No matches found", " No matches found", " No matches found", " No matches found", "", "No matches found", "PreferredDDA", "", "[M-H]-1", "", " 2150994.83676319", " ", " 2304455.16775066", " 2337879.36002909", "", " ", " ", " 14.4295767551453", " 19.7628139348286", "", " Infinity", " Infinity", " 0.933", " 1.015", "", " Infinity", " Infinity", " -0.10", " 0.02", "", " ", " ", " ", " 0.938921101891072", "", " ", " ", " ", " 0.999999954496112", "6.1", "", " ", " ", " ", " ", " ", " ", " ", " ", " ", " ", " 5.3", " ", " ", " ", " ", " ", " ", " ", " ", " ", " ", " ", " ", " 3.9", " 3.5", " ", " ", " ", " ", " 5.4", " 3.5", " 3.0", " 6.1", " ", " 6.1", " ", " 5.3", " 6.1", " "
"244", "", "False", "", "C11 H28 N2 O9 P2 S", "Full match", " No results", " No results", " No results", " No results", "2.99", "426.10035", "425.09307", "0.557", "2755459.85113676", "0", "0", "0", "", "", "", "No matches found", " No matches found", " No matches found", " No matches found", " No matches found", "", "No matches found", "PreferredDDA", "", "[M-H]-1", "2108236.8057553", " 2069880.12086753", " 2599880.92222467", " ", " ", "12.0372033343416", " ", " 8.46276571385011", " ", " ", "0.811", " 0.000", " 0.000", " Infinity", " ", "-0.30", " -Infinity", " -Infinity", " Infinity", " ", "0.307083430750095", " ", " ", " ", " ", "0.999999999997193", " ", " ", " ", " ", "7.1", "", " ", " 6.2", " ", " ", " ", " ", " 6.6", " ", " ", " ", " 4.9", " ", " ", " ", " ", " ", " 7.1", " ", " 7.1", " ", " ", " ", " ", " ", " ", " ", " ", " ", " ", " ", " ", " ", " ", " ", " ", " ", " ", " ", " "
"206", "", "False", "", "C10 H12 N O3 P S2", "Full match", " No results", " No results", " No results", " No results", "4.68", "289.00097", "287.99370", "10.840", "2755448.03493989", "0", "0", "0", "", "", "", "No matches found", " No matches found", " No matches found", " No matches found", " No matches found", "", "No matches found", "PreferredDDA", "", "[M-H]-1", "1816886.85023774", " 1977878.53484721", " 2013546.41131667", " 1921334.21863883", " 1956960.70356788", "10.8118326830625", " 19.6868091902993", " 22.1527382403586", " 24.3379131268969", " 13.7061401206889", "0.902", " 0.954", " 0.972", " 1.029", " 1.019", "-0.15", " -0.07", " -0.04", " 0.04", " 0.03", "0.998152797521444", " 0.995200347484151", " 0.911381713069485", " 0.991309304530789", " 0.989217254894965", "0.999999999997193", " 0.999999954286235", " 0.999999999407085", " 0.999999987372115", " 0.999999954496112", "6.9", "6.2", " ", " 3.2", " 6.6", " 5.1", " ", " ", " ", " ", " ", " 4.5", " ", " 4.9", " 4.5", " ", " ", " ", " ", " 5.2", " 4.8", " 4.8", " 4.4", " 5.6", " 4.4", " ", " ", " 2.1", " 6.7", " 4.8", " 4.4", " 6.3", " 6.3", " ", " 3.9", " 5.4", " 5.4", " 5.4", " ", " 5.4", " 6.9"
"186", "", "False", "", "C10 H20 N2 O15 P2", "Full match", " No results", " No results", " No results", " No results", "3.14", "470.03537", "469.02809", "0.480", "2609445.84195761", "0", "0", "0", "", "", "", "No matches found", " No matches found", " No matches found", " No matches found", " No matches found", "", "No matches found", "PreferredDDA", "", "[M-H]-1", "1722013.63372907", " 1595804.79272387", " 2574743.03396339", " 1865574.49063391", " 1738375.30630287", "17.9598082687194", " 12.9792647218323", " 11.3562527848486", " 7.6029494186041", " 17.4630118011983", "0.669", " 0.725", " 0.675", " 0.855", " 0.932", "-0.58", " -0.46", " -0.57", " -0.23", " -0.10", "0.0864736535335838", " 0.0904358014875218", " 0.043573805619935", " 0.404515855863732", " 0.988771214457118", "0.79988129518565", " 0.25366139441622", " 0.156593363946641", " 0.999999987372115", " 0.999999954496112", "7.4", "", " ", " ", " 6.8", " ", " ", " ", " 6.4", " 6.9", " ", " 6.6", " ", " 5.4", " ", " ", " 5.4", " ", " 6.9", " ", " ", " 6.9", " 6.9", " ", " ", " ", " ", " 7.4", " 7.4", " ", " 7.4", " 7.4", " 7.4", " 4.9", " ", " 4.5", " 6.1", " ", " ", " 6.4", " 6.1"
"139", "", "False", "", "C19 H32 O3 S", "Full match", " No results", " No results", " No results", " No results", "-2.02", "340.20653", "339.19925", "10.838", "2341912.68343273", "0", "0", "0", "", "", "", "No matches found", " No matches found", " No matches found", " No matches found", " No matches found", "", "No matches found", "PreferredDDA", "", "[M-H]-1", "1385514.88247888", " ", " 2050958.63069305", " ", " 951037.703482527", "15.6694705119305", " ", " 20.0623825977821", " ", " 27.4336732256226", "0.676", " 0.000", " 0.464", " ", " Infinity", "-0.57", " -Infinity", " -1.11", " ", " Infinity", "0.164797819761145", " ", " 0.0423620942204045", " ", " ", "0.919100264834113", " ", " 0.156593363946641", " ", " ", "5.9", "", " 5.3", " ", " ", " ", " ", " 5.7", " 5.7", " ", " ", " ", " ", " ", " ", " ", " ", " 4.4", " 5.6", " ", " ", " ", " ", " ", " ", " ", " ", " ", " ", " ", " ", " ", " ", " 5.9", " 5.2", " ", " ", " ", " ", " ", " "
"198", "", "False", "6-Amino-3-methyl-4-phenyl-1,4-dihydropyrano[2,3-c]pyrazole-5-carbonitrile", "C14 H12 N4 O", "No match", " Invalid mass", " No results", " No results", " No results", "5.61", "252.10252", "251.09525", "10.835", "1744871.50839746", "0", "2", "0", "86.3", "9.3", "", "No matches found", " No matches found", " No matches found", " No matches found", " No matches found", "", "No matches found", "PreferredDDA", "", "[M-H]-1", "1136820.35100541", " 1029262.69637851", " 1236702.95912335", " ", " 981421.742274393", "4.56740154935552", " 41.4037705173006", " ", " ", " 10.0621297947329", "0.919", " 0.000", " 0.794", " Infinity", " Infinity", "-0.12", " -Infinity", " -0.33", " Infinity", " Infinity", "", " ", " ", " ", " ", "", " ", " ", " ", " ", "8.3", "", " ", " ", " ", " ", " ", " 7.6", " 8.3", " ", " ", " ", " 3.8", " ", " ", " 4.5", " 4.2", " ", " 4.5", " ", " ", " ", " ", " ", " ", " ", " ", " ", " ", " ", " ", " ", " ", " 6.6", " 6.6", " 6.6", " ", " ", " ", " ", " 6.9"
