"Compounds ID", "Tags", "Checked", "Name", "Formula", "Annot. Source: Predicted Compositions", "Annot. Source: mzCloud Search", "Annot. Source: mzVault Search", "Annot. Source: ChemSpider Search", "Annot. Source: MassList Search", "Annot. DeltaMass [ppm]", "Calc. MW", "m/z", "RT [min]", "Area (Max.)", "# ChemSpider Results", "# mzCloud Results", "# mzVault Results", "mzCloud Best Match", "mzCloud Best Match Confidence", "mzVault Best Match", "mzVault Library Match: Bamba lab 34 lipid mediators library stepped NCE 10 30 45", "mzVault Library Match: Bamba lab 598 polar metabolites stepped NCE 10 30 45", "mzVault Library Match: Custom mzVault Library", "mzVault Library Match: LipidBlast-VS68-Neg", "mzVault Library Match: LipidBlast-VS68-Pos", "Class Coverage: Phosphatidylcholine Compound Class", "Mass List Match: LipidMaps Structure Database 2021-09-13", "MS2", "Neutral Losses", "Reference Ion", "Group Area: cla", "Group Area: cla/lps", "Group Area: ctrl", "Group Area: lps", "Group Area: no2-cla/lps", "Group CV [%]: cla", "Group CV [%]: cla/lps", "Group CV [%]: ctrl", "Group CV [%]: lps", "Group CV [%]: no2-cla/lps", "Ratio: (cla) / (ctrl)", "Ratio: (lps) / (ctrl)", "Ratio: (no2-cla/lps) / (ctrl)", "Ratio: (cla/lps) / (lps)", "Ratio: (no2-cla/lps) / (lps)", "Log2 Fold Change: (cla) / (ctrl)", "Log2 Fold Change: (lps) / (ctrl)", "Log2 Fold Change: (no2-cla/lps) / (ctrl)", "Log2 Fold Change: (cla/lps) / (lps)", "Log2 Fold Change: (no2-cla/lps) / (lps)", "P-value: (cla) / (ctrl)", "P-value: (lps) / (ctrl)", "P-value: (no2-cla/lps) / (ctrl)", "P-value: (cla/lps) / (lps)", "P-value: (no2-cla/lps) / (lps)", "Adj. P-value: (cla) / (ctrl)", "Adj. P-value: (lps) / (ctrl)", "Adj. P-value: (no2-cla/lps) / (ctrl)", "Adj. P-value: (cla/lps) / (lps)", "Adj. P-value: (no2-cla/lps) / (lps)", "Peak Rating (Max.)", "Peak Rating: Liver-F-9.raw (F9)", "Peak Rating: Liver-F-10.raw (F10)", "Peak Rating: Liver-F-11.raw (F11)", "Peak Rating: Liver-F-12.raw (F12)", "Peak Rating: Liver-F-13.raw (F13)", "Peak Rating: Liver-F-14.raw (F14)", "Peak Rating: Liver-F-15.raw (F15)", "Peak Rating: Liver-F-16.raw (F16)", "Peak Rating: Liver-F-25.raw (F25)", "Peak Rating: Liver-F-26.raw (F26)", "Peak Rating: Liver-F-27.raw (F27)", "Peak Rating: Liver-F-28.raw (F28)", "Peak Rating: Liver-F-29.raw (F29)", "Peak Rating: Liver-F-30.raw (F30)", "Peak Rating: Liver-F-31.raw (F31)", "Peak Rating: Liver-F-32.raw (F32)", "Peak Rating: Liver-F-1.raw (F1)", "Peak Rating: Liver-F-2.raw (F2)", "Peak Rating: Liver-F-3.raw (F3)", "Peak Rating: Liver-F-4.raw (F4)", "Peak Rating: Liver-F-5.raw (F5)", "Peak Rating: Liver-F-6.raw (F6)", "Peak Rating: Liver-F-7.raw (F7)", "Peak Rating: Liver-F-8.raw (F8)", "Peak Rating: Liver-F-17.raw (F17)", "Peak Rating: Liver-F-18.raw (F18)", "Peak Rating: Liver-F-19.raw (F19)", "Peak Rating: Liver-F-20.raw (F20)", "Peak Rating: Liver-F-21.raw (F21)", "Peak Rating: Liver-F-22.raw (F22)", "Peak Rating: Liver-F-23.raw (F23)", "Peak Rating: Liver-F-24.raw (F24)", "Peak Rating: Liver-F-33.raw (F33)", "Peak Rating: Liver-F-34.raw (F34)", "Peak Rating: Liver-F-35.raw (F35)", "Peak Rating: Liver-F-36.raw (F36)", "Peak Rating: Liver-F-37.raw (F37)", "Peak Rating: Liver-F-38.raw (F38)", "Peak Rating: Liver-F-39.raw (F39)", "Peak Rating: Liver-F-40.raw (F40)"
"1", "", "False", "Linoleic acid", "C18 H32 O2", "Full match", " Full match", " No results", " Full match", " Not the top hit", "1.04", "280.24052", "279.23325", "7.690", "3060323962.60849", "119", "4", "0", "97.1", "9.9", "", "No matches found", " No matches found", " No matches found", " No matches found", " No matches found", "", "Multiple matches found", "PreferredDDA", "", "[M-H]-1", "1174654657.04321", " 1445507532.67639", " 1383923339.85792", " 1286894629.85392", " 1340308834.37101", "32.6120614623422", " 24.0110297808023", " 49.2770344107506", " 53.9049439077677", " 31.6547135119148", "0.849", " 0.930", " 0.968", " 1.123", " 1.042", "-0.24", " -0.10", " -0.05", " 0.17", " 0.06", "0.44797199118932", " 0.990339160302069", " 0.998527099094571", " 0.957424350235274", " 0.999765713981417", "0.999999999946231", " 1", " 1", " 0.999999999996915", " 1", "7.5", "5.2", " 6.3", " 6.3", " 7.1", " 4.4", " 4.8", " 4.4", " 6.7", " 5.3", " 5.7", " 6.8", " 4.9", " 3.4", " 4.9", " 5.7", " 6.8", " 4.7", " 4.7", " 3.6", " 5.1", " 3.9", " 6.6", " 4.7", " 5.5", " 5.1", " 4.7", " 4.7", " 3.2", " 4.3", " 3.6", " 6.2", " 6.6", " 2.6", " 3.7", " 6.3", " 7.5", " 5.6", " 5.2", " 6.3", " 4.8"
"2", "", "False", "Oleic acid", "C18 H34 O2", "Full match", " Full match", " No results", " Full match", " Not the top hit", "1.13", "282.25620", "281.24892", "8.203", "1936133983.23589", "60", "3", "0", "97.0", "9.8", "", "No matches found", " No matches found", " No matches found", " No matches found", " No matches found", "", "Multiple matches found", "PreferredDDA", "", "[M-H]-1", "614254267.113779", " 852003230.285353", " 490195185.851886", " 668545550.903194", " 388102131.686471", "62.6227129054886", " 41.2143222275061", " 74.392500923677", " 47.6899113319762", " 53.6788592273889", "1.253", " 1.364", " 0.792", " 1.274", " 0.581", "0.33", " 0.45", " -0.34", " 0.35", " -0.78", "0.630802912133047", " 0.999919052835074", " 0.971599406675504", " 0.997350677390049", " 0.942463086748946", "0.999999999946231", " 1", " 1", " 0.999999999996915", " 1", "7.0", "3.9", " 1.9", " 5.1", " 3.9", " 3.6", " 5.5", " 5.5", " 5.8", " 5.8", " 3.9", " 5.5", " 4.7", " 5.1", " 5.5", " 4.3", " 2.8", " 6.2", " 4.7", " 4.3", " 5.5", " 6.6", " 3.6", " 5.1", " 5.5", " 4.7", " 6.2", " 6.6", " 5.8", " 7.0", " 5.5", " 7.0", " 6.2", " 5.5", " 4.7", " 5.5", " 6.6", " 5.5", " 5.5", " 3.6", " 3.6"
"6", "", "False", "Docosahexaenoic Acid", "C22 H32 O2", "Full match", " Full match", " No results", " Partial match", " Partial match", "1.53", "328.24073", "327.23345", "7.440", "1591188870.94757", "12", "2", "0", "94.0", "59.8", "", "No matches found", " No matches found", " No matches found", " No matches found", " No matches found", "", "Multiple matches found", "PreferredDDA", "CO2", "[M-H]-1", "665680492.749116", " 1078222435.56189", " 727953218.421373", " 1018593228.24706", " 770773803.305707", "36.2569821724281", " 26.9057753527979", " 38.9464064667308", " 25.1209135324197", " 29.5697242882762", "0.914", " 1.399", " 1.059", " 1.059", " 0.757", "-0.13", " 0.48", " 0.08", " 0.08", " -0.40", "0.961703280837039", " 0.224822443503073", " 0.97782368111136", " 0.960614444530197", " 0.526527603417716", "0.999999999946231", " 1", " 1", " 0.999999999996915", " 1", "7.2", "3.7", " 5.2", " 6.3", " 5.2", " 6.0", " 5.2", " 5.2", " 6.0", " 6.5", " 5.7", " 4.2", " 6.1", " 5.3", " 6.5", " 6.1", " 6.8", " 5.2", " 6.0", " 4.4", " 5.6", " 6.0", " 5.6", " 5.2", " 5.6", " 6.1", " 6.5", " 5.3", " 5.3", " 5.3", " 5.3", " 4.9", " 7.2", " 5.3", " 6.8", " 6.1", " 5.7", " 5.3", " 4.9", " 4.6", " 6.8"
"10", "", "False", "Pinolenic acid", "C18 H30 O2", "Full match", " Full match", " No results", " Not the top hit", " Not the top hit", "0.95", "278.22484", "277.21757", "7.204", "1524846364.94677", "76", "6", "0", "97.2", "9.9", "", "No matches found", " No matches found", " No matches found", " No matches found", " No matches found", "", "Multiple matches found", "PreferredDDA", "CO2", "[M-H]-1", "372292433.482498", " 467262297.642825", " 653256577.621152", " 920621006.379", " 486113025.490973", "40.8136956142913", " 72.2154042152346", " 50.8986257081362", " 37.960540320542", " 43.9874522865907", "0.570", " 1.409", " 0.744", " 0.508", " 0.528", "-0.81", " 0.49", " -0.43", " -0.98", " -0.92", "0.500265180479861", " 0.541510529820069", " 0.999915098684662", " 0.178685628830063", " 0.457595650306388", "0.999999999946231", " 1", " 1", " 0.999999999996915", " 1", "6.2", "3.9", " 6.2", " 5.1", " 4.7", " 2.4", " 2.8", " 3.6", " 4.3", " 5.1", " 5.1", " 2.4", " 4.3", " 3.9", " 3.9", " 4.7", " 3.2", " 5.1", " 5.1", " 5.5", " 4.7", " 4.7", " 5.5", " 4.7", " 5.1", " 5.2", " 2.6", " 4.4", " 6.0", " 5.6", " 4.4", " 5.6", " 4.8", " 5.5", " 5.5", " 3.6", " 4.7", " 5.1", " 5.8", " 5.5", " 4.7"
"5", "", "False", "Arachidonic acid", "C20 H32 O2", "Full match", " Full match", " No results", " Full match", " Not the top hit", "1.30", "304.24062", "303.23334", "7.577", "1484139216.12478", "51", "2", "0", "95.3", "9.8", "", "No matches found", " No matches found", " No matches found", " No matches found", " No matches found", "", "Multiple matches found", "PreferredDDA", "CO2", "[M-H]-1", "917680991.154816", " 1034933532.5647", " 709563290.878926", " 884053628.951696", " 731705198.636266", "35.8728580176367", " 24.7727516376109", " 28.1939292974744", " 24.6451083806246", " 43.4427798335027", "1.293", " 1.246", " 1.031", " 1.171", " 0.828", "0.37", " 0.32", " 0.04", " 0.23", " -0.27", "0.999887789893296", " 0.977696940961882", " 0.884440683542657", " 0.914811985788084", " 0.567182404621371", "0.999999999946231", " 1", " 1", " 0.999999999996915", " 1", "7.6", "5.6", " 7.5", " 5.2", " 5.6", " 4.4", " 5.6", " 5.2", " 6.3", " 7.6", " 5.3", " 4.6", " 5.7", " 3.8", " 7.2", " 7.2", " 5.3", " 6.5", " 6.1", " 5.3", " 7.2", " 5.3", " 6.1", " 6.8", " 6.1", " 6.5", " 5.3", " 7.6", " 5.3", " 5.7", " 4.9", " 5.3", " 7.2", " 3.9", " 5.8", " 4.3", " 5.8", " 5.1", " 5.1", " 2.8", " 4.3"
"9", "", "False", "Palmitoleic acid", "C16 H30 O2", "Full match", " Full match", " No results", " Full match", " Not the top hit", "0.60", "254.22473", "253.21745", "7.499", "1193663858.17321", "57", "6", "0", "97.5", "9.9", "", "No matches found", " No matches found", " No matches found", " No matches found", " No matches found", "", "Multiple matches found", "PreferredDDA", "", "[M-H]-1", "540609425.699233", " 445932193.744681", " 455741659.410492", " 512087505.920406", " 340847521.729645", "32.9225988719893", " 35.6377308496867", " 56.393742350043", " 39.1434596516858", " 42.2536345786273", "1.186", " 1.124", " 0.748", " 0.871", " 0.666", "0.25", " 0.17", " -0.42", " -0.20", " -0.59", "0.996507775588376", " 0.999999775027312", " 0.27333689673692", " 0.993010315228251", " 0.259481345623956", "0.999999999946231", " 1", " 1", " 0.999999999996915", " 1", "7.5", "6.3", " 5.2", " 6.7", " 5.6", " 6.7", " 6.3", " 5.2", " 5.6", " 6.7", " 7.5", " 6.0", " 6.3", " 7.1", " 6.7", " 5.6", " 7.1", " 5.5", " 6.6", " 3.6", " 6.2", " 6.2", " 6.2", " 6.2", " 5.1", " 7.1", " 5.6", " 5.6", " 5.2", " 7.1", " 7.5", " 7.1", " 5.2", " 5.5", " 4.7", " 5.8", " 5.1", " 6.2", " 6.2", " 7.0", " 5.8"
"4", "", "False", "Ethyl myristate", "C16 H32 O2", "Full match", " Full match", " No results", " Not the top hit", " Not the top hit", "0.71", "256.24041", "255.23313", "8.097", "1134351323.56836", "32", "2", "0", "97.2", "9.9", "", "No matches found", " No matches found", " No matches found", " No matches found", " No matches found", "", "Multiple matches found", "PreferredDDA", "", "[M-H]-1", "669243016.260157", " 739448007.405497", " 496698709.591523", " 679398489.851195", " 508567416.511599", "35.4886089911889", " 33.3031466280169", " 48.975445230434", " 37.3327659914109", " 38.8218113937769", "1.347", " 1.368", " 1.024", " 1.088", " 0.749", "0.43", " 0.45", " 0.03", " 0.12", " -0.42", "0.999911180959425", " 0.787954327984643", " 0.999810811482203", " 0.999794856096793", " 0.692028138503909", "0.999999999946231", " 1", " 1", " 0.999999999996915", " 1", "7.5", "6.3", " 6.7", " 7.5", " 6.0", " 5.6", " 5.6", " 7.1", " 6.0", " 6.7", " 7.1", " 4.8", " 7.5", " 5.6", " 4.8", " 6.7", " 4.8", " 3.6", " 5.5", " 5.1", " 6.2", " 7.0", " 5.8", " 5.5", " 5.8", " 5.2", " 6.7", " 6.7", " 5.6", " 6.0", " 7.1", " 6.7", " 6.0", " 5.6", " 7.5", " 5.6", " 5.6", " 5.6", " 7.1", " 6.7", " 6.3"
"8", "", "False", "Eicosapentaenoic acid", "C20 H30 O2", "Full match", " Full match", " No results", " Full match", " Not the top hit", "1.20", "302.22494", "301.21767", "7.118", "968301977.750305", "59", "2", "0", "93.7", "81.1", "", "No matches found", " No matches found", " No matches found", " No matches found", " No matches found", "", "Multiple matches found", "PreferredDDA", "CO2", "[M-H]-1", "171384711.013867", " 273387369.087312", " 226528844.432959", " 369616321.137687", " 267520767.673249", "39.5269343550066", " 73.3596291995531", " 45.967452206291", " 33.2637725586616", " 43.596297875335", "0.757", " 1.632", " 1.181", " 0.740", " 0.724", "-0.40", " 0.71", " 0.24", " -0.44", " -0.47", "0.681598894178724", " 0.0744419163722952", " 0.819099642545439", " 0.902819988141885", " 0.491317674186217", "0.999999999946231", " 0.56555178132841", " 1", " 0.999999999996915", " 1", "7.5", "6.7", " 7.1", " 6.3", " 6.3", " 6.7", " 7.1", " 5.6", " 7.5", " 5.5", " 5.8", " 5.1", " 7.0", " 4.3", " 7.0", " 7.0", " 5.8", " 6.2", " 7.0", " 6.6", " 6.6", " 6.6", " 5.8", " 5.5", " 5.5", " 7.5", " 6.0", " 5.6", " 7.5", " 5.2", " 5.2", " 6.3", " 6.7", " 6.6", " 7.0", " 4.7", " 7.0", " 7.0", " 5.1", " 5.5", " 5.8"
"20", "", "False", "Cholic acid", "C24 H40 O5", "Full match", " Full match", " Full match", " Full match", " Full match", "1.10", "408.28802", "407.28071", "3.558", "886092543.111108", "80", "4", "3", "99.8", "10.0", "28.1", "No matches found", " No matches found", " No matches found", " Multiple matches found", " No matches found", "", "Multiple matches found", "PreferredDDA", "", "[M-H]-1", "353938907.306605", " 490904400.787535", " 442501624.176357", " 638051120.904809", " 504976937.520761", "59.6306553534912", " 23.8023138552471", " 51.9951873118954", " 48.0821864234105", " 55.0219772310493", "0.800", " 1.442", " 1.141", " 0.769", " 0.791", "-0.32", " 0.53", " 0.19", " -0.38", " -0.34", "0.710866979858364", " 0.999999962185319", " 0.989448531848545", " 0.999559604808718", " 0.98766777722369", "0.999999999946231", " 1", " 1", " 0.999999999996915", " 1", "7.2", "3.6", " 5.8", " 4.7", " 5.8", " 5.8", " 6.2", " 4.3", " 6.2", " 7.2", " 4.6", " 3.8", " 5.7", " 5.7", " 5.7", " 5.3", " 6.8", " 5.5", " 4.3", " 4.7", " 6.2", " 5.5", " 6.2", " 5.8", " 3.2", " 6.2", " 5.1", " 5.8", " 4.3", " 5.8", " 4.3", " 4.7", " 3.9", " 5.1", " 6.2", " 5.8", " 5.5", " 3.6", " 3.9", " 3.9", " 4.7"
"14", "", "False", "ascr#29", "C23 H42 O6", "Not the top hit", " No results", " No results", " Full match", " Full match", "1.43", "414.29873", "413.29145", "7.082", "675576155.065557", "2", "0", "0", "", "", "", "No matches found", " No matches found", " No matches found", " No matches found", " No matches found", "", "Multiple matches found", "PreferredDDA", "", "[M-H]-1", "17891163.5591635", " 23861957.7511267", " 20998472.6081354", " 98966863.463455", " 27517462.4634387", "134.407585069632", " 211.076555583545", " 120.984036251039", " 69.936013843937", " 98.2007972634224", "0.852", " 4.713", " 1.310", " 0.241", " 0.278", "-0.23", " 2.24", " 0.39", " -2.05", " -1.85", "0.903164978945545", " 0.442242475138008", " 0.999891175804396", " 0.697902109980353", " 0.530889403254849", "0.999999999946231", " 1", " 1", " 0.999999999996915", " 1", "7.0", "2.8", " 2.6", " 3.9", " 2.4", " 5.1", " 4.7", " 4.3", " 4.6", " 4.3", " 5.1", " 3.9", " 3.9", " 4.3", " 4.7", " 4.7", " 5.5", " 5.8", " 5.8", " 6.6", " 3.5", " 5.8", " 5.6", " 6.6", " 4.3", " 5.8", " 5.8", " 7.0", " 4.3", " 4.7", " 5.5", " 3.9", " 5.8", " 5.5", " 5.5", " 3.2", " 6.2", " 4.3", " 4.7", " 4.7", " 6.2"
"11", "", "False", "Docosapentaenoic acid", "C22 H34 O2", "Full match", " Full match", " No results", " Partial match", " Not the top hit", "1.44", "330.25636", "329.24908", "7.673", "648990597.707284", "17", "2", "0", "95.0", "9.8", "", "No matches found", " No matches found", " No matches found", " No matches found", " No matches found", "", "Multiple matches found", "PreferredDDA", "CO2", "[M-H]-1", "103815113.475014", " 280054099.08343", " 75291297.7491548", " 152057894.467114", " 92014998.587266", "36.894198082153", " 71.8708754076295", " 86.4366832555254", " 52.7542275801266", " 47.7883602561829", "1.379", " 2.020", " 1.222", " 1.842", " 0.605", "0.46", " 1.01", " 0.29", " 0.88", " -0.72", "0.999495467414081", " 0.266908912678389", " 0.998584073445601", " 0.840849528754116", " 0.40945068449833", "0.999999999946231", " 1", " 1", " 0.999999999996915", " 1", "6.6", "3.7", " 6.3", " 6.0", " 2.6", " 4.8", " 3.7", " 2.6", " 4.1", " ", " 2.8", " 4.3", " 4.3", " 2.0", " 2.8", " 1.7", " 2.4", " 2.0", " 5.8", " 2.4", " 3.9", " 2.8", " 5.5", " 6.6", " 4.7", " 5.1", " 2.8", " 2.4", " 2.8", " 3.2", " 5.1", " 3.9", " 5.8", " 3.2", " 1.3", " 3.2", " 3.9", " 2.0", " 4.3", " 3.2", " 3.2"
"15", "", "False", "Myristic acid", "C14 H28 O2", "Full match", " Full match", " No results", " Full match", " Full match", "-0.60", "228.20879", "227.20151", "7.319", "469656097.148012", "27", "2", "0", "97.8", "9.9", "", "No matches found", " No matches found", " No matches found", " No matches found", " No matches found", "", "Multiple matches found", "PreferredDDA", "", "[M-H]-1", "154387031.373975", " 166419005.157789", " 156231710.880294", " 238388632.988381", " 101963275.622878", "38.4451088102858", " 62.5239962668069", " 66.454064506436", " 49.4155861478061", " 59.9695782720707", "0.988", " 1.526", " 0.653", " 0.698", " 0.428", "-0.02", " 0.61", " -0.62", " -0.52", " -1.23", "0.906853095137764", " 0.929989497355814", " 0.876042752895749", " 0.954364679558669", " 0.421387403955074", "0.999999999946231", " 1", " 1", " 0.999999999996915", " 1", "7.1", "5.6", " 6.7", " 6.7", " 6.7", " 7.1", " 6.3", " 6.7", " 6.3", " 7.0", " 6.2", " 5.5", " 5.8", " 5.5", " 6.2", " 5.8", " 6.2", " 6.2", " 6.2", " 6.2", " 6.2", " 6.2", " 5.1", " 6.2", " 4.7", " 6.2", " 6.2", " 6.2", " 6.2", " 6.2", " 5.1", " 6.6", " 6.6", " 6.2", " 5.1", " 5.1", " 6.2", " 5.5", " 6.2", " 5.1", " 5.5"
"23", "", "False", "Cholic acid", "C24 H40 O5", "Full match", " Full match", " Full match", " Full match", " Full match", "1.16", "408.28805", "407.28075", "3.338", "414398316.123213", "80", "4", "3", "99.7", "10.0", "28.9", "No matches found", " No matches found", " No matches found", " Multiple matches found", " No matches found", "", "Multiple matches found", "PreferredDDA", "", "[M-H]-1", "124223126.925316", " 224906673.148095", " 125333244.790749", " 230162263.284329", " 118691841.459072", "66.3614574035331", " 30.8634188226444", " 32.1831336563479", " 56.130175520438", " 68.6122288518427", "0.991", " 1.836", " 0.947", " 0.977", " 0.516", "-0.01", " 0.88", " -0.08", " -0.03", " -0.96", "0.999450715150625", " 0.949039465496348", " 0.817358892131838", " 0.971234185946651", " 0.304873520611569", "0.999999999946231", " 1", " 1", " 0.999999999996915", " 1", "6.3", "3.9", " 4.7", " 5.5", " ", " 5.5", " 4.3", " 4.7", " 4.7", " 5.6", " 4.4", " 2.9", " 5.2", " 4.8", " 5.6", " 6.3", " 6.0", " 6.0", " ", " ", " 5.6", " 5.2", " 6.0", " 5.6", " ", " 5.5", " 5.8", " 4.7", " 5.1", " 5.8", " 5.5", " 5.8", " 5.5", " ", " 5.1", " 5.1", " 3.7", " ", " 4.3", " 6.2", " 5.5"
"19", "", "False", "9,12-hexadecadienoic acid", "C16 H28 O2", "Full match", " No results", " No results", " Partial match", " Full match", "0.65", "252.20909", "251.20182", "6.978", "410985235.133051", "50", "0", "0", "", "", "", "No matches found", " No matches found", " No matches found", " No matches found", " No matches found", "", "Multiple matches found", "PreferredDDA", "", "[M-H]-1", "116493400.199921", " 223469695.648726", " 46590756.521419", " 246458946.567089", " 111390923.993296", "41.5426006349619", " 44.7827582097515", " 73.8197016821925", " 45.6135982198182", " 46.0314026669256", "2.500", " 5.290", " 2.391", " 0.907", " 0.452", "1.32", " 2.40", " 1.26", " -0.14", " -1.15", "0.17829935317429", " 7.63037508272335E-05", " 0.0370109931181333", " 0.984452812452283", " 0.196061347655263", "0.999999999946231", " 0.00202972596235214", " 0.306302996429058", " 0.999999999996915", " 1", "7.0", "4.3", " 5.1", " 5.5", " 6.2", " 5.8", " 5.5", " 7.0", " 6.2", " 6.2", " 5.1", " 3.6", " 5.5", " 4.7", " 6.6", " 4.3", " 6.2", " 5.8", " 5.8", " 5.8", " 6.2", " 5.8", " 6.2", " 6.2", " 5.8", " 7.0", " 6.6", " 6.2", " 6.2", " 5.1", " 5.1", " 6.6", " 7.0", " 7.0", " 6.2", " 6.6", " 6.2", " 6.6", " 5.5", " 6.2", " 5.8"
"22", "", "False", "8Z,11Z,14Z-Eicosatrienoic acid", "C20 H34 O2", "Full match", " Full match", " No results", " Full match", " Not the top hit", "1.25", "306.25626", "305.24899", "7.901", "376165844.661633", "38", "3", "0", "98.4", "9.9", "", "No matches found", " No matches found", " No matches found", " No matches found", " No matches found", "", "Multiple matches found", "PreferredDDA", "", "[M-H]-1", "191171042.536695", " 241410143.672916", " 176705974.20268", " 165746128.381762", " 98220993.2927551", "40.1588827804209", " 34.3312210097261", " 59.6437129302588", " 40.98597178557", " 48.2487559590897", "1.082", " 0.938", " 0.556", " 1.457", " 0.593", "0.11", " -0.09", " -0.85", " 0.54", " -0.75", "0.999924779871929", " 0.999955937124098", " 0.373332024061905", " 0.852073166395463", " 0.312807010277271", "0.999999999946231", " 1", " 1", " 0.999999999996915", " 1", "7.1", "3.9", " 3.6", " 4.3", " 6.2", " 5.1", " 5.5", " 4.3", " 5.8", " 6.0", " 4.4", " 4.8", " 7.1", " 6.0", " 4.1", " 6.3", " 4.8", " 5.8", " 4.3", " 3.6", " 5.8", " 5.8", " 3.9", " 2.8", " 6.6", " 5.8", " 4.3", " 3.6", " 3.9", " 5.8", " 2.8", " 6.6", " 5.5", " 5.8", " 4.3", " 7.0", " 6.2", " 5.8", " 5.8", " 4.7", " 6.2"
"16", "", "False", "Adrenic acid", "C22 H36 O2", "Full match", " Full match", " No results", " Full match", " Not the top hit", "1.48", "332.27202", "331.26474", "8.088", "341286534.710042", "14", "3", "0", "95.3", "9.8", "", "No matches found", " No matches found", " No matches found", " No matches found", " No matches found", "", "Multiple matches found", "PreferredDDA", "CO2", "[M-H]-1", "91199291.1212431", " 141700277.918539", " 67706506.5183618", " 121141821.450864", " 58433612.311604", "60.8110876873051", " 60.7659706825551", " 88.9488132439023", " 66.71753589495", " 61.4318115047129", "1.347", " 1.789", " 0.863", " 1.170", " 0.482", "0.43", " 0.84", " -0.21", " 0.23", " -1.05", "0.999759061637396", " 0.75738018371051", " 0.99720788601", " 0.962518076024125", " 0.555259118624723", "0.999999999946231", " 1", " 1", " 0.999999999996915", " 1", "7.0", "6.2", " 3.9", " 6.2", " 7.0", " 4.7", " 5.5", " 6.6", " 5.2", " 6.6", " 4.7", " 4.3", " 5.8", " 7.0", " 3.2", " 5.1", " 5.1", " 4.3", " 4.3", " 4.3", " 6.2", " 7.0", " 5.1", " 4.3", " 5.8", " 5.1", " 4.7", " 2.8", " 4.3", " 3.9", " 7.0", " 7.0", " 6.2", " 5.5", " 5.8", " 6.2", " 4.7", " 5.5", " 5.5", " 6.2", " 5.1"
"34", "", "False", "13(S)-HOTrE", "C18 H30 O3", "Full match", " Full match", " No results", " Not the top hit", " Not the top hit", "1.51", "294.21994", "293.21266", "6.065", "333812365.831091", "66", "3", "0", "96.0", "9.8", "", "No matches found", " No matches found", " No matches found", " No matches found", " No matches found", "", "Multiple matches found", "PreferredDDA", "CO2", "[M-H]-1", "3518745.78088638", " 9041179.30467992", " 2382284.99349261", " 6983848.12708829", " 5558135.11170862", "45.3548789580781", " 231.949842101155", " 34.0850136928927", " 52.4730430482342", " 62.9278420855183", "1.477", " 2.932", " 2.333", " 1.295", " 0.796", "0.56", " 1.55", " 1.22", " 0.37", " -0.33", "0.990962747896069", " 0.0513530439936125", " 0.145610916241373", " 0.674012335103712", " 0.98813812285924", "0.999999999946231", " 0.432155616377016", " 0.753717748177647", " 0.999999999996915", " 1", "6.6", "6.0", " 5.0", " 6.0", " 4.0", " 5.0", " 5.8", " 5.6", " 1.1", " 5.6", " 6.6", " 3.2", " 6.4", " 6.6", " 6.6", " 5.8", " 5.2", " 4.9", " 5.5", " 4.4", " 3.4", " 5.9", " 3.8", " 4.0", " 5.5", " 5.4", " 5.2", " 6.0", " 6.6", " 6.6", " 5.1", " 5.6", " 5.2", " 3.9", " 4.6", " 5.2", " 5.0", " 6.4", " 5.8", " 6.0", " 5.6"
"18", "", "False", "", "C40 H68 N4 O2", "Full match", " No results", " No results", " No results", " No results", "-0.44", "636.53395", "635.52667", "7.669", "330218772.415838", "0", "0", "0", "", "", "", "No matches found", " No matches found", " No matches found", " No matches found", " No matches found", "", "No matches found", "PreferredDDA", "", "[M-H]-1", "15070081.037046", " 15252782.0849856", " 53911830.6945355", " 43111606.1627954", " 7481983.88318149", "110.601850874928", " 189.860011635493", " 115.181054335936", " 70.2506669406173", " 136.474354774556", "0.280", " 0.800", " 0.139", " 0.354", " 0.174", "-1.84", " -0.32", " -2.85", " -1.50", " -2.53", "0.96428168662537", " 0.960549495786594", " 0.657208446551275", " 0.92873197936195", " 0.255587118047723", "0.999999999946231", " 1", " 1", " 0.999999999996915", " 1", "6.6", "2.4", " 3.2", " 3.2", " 5.2", " 5.5", " 3.6", " 2.8", " ", " ", " ", " 4.7", " 3.9", " 3.6", " 2.4", " 2.4", " 3.2", " 1.7", " 6.6", " 2.4", " ", " ", " 1.8", " 3.6", " 4.1", " 2.6", " ", " 2.8", " 4.3", " 2.0", " 2.8", " 5.1", " 2.4", " 1.4", " 2.2", " 1.8", " 3.5", " ", " ", " 2.4", " 2.8"
"24", "", "False", "Cholic acid", "C24 H40 O5", "Full match", " Full match", " Full match", " Full match", " Full match", "1.37", "408.28813", "407.28082", "3.970", "284738573.66614", "80", "4", "1", "99.6", "10.0", "4.3", "No matches found", " No matches found", " No matches found", " Single match found", " No matches found", "", "Multiple matches found", "PreferredDDA", "CO2", "[M-H]-1", "144013739.751579", " 38317954.7445965", " 98708744.386819", " 48821127.7325162", " 43122802.775231", "67.850675356189", " 55.4963174639635", " 59.2260719234106", " 86.8838223637417", " 101.50682407527", "1.459", " 0.495", " 0.437", " 0.785", " 0.883", "0.54", " -1.02", " -1.19", " -0.35", " -0.18", "0.999164685762976", " 0.207486915221842", " 0.0550586962349535", " 0.999998843156677", " 0.966641509624889", "0.999999999946231", " 1", " 0.404528476504034", " 0.999999999996915", " 1", "7.0", "6.6", " 5.1", " 6.2", " 6.2", " 6.6", " 5.8", " 6.6", " 6.2", " 5.5", " 6.2", " 3.9", " 3.9", " 6.2", " 5.8", " 5.5", " 5.8", " 5.8", " 5.8", " 6.6", " 6.2", " 6.2", " 6.2", " 7.0", " 6.6", " 4.5", " 5.6", " 6.2", " 5.5", " 5.1", " 6.2", " 6.6", " 5.5", " 6.2", " 5.5", " 5.8", " 2.7", " 5.8", " 5.8", " 4.7", " 5.1"
"27", "", "False", "3-dehydroecdysone", "C27 H42 O6", "Not the top hit", " No results", " No results", " Not the top hit", " Full match", "1.68", "462.29891", "461.29164", "6.911", "226544118.376688", "8", "0", "0", "", "", "", "No matches found", " No matches found", " No matches found", " No matches found", " No matches found", "", "Multiple matches found", "PreferredDDA", "", "[M-H]-1", "7126655.27953253", " 16836756.5965542", " 8730755.43444904", " 31131291.3952024", " 9855868.07694146", "78.7680451102462", " 179.831949021342", " 118.574736849215", " 56.9689658646022", " 36.2561795585226", "0.816", " 3.566", " 1.129", " 0.541", " 0.317", "-0.29", " 1.83", " 0.17", " -0.89", " -1.66", "0.991836809168712", " 0.313759796256144", " 0.988518476769538", " 0.999559468796881", " 0.592796981954248", "0.999999999946231", " 1", " 1", " 0.999999999996915", " 1", "6.9", "3.9", " 4.8", " 3.9", " 5.2", " 6.6", " 4.8", " 5.6", " 4.2", " 6.6", " 5.1", " 5.5", " 5.5", " 4.3", " 4.7", " 3.3", " 4.5", " 1.1", " 6.6", " 5.1", " 5.2", " 4.1", " 3.5", " 3.2", " 3.5", " 3.0", " 4.8", " 5.5", " 3.9", " 2.4", " 5.5", " 5.5", " 3.9", " 5.2", " 3.8", " 5.0", " 6.9", " 5.0", " 5.6", " 6.7", " 6.3"
"49", "", "False", "5-[2-(3-Furyl)ethyl]-8a-(hydroxymethyl)-5,6-dimethyl-3,4,4a,5,6,7,8,8a-octahydro-1-naphthalenecarboxylic acid", "C20 H28 O4", "Full match", " Full match", " No results", " Partial match", " Partial match", "1.64", "332.19930", "331.19203", "3.342", "213542177.440044", "26", "6", "0", "89.1", "9.5", "", "No matches found", " No matches found", " No matches found", " No matches found", " No matches found", "", "Multiple matches found", "PreferredDDA", "", "[M-H]-1", "46594005.6173096", " 19056972.4834781", " 64151673.7246451", " 18238756.5715979", " 18997147.4957814", "78.6921826864545", " 30.4210648733461", " 82.7130613198491", " 53.8455117955685", " 72.2207295906286", "0.726", " 0.284", " 0.296", " 1.045", " 1.042", "-0.46", " -1.81", " -1.76", " 0.06", " 0.06", "0.988805043479557", " 0.0374840775532604", " 0.017119179742863", " 0.999222504364164", " 0.993142377723032", "0.999999999946231", " 0.346187945502757", " 0.183646864827034", " 0.999999999996915", " 1", "6.6", "4.3", " 5.8", " 4.3", " 4.3", " 6.6", " 4.3", " 4.3", " 3.9", " 4.8", " 4.4", " 2.9", " 4.1", " 3.3", " 4.4", " 4.1", " 5.6", " 3.9", " 3.2", " 5.5", " 3.6", " 4.3", " 6.2", " 3.6", " 3.9", " 3.9", " 3.6", " 2.0", " 1.7", " 2.0", " 2.4", " 2.0", " 3.6", " 3.9", " 2.8", " 3.9", " 4.2", " ", " 3.6", " 2.8", " 2.8"
"29", "", "False", "3E,9Z,12Z,15Z-octadecatetraenoic acid", "C18 H28 O2", "Full match", " No results", " No results", " Partial match", " Full match", "0.92", "276.20919", "275.20191", "6.781", "201254226.474836", "73", "0", "0", "", "", "", "No matches found", " No matches found", " No matches found", " No matches found", " No matches found", "", "Multiple matches found", "PreferredDDA", "CO2", "[M-H]-1", "23401084.3455516", " 16895124.8402149", " 41884375.595175", " 108667612.955464", " 46650030.3159101", "46.5961390159936", " 112.068840665983", " 64.1621794781263", " 50.3866309689629", " 35.1522558319168", "0.559", " 2.594", " 1.114", " 0.155", " 0.429", "-0.84", " 1.38", " 0.16", " -2.69", " -1.22", "0.14148566595278", " 0.0496484521221775", " 0.959740347805067", " 0.00101967299020522", " 0.201590828670322", "0.999999999946231", " 0.424339114231736", " 1", " 0.156009967501399", " 1", "7.1", "6.2", " 4.7", " 6.2", " 6.2", " 6.2", " 5.8", " 5.8", " 5.4", " 6.2", " ", " 6.6", " 5.8", " ", " 6.2", " 6.4", " 5.8", " 6.6", " 7.0", " 7.0", " 6.0", " 6.6", " 5.5", " 6.2", " 6.6", " 6.6", " 6.6", " 6.2", " 6.6", " 6.2", " 6.2", " 6.6", " 7.0", " 6.7", " 6.0", " 7.1", " 7.1", " 6.7", " 7.1", " 6.7", " 6.7"
"35", "", "False", "LPC 18:2", "C26 H50 N O7 P", "No match", " No results", " Invalid mass", " No match", " No match", "115575.03", "579.35436", "578.34708", "5.206", "188947289.062683", "2", "0", "5", "", "", "80.1", "No matches found", " No matches found", " No matches found", " Multiple matches found", " No matches found", "", "Single match found", "PreferredDDA", "", "[M-H]-1", "11052323.6790745", " 7378031.46492475", " 15215848.1573538", " 10753674.4418516", " 8579889.08162076", "29.2801358597831", " 211.978425063801", " 31.0447309185481", " 47.3562826563723", " 36.1015791356062", "0.726", " 0.707", " 0.564", " 0.686", " 0.798", "-0.46", " -0.50", " -0.83", " -0.54", " -0.33", "0.415251103070069", " 0.928865264439959", " 0.198943520766631", " 0.980138721723098", " 0.623947813614261", "0.999999999946231", " 1", " 0.939652879335249", " 0.999999999996915", " 1", "7.4", "7.4", " 4.7", " 6.1", " 6.8", " 6.1", " 6.2", " 6.8", " 7.2", " 5.2", " 4.8", " 4.7", " 5.8", " 4.5", " 5.2", " 4.5", " 5.2", " 5.2", " 5.2", " 6.0", " 6.3", " 6.3", " 7.1", " 6.7", " 6.3", " 6.6", " 5.6", " 6.4", " 4.8", " 6.6", " 5.8", " 5.8", " 7.0", " 5.7", " 5.7", " 6.5", " 5.7", " 6.3", " 6.0", " 6.1", " 5.0"
"32", "", "False", "2E,4E,8E,10E-Dodecatetraenedioic acid", "C12 H14 O4", "Full match", " No results", " No results", " Partial match", " Full match", "-1.10", "222.08896", "221.08169", "3.613", "188163092.385194", "7", "0", "0", "", "", "", "No matches found", " No matches found", " No matches found", " No matches found", " No matches found", "", "Single match found", "PreferredDDA", "CO2", "[M-H]-1", "22440985.0389053", " 45112916.6659666", " 38758414.2463004", " 44060624.8697242", " 30098832.2346985", "105.199351795928", " 86.4044663377402", " 39.4198086445391", " 59.1760202615679", " 77.7503530163677", "0.579", " 1.137", " 0.777", " 1.024", " 0.683", "-0.79", " 0.18", " -0.36", " 0.03", " -0.55", "0.97544938638694", " 0.887173225524349", " 0.998571606112812", " 0.999999931489556", " 0.750786269675372", "0.999999999946231", " 1", " 1", " 0.999999999996915", " 1", "7.1", "5.1", " 5.8", " 6.2", " 6.6", " 5.8", " 6.2", " 5.5", " 5.8", " 5.8", " 6.2", " 6.2", " 6.2", " 6.6", " 6.6", " 5.8", " 6.6", " 6.7", " 6.3", " 6.0", " 7.1", " 6.7", " 6.7", " 6.3", " 6.7", " 6.6", " 6.2", " 6.2", " 5.1", " 6.2", " 6.2", " 5.1", " 5.8", " 6.2", " 6.2", " 6.2", " 6.2", " 5.1", " 5.1", " 6.2", " 5.8"
"47", "", "False", "Deoxycholic acid", "C24 H40 O4", "Full match", " Full match", " No results", " Full match", " Not the top hit", "1.59", "392.29328", "391.28599", "4.126", "173784148.785828", "51", "2", "0", "100.0", "10.0", "", "No matches found", " No matches found", " No matches found", " No matches found", " No matches found", "", "Multiple matches found", "PreferredDDA", "", "[M-H]-1", "32288028.1645222", " 105387050.248622", " 51784339.5681813", " 108217534.387973", " 95248350.7625786", "71.2676560208571", " 34.698727771677", " 57.1412454766588", " 63.1082778788939", " 53.2201603550169", "0.624", " 2.090", " 1.839", " 0.974", " 0.880", "-0.68", " 1.06", " 0.88", " -0.04", " -0.18", "0.485507708545659", " 0.917268302851602", " 0.983979962146072", " 0.888331839156144", " 0.997900057656655", "0.999999999946231", " 1", " 1", " 0.999999999996915", " 1", "6.3", "5.8", " 5.5", " 5.1", " 4.7", " 5.1", " 5.5", " 5.5", " 3.7", " 6.0", " 6.0", " 4.4", " 5.6", " 6.0", " 6.3", " 6.0", " 6.0", " 5.1", " 5.5", " 3.6", " 5.5", " 3.9", " 4.7", " 5.5", " 5.5", " 5.1", " 5.5", " 4.3", " 6.2", " 5.5", " 5.5", " 6.2", " 5.8", " 6.2", " 5.5", " 5.5", " 4.8", " 5.5", " 3.6", " 5.5", " 5.5"
"33", "", "False", "5-methyl-2E-tridecenoic acid", "C14 H26 O2", "Full match", " No results", " No results", " Not the top hit", " Full match", "-0.69", "226.19312", "225.18585", "6.667", "155555253.789457", "45", "0", "0", "", "", "", "No matches found", " No matches found", " No matches found", " No matches found", " No matches found", "", "Multiple matches found", "PreferredDDA", "", "[M-H]-1", "22933714.3401367", " 24907793.9400689", " 23597001.23014", " 74866077.3165746", " 28977820.3577287", "43.521566012232", " 54.1185540681879", " 84.9149888150475", " 53.7606337405305", " 59.9085757705065", "0.972", " 3.173", " 1.228", " 0.333", " 0.387", "-0.04", " 1.67", " 0.30", " -1.59", " -1.37", "0.60854460285372", " 0.11533221366138", " 0.999999027790117", " 0.0336408604690775", " 0.10513542230075", "0.999999999946231", " 0.749343969831855", " 1", " 0.999999999996915", " 1", "6.2", "5.8", " 6.2", " 6.2", " 4.3", " 6.2", " 5.8", " 5.1", " 4.1", " 5.5", " 5.5", " 1.3", " 5.5", " 5.8", " 5.5", " ", " 3.2", " 5.1", " 6.2", " 5.5", " 5.1", " 6.2", " 5.1", " 6.2", " 4.8", " 5.1", " 5.5", " 5.8", " 5.1", " 5.5", " 5.5", " 5.8", " 5.8", " 5.1", " 5.1", " 5.1", " 5.5", " 5.5", " 4.3", " 5.8", " 5.8"
"28", "", "False", "6Z,9Z,12Z,15Z,18Z-tetracosapentaenoic acid", "C24 H38 O2", "Full match", " No results", " No results", " Not the top hit", " Full match", "1.37", "358.28767", "357.28040", "8.213", "142843044.739615", "16", "0", "0", "", "", "", "No matches found", " No matches found", " No matches found", " No matches found", " No matches found", "", "Multiple matches found", "PreferredDDA", "CO2", "[M-H]-1", "16555532.9851107", " 50260876.718674", " 15560242.8398483", " 41872442.7556447", " 11513911.894179", "54.6513830692899", " 78.2154339525953", " 122.963922490242", " 74.7385966569348", " 81.9797629406555", "1.064", " 2.691", " 0.740", " 1.200", " 0.275", "0.09", " 1.43", " -0.43", " 0.26", " -1.86", "0.999999991464675", " 0.398928469068088", " 0.999971005401858", " 0.978310890834425", " 0.342105611710119", "0.999999999946231", " 1", " 1", " 0.999999999996915", " 1", "6.6", "4.7", " 1.3", " 5.1", " 2.6", " 2.8", " 4.7", " 3.6", " 3.1", " 6.6", " 5.5", " 4.7", " 5.8", " 5.1", " 6.2", " 4.3", " 4.7", " 6.2", " 3.2", " 4.3", " 5.5", " 5.5", " 1.2", " 5.8", " 4.8", " 4.7", " 5.6", " 6.6", " 6.6", " 5.8", " 6.6", " 5.5", " 5.8", " 5.5", " 4.1", " 5.1", " 5.8", " 5.8", " 5.5", " 5.8", " 5.1"
"36", "", "False", "all-cis-4,7,10,13,16-Docosapentaenoic acid", "C22 H34 O2", "Full match", " Full match", " No results", " Not the top hit", " Full match", "1.43", "330.25635", "329.24908", "7.849", "139571306.911255", "17", "2", "0", "93.7", "59.1", "", "No matches found", " No matches found", " No matches found", " No matches found", " No matches found", "", "Multiple matches found", "PreferredDDA", "CO2", "[M-H]-1", "57615059.4685053", " 42061140.8404923", " 41559756.9735489", " 27065475.0273237", " 29972289.9668864", "48.0967105376637", " 30.0660831289989", " 67.8052011031945", " 107.679194884441", " 34.3872266041306", "1.386", " 0.651", " 0.721", " 1.554", " 1.107", "0.47", " -0.62", " -0.47", " 0.64", " 0.15", "0.968144898760269", " 0.999962460619717", " 0.993328199681704", " 0.998392667173963", " 0.990483798250267", "0.999999999946231", " 1", " 1", " 0.999999999996915", " 1", "6.7", "4.3", " 2.8", " 6.6", " 3.6", " 4.7", " 5.1", " ", " 6.2", " ", " ", " ", " 6.7", " ", " ", " 6.0", " 4.8", " 3.6", " 5.8", " 3.9", " 5.1", " 5.8", " 6.2", " 3.6", " 4.7", " 5.1", " ", " ", " ", " 4.7", " ", " 3.2", " 3.6", " 5.6", " ", " ", " 6.0", " ", " ", " 6.3", " 4.8"
"42", "", "False", "Alepric acid", "C14 H24 O2", "Full match", " No results", " No results", " Partial match", " Full match", "-0.85", "224.17744", "223.17016", "6.202", "136829775.320761", "48", "0", "0", "", "", "", "No matches found", " No matches found", " No matches found", " No matches found", " No matches found", "", "Multiple matches found", "PreferredDDA", "", "[M-H]-1", "6287551.34080408", " 46071771.2319478", " 6550468.37090337", " 92682610.0287283", " 42284580.6186292", "89.0777990266391", " 57.0533222754162", " 44.9903161001069", " 46.7908586461548", " 50.2742028565227", "0.960", " 14.149", " 6.455", " 0.497", " 0.456", "-0.06", " 3.82", " 2.69", " -1.01", " -1.13", "0.989118223780922", " 6.93296287046508E-09", " 1.23041489918929E-06", " 0.257042823359505", " 0.401921940953472", "0.999999999946231", " 1.26411023004813E-06", " 5.91717710610123E-05", " 0.999999999996915", " 1", "7.0", "5.6", " 5.6", " 5.6", " 5.2", " 5.6", " 5.8", " 5.8", " 3.3", " 6.6", " 6.6", " 6.6", " 6.6", " 7.0", " 6.2", " 6.2", " 6.2", " 5.4", " 6.2", " 6.7", " 5.4", " 6.0", " 5.6", " 6.0", " 6.4", " 6.6", " 7.0", " 7.0", " 6.6", " 6.6", " 6.6", " 6.6", " 7.0", " 7.0", " 6.6", " 6.6", " 6.6", " 7.0", " 6.2", " 6.6", " 7.0"
"39", "", "False", "", "C24 H36 N4 O2", "Full match", " No results", " No results", " No results", " No results", "-1.85", "412.28306", "411.27579", "6.563", "135324876.567928", "0", "0", "0", "", "", "", "No matches found", " No matches found", " No matches found", " No matches found", " No matches found", "", "No matches found", "PreferredDDA", "", "[M-H]-1", "1335663.72240978", " 68430371.8511381", " 4647062.09745198", " 8077132.7096242", " 1494751.69063598", "74.8614870326545", " 138.247262523303", " 98.7353962443891", " 81.9741458334257", " 108.369933439724", "0.287", " 1.738", " 0.322", " 8.472", " 0.185", "-1.80", " 0.80", " -1.64", " 3.08", " -2.43", "0.780732235568484", " 0.896331182962538", " 0.873284741269073", " 0.870125235406022", " 0.316409653447203", "0.999999999946231", " 1", " 1", " 0.999999999996915", " 1", "5.5", "0.6", " ", " 0.8", " 2.1", " 5.2", " 4.5", " 1.7", " ", " ", " ", " 5.1", " 1.4", " ", " ", " ", " ", " 0.2", " 4.7", " 3.6", " ", " 0.6", " ", " 5.2", " 1.5", " 1.0", " 1.7", " 4.7", " 3.3", " 1.4", " 5.5", " 4.3", " 3.9", " 2.7", " 0.2", " 2.5", " 1.4", " 0.8", " ", " 1.6", " 4.1"
"40", "", "False", "(+/-)9-HODE", "C18 H32 O3", "Full match", " Full match", " No results", " Not the top hit", " Not the top hit", "1.08", "296.23547", "295.22819", "5.768", "127964521.295511", "55", "9", "0", "96.4", "9.8", "", "No matches found", " No matches found", " No matches found", " No matches found", " No matches found", "", "Multiple matches found", "PreferredDDA", "", "[M-H]-1", "20497057.5025115", " 66328320.9745037", " 44752653.0164165", " 65152586.7387534", " 48075077.1466535", "55.6267761340998", " 45.6611729021141", " 43.8716858503528", " 40.6280231729421", " 46.4685827523311", "0.458", " 1.456", " 1.074", " 1.018", " 0.738", "-1.13", " 0.54", " 0.10", " 0.03", " -0.44", "0.0207039183995554", " 0.647708587918248", " 0.995577044608596", " 0.998739170350254", " 0.873888126398554", "0.993193243249472", " 1", " 1", " 0.999999999996915", " 1", "7.0", "6.6", " 6.6", " 6.6", " 6.6", " ", " 6.6", " 6.2", " 4.6", " 5.5", " 7.0", " 3.6", " 6.6", " 6.2", " 6.6", " 6.6", " 7.0", " 5.8", " 6.2", " 6.2", " 5.8", " 6.6", " 5.5", " 5.8", " 5.8", " 6.2", " 6.6", " 6.6", " 6.6", " 6.6", " 5.8", " 6.2", " 6.6", " 6.6", " ", " 6.6", " 6.2", " 6.6", " 6.2", " 6.2", " 7.0"
"233", "", "False", "delta10-13-PhytoF", "C18 H32 O6", "Full match", " No results", " No results", " Not the top hit", " Full match", "1.31", "344.22034", "343.21306", "2.424", "126649066.349481", "130", "0", "0", "", "", "", "No matches found", " No matches found", " No matches found", " No matches found", " No matches found", "", "Multiple matches found", "PreferredDDA", "", "[M-H]-1", "41025343.2535999", " 108444910.784671", " 75209935.7629001", " 70824511.2905558", " 1417806.76227094", "78.2717730469786", " 75.4938387652021", " 33.9250192220661", " 38.0369287636859", " ", "0.545", " 0.942", " 0.019", " 1.531", " 0.020", "-0.87", " -0.09", " -5.73", " 0.61", " -5.64", "0.698130175969728", " 0.999999999989258", " ", " 0.925274980717201", " ", "0.999999999946231", " 1", " ", " 0.999999999996915", " ", "6.3", "3.9", " ", " ", " 3.2", " ", " ", " 3.6", " 3.3", " 3.6", " 3.9", " ", " 3.6", " 2.0", " 0.7", " ", " ", " ", " 5.2", " ", " 4.4", " ", " ", " 4.8", " 4.8", " 6.3", " 5.2", " 3.7", " 4.1", " 4.4", " ", " ", " 3.7", " ", " ", " ", " ", " ", " 1.4", " ", " "
"212", "", "False", "?17-6-keto prostaglandin F1a", "C20 H32 O6", "No match", " Invalid mass", " No match", " No match", " No match", "-48910.60", "350.21003", "349.20275", "2.816", "126097978.231115", "28", "10", "2", "74.7", "8.7", "10.9", "Multiple matches found", " No matches found", " No matches found", " No matches found", " No matches found", "", "Multiple matches found", "PreferredDDA", "CO2", "[M-H]-1", "10529740.3287537", " 6849685.52640499", " 20313078.1857214", " 13418664.6460315", " 8871702.27418894", "80.1867626805534", " 40.5854104872879", " 128.789827370157", " 64.5641492355071", " 96.9003509525996", "0.518", " 0.661", " 0.437", " 0.510", " 0.661", "-0.95", " -0.60", " -1.20", " -0.97", " -0.60", "0.894331624866016", " 0.951847881813467", " 0.734175886263015", " 0.544970888446894", " 0.988340132309132", "0.999999999946231", " 1", " 1", " 0.999999999996915", " 1", "5.2", "0.5", " 1.1", " 2.2", " 1.8", " 2.0", " 2.8", " 3.6", " 2.8", " 4.1", " 1.1", " 1.1", " 2.2", " 2.0", " 5.2", " 1.8", " 1.4", " 0.7", " 1.2", " 4.7", " 1.3", " 3.9", " 3.2", " 3.6", " 3.9", " 1.4", " ", " 2.2", " 3.6", " ", " 1.3", " 1.3", " 1.7", " 2.8", " 1.1", " 2.0", " ", " 2.2", " 2.0", " ", " 0.7"
"55", "", "False", "5-((3Z,6Z,9Z,12Z,15Z,18Z)-henicosa-3,6,9,12,15,18-hexaen-1-yl)resorcinol", "C27 H36 O2", "Not the top hit", " No results", " No results", " Full match", " Full match", "-3.81", "392.27003", "391.26276", "7.677", "117188121.42562", "1", "0", "0", "", "", "", "No matches found", " No matches found", " No matches found", " No matches found", " No matches found", "", "Single match found", "PreferredDDA", "", "[M-H]-1", "16625310.9203548", " 8807376.59138614", " 9366336.9177721", " 29335098.3647955", " 4520102.21500416", "71.8929583351999", " 73.4662763658301", " 120.184980901657", " 64.484630686431", " 98.0253399772868", "1.775", " 3.132", " 0.483", " 0.300", " 0.154", "0.83", " 1.65", " -1.05", " -1.74", " -2.70", "0.999540140822003", " 0.988438681559079", " 0.286751546482911", " 0.727767047537875", " 0.145487334297513", "0.999999999946231", " 1", " 1", " 0.999999999996915", " 1", "6.2", "2.8", " 3.2", " 2.0", " 2.0", " 5.5", " ", " 2.4", " ", " 2.6", " 2.4", " ", " 3.0", " ", " 1.4", " 2.6", " 2.0", " 4.5", " 2.4", " 2.8", " 3.9", " 1.8", " 5.6", " 0.9", " ", " 2.6", " ", " 2.4", " ", " 6.2", " 2.8", " 3.6", " 3.6", " 3.0", " 0.5", " 3.7", " 2.7", " ", " ", " 2.6", " 5.5"
"30", "", "False", "", "C41 H68 O6", "Full match", " No results", " No results", " No results", " No results", "1.95", "656.50287", "655.49559", "7.101", "116831028.583195", "0", "0", "0", "", "", "", "No matches found", " No matches found", " No matches found", " No matches found", " No matches found", "", "No matches found", "PreferredDDA", "", "[M-H]-1", "1697958.50844148", " 2458428.42739982", " 5446186.95178308", " 10659583.1400994", " 2463192.2377223", "94.2749848041625", " 213.933705592836", " 96.1474502598003", " 86.7665146506146", " 113.739572252664", "0.312", " 1.957", " 0.452", " 0.231", " 0.231", "-1.68", " 0.97", " -1.14", " -2.12", " -2.11", "0.957920078939012", " 0.722070825195727", " 0.989431698337067", " 0.859159215527703", " 0.338385240986187", "0.999999999946231", " 1", " 1", " 0.999999999996915", " 1", "7.0", "", " ", " 2.3", " 1.4", " 3.0", " ", " 1.7", " ", " 3.3", " 5.2", " 2.8", " 2.5", " 3.9", " ", " ", " 4.0", " ", " 4.8", " 3.6", " ", " 2.0", " ", " 3.3", " 2.3", " 3.1", " 2.9", " 7.0", " 5.1", " 4.1", " 4.7", " 3.2", " 4.3", " 3.5", " ", " 1.4", " 1.5", " 3.3", " 2.7", " 1.1", " 3.9"
"53", "", "False", "LPC 22:6", "C30 H50 N O7 P", "No match", " No results", " Invalid mass", " No results", " No results", "105797.10", "627.35462", "626.34734", "5.229", "115368260.956698", "0", "0", "1", "", "", "66.7", "No matches found", " No matches found", " No matches found", " Single match found", " No matches found", "", "No matches found", "PreferredDDA", "", "[M-H]-1", "9819897.11275864", " 9860662.28025378", " 10702626.8177709", " 8685198.00615194", " 6730637.53888419", "26.1754044530606", " 165.451633164948", " 32.388007963266", " 34.4116201332908", " 31.9040853679973", "0.918", " 0.812", " 0.629", " 1.135", " 0.775", "-0.12", " -0.30", " -0.67", " 0.18", " -0.37", "0.918740631005628", " 0.962255653177642", " 0.130284111159816", " 0.838744849275195", " 0.408434912850224", "0.999999999946231", " 1", " 0.728846342220831", " 0.999999999996915", " 1", "7.6", "5.9", " 7.0", " 7.2", " 7.4", " 6.8", " 7.6", " 7.6", " 6.6", " 6.7", " 6.0", " 3.6", " 6.2", " 5.8", " 6.6", " 5.6", " 4.8", " 5.4", " 5.2", " 6.3", " 6.0", " 5.4", " 6.0", " 6.9", " 6.3", " 6.7", " 6.5", " 5.4", " 5.0", " 6.3", " 6.9", " 5.6", " 6.1", " 6.5", " 6.5", " 5.7", " 6.5", " 5.4", " 5.2", " 6.5", " 5.7"
"52", "", "False", "LMST04010145", "C24 H38 O5", "Not the top hit", " No results", " No results", " Not the top hit", " Full match", "1.16", "406.27240", "465.28629", "3.899", "114499447.565334", "43", "0", "0", "", "", "", "No matches found", " No matches found", " No matches found", " No matches found", " No matches found", "", "Multiple matches found", "PreferredDDA", "", "[M-H+HAc]-1", "34543294.6118573", " 53431383.019198", " 44002591.5418439", " 62161990.9896745", " 48788592.76463", "76.1565809308262", " 47.3558847561192", " 62.9920459330859", " 40.6385371107237", " 55.7188405345775", "0.785", " 1.413", " 1.109", " 0.860", " 0.785", "-0.35", " 0.50", " 0.15", " -0.22", " -0.35", "0.90904061059441", " 0.947124096050164", " 0.954951099279326", " 0.990492126237258", " 0.610334838249348", "0.999999999946231", " 1", " 1", " 0.999999999996915", " 1", "6.6", "6.2", " 5.8", " 6.2", " 6.2", " 6.2", " 6.6", " 6.2", " 6.0", " 5.8", " 4.3", " 5.1", " 5.1", " 5.8", " 6.2", " 5.1", " 6.2", " 5.1", " 4.7", " 5.1", " 5.8", " 6.6", " 6.2", " 6.6", " 5.1", " 6.2", " 6.2", " 5.5", " 6.2", " 5.8", " 6.2", " 4.7", " 5.5", " 5.8", " 6.2", " 5.5", " 4.2", " 3.9", " 5.8", " 6.2", " 4.7"
"164", "", "False", "", "C7 H3 N6 O P", "Full match", " No results", " No results", " No results", " No results", "-2.44", "218.01006", "217.00279", "10.945", "110984274.375337", "0", "0", "0", "", "", "", "No matches found", " No matches found", " No matches found", " No matches found", " No matches found", "", "No matches found", "PreferredDDA", "", "[M-H]-1", "91048148.5902038", " 99822745.2169828", " 90580637.6966147", " 97608232.500764", " 95276311.942455", "4.23526779455291", " 6.95739918405093", " 3.74291996505406", " 7.75392793525448", " 4.82928140128474", "1.005", " 1.078", " 1.052", " 1.023", " 0.976", "0.01", " 0.11", " 0.07", " 0.03", " -0.03", "0.999999991421646", " 0.10277512803477", " 0.183128123379047", " 0.999978274790252", " 0.998345884781423", "0.999999999946231", " 0.702724937937738", " 0.896988678402924", " 0.999999999996915", " 1", "8.1", "7.0", " 6.6", " 7.0", " 6.6", " 7.0", " 6.2", " 6.2", " 6.6", " 6.1", " 6.8", " 5.3", " 7.2", " 6.5", " 6.8", " 7.2", " 6.5", " 7.0", " 7.7", " 8.1", " 7.3", " 7.0", " 7.0", " 7.0", " 6.6", " 7.2", " 6.5", " 6.5", " 6.8", " 6.1", " 6.5", " 6.5", " 6.5", " 6.6", " 7.0", " 6.2", " 7.7", " 6.6", " 7.7", " 6.2", " 7.7"
"77", "", "False", "Stercobilin", "C33 H46 N4 O6", "Full match", " Full match", " No results", " No match", " No results", "1.45", "594.34260", "593.33528", "4.159", "104587221.475572", "1", "1", "0", "60.6", "8.0", "", "No matches found", " No matches found", " No matches found", " No matches found", " No matches found", "", "No matches found", "PreferredDDA", "", "[M-H]-1", "4953041.68879204", " 48857344.9462778", " 4490279.42891286", " 22381112.3617197", " 19933606.5519056", "77.8897893161476", " 66.8427473404899", " 134.389631550588", " 120.055282604864", " 35.265970641831", "1.103", " 4.984", " 4.439", " 2.183", " 0.891", "0.14", " 2.32", " 2.15", " 1.13", " -0.17", "0.985918824427057", " 0.723260856209348", " 0.605848199168225", " 0.931261786342712", " 0.992500512449277", "0.999999999946231", " 1", " 1", " 0.999999999996915", " 1", "6.3", "1.6", " 4.5", " ", " ", " 2.2", " 4.7", " 4.3", " ", " 5.8", " 2.3", " ", " ", " 5.1", " ", " ", " 4.7", " 2.7", " ", " 4.7", " ", " 4.8", " ", " 5.1", " 0.2", " 4.8", " ", " 4.7", " 5.8", " 3.3", " 2.3", " ", " 5.1", " ", " ", " 5.6", " ", " ", " ", " 5.2", " 6.3"
"45", "", "False", "11(Z),14(Z)-Eicosadienoic acid", "C20 H36 O2", "Full match", " Full match", " No results", " Not the top hit", " Full match", "1.38", "308.27196", "307.26468", "8.314", "103688814.200129", "36", "2", "0", "95.8", "9.8", "", "No matches found", " No matches found", " No matches found", " No matches found", " No matches found", "", "Multiple matches found", "PreferredDDA", "", "[M-H]-1", "34357016.6119518", " 47175372.1531652", " 27130263.9770136", " 31116153.6726688", " 20476568.0073598", "37.8723711862053", " 54.0570943672778", " 77.8093996321786", " 43.4993811216577", " 60.9147114294812", "1.266", " 1.147", " 0.755", " 1.516", " 0.658", "0.34", " 0.20", " -0.41", " 0.60", " -0.60", "0.999020474281497", " 0.998460245303394", " 0.761405378724687", " 0.576209882640666", " 0.589218001791343", "0.999999999946231", " 1", " 1", " 0.999999999996915", " 1", "7.1", "6.3", " 6.0", " 4.8", " 7.1", " 5.2", " 6.3", " 5.2", " 6.7", " 4.7", " 3.2", " 3.2", " 6.6", " 5.1", " 4.7", " 5.1", " 5.1", " 5.5", " 5.8", " 5.5", " 6.6", " 5.5", " 6.6", " 3.9", " 6.6", " 7.0", " 5.1", " 5.8", " 7.0", " 6.6", " 5.5", " 6.6", " 6.6", " 6.6", " 5.6", " 5.5", " 6.7", " 6.6", " 6.6", " 6.6", " 6.6"
"117", "", "False", "5-[2-(3-Furyl)ethyl]-8a-(hydroxymethyl)-5,6-dimethyl-3,4,4a,5,6,7,8,8a-octahydro-1-naphthalenecarboxylic acid", "C20 H28 O4", "Full match", " Full match", " No results", " Partial match", " Partial match", "1.85", "332.19937", "331.19210", "2.636", "101986473.051745", "26", "6", "0", "89.1", "9.5", "", "No matches found", " No matches found", " No matches found", " No matches found", " No matches found", "", "Multiple matches found", "PreferredDDA", "", "[M-H]-1", "16671854.9001716", " 11248609.0822396", " 26644677.3561619", " 14388882.7646653", " 19777853.1075624", "52.0841521268478", " 28.1164257687328", " 95.8351211538496", " 69.8297312470409", " 70.9970481940936", "0.626", " 0.540", " 0.742", " 0.782", " 1.375", "-0.68", " -0.89", " -0.43", " -0.36", " 0.46", "0.95347377005239", " 0.923386195555828", " 0.9880928125694", " 0.96076785762196", " 0.997283898782705", "0.999999999946231", " 1", " 1", " 0.999999999996915", " 1", "6.8", "3.7", " 5.8", " 4.7", " 5.8", " 6.2", " 5.8", " 5.8", " 5.6", " 4.9", " 5.7", " 3.4", " 5.3", " 5.7", " 4.3", " 6.8", " 6.8", " 2.6", " 2.0", " 6.2", " 5.5", " 5.8", " 6.6", " 5.8", " 6.2", " 5.6", " 4.5", " 3.6", " 3.2", " 5.1", " 5.5", " 6.2", " 5.8", " 5.8", " 4.7", " 5.5", " 3.1", " 5.5", " 5.5", " 5.5", " 4.3"
"50", "", "False", "Stearic acid", "C18 H36 O2", "Full match", " Full match", " No results", " Full match", " Full match", "1.31", "284.27190", "283.26462", "8.733", "90905144.9423758", "27", "2", "0", "97.1", "9.9", "", "No matches found", " No matches found", " No matches found", " No matches found", " No matches found", "", "Multiple matches found", "PreferredDDA", "", "[M-H]-1", "31061708.6844015", " 55686824.8031891", " 25458449.1290078", " 43974950.4417282", " 40412442.456954", "19.6225546937863", " 38.9723066639045", " 30.4208921404586", " 31.1615442933435", " 43.5893636505337", "1.220", " 1.727", " 1.587", " 1.266", " 0.919", "0.29", " 0.79", " 0.67", " 0.34", " -0.12", "0.970980044785424", " 0.18769745760826", " 0.114496859806281", " 0.340782931037102", " 0.999054964514481", "0.999999999946231", " 0.971170223680877", " 0.680548750983403", " 0.999999999996915", " 1", "7.7", "7.0", " 7.7", " 7.7", " 7.3", " 6.6", " 7.7", " 7.7", " 7.0", " 6.0", " 5.6", " 4.4", " 6.7", " 6.7", " 5.2", " 7.1", " 5.6", " 6.3", " 6.3", " 6.7", " 6.3", " 6.7", " 6.7", " 6.3", " 6.7", " 6.7", " 6.7", " 6.7", " 6.7", " 5.6", " 6.3", " 6.7", " 5.6", " 6.6", " 6.2", " 6.2", " 6.2", " 6.2", " 5.1", " 6.2", " 6.2"
"72", "", "False", "Deoxycholic acid", "C24 H40 O4", "Full match", " Full match", " Full match", " Full match", " Not the top hit", "1.34", "392.29319", "391.28594", "3.900", "90501352.8020819", "51", "2", "1", "99.9", "10.0", "0.8", "No matches found", " No matches found", " No matches found", " Single match found", " No matches found", "", "Multiple matches found", "PreferredDDA", "", "[M-H]-1", "13790102.4842845", " 59853495.8940105", " 18442240.3825531", " 50051943.5301023", " 39066026.2654644", "64.261969364055", " 32.6545941617334", " 55.6700236123049", " 59.2399652437267", " 57.869797340505", "0.748", " 2.714", " 2.118", " 1.196", " 0.781", "-0.42", " 1.44", " 1.08", " 0.26", " -0.36", "0.626271736920232", " 0.739750072902894", " 0.99638807744359", " 0.720435240891496", " 0.907986683352759", "0.999999999946231", " 1", " 1", " 0.999999999996915", " 1", "6.3", "5.5", " 5.2", " 5.8", " 5.2", " 5.8", " 5.8", " 5.5", " 4.4", " 6.3", " 4.1", " 4.4", " 6.3", " 5.6", " 6.3", " 6.0", " 6.3", " 5.5", " 5.2", " 5.8", " 5.1", " 5.8", " 5.8", " 5.8", " 3.9", " 5.6", " 5.8", " 5.5", " 5.8", " 5.5", " 5.8", " 4.7", " 5.8", " 5.8", " 5.8", " 5.5", " 2.9", " 5.8", " 5.8", " 5.8", " 5.5"
"515", "", "False", "", "C5 H5 N3 O7 S", "Full match", " No results", " No results", " No results", " No results", "2.99", "250.98557", "249.97829", "11.222", "89922081.16997", "0", "0", "0", "", "", "", "No matches found", " No matches found", " No matches found", " No matches found", " No matches found", "", "No matches found", "PreferredDDA", "", "[M-H]-1", "68719670.7419503", " 84083968.8385544", " 62868419.8120208", " 78256232.5031185", " 87508281.7967879", "3.45762932102719", " 1.71502332240558", " 0.237082039654709", " 4.02866272854738", " 1.57168000665282", "1.093", " 1.245", " 1.392", " 1.074", " 1.118", "0.13", " 0.32", " 0.48", " 0.10", " 0.16", "0.00249174479813918", " 1.4910092774878E-06", " 6.9299432858827E-10", " 0.005872326004985", " 2.68871377440139E-05", "0.446852900466294", " 6.79651728988188E-05", " 9.16484999557987E-08", " 0.44209853876293", " 0.011052311138477", "5.1", "", " ", " 4.3", " 5.1", " ", " ", " ", " 4.7", " ", " ", " ", " 5.1", " 4.3", " 4.3", " 4.7", " ", " ", " ", " ", " ", " ", " ", " 4.7", " 4.7", " 4.7", " ", " ", " ", " 5.1", " ", " 5.1", " ", " 5.1", " 4.7", " 5.1", " 5.1", " 4.7", " 4.7", " ", " 5.1"
"56", "", "False", "", "C75 H123 N2 O5 P3", "Full match", " No results", " No results", " No results", " No results", "0.18", "1224.86470", "611.42507", "3.559", "89742953.3934103", "0", "0", "0", "", "", "", "No matches found", " No matches found", " No matches found", " No matches found", " No matches found", "", "No matches found", "OtherDDA", "", "[M-2H]-2", "21214626.2660281", " 38428954.5652151", " 22205338.268963", " 77623714.5293103", " 34328837.1008886", "111.806112068775", " 48.5736123423277", " 94.3780497181713", " 50.7760613906987", " 62.7010621056688", "0.955", " 3.496", " 1.546", " 0.495", " 0.442", "-0.07", " 1.81", " 0.63", " -1.01", " -1.18", "0.924739434350941", " 0.695852601292932", " 0.977812837430621", " 0.981223632709149", " 0.955542116048048", "0.999999999946231", " 1", " 1", " 0.999999999996915", " 1", "6.6", "4.7", " 2.0", " 5.8", " 3.0", " 4.3", " 5.5", " 5.8", " ", " 5.5", " 5.1", " 4.7", " 6.2", " 5.8", " 4.7", " 5.1", " 3.9", " 3.3", " 6.6", " 6.2", " 5.6", " 5.5", " 5.6", " 5.1", " 3.6", " ", " 2.0", " 6.2", " 6.2", " 6.2", " 6.2", " 4.3", " 3.9", " 4.3", " 3.9", " 5.1", " ", " 5.8", " 5.8", " 5.5", " 6.2"
"43", "", "False", "FAHFA 18:2/18:1", "C36 H64 O4", "Full match", " No results", " Full match", " Partial match", " Partial match", "1.20", "560.48114", "559.47386", "7.701", "89243636.0810159", "1", "0", "1", "", "", "66.0", "No matches found", " No matches found", " No matches found", " Single match found", " No matches found", "", "Multiple matches found", "PreferredDDA", "Fatty_Acid_18:2", "[M-H]-1", "26341286.6237166", " 62506215.0139206", " 29374786.6002322", " 79842755.5128799", " 20787195.4714294", "139.088301101302", " 50.6781799350337", " ", " 16.6512950515128", " 38.4180985942877", "0.897", " 2.718", " 0.708", " 0.783", " 0.260", "-0.16", " 1.44", " -0.50", " -0.35", " -1.94", "", " ", " ", " 0.999672610780174", " 0.918912321907248", "", " ", " ", " 0.999999999996915", " 1", "8.5", "", " ", " ", " 1.5", " 3.9", " ", " ", " ", " ", " ", " ", " 5.1", " 3.2", " ", " ", " ", " ", " ", " ", " ", " ", " ", " 4.7", " ", " ", " ", " 5.1", " ", " ", " ", " ", " 8.5", " ", " 2.9", " 4.4", " ", " ", " ", " ", " "
"136", "", "False", "(15Z)-9,12,13-Trihydroxy-15-octadecenoic acid", "C18 H34 O5", "Full match", " Full match", " No results", " Partial match", " Partial match", "1.41", "330.24109", "329.23381", "3.671", "85549131.8347071", "28", "1", "0", "80.7", "9.0", "", "No matches found", " No matches found", " No matches found", " No matches found", " No matches found", "", "Multiple matches found", "PreferredDDA", "", "[M-H]-1", "14846276.1189622", " 33824366.0809223", " 13061023.0479361", " 44154013.6027698", " 6482013.14512996", "44.199871296725", " 61.1619772926262", " 71.9422424121983", " 28.687887610559", " 79.9260137459936", "1.137", " 3.381", " 0.496", " 0.766", " 0.147", "0.18", " 1.76", " -1.01", " -0.38", " -2.77", "0.876366829353308", " 0.0288540300155571", " 0.623504339606063", " 0.964299072514405", " 0.00575847606867896", "0.999999999946231", " 0.286966443972904", " 1", " 0.999999999996915", " 0.516617567304341", "5.3", "3.6", " ", " ", " 3.6", " 2.0", " 3.2", " 1.3", " 1.6", " 4.7", " 4.3", " ", " 3.2", " 2.4", " 1.3", " ", " 3.9", " 3.2", " 2.4", " ", " 2.8", " 3.2", " 3.6", " 2.0", " 2.8", " 5.3", " 4.2", " 4.6", " 4.2", " 3.4", " ", " ", " 4.9", " ", " 1.4", " ", " ", " ", " 3.0", " ", " 3.9"
"68", "", "False", "NP-020353", "C21 H30 O5", "Full match", " Full match", " No results", " Partial match", " Partial match", "1.89", "362.21001", "361.20273", "2.871", "85391439.4661349", "14", "3", "0", "86.8", "9.3", "", "No matches found", " No matches found", " No matches found", " No matches found", " No matches found", "", "Multiple matches found", "PreferredDDA", "", "[M-H]-1", "2971479.38479946", " 43135428.8710675", " 1560414.94413739", " 25040710.0965292", " 34113236.3747899", "59.4137096321579", " 32.9538801954527", " 81.162479331971", " 52.3404845279956", " 59.8951336181673", "1.904", " 16.047", " 21.862", " 1.723", " 1.362", "0.93", " 4.00", " 4.45", " 0.78", " 0.45", "0.418023710442858", " 9.24726661910569E-09", " 3.82354259365059E-10", " 0.304081038011178", " 0.776932916494397", "0.999999999946231", " 1.2645637101627E-06", " 6.74218010680387E-08", " 0.999999999996915", " 1", "6.7", "6.0", " 4.2", " 5.0", " 4.6", " 2.3", " 4.5", " 5.4", " 4.0", " 6.3", " 6.7", " 6.7", " 6.0", " 6.7", " 6.7", " 6.7", " 6.7", " 0.6", " 3.9", " 4.2", " 0.0", " 3.3", " 3.4", " 5.6", " 5.4", " 5.5", " 6.2", " 6.2", " 6.2", " 4.7", " 6.2", " 6.2", " 6.2", " 5.8", " 6.2", " 6.2", " 6.0", " 6.2", " 6.6", " 6.6", " 6.2"
"87", "", "False", "Colocynthenin F", "C32 H48 O10", "No match", " No results", " No results", " No match", " Full match", "4.07", "592.32716", "591.31989", "4.159", "83479147.9847906", "1", "0", "0", "", "", "", "No matches found", " No matches found", " No matches found", " No matches found", " No matches found", "", "Single match found", "PreferredDDA", "CO2", "[M-H]-1", "2454462.3877764", " 23684822.7348045", " 15237954.6518254", " ", " 6952893.98359125", "59.0955167085938", " 5.21739294381928", " ", " ", " 142.149463402049", "0.161", " 0.000", " 0.456", " Infinity", " Infinity", "-2.63", " -Infinity", " -1.13", " Infinity", " Infinity", "", " ", " ", " ", " ", "", " ", " ", " ", " ", "8.0", "1.7", " ", " 4.1", " 3.9", " 2.3", " ", " ", " ", " ", " ", " ", " ", " ", " 8.0", " 7.2", " 6.1", " ", " ", " ", " ", " ", " ", " 2.0", " ", " ", " ", " ", " ", " ", " ", " ", " ", " ", " ", " 2.6", " ", " ", " 5.1", " 1.8", " "
"54", "", "False", "4,8,12,15,19,21-tetracosahexaenoic acid", "C24 H36 O2", "Full match", " No results", " No results", " Partial match", " Full match", "1.40", "356.27203", "355.26475", "7.896", "82682031.5132438", "10", "0", "0", "", "", "", "No matches found", " No matches found", " No matches found", " No matches found", " No matches found", "", "Multiple matches found", "PreferredDDA", "CO2", "[M-H]-1", "19649363.7982056", " 19080715.6744135", " 31496505.9182073", " 21914007.3147322", " 9142387.10253626", "40.4703424004306", " 47.9778381959016", " 75.2278696244261", " 57.0268712535463", " 45.3328606882458", "0.624", " 0.696", " 0.290", " 0.871", " 0.417", "-0.68", " -0.52", " -1.78", " -0.20", " -1.26", "0.550418135162555", " 0.957976584081311", " 0.0155041620210078", " 0.990856585539695", " 0.0799675735371218", "0.999999999946231", " 1", " 0.17829786324159", " 0.999999999996915", " 1", "7.0", "2.8", " 4.3", " 6.2", " 6.2", " 5.1", " 6.2", " 5.8", " 5.8", " 4.7", " 4.3", " 5.5", " 7.0", " 5.8", " 5.5", " 5.6", " 5.5", " 6.2", " 4.7", " 3.6", " 6.4", " 5.8", " 3.7", " 4.3", " 5.8", " 6.2", " 4.3", " 2.8", " 4.7", " 5.5", " 3.2", " 6.2", " 4.7", " 5.2", " 3.5", " 5.6", " 6.0", " 5.2", " 5.5", " 3.9", " 5.1"
"38", "", "False", "3beta-(3-methyl-butanoyloxy)-villanovane-13alpha,17-diol", "C25 H42 O6", "Not the top hit", " No results", " No results", " Full match", " Full match", "1.93", "438.29899", "437.29171", "7.024", "81806605.4883608", "1", "0", "0", "", "", "", "No matches found", " No matches found", " No matches found", " No matches found", " No matches found", "", "Single match found", "PreferredDDA", "", "[M-H]-1", "2339637.74076895", " 2701321.4183484", " 3360768.89661437", " 5627073.91449753", " 2828583.44365295", "104.936284529023", " 221.389576607146", " 99.4686993162115", " 41.9884982578703", " 46.7797102148018", "0.696", " 1.674", " 0.842", " 0.480", " 0.503", "-0.52", " 0.74", " -0.25", " -1.06", " -0.99", "0.999158855844566", " 0.914571097897015", " 0.998052467088797", " 0.993906635162164", " 0.77974611141", "0.999999999946231", " 1", " 1", " 0.999999999996915", " 1", "6.6", "0.8", " 1.0", " 4.6", " 3.1", " 4.3", " 2.3", " 3.1", " ", " 2.3", " 5.2", " 4.3", " 2.3", " 5.0", " 1.2", " 5.2", " 3.5", " 2.7", " 6.6", " 6.2", " 4.2", " 1.6", " 4.8", " 3.3", " 1.4", " 3.1", " 3.9", " 4.5", " 2.0", " 3.7", " 3.0", " 5.2", " 4.5", " 5.4", " 2.7", " 2.7", " 4.8", " 0.6", " 3.1", " 3.9", " 2.6"
"51", "", "False", "4,7,10-hexadecatrienoic acid", "C16 H26 O2", "Full match", " No results", " No results", " Not the top hit", " Full match", "0.43", "250.19339", "249.18611", "6.649", "81715185.0803903", "21", "0", "0", "", "", "", "No matches found", " No matches found", " No matches found", " No matches found", " No matches found", "", "Multiple matches found", "PreferredDDA", "CO2", "[M-H]-1", "15559715.2249461", " 13767721.5602728", " 8281546.28130193", " 66741582.7937996", " 27818718.8699612", "64.8672719293662", " ", " 63.7524659104413", " 39.6833944648118", " 47.9467490550453", "1.879", " 8.059", " 3.359", " 0.206", " 0.417", "0.91", " 3.01", " 1.75", " -2.28", " -1.26", "0.918173896139087", " 2.22023410590966E-05", " 0.00734947206524628", " ", " 0.162010890802621", "0.999999999946231", " 0.000759042534957864", " 0.0996889928850072", " ", " 1", "7.5", "", " 5.5", " ", " 5.5", " 6.6", " ", " ", " 3.1", " ", " ", " ", " ", " ", " ", " 6.2", " ", " 6.7", " 5.8", " 6.6", " 5.8", " 6.7", " 6.0", " 5.5", " 6.4", " 7.1", " 7.5", " 7.5", " 7.5", " 7.5", " 7.1", " 7.1", " 7.1", " 6.6", " 7.0", " 6.6", " 7.0", " 7.0", " 6.6", " 7.0", " 7.0"
"118", "", "False", "(+/-)12(13)-DiHOME", "C18 H34 O4", "No match", " Invalid mass", " No results", " No match", " No match", "-57312.64", "296.23546", "295.22818", "6.535", "79526190.9443009", "55", "9", "0", "94.6", "9.7", "", "No matches found", " No matches found", " No matches found", " No matches found", " No matches found", "", "Multiple matches found", "PreferredDDA", "CO2", "[M-H]-1", "5407416.13522599", " 16833830.7255156", " 7240834.00122429", " 16802588.8382465", " 17211278.6494935", "30.8641523112979", " 99.4547534931482", " 40.330001991179", " 48.183230035369", " 49.8984555648977", "0.747", " 2.321", " 2.377", " 1.002", " 1.024", "-0.42", " 1.21", " 1.25", " 0.00", " 0.03", "0.67280950613982", " 0.0339477131662111", " 0.0173579267322338", " 0.999994429913728", " 0.998768880714706", "0.999999999946231", " 0.320162053481336", " 0.183646864827034", " 0.999999999996915", " 1", "7.0", "4.6", " 4.2", " 6.1", " 4.9", " 4.6", " 5.7", " 4.6", " 4.2", " 5.6", " 6.2", " 3.2", " 3.6", " 6.2", " 5.1", " 5.4", " 5.5", " 4.5", " 2.4", " 3.0", " 2.2", " 5.2", " 3.0", " 4.8", " 6.4", " 5.6", " 3.6", " 5.8", " 6.2", " 4.7", " 5.1", " 2.4", " 5.2", " 5.8", " 5.1", " 5.5", " 5.1", " 6.2", " 7.0", " 6.2", " 5.8"
"488", "", "False", "", "C11 H8 P2 S", "Full match", " No results", " No results", " No results", " No results", "2.02", "233.98267", "232.97539", "10.996", "79225765.4261427", "0", "0", "0", "", "", "", "No matches found", " No matches found", " No matches found", " No matches found", " No matches found", "", "No matches found", "PreferredDDA", "CO2", "[M-H]-1", "", " ", " 70866945.7343803", " ", " ", "", " ", " 7.45350284169694", " ", " ", "0.000", " 0.000", " 0.000", " ", " ", "-Infinity", " -Infinity", " -Infinity", " ", " ", "", " ", " ", " ", " ", "", " ", " ", " ", " ", "6.5", "", " ", " ", " ", " ", " ", " ", " ", " ", " ", " ", " ", " ", " ", " ", " ", " 6.5", " 6.5", " 5.7", " 5.7", " ", " 5.3", " ", " ", " ", " ", " ", " ", " ", " ", " ", " ", " ", " ", " ", " ", " ", " ", " ", " "
"78", "", "False", "NP-006255", "C17 H26 O4", "No match", " Invalid mass", " No results", " No match", " No match", "-61221.02", "276.17292", "275.16564", "3.516", "77712188.0312836", "8", "1", "0", "87.8", "9.4", "", "No matches found", " No matches found", " No matches found", " No matches found", " No matches found", "", "Multiple matches found", "PreferredDDA", "", "[M-H]-1", "16481219.8362038", " 10582385.3670471", " 16699174.8582335", " 7374097.65562085", " 12019954.9250645", "78.7990551737951", " 54.9664600986515", " 70.3128634355807", " 98.486580677254", " 121.0442418643", "0.987", " 0.442", " 0.720", " 1.435", " 1.630", "-0.02", " -1.18", " -0.47", " 0.52", " 0.70", "0.888684751751962", " 0.29706378022022", " 0.82896503036351", " 0.955431532376761", " 0.881485345273522", "0.999999999946231", " 1", " 1", " 0.999999999996915", " 1", "7.0", "", " 4.1", " 5.5", " 6.6", " 4.3", " 5.8", " 5.5", " 5.6", " 5.8", " 4.5", " ", " 6.2", " 5.5", " 5.8", " 3.7", " 3.7", " 6.6", " ", " 7.0", " 6.2", " 4.3", " 6.2", " 5.1", " 5.5", " 2.7", " 2.0", " 3.3", " 2.0", " ", " 4.3", " 5.1", " 6.6", " 5.1", " 5.2", " 6.2", " ", " 3.7", " 3.6", " 6.6", " 3.5"
"58", "", "False", "5-methyl-2E-tridecenoic acid", "C14 H26 O2", "Full match", " No results", " No results", " Not the top hit", " Full match", "-0.72", "226.19312", "225.18584", "6.784", "76806672.0467218", "45", "0", "0", "", "", "", "No matches found", " No matches found", " No matches found", " No matches found", " No matches found", "", "Multiple matches found", "PreferredDDA", "", "[M-H]-1", "11981878.4600857", " 40038805.8892257", " 6142050.91767073", " 55065305.8128976", " 26963194.3586751", "", " 48.9201945703227", " ", " 44.7540730709346", " 46.854067659485", "1.951", " 8.965", " 4.390", " 0.727", " 0.490", "0.96", " 3.16", " 2.13", " -0.46", " -1.03", "", " ", " ", " 0.966701723564733", " 0.284919710276118", "", " ", " ", " 0.999999999996915", " 1", "7.0", "5.5", " ", " ", " ", " ", " ", " ", " ", " 6.2", " 5.1", " 3.9", " 5.8", " 5.5", " 7.0", " 5.1", " 5.5", " ", " ", " ", " ", " ", " ", " ", " 5.2", " 5.5", " 5.8", " 6.2", " 6.6", " 5.5", " 6.2", " 5.8", " 5.5", " 6.2", " 4.7", " 5.8", " 5.1", " 5.8", " 5.8", " 5.8", " 5.5"
"94", "", "False", "LPC 20:4", "C28 H50 N O7 P", "No match", " No results", " Invalid mass", " No results", " No results", "110470.52", "603.35471", "602.34744", "5.247", "75850035.3026892", "0", "0", "5", "", "", "80.0", "No matches found", " No matches found", " No matches found", " Multiple matches found", " No matches found", "", "No matches found", "PreferredDDA", "", "[M-H]-1", "10335290.6809037", " 6880804.0049008", " 13148953.9640096", " 8098156.41395526", " 4817789.49482943", "22.4754030559291", " 161.447882410429", " 44.5442480369477", " 51.3812119468289", " 37.1655931167518", "0.786", " 0.616", " 0.366", " 0.850", " 0.595", "-0.35", " -0.70", " -1.45", " -0.24", " -0.75", "0.76855725608823", " 0.274168896050261", " 0.00234713091596728", " 0.999943382683259", " 0.276145862382104", "0.999999999946231", " 1", " 0.0365185957219615", " 0.999999999996915", " 1", "7.6", "6.6", " 6.2", " 6.8", " 6.8", " 7.6", " 7.6", " 6.8", " 7.2", " 5.2", " 4.8", " 3.9", " 6.0", " 6.4", " 4.1", " 6.0", " 6.0", " 5.6", " 6.6", " 6.2", " 5.5", " 5.2", " 6.6", " 5.5", " 4.7", " 5.8", " 5.2", " 6.4", " 4.1", " 5.8", " 4.1", " 5.5", " 6.4", " 6.3", " 5.7", " 5.4", " 6.3", " 6.9", " 6.1", " 6.9", " 6.5"
"61", "", "False", "Uridine", "C9 H12 N2 O6", "Full match", " No results", " No results", " Full match", " No results", "0.52", "244.06966", "243.06234", "0.584", "74041135.6049543", "3", "0", "0", "", "", "", "No matches found", " No matches found", " No matches found", " No matches found", " No matches found", "", "No matches found", "PreferredDDA", "", "[M-H]-1", "34745481.534456", " 4449955.69689112", " 35866889.9693604", " 6031095.03588848", " 6239571.54495008", "51.000446970529", " 125.199942435444", " 32.1138879187257", " 19.8310618149821", " 54.3554321563594", "0.969", " 0.168", " 0.174", " 0.738", " 1.035", "-0.05", " -2.57", " -2.52", " -0.44", " 0.05", "0.999359107279201", " 2.36617976554498E-05", " 6.95428593544545E-06", " 0.999903666829958", " 0.993994320722199", "0.999999999946231", " 0.000761353136325357", " 0.000245254483990043", " 0.999999999996915", " 1", "7.9", "6.6", " 6.6", " 6.6", " 6.6", " 6.6", " 6.6", " 6.2", " 6.6", " 5.0", " 5.8", " 5.8", " 6.0", " 5.8", " 6.0", " 6.1", " 5.4", " 5.6", " 7.1", " 7.1", " 6.7", " 7.1", " 6.7", " 7.1", " 7.1", " 7.5", " 7.7", " 7.9", " 7.5", " 7.1", " 7.5", " 7.1", " 7.5", " 5.6", " 6.0", " 6.4", " 4.4", " 4.2", " 4.5", " 4.8", " 6.2"
"170", "", "False", "11-keto Testosterone (CRM)", "C19 H26 O3", "No match", " Invalid mass", " No results", " No match", " No match", "152243.34", "348.19433", "347.18705", "2.540", "73699350.951186", "12", "1", "0", "85.7", "9.3", "", "No matches found", " No matches found", " No matches found", " No matches found", " No matches found", "", "Multiple matches found", "PreferredDDA", "", "[M-H]-1", "8105581.12138552", " 7243535.9653636", " 10829767.7235696", " 7653007.49466151", " 10100379.3487487", "3.87974910810695", " ", " 128.123857185474", " 80.1181273335116", " ", "0.748", " 0.707", " 0.933", " 0.946", " 1.320", "-0.42", " -0.50", " -0.10", " -0.08", " 0.40", "0.948885688414162", " 0.62401208610996", " ", " ", " ", "0.999999999946231", " 1", " ", " ", " ", "6.7", "", " ", " ", " 6.7", " ", " ", " ", " 5.2", " ", " ", " ", " 1.4", " ", " ", " ", " ", " 3.7", " ", " 5.8", " 2.4", " ", " ", " ", " 3.6", " 3.7", " 0.5", " 3.0", " 3.9", " 0.2", " 2.8", " ", " ", " ", " 1.3", " ", " ", " ", " ", " ", " "
"75", "", "False", "(±)11(12)-EET", "C20 H32 O3", "Full match", " Full match", " Full match", " Not the top hit", " Not the top hit", "1.25", "320.23555", "319.22828", "6.081", "70721916.3431351", "72", "5", "3", "73.5", "67.0", "73.8", "Multiple matches found", " No matches found", " No matches found", " No matches found", " No matches found", "", "Multiple matches found", "PreferredDDA", "CO2", "[M-H]-1", "2772964.43529973", " 20399034.8390881", " 6218588.56916238", " 11100215.2193889", " 6952153.05268666", "73.3983749306878", " 80.2760059518841", " 44.6848489281345", " 81.5817994730059", " 68.7664810837868", "0.446", " 1.785", " 1.118", " 1.838", " 0.626", "-1.17", " 0.84", " 0.16", " 0.88", " -0.68", "0.495403146408641", " 0.117812763081425", " 0.999999995459571", " 0.802979692447268", " 0.120668729357353", "0.999999999946231", " 0.749343969831855", " 1", " 0.999999999996915", " 1", "7.0", "0.8", " 1.4", " 2.6", " 3.1", " 3.9", " 5.2", " 2.6", " 1.1", " 4.5", " 6.2", " 3.9", " 5.8", " 6.2", " 7.0", " 6.6", " 5.8", " 5.1", " 5.6", " 3.9", " 2.3", " 3.3", " 1.8", " 4.8", " 1.2", " 6.2", " 6.6", " 4.1", " 6.6", " 5.8", " 5.8", " 5.6", " 4.1", " 4.8", " 3.1", " 5.6", " 1.6", " 3.3", " 2.8", " 6.6", " 4.5"
"230", "", "False", "NP-017176", "C27 H40 O5", "No match", " Invalid mass", " No results", " No match", " No match", "103545.25", "490.29144", "489.28416", "3.550", "69356429.035018", "3", "1", "0", "69.2", "8.5", "", "No matches found", " No matches found", " No matches found", " No matches found", " No matches found", "", "Single match found", "PreferredDDA", "", "[M-H]-1", "36716048.314879", " 48984809.1657013", " 39821871.3321205", " 37993434.3691462", " 40991285.3664147", "59.5713273666873", " 19.3266185190006", " 40.9329211252846", " 56.2776981307809", " 56.9825876868595", "0.922", " 0.954", " 1.029", " 1.289", " 1.079", "-0.12", " -0.07", " 0.04", " 0.37", " 0.11", "0.999970826014882", " 0.999772049930831", " 0.999989348020215", " 0.749325339990933", " 0.999095858144725", "0.999999999946231", " 1", " 1", " 0.999999999996915", " 1", "5.5", "1.7", " 3.6", " 3.2", " 3.6", " 1.7", " 1.3", " 0.9", " 1.3", " 2.8", " 2.8", " 2.4", " 5.5", " 3.9", " 2.4", " 2.8", " 3.6", " 2.4", " 2.4", " 3.6", " 0.9", " 2.0", " 3.6", " 0.9", " 2.4", " 3.0", " 2.8", " 0.9", " 0.9", " 1.3", " 0.9", " ", " 2.4", " 1.7", " 5.5", " ", " 4.8", " 2.4", " 0.9", " 1.3", " 2.4"
"37", "", "False", "", "C42 H75 N2 O3 P", "Full match", " No results", " No results", " No results", " No results", "-1.96", "686.55018", "685.54291", "7.663", "68763327.8739825", "0", "0", "0", "", "", "", "No matches found", " No matches found", " No matches found", " No matches found", " No matches found", "", "No matches found", "PreferredDDA", "", "[M-H]-1", "8446373.15684012", " 35491504.5118727", " 9743625.96696041", " 4663020.21252658", " ", "", " 132.576695439431", " 84.750681324279", " 85.9399291630538", " ", "0.867", " 0.479", " 0.000", " 7.611", " 0.000", "-0.21", " -1.06", " -Infinity", " 2.93", " -Infinity", "", " 0.918910663520552", " ", " 0.960712079938003", " ", "", " 1", " ", " 0.999999999996915", " ", "6.0", "", " ", " ", " ", " 3.7", " ", " ", " ", " ", " ", " 4.3", " ", " ", " ", " ", " 1.2", " ", " 4.5", " 2.8", " ", " ", " ", " 6.0", " ", " ", " ", " ", " ", " 1.8", " 5.8", " ", " 4.1", " ", " ", " ", " ", " ", " ", " ", " "
"92", "", "False", "LPE 20:4", "C25 H44 N O7 P", "Not the top hit", " No results", " Full match", " Not the top hit", " Partial match", "1.67", "501.28638", "500.27910", "5.219", "66582564.8178665", "6", "0", "2", "", "", "79.4", "No matches found", " No matches found", " No matches found", " Multiple matches found", " No matches found", "", "Multiple matches found", "PreferredDDA", "Fatty_Acid_20:4", "[M-H]-1", "2977470.03123293", " 3489399.79663232", " 1790461.58302837", " 3341713.52534043", " 3548108.01789039", "53.1947639789843", " 208.108894856502", " 78.3291942875339", " 46.2782424120402", " 62.5464955641996", "1.663", " 1.866", " 1.982", " 1.044", " 1.062", "0.73", " 0.90", " 0.99", " 0.06", " 0.09", "0.88832209333779", " 0.824893790382185", " 0.965820816017722", " 0.999446870560722", " 0.994393964861744", "0.999999999946231", " 1", " 1", " 0.999999999996915", " 1", "6.0", "5.4", " 5.0", " 4.8", " 3.6", " 5.0", " 4.0", " 5.2", " 5.8", " 3.6", " 5.0", " 4.3", " 3.6", " 4.6", " 5.0", " 4.8", " ", " 3.3", " 5.2", " 3.5", " 3.6", " 2.1", " ", " 5.4", " 1.5", " 5.8", " ", " 5.8", " 2.5", " 6.0", " 5.8", " ", " 6.0", " 2.3", " ", " 5.0", " ", " 6.0", " 4.8", " 2.1", " 5.2"
"64", "", "False", "ascr#26", "C21 H40 O6", "Not the top hit", " No results", " No results", " Full match", " Full match", "1.54", "388.28309", "387.27581", "6.838", "64893169.9402051", "2", "0", "0", "", "", "", "No matches found", " No matches found", " No matches found", " No matches found", " No matches found", "", "Multiple matches found", "PreferredDDA", "", "[M-H]-1", "2345123.47543561", " 1120449.76786599", " 2553429.98298711", " 4384164.89090074", " 1333056.55568192", "98.3952403873961", " 226.046617659966", " 137.605588156794", " 119.636987945265", " 138.484081936151", "0.918", " 1.717", " 0.522", " 0.256", " 0.304", "-0.12", " 0.78", " -0.94", " -1.97", " -1.72", "0.999374241338249", " 0.979951843703519", " 0.852047208887848", " 0.75833301244317", " 0.528133610386389", "0.999999999946231", " 1", " 1", " 0.999999999996915", " 1", "6.6", "4.8", " 1.4", " 5.2", " 5.0", " 6.6", " 1.7", " 2.3", " ", " 1.4", " 4.6", " 5.5", " 1.4", " 1.9", " ", " 1.9", " 3.9", " 4.5", " 5.1", " 5.2", " ", " 4.6", " 2.1", " 5.5", " 1.1", " 1.7", " 4.5", " 6.2", " 4.1", " 1.2", " 3.7", " 6.0", " 5.5", " 4.5", " 1.7", " ", " 2.3", " ", " 0.6", " 5.2", " 5.5"
"114", "", "False", "?17-6-keto prostaglandin F1a", "C20 H32 O6", "No match", " Invalid mass", " No match", " No match", " No match", "-48911.20", "350.20981", "349.20254", "3.526", "63935902.479055", "28", "9", "2", "87.5", "9.4", "4.3", "Multiple matches found", " No matches found", " No matches found", " No matches found", " No matches found", "", "Multiple matches found", "PreferredDDA", "CO2", "[M-H]-1", "10306877.252069", " 14079762.1994377", " 17632563.7863291", " 11175530.1160342", " 20773168.1335663", "68.1937254603784", " 25.8378450259273", " 88.430451306628", " 70.2707696683798", " 62.7669375013975", "0.585", " 0.634", " 1.178", " 1.260", " 1.859", "-0.77", " -0.66", " 0.24", " 0.33", " 0.89", "0.481521717317748", " 0.723680889508873", " 0.984214094298739", " 0.990686196909875", " 0.407053649880929", "0.999999999946231", " 1", " 1", " 0.999999999996915", " 1", "6.5", "3.1", " 5.8", " 3.7", " 5.6", " 5.8", " 4.3", " 4.7", " 4.8", " 6.5", " 4.9", " ", " 4.6", " 6.5", " 6.5", " 5.9", " 5.3", " 6.0", " ", " 4.3", " 5.1", " 5.1", " 6.2", " 5.5", " 5.1", " 4.8", " 3.0", " 4.1", " 3.9", " ", " 3.6", " 5.1", " 5.1", " 4.3", " 5.8", " 3.6", " ", " 3.2", " 5.8", " 4.7", " 4.5"
"261", "", "False", "", "C8 H4 Cl2 N4 O", "Full match", " No results", " No results", " No results", " No results", "2.89", "241.97692", "240.96964", "10.959", "63512615.1616699", "0", "0", "0", "", "", "", "No matches found", " No matches found", " No matches found", " No matches found", " No matches found", "", "No matches found", "PreferredDDA", "CO2", "[M-H]-1", "58621305.0617823", " 58767271.673699", " 56125343.9327901", " 58490630.3419116", " 59823242.7506259", "3.88461321441142", " 6.2845690707927", " 3.36429064289322", " 5.27755566945306", " 5.35885061496372", "1.044", " 1.042", " 1.066", " 1.005", " 1.023", "0.06", " 0.06", " 0.09", " 0.01", " 0.03", "0.419961984058205", " 0.733252077086857", " 0.0696502988829006", " 0.973517265416397", " 0.570982985140277", "0.999999999946231", " 1", " 0.46639250770955", " 0.999999999996915", " 1", "8.9", "7.7", " 7.3", " 8.9", " 8.1", " 8.1", " 8.1", " 7.7", " 8.1", " 7.2", " 7.6", " 6.1", " 7.2", " 6.8", " 7.2", " 8.0", " 6.1", " 8.5", " 7.7", " 7.7", " 7.7", " 8.1", " 7.0", " 7.3", " 7.3", " 7.6", " 7.2", " 8.0", " 7.6", " 6.8", " 7.6", " 7.2", " 6.8", " 7.2", " 6.8", " 6.5", " 7.6", " 7.2", " 8.0", " 7.2", " 7.6"
"631", "", "False", "", "C9 H4 N5 O5 P", "Full match", " No results", " No results", " No results", " No results", "4.83", "292.99642", "291.98914", "11.209", "62121964.5125215", "0", "0", "0", "", "", "", "No matches found", " No matches found", " No matches found", " No matches found", " No matches found", "", "No matches found", "PreferredDDA", "", "[M-H]-1", "47139499.6794366", " 55914492.2958706", " 38856706.8229186", " 53704823.4098078", " 58856900.6460963", "3.31944836735937", " 4.49590596881258", " 6.81161637256074", " 3.35725226198639", " 1.58135406190554", "1.213", " 1.382", " 1.515", " 1.041", " 1.096", "0.28", " 0.47", " 0.60", " 0.06", " 0.13", "1.80886632006327E-07", " 1.41342493265029E-12", " 1E-15", " 0.0102407098502578", " 3.51984431161689E-05", "9.73170080194041E-05", " 7.73143438159707E-10", " 5.29E-13", " 0.569755857123435", " 0.011052311138477", "7.0", "", " ", " 5.1", " 6.2", " ", " 4.3", " 6.6", " 6.2", " 7.0", " 6.2", " 5.1", " ", " 3.9", " 5.1", " 4.7", " ", " 6.1", " 3.4", " 3.4", " 6.1", " ", " ", " 3.8", " 3.8", " 6.2", " 4.3", " 5.1", " 6.6", " 6.6", " 6.6", " 4.7", " 5.1", " 6.2", " 6.6", " 5.1", " 4.7", " 6.2", " 4.7", " 6.6", " 5.8"
"80", "", "False", "trans-10-Heptadecenoic acid", "C17 H32 O2", "Full match", " Full match", " No results", " Not the top hit", " Not the top hit", "1.14", "268.24054", "267.23326", "7.863", "61757391.080458", "51", "2", "0", "96.8", "9.8", "", "No matches found", " No matches found", " No matches found", " No matches found", " No matches found", "", "Multiple matches found", "PreferredDDA", "", "[M-H]-1", "34585829.8670935", " 28943182.1215959", " 27052124.4424054", " 26251507.5865001", " 18650646.3222656", "32.2289686682195", " 30.4164164480564", " 54.0141944637072", " 37.9434736807878", " 38.3294121927984", "1.278", " 0.970", " 0.689", " 1.103", " 0.710", "0.35", " -0.04", " -0.54", " 0.14", " -0.49", "0.999998316810107", " 0.99997292912656", " 0.432011311777618", " 0.997731853118442", " 0.373807146530385", "0.999999999946231", " 1", " 1", " 0.999999999996915", " 1", "7.5", "5.2", " 4.8", " 5.6", " 7.1", " 6.7", " 7.5", " 6.7", " 6.0", " 5.6", " 5.6", " 2.9", " 4.8", " 6.0", " 3.7", " 6.3", " 6.0", " 5.1", " 3.9", " 1.7", " 5.8", " 6.6", " 4.7", " 5.5", " 4.3", " 4.8", " 4.8", " 5.2", " 4.4", " 6.7", " 5.6", " 5.6", " 7.5", " 6.3", " 7.1", " 4.1", " 5.6", " 7.1", " 5.2", " 5.6", " 6.3"
"79", "", "False", "ethyl 3-cyano-2-hydroxy-6-phenylisonicotinate", "C15 H12 N2 O3", "No match", " Invalid mass", " No results", " No match", " No results", "-13.65", "268.08113", "267.07386", "0.583", "61278183.4846473", "2", "1", "0", "61.3", "8.1", "", "No matches found", " No matches found", " No matches found", " No matches found", " No matches found", "", "No matches found", "PreferredDDA", "", "[M-H]-1", "26937966.9874948", " 13030012.0675617", " 23366950.336369", " 13586486.4305092", " 8213872.46090274", "54.374945371364", " 43.403538031599", " 47.7740661478088", " 30.5319517431844", " 58.6521542733678", "1.153", " 0.581", " 0.352", " 0.959", " 0.605", "0.21", " -0.78", " -1.51", " -0.06", " -0.73", "0.999976251021692", " 0.0799041948318422", " 0.00129086093564712", " 0.999999862994515", " 0.449103964450384", "0.999999999946231", " 0.582767927640236", " 0.0235470839640457", " 0.999999999996915", " 1", "7.1", "6.6", " 6.2", " 6.6", " 6.2", " 6.6", " 6.2", " 6.2", " 6.6", " 6.0", " 6.6", " 4.7", " 6.2", " 6.2", " 6.2", " 6.0", " 6.4", " 6.2", " 6.6", " 6.6", " 6.6", " 6.6", " 6.2", " 6.6", " 6.6", " 7.1", " 7.1", " 6.7", " 6.7", " 6.3", " 7.1", " 6.5", " 6.7", " 5.6", " ", " 6.0", " 5.8", " 6.4", " 6.6", " 6.2", " 6.2"
"158", "", "False", "11-keto Testosterone (CRM)", "C19 H26 O3", "No match", " Invalid mass", " No results", " No match", " No match", "152243.19", "348.19429", "347.18701", "2.724", "61015496.1552823", "12", "1", "0", "85.6", "9.3", "", "No matches found", " No matches found", " No matches found", " No matches found", " No matches found", "", "Multiple matches found", "PreferredDDA", "CO2", "[M-H]-1", "6600631.63891099", " 5609906.27600037", " 8644098.76529817", " 6628599.47663947", " 17459667.9569548", "56.2935183073352", " 85.1406019664084", " 122.001752795944", " 81.4245726838207", " 101.936018483338", "0.764", " 0.767", " 2.020", " 0.846", " 2.634", "-0.39", " -0.38", " 1.01", " -0.24", " 1.40", "0.960852537835504", " 0.820462460546682", " 0.897483280874798", " 0.987393935579156", " 0.371181464291178", "0.999999999946231", " 1", " 1", " 0.999999999996915", " 1", "5.1", "1.1", " 4.2", " ", " ", " 4.5", " 2.4", " 3.2", " 4.5", " 2.0", " 3.0", " 1.4", " ", " 2.0", " 3.0", " 2.7", " 2.6", " 4.1", " ", " 5.1", " 4.5", " 3.9", " 4.7", " 3.7", " 4.8", " 2.2", " 1.0", " 4.8", " 2.4", " ", " ", " 2.6", " 3.9", " 4.7", " ", " ", " ", " 2.0", " 2.4", " 4.1", " 3.0"
"110", "", "False", "NP-018545", "C17 H24 O4", "Full match", " Full match", " No results", " Partial match", " No results", "1.47", "292.16789", "291.16061", "3.962", "60862423.6803569", "2", "2", "0", "93.9", "81.6", "", "No matches found", " No matches found", " No matches found", " No matches found", " No matches found", "", "No matches found", "PreferredDDA", "CO2", "[M-H]-1", "8637400.67064529", " 15882191.0952652", " 16315671.2491242", " 22771120.299992", " 16652937.0029879", "50.9470139738573", " 66.4007871985166", " 28.7765965171282", " 91.2387894472741", " 36.3135685406119", "0.529", " 1.396", " 1.021", " 0.697", " 0.731", "-0.92", " 0.48", " 0.03", " -0.52", " -0.45", "0.224268127407209", " 0.991793042685869", " 0.999742558520825", " 0.999801222759083", " 0.99883492510375", "0.999999999946231", " 1", " 1", " 0.999999999996915", " 1", "8.0", "5.6", " 5.8", " 5.8", " 5.8", " 5.2", " 6.2", " 6.2", " 4.6", " 6.0", " 4.7", " ", " 6.2", " 6.6", " 6.2", " 6.2", " 6.0", " 8.0", " ", " 6.8", " 6.8", " 6.8", " 6.8", " 6.8", " 8.0", " 2.9", " 5.6", " 4.7", " ", " ", " 6.6", " 6.6", " 5.5", " 6.3", " 6.3", " 6.0", " ", " 5.7", " 6.7", " 6.3", " 6.7"
"119", "", "False", "Colocynthenin F", "C32 H48 O10", "No match", " No results", " No results", " No match", " Full match", "3.69", "592.32693", "591.31966", "0.637", "60850708.5681604", "1", "0", "0", "", "", "", "No matches found", " No matches found", " No matches found", " No matches found", " No matches found", "", "Single match found", "PreferredDDA", "CO2", "[M-H]-1", "1260214.87171721", " 8897459.37106246", " 2205243.38027847", " 12158063.6147239", " 13947164.3807394", "61.8469239377163", " 45.8090610499982", " 74.379755775527", " 81.9171151297358", " 92.2271268549839", "0.571", " 5.513", " 6.325", " 0.732", " 1.147", "-0.81", " 2.46", " 2.66", " -0.45", " 0.20", "0.263078417378749", " 0.0379730836017649", " 0.00418237431097968", " 0.999985295792903", " 0.766092833365735", "0.999999999946231", " 0.346187945502757", " 0.0597966489326553", " 0.999999999996915", " 1", "7.0", "3.6", " 5.2", " ", " 1.9", " 1.5", " 2.5", " 4.2", " 1.9", " 4.8", " 5.8", " ", " 6.4", " 6.2", " 5.6", " ", " 5.6", " 3.5", " ", " 2.7", " ", " 3.3", " 1.7", " 3.7", " 6.0", " 4.2", " 5.2", " 5.6", " 4.1", " 5.8", " 6.2", " 6.2", " 6.6", " 5.6", " ", " 5.2", " ", " 6.6", " 6.6", " 7.0", " 6.2"
"133", "", "False", "", "C33 H69 N4 O3 P", "Full match", " No results", " No results", " No results", " No results", "-3.09", "600.50887", "599.50160", "9.113", "59050330.6722749", "0", "0", "0", "", "", "", "No matches found", " No matches found", " No matches found", " No matches found", " No matches found", "", "No matches found", "PreferredDDA", "", "[M-H]-1", "7978704.23727742", " 15605447.6199206", " 5261032.95149579", " 11778273.6487333", " 5794206.51696539", "57.4247660235222", " 90.237041144284", " 61.3150827643791", " 94.5940042816208", " 99.0330232120834", "1.517", " 2.239", " 1.101", " 1.325", " 0.492", "0.60", " 1.16", " 0.14", " 0.41", " -1.02", "0.946120365080113", " 0.73716402687728", " 0.869956704333406", " 0.725834886221751", " 0.998740308179674", "0.999999999946231", " 1", " 1", " 0.999999999996915", " 1", "5.8", "2.5", " 3.7", " 3.2", " 3.9", " 3.1", " 4.1", " 3.0", " 3.3", " 2.6", " 4.1", " 3.2", " 4.7", " 4.1", " 3.9", " 3.2", " 3.2", " ", " 3.7", " 4.5", " 3.3", " 1.0", " 3.7", " 1.4", " 5.1", " 2.5", " 3.9", " 3.5", " 2.8", " 3.9", " 4.7", " 3.2", " 3.1", " 4.8", " 3.7", " 2.3", " 2.6", " 2.0", " 3.0", " 4.7", " 5.8"
"141", "", "False", "10-Nitrolinoleate", "C18 H31 N O4", "Full match", " Full match", " No results", " Not the top hit", " Partial match", "1.39", "325.22576", "324.21847", "6.828", "57624479.0686904", "10", "1", "0", "82.3", "9.1", "", "No matches found", " No matches found", " No matches found", " No matches found", " No matches found", "", "Multiple matches found", "PreferredDDA", "", "[M-H]-1", "", " 7633172.90041215", " ", " ", " 21202649.4641541", "", " ", " ", " ", " 85.4644019560669", "", " ", " Infinity", " Infinity", " Infinity", "", " ", " Infinity", " Infinity", " Infinity", "", " ", " ", " ", " ", "", " ", " ", " ", " ", "6.2", "", " ", " ", " ", " ", " ", " ", " ", " ", " ", " 1.1", " ", " ", " ", " ", " ", " ", " ", " ", " ", " ", " ", " ", " ", " ", " ", " ", " ", " ", " ", " ", " ", " 4.3", " 3.9", " 4.7", " 1.1", " 4.7", " 3.9", " 6.2", " 5.0"
"90", "", "False", "LPE 22:6", "C27 H44 N O7 P", "Not the top hit", " No results", " Full match", " Partial match", " Partial match", "1.41", "525.28628", "524.27900", "5.197", "57481388.8405025", "2", "0", "1", "", "", "53.7", "No matches found", " No matches found", " No matches found", " Single match found", " No matches found", "", "Multiple matches found", "PreferredDDA", "Fatty_Acid_22:6", "[M-H]-1", "2200625.19105585", " 4456470.17890303", " 1261472.6562765", " 2758387.226798", " 2622575.66064207", "52.0784123119396", " 193.681987729151", " 105.910452863588", " 64.7925320598143", " 69.6453801374338", "1.744", " 2.187", " 2.079", " 1.616", " 0.951", "0.80", " 1.13", " 1.06", " 0.69", " -0.07", "0.977553458307947", " 0.638706235444811", " 0.92581958285335", " 0.992290419278862", " 0.976702345394279", "0.999999999946231", " 1", " 1", " 0.999999999996915", " 1", "5.6", "4.6", " 4.2", " 4.6", " 3.0", " 4.6", " 1.9", " 4.6", " 5.5", " 3.4", " 5.6", " 4.7", " 3.6", " 4.5", " 5.6", " 2.1", " ", " 2.3", " 4.8", " 3.5", " 2.9", " 2.7", " ", " 3.3", " ", " 3.1", " ", " 4.6", " 2.9", " 5.6", " 5.0", " ", " 4.5", " 1.1", " ", " 5.4", " ", " 5.4", " 3.7", " 4.0", " 3.3"
"130", "", "False", "Pantheric Acid C", "C11 H18 O4", "Full match", " No results", " No results", " Full match", " Full match", "-1.48", "214.12019", "213.11291", "2.502", "56723293.201397", "1", "0", "0", "", "", "", "No matches found", " No matches found", " No matches found", " No matches found", " No matches found", "", "Single match found", "PreferredDDA", "CO2", "[M-H]-1", "3795446.70989425", " 3610245.3323559", " 2276564.78918615", " 3302575.34533455", " 4219421.38397017", "6.31150458364181", " 147.614184508911", " 18.5652775454285", " 25.8920034843691", " 69.5421082519402", "1.667", " 1.451", " 1.853", " 1.093", " 1.278", "0.74", " 0.54", " 0.89", " 0.13", " 0.35", "0.954061337872399", " 0.928252912896129", " 0.891602289479949", " 0.598926678678567", " 0.999955835320616", "0.999999999946231", " 1", " 1", " 0.999999999996915", " 1", "5.8", "", " ", " ", " ", " ", " 4.5", " 4.9", " ", " ", " ", " 5.8", " 2.3", " 2.3", " ", " ", " ", " 3.5", " ", " ", " 3.1", " ", " 3.9", " ", " 3.9", " 3.4", " 4.5", " ", " 4.3", " 3.0", " 3.4", " ", " ", " ", " 5.2", " ", " 2.1", " 3.7", " 3.0", " 2.3", " "
"120", "", "False", "13,14-Dihydro-15-keto Prostaglandin J2", "C20 H30 O4", "No match", " Invalid mass", " No results", " No match", " No match", "-53888.08", "316.20424", "315.19696", "4.394", "56625507.8080709", "53", "10", "0", "96.5", "9.8", "", "No matches found", " No matches found", " No matches found", " No matches found", " No matches found", "", "Multiple matches found", "PreferredDDA", "", "[M-H]-1", "6897269.44896238", " 6448361.04916003", " 19646949.8712082", " 5154415.3911003", " 4050628.45736783", "76.8272268036222", " 52.3949284718025", " 76.9118967509898", " 60.1487127163824", " 53.4729931160732", "0.351", " 0.262", " 0.206", " 1.251", " 0.786", "-1.51", " -1.93", " -2.28", " 0.32", " -0.35", "0.087675989991309", " 0.0657774822612427", " 0.019961252709808", " 0.967166478022219", " 0.945867389398428", "0.999999999946231", " 0.521453373868112", " 0.207049072225263", " 0.999999999996915", " 1", "6.6", "6.0", " ", " 5.8", " 6.6", " ", " ", " 1.9", " 6.0", " ", " 4.8", " 2.2", " ", " ", " 6.2", " ", " ", " 6.2", " 5.8", " 6.2", " 5.8", " 5.8", " ", " ", " ", " ", " 5.8", " 5.6", " 3.1", " 4.8", " 5.8", " 5.2", " ", " ", " 5.6", " ", " 4.6", " 6.0", " ", " 6.4", " 4.6"
"153", "", "False", "15R-PGE2 methyl ester, 15-acetate", "C23 H36 O6", "Not the top hit", " No results", " No results", " Not the top hit", " Full match", "1.53", "408.25181", "407.24453", "2.643", "56264385.3082426", "3", "0", "0", "", "", "", "No matches found", " No matches found", " No matches found", " No matches found", " No matches found", "", "Single match found", "PreferredDDA", "", "[M-H]-1", "4131687.66293532", " 31126379.1636382", " 2195623.55499363", " 23509621.715631", " 18421267.1061908", "73.2786089196084", " 33.9141358916474", " 78.9058204815108", " 51.0050381953733", " 50.2858761736428", "1.882", " 10.707", " 8.390", " 1.324", " 0.784", "0.91", " 3.42", " 3.07", " 0.40", " -0.35", "0.863336989851608", " 3.40099169937602E-08", " 4.34933109083602E-07", " 0.999999920772261", " 0.970647652948038", "0.999999999946231", " 3.72068491911737E-06", " 2.55644016339139E-05", " 0.999999999996915", " 1", "6.7", "5.6", " 2.7", " 4.1", " 4.6", " 2.5", " 5.5", " 4.8", " 1.0", " 6.7", " 6.3", " 4.8", " 6.7", " 6.7", " 6.7", " 5.6", " 6.3", " 1.4", " 2.3", " 1.2", " 2.5", " 1.4", " 0.6", " 4.1", " 4.5", " 6.2", " 6.2", " 5.5", " 6.2", " 5.5", " 5.5", " 5.1", " 4.3", " 5.8", " 5.1", " 5.5", " 4.7", " ", " 5.1", " 3.9", " 5.1"
"635", "", "False", "", "C2 H5 N8 O P3", "Full match", " No results", " No results", " No results", " No results", "3.32", "249.98075", "248.97347", "9.615", "55984267.0715101", "0", "0", "0", "", "", "", "No matches found", " No matches found", " No matches found", " No matches found", " No matches found", "", "No matches found", "PreferredDDA", "", "[M-H]-1", "33198358.1224841", " 51078692.7196742", " 37503059.3835441", " 45764633.9941723", " 55123545.9263752", "3.64503055522845", " 6.36029582439986", " 5.52650956685692", " 3.21373460477369", " 2.19739457125614", "0.885", " 1.220", " 1.470", " 1.116", " 1.205", "-0.18", " 0.29", " 0.56", " 0.16", " 0.27", "0.142569468079376", " 0.00340846407445428", " 1.92410733103054E-05", " 0.0875908953541656", " 0.00277614819515959", "0.999999999946231", " 0.0548361720213673", " 0.000565473765619532", " 0.999999999996915", " 0.290570177760037", "5.5", "", " ", " 5.1", " ", " 4.7", " ", " ", " ", " ", " 4.2", " ", " 4.9", " 4.2", " 4.2", " 4.9", " ", " ", " ", " ", " ", " ", " 4.6", " 4.2", " ", " ", " ", " 4.7", " ", " ", " 4.7", " 5.5", " 5.1", " 5.1", " ", " ", " ", " ", " 5.1", " 5.1", " "
"83", "", "False", "", "C36 H64 N10 O", "Full match", " No results", " No results", " No results", " No results", "3.78", "652.52892", "651.52165", "10.877", "55720406.4593303", "0", "0", "0", "", "", "", "No matches found", " No matches found", " No matches found", " No matches found", " No matches found", "", "No matches found", "PreferredDDA", "", "[M-H]-1", "29528871.5962257", " 23005894.2176693", " 17513304.0619305", " 23691556.7953304", " 12877252.8982765", "52.9088653253554", " 52.5432415681118", " 61.6919111544208", " 61.0030224131847", " 55.4802762431385", "1.686", " 1.353", " 0.735", " 0.971", " 0.544", "0.75", " 0.44", " -0.44", " -0.04", " -0.88", "0.53750072235796", " 0.984352152541263", " 0.984243619586339", " 0.999993853417064", " 0.81307959045132", "0.999999999946231", " 1", " 1", " 0.999999999996915", " 1", "7.0", "6.0", " 4.7", " 5.1", " 5.8", " 4.3", " 5.8", " 4.3", " 6.2", " 5.8", " 5.1", " 7.0", " 5.8", " 6.0", " 6.2", " 6.6", " 5.5", " ", " 5.5", " 5.5", " 6.2", " 2.6", " 5.5", " 4.1", " 5.8", " 5.8", " 5.1", " 5.2", " 6.6", " 5.8", " 5.1", " 6.2", " 5.2", " 5.5", " 6.6", " 4.1", " 6.2", " 3.0", " 5.5", " 4.7", " 6.0"
"150", "", "False", "FAHFA 2:0/16:2", "C18 H30 O4", "Full match", " No results", " Full match", " Partial match", " Partial match", "1.40", "310.21484", "309.20757", "5.408", "54748708.5616456", "31", "0", "1", "", "", "8.3", "No matches found", " No matches found", " No matches found", " Single match found", " No matches found", "", "Multiple matches found", "PreferredDDA", "CO2", "[M-H]-1", "1563253.02223166", " 2122484.88147455", " 1167776.51152776", " 1479199.82806307", " 1342113.00436353", "30.7148571906979", " 211.909673699245", " 20.56567508876", " 22.6267529321486", " 42.5305408813098", "1.339", " 1.267", " 1.149", " 1.435", " 0.907", "0.42", " 0.34", " 0.20", " 0.52", " -0.14", "0.884822508534093", " 0.964603417306662", " 0.903113830822289", " 0.128666517987267", " 0.998927208452528", "0.999999999946231", " 1", " 1", " 0.999999999996915", " 1", "5.3", "1.9", " 3.0", " 3.2", " 1.9", " 2.5", " 4.5", " 2.6", " ", " 2.7", " 2.3", " 2.8", " 2.9", " 5.0", " 2.7", " 2.5", " 3.1", " 2.4", " 2.4", " 2.8", " ", " 2.4", " 2.4", " 2.0", " ", " 5.3", " 3.5", " 2.8", " 2.8", " 3.5", " 3.5", " 2.0", " 2.8", " 2.7", " 0.2", " ", " 0.6", " 0.6", " 3.6", " 2.5", " 2.5"
"97", "", "False", "ascr#30", "C23 H44 O6", "Not the top hit", " No results", " No results", " Full match", " Full match", "1.00", "416.31420", "415.30693", "7.646", "54022634.9265974", "2", "0", "0", "", "", "", "No matches found", " No matches found", " No matches found", " No matches found", " No matches found", "", "Multiple matches found", "PreferredDDA", "", "[M-H]-1", "5640925.32763426", " 54022634.9265974", " 18255765.4476615", " 22830397.0913221", " 3941750.52747753", "89.7516251187026", " ", " 75.3000309584721", " 50.6953164830199", " 67.2442398122401", "0.309", " 1.251", " 0.216", " 2.366", " 0.173", "-1.69", " 0.32", " -2.21", " 1.24", " -2.53", "0.230881353812558", " 0.998672074528691", " 0.130805057724622", " ", " 0.185830682822721", "0.999999999946231", " 1", " 0.728846342220831", " ", " 1", "6.2", "0.7", " 5.6", " ", " 5.2", " 5.1", " ", " 2.4", " 2.7", " ", " ", " 2.4", " ", " ", " ", " ", " ", " ", " 6.2", " 2.4", " ", " ", " ", " 3.6", " ", " ", " ", " ", " ", " ", " 2.8", " 3.0", " 2.0", " ", " 5.0", " ", " 2.2", " ", " ", " ", " "
"91", "", "False", "", "C22 H35 Cl N4", "Full match", " No results", " No results", " No results", " No results", "-1.73", "390.25435", "389.24707", "7.100", "52986572.8968851", "0", "0", "0", "", "", "", "No matches found", " No matches found", " No matches found", " No matches found", " No matches found", "", "No matches found", "PreferredDDA", "", "[M-H]-1", "2732877.74084962", " 2933312.91832766", " 4566239.36537192", " 15253728.7168382", " 2263840.21676308", "122.805077297968", " 155.566858003979", " 127.672575016473", " 91.8743650233789", " 81.4491105891583", "0.598", " 3.341", " 0.496", " 0.192", " 0.148", "-0.74", " 1.74", " -1.01", " -2.38", " -2.75", "0.998092245566353", " 0.629185363390645", " 0.89335627162283", " 0.504099143719484", " 0.179232408445633", "0.999999999946231", " 1", " 1", " 0.999999999996915", " 1", "5.8", "1.2", " ", " 2.2", " 1.7", " 2.8", " 1.2", " 0.8", " ", " 1.4", " 4.1", " 2.4", " 2.3", " 3.1", " 1.6", " ", " 1.0", " 1.1", " 5.8", " 5.8", " 2.7", " 2.2", " 2.7", " 2.4", " 0.2", " 2.0", " 1.4", " 3.2", " 3.2", " ", " 2.0", " 1.7", " 3.9", " 3.5", " 2.5", " 2.0", " 5.2", " 1.7", " 3.7", " 5.0", " 3.3"
"100", "", "False", "7,11-Dimethyl-3-methylene-1,6E,10-dodecatriene", "C15 H24", "Full match", " No results", " No results", " Not the top hit", " Full match", "0.65", "204.18793", "249.18615", "6.653", "52051198.7491172", "140", "0", "0", "", "", "", "No matches found", " No matches found", " No matches found", " No matches found", " No matches found", "", "Multiple matches found", "PreferredDDA", "", "[M+FA-H]-1", "25166423.4087437", " 41873140.2715249", " ", " ", " ", "9.54373206606236", " 35.0202357857495", " ", " ", " ", "Infinity", " ", " ", " Infinity", " ", "Infinity", " ", " ", " Infinity", " ", "", " ", " ", " ", " ", "", " ", " ", " ", " ", "9.5", "7.2", " ", " 7.2", " ", " ", " 9.5", " 9.1", " ", " 7.1", " 7.1", " ", " 6.7", " 6.7", " 6.7", " ", " 7.1", " ", " ", " ", " ", " ", " ", " ", " ", " ", " ", " ", " ", " ", " ", " ", " ", " ", " ", " ", " ", " ", " ", " ", " "
"108", "", "False", "4,7,10-hexadecatrienoic acid", "C16 H26 O2", "Full match", " No results", " No results", " Not the top hit", " Full match", "0.47", "250.19340", "249.18613", "6.437", "48171711.865554", "21", "0", "0", "", "", "", "No matches found", " No matches found", " No matches found", " No matches found", " No matches found", "", "Multiple matches found", "PreferredDDA", "CO2", "[M-H]-1", "3228255.65063008", " 8730375.67150901", " 3413114.25167564", " 26930927.0263788", " 14674306.631122", "27.709081107757", " 115.573211150649", " 74.2863270575301", " 47.6773679125855", " 43.7997644800743", "0.946", " 7.890", " 4.299", " 0.324", " 0.545", "-0.08", " 2.98", " 2.10", " -1.63", " -0.88", "0.959898921035807", " 1.2049205490583E-05", " 0.00313281548083943", " 0.00666534130202501", " 0.320271747182932", "0.999999999946231", " 0.000451738945705367", " 0.0473502682675446", " 0.44209853876293", " 1", "6.2", "2.2", " 3.1", " 4.9", " ", " 4.3", " 3.4", " 5.6", " ", " 5.6", " 5.5", " 6.2", " 5.6", " 5.1", " 5.8", " 3.6", " 3.9", " 2.7", " 5.6", " 2.8", " 2.9", " 4.6", " 4.6", " 5.2", " 4.6", " 5.8", " 6.2", " 5.8", " 6.2", " 5.8", " 5.8", " 5.8", " 6.2", " 6.0", " 5.8", " 6.0", " 6.0", " 6.2", " 5.5", " 5.8", " 5.8"
"105", "", "False", "", "C37 H60 O2 P2 S", "Full match", " No results", " No results", " No results", " No results", "-1.74", "630.37783", "629.37055", "3.595", "47685874.831824", "0", "0", "0", "", "", "", "No matches found", " No matches found", " No matches found", " No matches found", " No matches found", "", "No matches found", "PreferredDDA", "", "[M-H]-1", "4753765.49070185", " 7072118.95856846", " 6113310.84713472", " 8889135.64252981", " 5037397.07958876", "70.6801781090162", " 101.789099528005", " 55.7002080369985", " 78.523119162596", " 113.199262729906", "0.778", " 1.454", " 0.824", " 0.796", " 0.567", "-0.36", " 0.54", " -0.28", " -0.33", " -0.82", "0.625178825236878", " 0.874490094371536", " 0.999173232136458", " 0.999809238242506", " 0.771664947354085", "0.999999999946231", " 1", " 1", " 0.999999999996915", " 1", "6.4", "2.3", " 1.7", " 6.0", " 5.6", " 3.1", " 3.7", " 2.2", " 1.5", " 5.4", " 3.0", " 3.7", " 4.7", " 6.2", " 6.2", " 2.7", " 6.4", " 6.0", " 3.6", " 2.6", " 4.8", " 5.0", " 5.2", " 5.6", " 5.2", " 2.7", " 5.6", " 3.7", " 3.0", " 5.5", " 5.8", " 5.6", " 3.7", " 5.6", " 4.5", " 6.2", " 4.9", " 5.6", " 0.7", " 4.3", " "
"223", "", "False", "Cer 10:1;2O/3:0", "C13 H25 N O3", "Full match", " No results", " Full match", " No results", " No results", "0.34", "243.18353", "242.17625", "3.012", "46279218.5955135", "0", "0", "2", "", "", "5.2", "No matches found", " No matches found", " No matches found", " Multiple matches found", " No matches found", "", "No matches found", "PreferredDDA", "CO2", "[M-H]-1", "21046921.0441857", " 22647537.1958161", " 20583174.1353573", " 24594760.2202796", " 21322853.8353335", "33.3227394338484", " 35.8005500830458", " 28.3323533087299", " 29.104972568991", " 33.8401559474749", "1.023", " 1.195", " 1.036", " 0.921", " 0.867", "0.03", " 0.26", " 0.05", " -0.12", " -0.21", "0.996155327346917", " 0.769655446100577", " 0.889605514391916", " 0.999999998702634", " 0.999048947842053", "0.999999999946231", " 1", " 1", " 0.999999999996915", " 1", "6.8", "5.2", " 6.3", " 6.0", " 5.2", " 5.6", " 6.3", " 6.0", " 6.3", " 6.3", " 5.2", " 4.8", " 6.0", " 4.4", " 4.4", " 6.3", " 6.0", " 6.8", " 6.8", " 5.7", " 5.7", " 6.8", " 4.9", " 6.1", " 6.8", " 6.8", " 5.7", " 6.5", " 6.5", " 6.1", " 4.2", " 4.2", " 5.7", " 5.6", " 5.2", " 5.2", " 6.3", " 4.8", " 4.8", " 6.3", " 6.3"
"129", "", "False", "Certonardosterol L", "C27 H46 O5", "Not the top hit", " No results", " No results", " Not the top hit", " Full match", "1.41", "450.33516", "449.32789", "5.313", "44591434.3018692", "25", "0", "0", "", "", "", "No matches found", " No matches found", " No matches found", " No matches found", " No matches found", "", "Multiple matches found", "PreferredDDA", "", "[M-H]-1", "1128137.47472151", " 10136842.404124", " 806899.797542928", " 11177422.499777", " 7606604.92313756", "28.4656614815693", " 70.0213011165941", " 65.4771039200131", " 108.96091935738", " 80.7986468883727", "1.398", " 13.852", " 9.427", " 0.907", " 0.681", "0.48", " 3.79", " 3.24", " -0.14", " -0.56", "0.999960379919291", " 0.123757850693644", " 0.0895210156561579", " 0.969772686414627", " 0.999441697177512", "0.999999999946231", " 0.778109704935902", " 0.563769253358423", " 0.999999999996915", " 1", "7.0", "2.1", " 4.6", " ", " ", " 2.4", " ", " 1.6", " ", " 5.6", " 6.2", " 2.7", " 6.2", " 6.2", " 5.8", " 6.2", " 5.6", " ", " ", " 0.8", " ", " ", " ", " 3.0", " 0.0", " 0.4", " 1.4", " 5.6", " 2.7", " 6.2", " 6.6", " 6.6", " 6.2", " 5.2", " 5.2", " 5.6", " 1.9", " 7.0", " 6.2", " 6.2", " 4.8"
"142", "", "False", "LPC 16:0", "C24 H50 N O7 P", "No match", " No results", " Invalid mass", " No match", " No match", "121174.97", "555.35439", "554.34711", "5.658", "44144645.7805786", "1", "0", "17", "", "", "86.0", "No matches found", " No matches found", " No matches found", " Multiple matches found", " No matches found", "", "Multiple matches found", "PreferredDDA", "", "[M-H]-1", "10004391.6570382", " 7466137.34639377", " 15010516.7358551", " 9886554.08824731", " 6248298.86127972", "29.710370655559", " 103.607591679463", " 50.0646529392493", " 59.7797240998581", " 49.7445122100153", "0.666", " 0.659", " 0.416", " 0.755", " 0.632", "-0.59", " -0.60", " -1.26", " -0.41", " -0.66", "0.288106966666572", " 0.265994981578227", " 0.0235048614576719", " 0.999987266024444", " 0.783002023169376", "0.999999999946231", " 1", " 0.239116763675163", " 0.999999999996915", " 1", "7.6", "6.6", " 7.0", " 7.2", " 7.6", " 7.0", " 4.7", " 7.2", " 7.2", " 5.2", " 3.7", " 3.6", " 6.6", " 5.5", " 5.2", " 5.2", " 4.8", " 6.6", " 6.2", " 5.8", " 5.1", " 6.6", " 6.6", " 5.8", " 6.2", " 6.2", " 6.0", " 5.8", " 3.7", " 5.8", " 6.0", " 5.8", " 6.0", " 4.5", " 4.8", " 5.2", " 4.5", " 6.6", " 6.6", " 4.8", " 6.2"
"140", "", "False", "Di-n-Amyl phthalate", "C18 H26 O4", "Full match", " No results", " No results", " Full match", " No results", "1.58", "306.18359", "305.17632", "4.373", "42712094.8685604", "3", "0", "0", "", "", "", "No matches found", " No matches found", " No matches found", " No matches found", " No matches found", "", "No matches found", "PreferredDDA", "CO2", "[M-H]-1", "7138929.25908242", " 9870494.67116318", " 16290863.4314753", " 4331616.48925438", " 7442787.34943934", "71.0464334931546", " 84.275421635483", " 52.5235186692038", " 119.287092567423", " 48.0319967053891", "0.438", " 0.266", " 0.457", " 2.279", " 1.718", "-1.19", " -1.91", " -1.13", " 1.19", " 0.78", "0.594872593211146", " 0.209646908286672", " 0.684984991035848", " 0.361124356609968", " 0.918469184392655", "0.999999999946231", " 1", " 1", " 0.999999999996915", " 1", "6.6", "5.2", " 5.5", " 5.2", " 4.8", " 5.6", " 6.2", " 6.2", " 3.6", " 6.0", " 5.8", " ", " 6.0", " 6.2", " 5.8", " 6.2", " 4.8", " 6.6", " ", " 5.8", " 6.2", " 6.2", " 5.6", " 6.6", " 5.6", " 4.5", " 4.2", " 6.0", " 4.8", " 4.4", " 6.6", " 6.2", " 6.2", " 5.6", " 5.2", " 6.6", " ", " 5.8", " 5.5", " 6.6", " 4.8"
"74", "", "False", "", "C36 H71 N8 O2 P", "Full match", " No results", " No results", " No results", " No results", "1.05", "678.54447", "677.53719", "10.885", "42221961.7450146", "0", "0", "0", "", "", "", "No matches found", " No matches found", " No matches found", " No matches found", " No matches found", "", "No matches found", "PreferredDDA", "", "[M-H]-1", "19462333.1200715", " 21044224.4455923", " 17974057.8047378", " 19081981.1888899", " 11950691.951276", "60.5662189330747", " 55.017438668814", " 69.9719652776278", " 63.6691278611821", " 53.3003078880272", "1.083", " 1.062", " 0.665", " 1.103", " 0.626", "0.11", " 0.09", " -0.59", " 0.14", " -0.68", "0.997775780320897", " 0.999050752883413", " 0.897218059736903", " 0.994758826343836", " 0.758656748966283", "0.999999999946231", " 1", " 1", " 0.999999999996915", " 1", "7.0", "4.8", " 4.7", " 5.8", " 6.2", " 5.4", " 5.8", " 3.7", " 6.2", " 7.0", " 5.2", " 7.0", " 5.1", " 4.1", " 5.8", " 5.1", " 5.5", " ", " 5.1", " 6.2", " 6.2", " 3.5", " 5.1", " 1.6", " 5.5", " 5.2", " 5.1", " 3.3", " 4.7", " 5.5", " 5.1", " 6.2", " 4.8", " 5.1", " 5.8", " 4.8", " 6.2", " 4.2", " 4.5", " 4.7", " 5.8"
"81", "", "False", "", "C40 H67 N2 O3 P", "Full match", " No results", " No results", " No results", " No results", "-2.58", "654.48724", "653.47996", "6.949", "41882746.2543041", "0", "0", "0", "", "", "", "No matches found", " No matches found", " No matches found", " No matches found", " No matches found", "", "No matches found", "PreferredDDA", "", "[M-H]-1", "546178.995727511", " 2178187.23783342", " 1649859.21198749", " 3978094.45958252", " 450272.413296652", "52.5446744589354", " 193.865640161499", " 69.50214354371", " 64.532978682781", " 7.89865387313127", "0.331", " 2.411", " 0.273", " 0.548", " 0.113", "-1.59", " 1.27", " -1.87", " -0.87", " -3.14", "0.927658352263061", " 0.504832393671467", " 0.6692810894179", " 0.986574247157607", " 0.057034866800861", "0.999999999946231", " 1", " 1", " 0.999999999996915", " 1", "5.1", "0.0", " ", " 0.0", " ", " 1.0", " ", " ", " ", " 1.9", " 3.9", " 5.1", " 3.6", " 3.5", " 3.3", " ", " ", " ", " 5.0", " 5.0", " ", " 0.4", " ", " 2.7", " ", " 1.1", " ", " 4.5", " 2.7", " 3.7", " 3.7", " 2.7", " 3.9", " 4.8", " 4.8", " ", " ", " 4.4", " ", " ", " "
"210", "", "False", "(15Z)-9,12,13-Trihydroxy-15-octadecenoic acid", "C18 H34 O5", "Not the top hit", " Full match", " No results", " Partial match", " Partial match", "1.43", "330.24110", "329.23382", "3.253", "41455839.0192448", "28", "1", "0", "89.9", "51.3", "", "No matches found", " No matches found", " No matches found", " No matches found", " No matches found", "", "Multiple matches found", "PreferredDDA", "", "[M-H]-1", "6697644.65753646", " 15331701.1209733", " 8082956.77912976", " 10659899.3508712", " 5894904.36080567", "64.7498544422294", " 68.7974336970342", " 57.4839651312101", " 43.6087428724165", " 74.9971168554315", "0.829", " 1.319", " 0.729", " 1.438", " 0.553", "-0.27", " 0.40", " -0.46", " 0.52", " -0.85", "0.914485456631248", " 0.96737495081651", " 0.991876008836736", " 0.803262416159368", " 0.823036062463387", "0.999999999946231", " 1", " 1", " 0.999999999996915", " 1", "6.2", "5.6", " 5.8", " 2.0", " 5.2", " 6.2", " 5.1", " 3.0", " 2.5", " 5.1", " 5.8", " 3.6", " 3.7", " 5.8", " 4.7", " 2.7", " 5.8", " 6.0", " 4.3", " 4.1", " 2.6", " 5.5", " 5.2", " 4.7", " 3.0", " ", " 5.5", " 4.7", " 5.8", " 5.2", " 3.0", " 2.2", " 4.7", " 3.0", " 3.3", " 3.0", " 5.4", " 5.2", " 4.7", " 3.7", " 5.5"
"76", "", "False", "", "C41 H72 O6", "Full match", " No results", " No results", " No results", " No results", "2.41", "660.53448", "659.52721", "7.630", "40792843.1595532", "0", "0", "0", "", "", "", "No matches found", " No matches found", " No matches found", " No matches found", " No matches found", "", "No matches found", "PreferredDDA", "", "[M-H]-1", "3839198.02144436", " 40792843.1595532", " 12898518.5976136", " 7291765.49141037", " 10066044.1719039", "", " ", " 27.6005012261829", " 47.8878376343231", " ", "0.298", " 0.565", " 0.780", " 5.594", " 1.380", "-1.75", " -0.82", " -0.36", " 2.48", " 0.47", "", " 0.520167339099696", " ", " ", " ", "", " 1", " ", " ", " ", "6.8", "2.0", " ", " ", " ", " ", " ", " ", " ", " ", " ", " 3.9", " ", " ", " ", " ", " ", " ", " 5.9", " 6.8", " ", " ", " ", " 3.8", " ", " ", " ", " 1.7", " 3.0", " ", " 3.7", " ", " 3.3", " ", " ", " ", " ", " ", " ", " ", " 3.6"
"295", "", "False", "", "C24 H45 N2 O5 P S", "Full match", " No results", " No results", " No results", " No results", "-4.79", "504.27626", "503.26899", "3.552", "40526685.7883951", "0", "0", "0", "", "", "", "No matches found", " No matches found", " No matches found", " No matches found", " No matches found", "", "No matches found", "PreferredDDA", "", "[M-H]-1", "20393021.2419742", " 22174383.0621302", " 23545055.7328945", " 23224233.4241879", " 28251894.3699528", "63.7196074009757", " 44.4575110751669", " 40.7819585632244", " 52.9202582337427", " 52.8943864323531", "0.866", " 0.986", " 1.200", " 0.955", " 1.216", "-0.21", " -0.02", " 0.26", " -0.07", " 0.28", "0.99567352714206", " 0.999984570655071", " 0.999999859042299", " 0.999998391449356", " 0.999948198873856", "0.999999999946231", " 1", " 1", " 0.999999999996915", " 1", "4.7", "3.9", " 2.0", " 3.9", " 3.3", " 1.3", " 1.7", " 0.9", " 3.1", " 2.8", " 1.3", " 0.9", " 2.4", " 4.7", " 0.8", " 1.7", " 1.3", " 3.0", " 2.0", " ", " 3.6", " 2.4", " 3.2", " 2.4", " 2.0", " 4.1", " 3.0", " 0.9", " 0.9", " 2.0", " 0.9", " 3.6", " 2.8", " 1.3", " 4.1", " 2.0", " 2.0", " 3.6", " 0.9", " 1.3", " 3.2"
"235", "", "False", "13(S)-HOTrE", "C18 H30 O3", "Full match", " Full match", " No results", " Not the top hit", " Not the top hit", "1.58", "294.21996", "293.21268", "5.333", "38891514.210092", "66", "3", "0", "95.5", "9.8", "", "No matches found", " No matches found", " No matches found", " No matches found", " No matches found", "", "Multiple matches found", "PreferredDDA", "CO2", "[M-H]-1", "2919695.69061973", " 4099319.73663154", " 5636636.34251745", " 7636537.01776846", " 5036362.44827965", "30.2814656077462", " 146.355453164384", " 30.8829110739383", " 43.9398460750759", " 43.498548773607", "0.518", " 1.355", " 0.894", " 0.537", " 0.660", "-0.95", " 0.44", " -0.16", " -0.90", " -0.60", "0.577998332658614", " 0.642149558988615", " 0.992898245643339", " 0.487449553778438", " 0.889529007552547", "0.999999999946231", " 1", " 1", " 0.999999999996915", " 1", "5.0", "2.1", " ", " ", " ", " 1.7", " 3.1", " 2.9", " ", " 1.0", " 3.7", " 3.2", " 1.2", " 1.2", " 1.8", " 0.6", " 2.6", " 4.2", " 3.8", " 3.1", " 1.7", " 3.5", " 1.9", " 5.0", " 2.7", " 3.7", " 3.0", " 3.2", " 2.8", " 2.6", " 3.0", " 3.0", " 3.3", " ", " 3.3", " 1.8", " 3.1", " 3.7", " 3.6", " 3.0", " 4.7"
"159", "", "False", "LMST04010145", "C24 H38 O5", "Full match", " No results", " No results", " Not the top hit", " Full match", "1.42", "406.27250", "405.26517", "3.718", "38854845.3716615", "43", "0", "0", "", "", "", "No matches found", " No matches found", " No matches found", " No matches found", " No matches found", "", "Multiple matches found", "PreferredDDA", "", "[M-H]-1", "1349104.01347793", " 27102986.8615193", " 8218547.46930602", " 24435583.2306667", " 28842133.7505934", "132.233079289971", " 47.4586993600504", " 60.7402636046136", " 63.5362054697787", " 44.648841796482", "0.164", " 2.973", " 3.509", " 1.109", " 1.180", "-2.61", " 1.57", " 1.81", " 0.15", " 0.24", "0.0724947644308458", " 0.762885003468424", " 0.140733722973877", " 0.887505678382016", " 0.651071572240928", "0.999999999946231", " 1", " 0.744481394531809", " 0.999999999996915", " 1", "5.5", "", " 0.6", " ", " 4.5", " ", " ", " 0.7", " 2.1", " 5.5", " 3.6", " ", " 3.6", " 1.7", " 3.9", " 3.9", " 1.4", " ", " 3.0", " 3.9", " ", " 0.7", " 5.0", " 4.2", " 4.7", " 1.7", " 2.0", " 2.8", " 5.5", " 2.8", " 3.2", " 5.1", " 3.6", " 2.4", " 3.3", " 3.9", " ", " 3.9", " 5.5", " 2.0", " 3.6"
"155", "", "False", "Deoxycholic acid", "C24 H40 O4", "Not the top hit", " Full match", " No results", " Full match", " Not the top hit", "1.60", "392.29329", "391.28599", "4.948", "38411458.2523673", "51", "2", "0", "99.9", "10.0", "", "No matches found", " No matches found", " No matches found", " No matches found", " No matches found", "", "Multiple matches found", "PreferredDDA", "", "[M-H]-1", "6755059.8872666", " 10235172.6969783", " 10978598.79348", " 14591285.7413559", " 14659713.9467362", "68.1580768819009", " 43.0423395218289", " 76.4031254838782", " 67.5764434092549", " 64.1251067354593", "0.615", " 1.329", " 1.335", " 0.701", " 1.005", "-0.70", " 0.41", " 0.42", " -0.51", " 0.01", "0.510047349741363", " 0.986584011738958", " 0.98379749325893", " 0.971083087718533", " 0.999999889492151", "0.999999999946231", " 1", " 1", " 0.999999999996915", " 1", "6.6", "5.2", " 3.7", " 4.1", " 4.8", " 5.2", " 5.5", " 6.6", " 4.0", " 5.2", " 5.5", " 3.7", " 6.2", " 5.5", " 6.2", " 5.8", " 4.8", " 5.5", " 6.6", " 6.6", " 2.3", " 3.0", " 5.1", " 4.3", " 6.6", " 2.9", " 5.0", " 6.2", " 4.1", " 5.8", " 6.2", " 6.6", " 5.5", " 6.2", " 6.4", " 6.6", " 4.9", " 5.5", " 5.8", " 5.5", " 6.0"
"539", "", "False", "", "C7 H3 N6 O P", "Full match", " No results", " No results", " No results", " No results", "-2.25", "218.01010", "217.00283", "0.238", "38232054.9269803", "0", "0", "0", "", "", "", "No matches found", " No matches found", " No matches found", " No matches found", " No matches found", "", "No matches found", "PreferredDDA", "", "[M-H]-1", "37014650.3310127", " 37871817.5186935", " 35371492.7991182", " 34673437.7861407", " 36734943.6946246", "7.72504358826387", " 4.93446388510209", " 3.25919621614648", " 9.29187560650714", " 10.8746028087989", "1.046", " 0.980", " 1.039", " 1.092", " 1.059", "0.07", " -0.03", " 0.05", " 0.13", " 0.08", "0.999931646283005", " 0.988877104546898", " 0.979223662301897", " 0.798690413853482", " 0.999999843863114", "0.999999999946231", " 1", " 1", " 0.999999999996915", " 1", "5.8", "", " 4.2", " 3.4", " 4.6", " ", " 4.2", " ", " 4.2", " 4.3", " ", " 4.7", " 5.5", " 4.7", " ", " ", " 5.8", " ", " ", " 4.7", " 4.7", " ", " 4.7", " ", " ", " ", " ", " ", " ", " 4.9", " ", " 4.6", " ", " ", " ", " ", " 3.3", " 4.1", " 4.1", " ", " "
"558", "", "False", "", "C7 H3 N6 O P", "Full match", " No results", " No results", " No results", " No results", "-2.46", "218.01006", "217.00278", "0.041", "38018597.8641112", "0", "0", "0", "", "", "", "No matches found", " No matches found", " No matches found", " No matches found", " No matches found", "", "No matches found", "PreferredDDA", "", "[M-H]-1", "", " 38018597.8641112", " ", " 33201097.957293", " 33821334.8343176", "", " ", " ", " 5.27626318575788", " 7.88252333097925", "", " Infinity", " Infinity", " 1.145", " 1.019", "", " Infinity", " Infinity", " 0.20", " 0.03", "", " ", " ", " ", " 0.96329820998207", "", " ", " ", " ", " 1", "4.2", "", " ", " ", " ", " ", " ", " ", " ", " ", " ", " ", " ", " ", " 2.0", " ", " ", " ", " ", " ", " ", " ", " ", " ", " ", " ", " ", " ", " 3.8", " ", " ", " ", " 3.8", " ", " 4.2", " ", " ", " ", " ", " ", " 4.2"
"449", "", "False", "PA(14:1(9Z)/0:0)", "C17 H33 O7 P", "Not the top hit", " No results", " No results", " Not the top hit", " Full match", "2.22", "380.19723", "379.18994", "2.878", "37120103.8034678", "3", "0", "0", "", "", "", "No matches found", " No matches found", " No matches found", " No matches found", " No matches found", "", "Multiple matches found", "PreferredDDA", "", "[M-H]-1", "8417027.69705025", " 24968331.2224933", " 19661622.2198441", " 20225700.9650847", " ", "91.4959004289099", " 79.6079464392261", " 47.6831771219596", " 27.930929576783", " ", "0.428", " 1.029", " 0.000", " 1.234", " 0.000", "-1.22", " 0.04", " -Infinity", " 0.30", " -Infinity", "0.418094989237254", " 0.988238767899639", " ", " 0.655297668100084", " ", "0.999999999946231", " 1", " ", " 0.999999999996915", " ", "4.9", "4.3", " ", " ", " 0.8", " ", " ", " 1.3", " 0.2", " 3.6", " 4.3", " ", " 3.2", " 1.1", " 0.2", " ", " ", " ", " 3.9", " ", " 2.4", " ", " ", " 4.3", " 2.0", " 4.9", " 4.6", " 3.8", " 4.6", " 4.6", " ", " ", " 4.9", " ", " ", " ", " ", " ", " ", " ", " "
"93", "", "False", "Zooxanthellactone", "C22 H30 O2", "Full match", " No results", " No results", " Not the top hit", " Full match", "1.26", "326.22499", "325.21772", "7.065", "36959924.161318", "4", "0", "0", "", "", "", "No matches found", " No matches found", " No matches found", " No matches found", " No matches found", "", "Multiple matches found", "PreferredDDA", "CO2", "[M-H]-1", "8641798.64843855", " 19125186.9355811", " 5972085.76222075", " 9789273.61517989", " 6595847.65335399", "53.7714890520061", " 47.9072236681634", " 42.1296077735948", " 45.3408555136538", " 48.0896193918747", "1.447", " 1.639", " 1.104", " 1.954", " 0.674", "0.53", " 0.71", " 0.14", " 0.97", " -0.57", "0.462565494231691", " 0.146988311261787", " 0.954620574429169", " 0.172100365588806", " 0.464743338294577", "0.999999999946231", " 0.86454415333546", " 1", " 0.999999999996915", " 1", "6.6", "6.6", " 5.5", " 6.2", " 4.5", " 3.3", " 5.6", " 3.7", " 3.6", " 5.1", " 5.5", " 4.7", " 5.6", " 6.6", " 5.5", " 6.6", " 4.3", " 6.0", " 2.6", " 6.0", " 5.4", " 6.0", " 3.9", " 6.0", " 5.4", " 6.0", " 4.1", " 6.2", " 3.9", " 4.3", " 3.2", " 4.5", " 3.0", " 4.1", " 3.5", " 4.1", " 5.8", " 5.4", " 4.7", " 4.8", " 4.7"
"168", "", "False", "Linkckoside G", "C32 H52 O10", "No match", " No results", " No results", " Full match", " Full match", "2.88", "596.35777", "595.35049", "4.201", "36648960.491047", "1", "0", "0", "", "", "", "No matches found", " No matches found", " No matches found", " No matches found", " No matches found", "", "Single match found", "PreferredDDA", "", "[M-H]-1", "1031154.60301258", " 9110867.24314907", " ", " ", " 36648960.491047", "57.9363696268747", " 16.2486797690973", " ", " ", " ", "Infinity", " ", " Infinity", " Infinity", " Infinity", "Infinity", " ", " Infinity", " Infinity", " Infinity", "", " ", " ", " ", " ", "", " ", " ", " ", " ", "6.6", "", " ", " 3.6", " 1.5", " ", " ", " ", " ", " ", " ", " ", " ", " ", " 6.6", " 5.2", " ", " ", " ", " ", " ", " ", " ", " ", " ", " ", " ", " ", " ", " ", " ", " ", " ", " ", " ", " ", " ", " ", " 5.1", " ", " "
"126", "", "False", "", "C40 H64 N4 O2", "Full match", " No results", " No results", " No results", " No results", "-0.50", "632.50261", "631.49533", "7.201", "36277829.194039", "0", "0", "0", "", "", "", "No matches found", " No matches found", " No matches found", " No matches found", " No matches found", "", "No matches found", "PreferredDDA", "", "[M-H]-1", "2054956.3478401", " 2516986.0206394", " 20037029.6110328", " 7889937.52033068", " 2655696.07631715", "117.75669069167", " 72.3560049536616", " 69.9899520776342", " 95.6949146014699", " 134.006294691575", "0.103", " 0.394", " 0.133", " 0.319", " 0.337", "-3.29", " -1.34", " -2.92", " -1.65", " -1.57", "0.191116104309068", " 0.941534369038833", " 0.41943177432598", " 0.52365850405022", " 0.791782103284633", "0.999999999946231", " 1", " 1", " 0.999999999996915", " 1", "6.6", "2.0", " ", " ", " 3.6", " 3.9", " 1.7", " 0.8", " ", " 2.1", " 4.8", " ", " ", " 1.6", " ", " ", " ", " ", " 6.6", " 3.9", " ", " 3.1", " ", " 2.8", " ", " 0.6", " ", " ", " 3.3", " 3.7", " 4.7", " ", " 0.9", " ", " ", " 1.7", " ", " 2.9", " 3.5", " ", " 3.6"
"137", "", "False", "11(Z)-Eicosenoic acid", "C20 H38 O2", "Full match", " Full match", " No results", " Partial match", " Not the top hit", "1.48", "310.28764", "309.28036", "8.788", "35921750.0691529", "39", "3", "0", "95.6", "9.8", "", "No matches found", " No matches found", " No matches found", " No matches found", " No matches found", "", "Multiple matches found", "PreferredDDA", "", "[M-H]-1", "11856318.8914154", " 17245266.5833407", " 6760558.16288996", " 10723430.1736816", " 4327666.89283161", "45.8350298001891", " 44.8609592153052", " 96.8363962756522", " 58.939506025823", " 91.4827239483646", "1.754", " 1.586", " 0.640", " 1.608", " 0.404", "0.81", " 0.67", " -0.64", " 0.69", " -1.31", "0.970255246674052", " 0.999332603188631", " 0.484132482261305", " 0.513541060982824", " 0.352141598849078", "0.999999999946231", " 1", " 1", " 0.999999999996915", " 1", "6.7", "5.5", " 4.7", " 5.8", " 6.7", " 6.6", " 6.0", " 6.2", " 5.6", " 6.0", " 5.1", " 3.9", " 5.2", " 6.6", " 6.2", " 6.2", " 6.6", " 4.8", " 5.1", " 6.2", " 5.8", " 6.0", " 5.8", " 5.5", " 4.8", " 5.2", " 5.8", " 6.6", " 6.2", " 6.7", " 4.3", " 6.0", " 5.5", " 6.7", " 5.8", " 6.0", " 5.5", " 5.0", " 5.6", " 6.4", " 5.1"
"177", "", "False", "LPC 18:1", "C26 H52 N O7 P", "No match", " No results", " Invalid mass", " No match", " No match", "115128.43", "581.37013", "580.36285", "5.739", "35851102.2423634", "1", "0", "11", "", "", "78.8", "No matches found", " No matches found", " No matches found", " Multiple matches found", " No matches found", "", "Single match found", "PreferredDDA", "", "[M-H]-1", "2764691.30750982", " 2094795.22831109", " 3256828.08868451", " 1350409.78788799", " 1709779.2849594", "27.7391330374497", " 172.704162229641", " 40.6427130888223", " 58.0772946100434", " 22.921033872315", "0.849", " 0.415", " 0.525", " 1.551", " 1.266", "-0.24", " -1.27", " -0.93", " 0.63", " 0.34", "0.938157336957845", " 0.0478305364009155", " 0.0939993476367945", " 0.0399158815214375", " 0.997996839615472", "0.999999999946231", " 0.415290530338108", " 0.583652875845708", " 0.999999999996915", " 1", "6.0", "5.8", " 5.0", " 3.0", " 3.7", " 3.7", " 3.4", " 4.5", " 6.0", " 1.4", " ", " 4.7", " 2.0", " ", " 5.2", " 2.3", " 2.7", " 4.8", " 4.6", " 4.8", " 4.6", " 2.3", " 2.6", " 2.0", " 2.0", " 4.6", " 3.3", " 4.5", " 1.5", " 2.7", " 4.8", " 2.9", " 3.6", " 2.4", " 3.1", " 2.8", " 2.8", " 2.8", " 4.3", " 2.8", " 2.4"
"169", "", "False", "Deoxycholic acid", "C24 H40 O4", "Full match", " Full match", " No results", " Full match", " Not the top hit", "1.71", "392.29333", "391.28605", "4.364", "35185932.5630438", "51", "2", "0", "99.5", "10.0", "", "No matches found", " No matches found", " No matches found", " No matches found", " No matches found", "", "Multiple matches found", "PreferredDDA", "", "[M-H]-1", "8088947.58413002", " 21188747.2480497", " 6340639.11805799", " 13598609.4070727", " 14451089.8073738", "58.1543539487993", " 30.885217282863", " 54.0100915811648", " 95.4947554756588", " 21.1286115474113", "1.276", " 2.145", " 2.279", " 1.558", " 1.063", "0.35", " 1.10", " 1.19", " 0.64", " 0.09", "0.999999746134508", " 0.987883753965516", " 0.773769757318211", " 0.107216374120273", " 0.487285657227145", "0.999999999946231", " 1", " 1", " 0.999999999996915", " 1", "7.2", "4.5", " 4.1", " 5.8", " ", " 5.2", " 5.8", " 4.3", " 3.6", " 5.6", " 6.0", " ", " 6.0", " 6.3", " 6.3", " 5.6", " 4.8", " 4.1", " 4.8", " 5.8", " ", " 5.2", " ", " ", " ", " ", " 4.1", " 5.8", " ", " 5.5", " ", " 0.4", " ", " ", " ", " 7.2", " ", " 6.1", " ", " 7.2", " 6.5"
"366", "", "False", "diginatigenin", "C23 H34 O6", "Not the top hit", " No results", " No results", " Full match", " Full match", "2.00", "406.23635", "405.22907", "2.514", "33366270.8698579", "4", "0", "0", "", "", "", "No matches found", " No matches found", " No matches found", " No matches found", " No matches found", "", "Multiple matches found", "PreferredDDA", "", "[M-H]-1", "1787198.16869899", " 19169441.5751564", " 1229343.61713472", " 14291771.6783363", " 14610740.9282991", "39.576054458004", " 40.3750577298895", " 3.46920107395473", " 46.1031853556642", " 42.7754195442916", "1.454", " 11.626", " 11.885", " 1.341", " 1.022", "0.54", " 3.54", " 3.57", " 0.42", " 0.03", "0.868837392948214", " 2.97731137410828E-07", " 2.02523839476498E-07", " 0.997813806141754", " 0.998945814884698", "0.999999999946231", " 2.03573665204654E-05", " 1.33918888853835E-05", " 0.999999999996915", " 1", "5.8", "3.0", " ", " 0.7", " 1.1", " ", " 1.7", " 2.1", " ", " 3.2", " 5.8", " 2.8", " 5.1", " 4.3", " 5.1", " 3.0", " 3.3", " ", " ", " ", " ", " ", " 3.3", " ", " 4.0", " 3.2", " 2.0", " 4.3", " 4.3", " 3.0", " 3.9", " 4.3", " 5.1", " 4.7", " 2.0", " 4.7", " 3.2", " 3.2", " 4.7", " 3.6", " 4.7"
"180", "", "False", "Certonardosterol K", "C27 H46 O6", "Full match", " No results", " No results", " Not the top hit", " Full match", "1.01", "466.32991", "465.32263", "4.401", "33359014.3575754", "24", "0", "0", "", "", "", "No matches found", " No matches found", " No matches found", " No matches found", " No matches found", "", "Multiple matches found", "PreferredDDA", "", "[M-H]-1", "", " 10709875.5749553", " 818317.948109264", " 8532285.74703319", " 3433000.57736618", "", " 79.7422217729526", " ", " 78.6815155689545", " 84.5370919111812", "0.000", " 10.427", " 4.195", " 1.255", " 0.402", "-Infinity", " 3.38", " 2.07", " 0.33", " -1.31", "", " ", " ", " 0.997413460773698", " 0.663026178506805", "", " ", " ", " 0.999999999996915", " 1", "6.4", "", " ", " ", " ", " ", " ", " ", " ", " 4.8", " 5.8", " 1.6", " 5.8", " 6.2", " 6.2", " 6.2", " 5.6", " ", " 0.4", " ", " ", " ", " ", " ", " ", " ", " ", " 6.4", " 2.1", " 4.8", " 6.2", " 5.1", " 5.6", " 3.5", " 4.2", " 3.5", " ", " 6.0", " 5.1", " 4.8", " 2.7"
"184", "", "False", "1-(3,5-Dihydroxyphenyl)-12-hydroxy-2-tridecanyl acetate", "C21 H34 O5", "Full match", " Full match", " No results", " Partial match", " Partial match", "1.15", "366.24105", "365.23377", "3.125", "33245983.3620028", "15", "1", "0", "67.2", "8.4", "", "No matches found", " No matches found", " No matches found", " No matches found", " No matches found", "", "Multiple matches found", "PreferredDDA", "", "[M-H]-1", "1657669.57601757", " 14174823.6283517", " 1042932.96808042", " 5977393.7179877", " 10577747.1186675", "32.9328079217802", " 37.7202672878922", " ", " 53.1525561062473", " 80.9265179108829", "1.589", " 5.731", " 10.142", " 2.371", " 1.770", "0.67", " 2.52", " 3.34", " 1.25", " 0.82", "", " ", " ", " 0.154393382557913", " 0.696911422835183", "", " ", " ", " 0.999999999996915", " 1", "6.1", "5.1", " 5.3", " ", " ", " ", " ", " ", " ", " 5.7", " 4.8", " 2.6", " 5.7", " 6.0", " 6.0", " 6.1", " 4.4", " ", " ", " ", " ", " ", " ", " 2.1", " ", " 3.1", " 5.0", " 3.5", " 5.2", " 3.9", " 5.2", " 5.1", " 3.0", " 5.1", " 5.2", " 5.2", " 2.1", " 5.5", " 5.5", " 5.1", " 5.5"
"229", "", "False", "(5?,9?)-17-Hydroxykaur-15-en-19-oic acid", "C20 H30 O3", "No match", " Invalid mass", " No results", " No match", " No match", "144573.39", "364.22556", "363.21829", "3.304", "32734391.7358673", "14", "1", "0", "89.9", "9.5", "", "No matches found", " No matches found", " No matches found", " No matches found", " No matches found", "", "Multiple matches found", "PreferredDDA", "", "[M-H]-1", "", " 10338794.1019456", " ", " 5746505.71619572", " 13946201.1194205", "", " 41.1275545470232", " ", " 91.467471307978", " 70.4859510782132", "", " Infinity", " Infinity", " 1.799", " 2.427", "", " Infinity", " Infinity", " 0.85", " 1.28", "", " ", " ", " 0.278420271994075", " 0.337987829741489", "", " ", " ", " 0.999999999996915", " 1", "6.4", "", " ", " ", " ", " ", " ", " ", " ", " 3.7", " 3.9", " 2.2", " 6.4", " 3.9", " 4.7", " 3.0", " 3.9", " ", " ", " ", " ", " ", " ", " ", " ", " 2.9", " 4.2", " 2.3", " 3.0", " 4.3", " 3.3", " 4.3", " 3.7", " ", " 5.5", " 4.3", " 4.4", " 5.1", " 6.2", " 5.8", " 6.4"
"204", "", "False", "16-Hydroxyhexadecanoic acid", "C16 H32 O3", "Full match", " Full match", " No results", " Full match", " Not the top hit", "1.50", "272.23555", "271.22828", "5.469", "32345452.652166", "21", "1", "0", "96.9", "9.8", "", "No matches found", " No matches found", " No matches found", " No matches found", " No matches found", "", "Multiple matches found", "PreferredDDA", "", "[M-H]-1", "12351364.3931231", " 22872206.997467", " 14103551.5262903", " 15421078.5904053", " 12512415.8672867", "29.5244134176286", " 16.7183897060663", " 31.0005522989409", " 36.9166524749547", " 23.8943907671697", "0.876", " 1.093", " 0.887", " 1.483", " 0.811", "-0.19", " 0.13", " -0.17", " 0.57", " -0.30", "0.375108506025218", " 0.900898536260435", " 0.518236430445511", " 0.0920251623368212", " 0.121898342524703", "0.999999999946231", " 1", " 1", " 0.999999999996915", " 1", "8.1", "5.1", " 5.1", " 7.2", " 4.6", " 5.3", " 6.5", " 6.8", " 3.6", " 6.6", " 7.3", " 5.1", " 8.1", " 7.0", " 7.3", " 7.0", " 7.0", " 4.8", " 6.7", " 6.7", " 4.4", " 6.0", " 6.7", " 6.7", " 5.2", " 6.3", " 6.0", " 6.3", " 6.3", " 5.6", " 6.3", " 5.6", " 6.0", " 5.7", " 5.9", " 6.8", " 6.2", " 6.1", " 6.5", " 6.5", " 6.5"
"178", "", "False", "Embelin", "C17 H26 O4", "Full match", " No results", " No results", " Full match", " Full match", "1.57", "294.18357", "293.17630", "4.776", "31922979.0126521", "4", "0", "0", "", "", "", "No matches found", " No matches found", " No matches found", " No matches found", " No matches found", "", "Single match found", "PreferredDDA", "CO2", "[M-H]-1", "3290702.03791803", " 8059615.4479782", " 4094682.00928971", " 1957872.4726368", " 13214450.7991963", "77.5805794902834", " 97.6823972990145", " 71.7889110242069", " 114.15378634524", " 50.9884513138979", "0.804", " 0.478", " 3.227", " 4.117", " 6.749", "-0.32", " -1.06", " 1.69", " 2.04", " 2.75", "0.999993111682479", " 0.999991660095542", " 0.0440875178863375", " 0.707890559633192", " 0.0527149654708826", "0.999999999946231", " 1", " 0.342974955321655", " 0.999999999996915", " 1", "6.6", "3.3", " 6.0", " 6.6", " 2.1", " 5.2", " 6.0", " 2.1", " 2.9", " 2.7", " 3.1", " 5.2", " 2.3", " 6.6", " 6.2", " 5.2", " 5.6", " 5.2", " 2.1", " 5.2", " 2.5", " 4.8", " 5.8", " 1.7", " 1.0", " 2.5", " 2.5", " 2.1", " 4.4", " 6.2", " 6.2", " 6.6", " 2.5", " 6.6", " 6.2", " 6.6", " 5.8", " 5.6", " 6.2", " 5.8", " 5.8"
"188", "", "False", "Certonardosterol K", "C27 H46 O6", "Not the top hit", " No results", " No results", " Not the top hit", " Full match", "0.75", "466.32979", "465.32251", "3.699", "31252547.7598423", "24", "0", "0", "", "", "", "No matches found", " No matches found", " No matches found", " No matches found", " No matches found", "", "Multiple matches found", "PreferredDDA", "", "[M-H]-1", "", " 5467364.90646326", " 698686.11090866", " 12187501.2443866", " 7820508.05612583", "", " 68.7362299449424", " ", " 67.3776587018983", " 56.199169642319", "0.000", " 17.443", " 11.193", " 0.449", " 0.642", "-Infinity", " 4.12", " 3.48", " -1.16", " -0.64", "", " ", " ", " 0.360198061715713", " 0.839580462969223", "", " ", " ", " 0.999999999996915", " 1", "5.8", "", " ", " ", " ", " ", " ", " ", " ", " 1.4", " 5.5", " 0.8", " 5.5", " 3.9", " ", " 1.4", " 1.6", " ", " 0.8", " ", " ", " ", " ", " ", " ", " ", " ", " 5.2", " ", " 4.1", " 4.3", " 5.8", " 4.3", " ", " 4.1", " ", " ", " 3.7", " 2.0", " ", " "
"179", "", "False", "10,11-dihydro-20-trihydroxy-leukotriene B4", "C20 H34 O7", "Not the top hit", " No results", " No results", " Not the top hit", " Full match", "1.59", "386.23107", "385.22379", "4.948", "31199901.4164383", "4", "0", "0", "", "", "", "No matches found", " No matches found", " No matches found", " No matches found", " No matches found", "", "Multiple matches found", "PreferredDDA", "", "[M-H]-1", "2264202.19596742", " 3930360.11021825", " 1939395.21160071", " 7520138.16069421", " 5728985.8568753", "101.859304057627", " 83.4042825190376", " 62.0178444929838", " 107.93178851734", " 37.3251401969304", "1.167", " 3.878", " 2.954", " 0.523", " 0.762", "0.22", " 1.96", " 1.56", " -0.94", " -0.39", "0.999929789558483", " 0.153874946142195", " 0.238148055070096", " 0.722500036719775", " 0.999803167862838", "0.999999999946231", " 0.885995742524008", " 1", " 0.999999999996915", " 1", "6.9", "4.2", " 0.8", " 4.6", " 2.5", " 3.9", " 4.6", " 6.6", " 3.5", " 4.8", " 4.8", " 3.9", " 5.2", " 4.0", " 5.8", " 2.5", " 2.5", " 2.7", " ", " 4.1", " 3.3", " 2.9", " 4.6", " 3.3", " 4.2", " 2.9", " 4.5", " 5.2", " 5.0", " 5.8", " 6.6", " 6.2", " 5.6", " 6.5", " 6.1", " 5.7", " ", " 6.5", " 6.9", " 5.5", " 5.5"
"99", "", "False", "PA(P-16:0/20:5(5Z,8Z,11Z,14Z,17Z))", "C39 H67 O7 P", "Not the top hit", " No results", " No results", " Full match", " Full match", "1.02", "678.46313", "677.45585", "7.438", "30711233.1126216", "1", "0", "0", "", "", "", "No matches found", " No matches found", " No matches found", " No matches found", " No matches found", "", "Single match found", "PreferredDDA", "", "[M-H]-1", "10853116.9810084", " 16294434.4213151", " 10661220.6539296", " 15568062.6252098", " 11916204.7627433", "43.2802258650513", " 28.0462650179048", " 74.3187186549833", " 27.5394435108666", " 32.4139091794579", "1.018", " 1.460", " 1.118", " 1.047", " 0.765", "0.03", " 0.55", " 0.16", " 0.07", " -0.39", "0.936279151973869", " 0.623530452006581", " 0.99969108777947", " 0.999630519214383", " 0.765035001551417", "0.999999999946231", " 1", " 1", " 0.999999999996915", " 1", "6.9", "0.9", " 1.3", " 5.8", " 1.8", " 2.8", " 3.3", " 3.6", " 4.8", " 4.2", " 4.6", " ", " 4.3", " 3.8", " 3.4", " 4.9", " 3.8", " 3.9", " 3.6", " 2.4", " 3.9", " 5.2", " 3.7", " 5.1", " 1.8", " 4.6", " 4.6", " 3.4", " 1.9", " 3.8", " 2.3", " 4.0", " 4.6", " 6.0", " 6.9", " 3.3", " 4.2", " 6.0", " 4.4", " ", " 2.9"
"215", "", "False", "ascr#30", "C23 H44 O6", "Not the top hit", " No results", " No results", " Full match", " Full match", "1.27", "416.31432", "415.30704", "7.799", "30359737.241224", "2", "0", "0", "", "", "", "No matches found", " No matches found", " No matches found", " No matches found", " No matches found", "", "Multiple matches found", "PreferredDDA", "", "[M-H]-1", "6078082.00638597", " 9111064.35585465", " 4227903.78631214", " 7670104.67364315", " 4238338.76836087", "62.2073574050316", " 2.22032760180341", " 100.71411138854", " 91.9449030277208", " 27.9943957116258", "1.438", " 1.814", " 1.002", " 1.188", " 0.553", "0.52", " 0.86", " 0.00", " 0.25", " -0.86", "0.993101919952413", " 0.83636213506491", " 0.923675935345878", " 0.999934355681338", " 0.384704336495467", "0.999999999946231", " 1", " 1", " 0.999999999996915", " 1", "5.3", "", " 2.6", " 3.7", " 4.8", " 3.6", " ", " ", " 3.6", " ", " ", " ", " 3.7", " ", " ", " 3.7", " 4.8", " 3.5", " 2.8", " ", " 1.4", " 4.1", " ", " 3.9", " ", " 1.1", " ", " 0.9", " 2.2", " 0.7", " ", " ", " ", " 1.7", " 3.2", " 4.9", " ", " 1.8", " 2.1", " 5.3", " "
"511", "", "False", "", "C3 H2 N2 O3 P2 S2", "Full match", " No results", " No results", " No match", " No results", "3.58", "239.89907", "238.89179", "11.863", "29896267.5216989", "1", "0", "0", "", "", "", "No matches found", " No matches found", " No matches found", " No matches found", " No matches found", "", "No matches found", "PreferredDDA", "", "[M-H]-1", "", " 26989028.7043641", " 28353547.9636313", " 26982162.5604607", " 29664273.7690305", "", " 15.2338070760865", " 1.41796617569785", " 5.60807580482974", " 0.211242540425904", "0.000", " 0.952", " 1.046", " 1.000", " 1.099", "-Infinity", " -0.07", " 0.07", " 0.00", " 0.14", "", " 0.889109697130531", " 0.925011936045019", " 0.998724832327334", " 0.533840566110864", "", " 1", " 1", " 0.999999999996915", " 1", "8.5", "", " ", " ", " ", " ", " ", " ", " ", " ", " 7.0", " ", " ", " ", " ", " 6.6", " ", " ", " 8.1", " ", " ", " 8.5", " ", " ", " ", " 7.6", " 7.6", " ", " ", " 8.0", " 7.6", " ", " ", " ", " ", " ", " ", " ", " ", " 8.5", " 8.5"
"537", "", "False", "Dodecyl sulfate", "C12 H26 O4 S", "Not the top hit", " Full match", " No results", " No results", " No results", "1.34", "266.15554", "265.14826", "9.948", "29764378.9420743", "0", "5", "0", "98.1", "9.9", "", "No matches found", " No matches found", " No matches found", " No matches found", " No matches found", "", "No matches found", "PreferredDDA", "", "[M-H]-1", "10754760.7618052", " 19644415.0944072", " 10207071.090726", " 16112393.8926398", " 18906030.119191", "7.30443722430105", " 34.4875425939761", " 12.8933869662131", " 7.49773311097499", " 5.84938264904349", "1.054", " 1.579", " 1.852", " 1.219", " 1.173", "0.08", " 0.66", " 0.89", " 0.29", " 0.23", "0.831874530629222", " 0.000234950619372509", " 1.66488878106108E-06", " 0.89191743055828", " 0.47722988712627", "0.999999999946231", " 0.00535491619986511", " 7.33938470984426E-05", " 0.999999999996915", " 1", "5.3", "4.9", " 4.9", " 4.6", " 5.3", " 4.9", " 4.9", " 4.9", " 5.3", " 2.9", " 2.9", " 3.1", " 4.1", " 2.6", " 4.1", " 2.6", " 3.7", " 3.8", " 3.8", " 4.1", " 4.4", " 4.1", " 4.4", " 4.4", " 4.4", " 4.9", " 5.3", " 5.3", " 4.6", " 5.3", " 5.3", " 4.2", " 4.9", " 4.9", " 4.9", " 4.6", " 4.9", " 4.9", " 4.9", " 4.6", " 5.3"
"187", "", "False", "(±)18-HEPE", "C20 H30 O3", "Full match", " Full match", " No results", " Not the top hit", " Not the top hit", "1.19", "318.21987", "317.21260", "5.625", "29729560.6304636", "68", "12", "0", "69.8", "67.0", "", "No matches found", " No matches found", " No matches found", " No matches found", " No matches found", "", "Multiple matches found", "PreferredDDA", "", "[M-H]-1", "1999624.0641366", " 8473267.43226889", " 2806594.28532017", " 5528332.0687274", " 4050605.0231998", "56.1924767245628", " 78.4571414157325", " 49.2103228457099", " 88.1448490229279", " 42.9930664587423", "0.712", " 1.970", " 1.443", " 1.533", " 0.733", "-0.49", " 0.98", " 0.53", " 0.62", " -0.45", "0.987676436352935", " 0.0255137571841708", " 0.912968203894914", " 0.977719704750246", " 0.155109184648744", "0.999999999946231", " 0.27364755254395", " 1", " 0.999999999996915", " 1", "7.0", "", " ", " 1.4", " ", " ", " 0.8", " ", " ", " ", " 5.5", " 3.3", " 5.6", " 5.8", " 5.6", " 5.8", " 5.0", " 5.6", " 0.6", " 0.5", " 1.4", " 0.8", " ", " 1.6", " ", " 5.6", " 6.6", " 4.1", " 7.0", " 5.2", " 5.6", " 4.5", " ", " 2.0", " ", " 5.8", " 0.6", " ", " 3.3", " 5.6", " 4.8"
"138", "", "False", "NP-011548", "C18 H34 O3", "Full match", " Full match", " No results", " Partial match", " Partial match", "0.90", "298.25106", "297.24379", "7.113", "29447987.2149364", "73", "1", "0", "74.8", "8.7", "", "No matches found", " No matches found", " No matches found", " No matches found", " No matches found", "", "Multiple matches found", "PreferredDDA", "CO2", "[M-H]-1", "4776769.82303718", " 11890259.8953462", " 5049872.53141367", " 8964999.64740821", " 7248320.55468951", "21.9090927348194", " 66.9068882982045", " 51.1125052268043", " 51.8891241253637", " 77.5409195816453", "0.946", " 1.775", " 1.435", " 1.326", " 0.809", "-0.08", " 0.83", " 0.52", " 0.41", " -0.31", "0.999999999946231", " 0.386631712975073", " 0.726848390723684", " 0.998020674128414", " 0.947585693020246", "0.999999999946231", " 1", " 1", " 0.999999999996915", " 1", "5.8", "", " ", " ", " ", " ", " 5.5", " 2.8", " 3.0", " 2.6", " 5.1", " 2.4", " 1.1", " 5.5", " 3.9", " 5.2", " 3.6", " ", " 3.0", " 0.7", " 2.0", " ", " 1.6", " ", " ", " 3.3", " 3.3", " 1.4", " 5.8", " 3.6", " 2.8", " 4.1", " ", " 0.2", " 4.8", " 3.0", " 4.8", " 4.8", " 3.9", " 3.9", " 4.3"
"181", "", "False", "", "C22 H43 N8 O2 P", "Full match", " No results", " No results", " No results", " No results", "0.79", "482.32504", "481.31777", "4.760", "29271517.2227291", "0", "0", "0", "", "", "", "No matches found", " No matches found", " No matches found", " No matches found", " No matches found", "", "No matches found", "PreferredDDA", "", "[M-H]-1", "6822049.54934485", " 10690345.8918045", " 5958130.4284327", " 12517063.7127106", " 10053676.3821899", "85.1181555122943", " 67.5682043359264", " 63.5627585769174", " 67.520660902458", " 52.6030952714631", "1.145", " 2.101", " 1.687", " 0.854", " 0.803", "0.20", " 1.07", " 0.75", " -0.23", " -0.32", "0.997084086159302", " 0.976591007447383", " 0.999871669080005", " 0.996049162881934", " 0.992460796087285", "0.999999999946231", " 1", " 1", " 0.999999999996915", " 1", "6.6", "6.0", " 5.2", " 6.0", " 3.6", " 6.0", " 6.0", " 4.7", " ", " 5.6", " 5.6", " 6.6", " 6.2", " 5.8", " 5.8", " 5.6", " 5.4", " 5.4", " 6.2", " 5.8", " 5.0", " 5.6", " 4.2", " 5.8", " 5.6", " 2.1", " 4.2", " 6.2", " 6.0", " 6.2", " 5.8", " 5.8", " 6.2", " 5.8", " 5.2", " 5.8", " 5.2", " 6.2", " 5.8", " 4.5", " 5.6"
"245", "", "False", "Certonardosterol K", "C27 H46 O6", "Not the top hit", " No results", " No results", " Not the top hit", " Full match", "0.98", "466.32989", "465.32260", "3.456", "29010988.8158296", "24", "0", "0", "", "", "", "No matches found", " No matches found", " No matches found", " No matches found", " No matches found", "", "Multiple matches found", "PreferredDDA", "", "[M-H]-1", "", " 5966425.57850134", " 1961781.79030174", " 4076324.26515245", " 8934553.32910087", "", " 55.0191318633162", " ", " 114.300820004572", " 38.2165589613326", "0.000", " 2.078", " 4.554", " 1.464", " 2.192", "-Infinity", " 1.06", " 2.19", " 0.55", " 1.13", "", " ", " ", " 0.766878046620275", " 0.395331720396072", "", " ", " ", " 0.999999999996915", " 1", "5.1", "", " ", " ", " ", " ", " ", " ", " ", " 1.6", " 3.9", " 3.7", " 2.2", " 1.3", " 5.1", " 2.6", " 1.8", " ", " 1.4", " ", " ", " ", " ", " ", " ", " 0.2", " 3.0", " 0.7", " 3.5", " 1.4", " 3.9", " 3.6", " 2.8", " 4.4", " 3.1", " 4.4", " ", " 3.5", " 4.1", " 3.5", " 3.1"
"606", "", "False", "11-keto Testosterone (CRM)", "C19 H26 O3", "Unused", " Invalid mass", " No results", " No match", " No match", "152244.26", "348.19461", "347.18734", "1.805", "28212751.0635844", "12", "1", "0", "85.6", "9.3", "", "No matches found", " No matches found", " No matches found", " No matches found", " No matches found", "", "Multiple matches found", "PreferredDDA", "", "[M-H]-1", "3490331.96722197", " 4011125.99917738", " 5715363.24787172", " 6262339.8617089", " 13629468.6840577", "53.6550610873726", " 31.9269904036698", " 101.469158289972", " 63.5858323780732", " 34.7199106555171", "0.611", " 1.096", " 2.385", " 0.641", " 2.176", "-0.71", " 0.13", " 1.25", " -0.64", " 1.12", "0.405171225544351", " 0.917908873914354", " 0.526170658384755", " 0.995489059270194", " 0.215341805385976", "0.999999999946231", " 1", " 1", " 0.999999999996915", " 1", "4.7", "0.8", " 2.3", " 0.5", " 1.6", " 1.8", " 2.6", " 3.7", " 0.5", " 1.3", " ", " ", " 2.1", " 4.2", " 3.1", " 2.9", " 2.3", " 0.2", " ", " 4.3", " 1.1", " 0.7", " 4.7", " 1.1", " 1.8", " 0.2", " 0.6", " 3.7", " 1.1", " ", " ", " 1.8", " 2.8", " 3.7", " ", " ", " ", " ", " 4.4", " 3.1", " "
"189", "", "False", "7-oxo-11E-Tetradecenoic acid", "C14 H24 O3", "Full match", " No results", " No results", " Not the top hit", " Full match", "0.16", "240.17258", "239.16531", "4.970", "27803400.0302841", "5", "0", "0", "", "", "", "No matches found", " No matches found", " No matches found", " No matches found", " No matches found", "", "Multiple matches found", "PreferredDDA", "", "[M-H]-1", "2330807.61237938", " 9286882.88738852", " 2078172.37366834", " 9560739.11241628", " 9269268.34343308", "49.7071898770278", " 59.7625823369955", " 33.1397797124151", " 42.8578388679311", " 69.4203056735788", "1.122", " 4.601", " 4.460", " 0.971", " 0.970", "0.17", " 2.20", " 2.16", " -0.04", " -0.04", "0.733461251682236", " 7.43185811002967E-07", " 3.36416207691315E-06", " 0.980014285958527", " 0.984407611496368", "0.999999999946231", " 4.12571746793282E-05", " 0.000127117267049075", " 0.999999999996915", " 1", "6.6", "4.2", " 2.5", " 4.6", " 2.5", " 2.3", " 3.9", " 5.6", " ", " 5.6", " 6.2", " ", " 6.4", " 5.8", " 5.8", " 3.9", " 5.6", " 1.5", " 5.9", " 5.1", " 1.9", " 3.0", " 2.5", " 4.1", " 5.1", " 6.0", " 5.5", " 5.6", " 6.6", " 4.5", " 6.2", " 6.6", " 6.0", " 6.4", " 6.2", " 6.4", " 5.0", " 6.6", " 6.6", " 6.4", " 5.8"
"224", "", "False", "(15Z)-9,12,13-Trihydroxy-15-octadecenoic acid", "C18 H34 O5", "Full match", " Full match", " No results", " Partial match", " Partial match", "1.31", "330.24106", "329.23378", "4.251", "27476248.954112", "28", "1", "0", "78.8", "8.9", "", "No matches found", " No matches found", " No matches found", " No matches found", " No matches found", "", "Multiple matches found", "PreferredDDA", "", "[M-H]-1", "2749954.49386837", " 10233937.8204785", " 4754877.38426156", " 11689137.4521786", " 1967170.59736881", "56.9805058088824", " 83.8037139121801", " 64.9843420335906", " 18.4135377496527", " ", "0.578", " 2.458", " 0.414", " 0.876", " 0.168", "-0.79", " 1.30", " -1.27", " -0.19", " -2.57", "0.574028420598396", " 0.316192462316966", " ", " 0.927964040825186", " ", "0.999999999946231", " 1", " ", " 0.999999999996915", " ", "7.3", "5.2", " ", " ", " 2.5", " ", " ", " 5.0", " 1.7", " 6.2", " 5.8", " ", " 5.5", " 2.6", " 0.8", " ", " ", " ", " 5.8", " ", " 5.0", " ", " ", " 3.7", " 4.2", " 7.0", " 7.0", " 7.3", " 5.6", " 7.0", " ", " ", " 7.3", " ", " ", " ", " ", " ", " ", " ", " 1.4"
"273", "", "False", "SM 12:2;2O/2:0", "C19 H37 N2 O6 P", "No match", " No results", " Invalid mass", " No match", " No match", "109479.60", "466.24651", "465.23924", "3.559", "27190878.7490876", "1", "0", "1", "", "", "0.0", "No matches found", " No matches found", " No matches found", " Single match found", " No matches found", "", "Single match found", "PreferredDDA", "", "[M-H]-1", "11841185.8174426", " 12710696.8062161", " 15536136.3669155", " 20089179.5218116", " 15998005.3683342", "65.5151939141938", " 25.1092959870772", " 51.7048050368156", " 53.4769881225986", " 56.063061898169", "0.762", " 1.293", " 1.030", " 0.633", " 0.796", "-0.39", " 0.37", " 0.04", " -0.66", " -0.33", "0.828261344125874", " 0.995423753213824", " 0.759780581159671", " 0.999999973923152", " 0.934266610227891", "0.999999999946231", " 1", " 1", " 0.999999999996915", " 1", "3.8", "2.8", " 3.3", " 0.9", " 3.3", " 1.7", " 1.3", " 0.9", " 1.0", " 2.8", " 2.7", " ", " 2.3", " 3.8", " 3.4", " 1.9", " 1.9", " 2.6", " 3.6", " 0.9", " 1.8", " 3.2", " 3.2", " 1.3", " 2.0", " 2.9", " 1.8", " 1.3", " 0.9", " 0.9", " 0.9", " ", " 0.9", " ", " 2.2", " 1.3", " 2.9", " 1.3", " 1.3", " 1.3", " 2.0"
"246", "", "False", "Ambrettolic acid", "C16 H30 O3", "Full match", " No results", " No results", " Not the top hit", " Full match", "1.61", "270.21993", "269.21265", "5.015", "27148711.107707", "20", "0", "0", "", "", "", "No matches found", " No matches found", " No matches found", " No matches found", " No matches found", "", "Multiple matches found", "PreferredDDA", "", "[M-H]-1", "2532579.88365366", " 14823238.5016969", " 2872110.26204032", " 4300249.00513398", " 2881950.61140694", "29.900429688978", " 30.1260044275414", " 25.1033824429702", " 68.859735513736", " 25.6765128315266", "0.882", " 1.497", " 1.003", " 3.447", " 0.670", "-0.18", " 0.58", " 0.00", " 1.79", " -0.58", "0.797046044991067", " 0.158181430525029", " 0.999722623568974", " 9.68123011979571E-07", " 0.0638749216652024", "0.999999999946231", " 0.901304609345737", " 1", " 0.000592491283331498", " 1", "6.3", "5.3", " ", " 5.3", " 5.4", " 1.2", " 3.4", " 3.7", " ", " 6.3", " 6.3", " ", " 5.6", " 5.6", " 5.2", " 6.0", " 5.6", " ", " 3.0", " ", " 2.4", " 1.8", " 5.3", " 2.6", " ", " 2.0", " 2.3", " 4.8", " 4.7", " 4.2", " 4.8", " 3.7", " 3.5", " 2.0", " 4.9", " 4.9", " ", " 4.1", " 4.7", " 3.0", " 4.5"
"350", "", "False", "NP-011548", "C18 H34 O3", "Full match", " Full match", " No results", " Partial match", " Partial match", "1.09", "298.25112", "297.24384", "6.023", "26780160.2011785", "73", "1", "0", "95.5", "9.8", "", "No matches found", " No matches found", " No matches found", " No matches found", " No matches found", "", "Multiple matches found", "PreferredDDA", "", "[M-H]-1", "15956001.8405529", " 18718543.3267903", " 15782069.3939857", " 11866005.474148", " 7932567.80626683", "27.1144060304849", " 35.0344856636515", " 31.3601378756643", " 36.8935973361798", " 54.9503107270469", "1.011", " 0.752", " 0.503", " 1.577", " 0.669", "0.02", " -0.41", " -0.99", " 0.66", " -0.58", "0.998312176476251", " 0.879751941657259", " 0.159245521980856", " 0.518316782503748", " 0.635089915190816", "0.999999999946231", " 1", " 0.802294105979743", " 0.999999999996915", " 1", "6.5", "4.6", " 5.3", " 4.9", " 5.7", " 6.5", " 4.9", " 6.1", " 5.9", " ", " 1.8", " 1.8", " 4.1", " 3.3", " 3.3", " 4.6", " 6.0", " 2.6", " 4.4", " 2.9", " 3.8", " 3.7", " 3.7", " 3.3", " 4.6", " 2.6", " 3.7", " 3.3", " 6.0", " 5.2", " 4.8", " 5.4", " 2.2", " 4.1", " 4.8", " 3.0", " 4.5", " 2.0", " 2.8", " 4.8", " 2.0"
"365", "", "False", "FAHFA 2:0/22:4", "C24 H38 O4", "Not the top hit", " No results", " Full match", " Partial match", " Partial match", "2.01", "390.27779", "389.27050", "4.320", "26289772.0179671", "57", "0", "1", "", "", "5.3", "No matches found", " No matches found", " No matches found", " Single match found", " No matches found", "", "Multiple matches found", "PreferredDDA", "", "[M-H]-1", "4696765.98269355", " 10373875.3537413", " 5557435.88307336", " 10054643.511966", " 14557431.8419771", "69.1942861413656", " 58.9879427441919", " 45.6295400473749", " 75.727833047616", " 40.6726313957723", "0.845", " 1.809", " 2.619", " 1.032", " 1.448", "-0.24", " 0.86", " 1.39", " 0.05", " 0.53", "0.924560191548404", " 0.884985239427067", " 0.525607472538427", " 0.944502376187726", " 0.939579302453676", "0.999999999946231", " 1", " 1", " 0.999999999996915", " 1", "5.5", "2.7", " ", " 4.5", " ", " 4.1", " 5.2", " 5.1", " 1.1", " 3.7", " 3.2", " 1.1", " 2.4", " 5.5", " 5.1", " 5.2", " 2.6", " 3.9", " ", " 4.8", " ", " 5.2", " ", " 3.3", " 4.8", " 0.6", " 1.1", " 4.3", " 3.3", " 3.7", " 3.6", " 4.7", " 4.7", " 4.3", " 1.4", " 3.9", " ", " 1.7", " 1.7", " 5.5", " 3.3"
"183", "", "False", "3-pentadecynoic acid", "C15 H26 O2", "Full match", " No results", " No results", " Partial match", " Full match", "0.13", "238.19331", "237.18603", "6.359", "25851658.4300869", "30", "0", "0", "", "", "", "No matches found", " No matches found", " No matches found", " No matches found", " No matches found", "", "Multiple matches found", "PreferredDDA", "", "[M-H]-1", "4454219.07435844", " 3892469.80693199", " 3143788.75516469", " 5442728.20225163", " 3974062.51098882", "97.7015116980977", " 28.3561878770854", " 82.9881155036033", " 77.6752683265879", " 37.2650684525231", "1.417", " 1.731", " 1.264", " 0.715", " 0.730", "0.50", " 0.79", " 0.34", " -0.48", " -0.45", "0.625603788369332", " 0.999814124111924", " 0.99964991490325", " 0.999996246557562", " 0.999998013572032", "0.999999999946231", " 1", " 1", " 0.999999999996915", " 1", "7.0", "5.0", " 5.0", " 4.5", " 6.0", " 6.0", " 6.6", " 6.6", " ", " 6.8", " 7.0", " ", " 5.5", " 6.8", " ", " ", " ", " 3.6", " 5.5", " 5.8", " 6.1", " 6.0", " 6.6", " 6.4", " 5.4", " 1.9", " 5.4", " 6.0", " 5.8", " ", " 6.0", " 6.2", " 5.8", " 5.1", " 6.5", " ", " ", " ", " 6.1", " ", " 5.9"
"174", "", "False", "FAHFA 2:0/16:1", "C18 H32 O4", "Full match", " No results", " Full match", " Partial match", " Partial match", "1.34", "312.23048", "311.22320", "6.174", "25777438.04099", "47", "0", "1", "", "", "47.6", "No matches found", " No matches found", " No matches found", " Single match found", " No matches found", "", "Multiple matches found", "PreferredDDA", "", "[M-H]-1", "969653.598627675", " 2349636.64808353", " 618074.867681211", " 937512.365911601", " 1224703.06911746", "30.65764513658", " 160.655376291034", " 41.0472723928691", " 53.6060542887432", " 11.7741365197184", "1.569", " 1.517", " 1.981", " 2.506", " 1.306", "0.65", " 0.60", " 0.99", " 1.33", " 0.39", "0.968503930005652", " 0.907311117279289", " 0.867529248979546", " 0.228880684216922", " 0.998977862015686", "0.999999999946231", " 1", " 1", " 0.999999999996915", " 1", "5.5", "2.0", " 1.1", " ", " ", " ", " ", " ", " ", " 5.4", " 2.9", " 5.5", " 1.4", " 3.9", " 4.2", " 4.4", " 3.9", " ", " 0.8", " ", " ", " 1.5", " ", " ", " ", " ", " ", " 1.1", " 2.9", " 1.5", " 2.1", " ", " ", " ", " ", " ", " ", " 3.8", " 3.8", " ", " "
"196", "", "False", "11-keto Testosterone (CRM)", "C19 H26 O3", "No match", " Invalid mass", " No results", " No match", " No match", "152243.54", "348.19439", "347.18714", "3.063", "25104808.369309", "12", "1", "0", "74.8", "8.7", "", "No matches found", " No matches found", " No matches found", " No matches found", " No matches found", "", "Multiple matches found", "PreferredDDA", "CO2", "[M-H]-1", "3515874.76707091", " 1613977.6843064", " 8035979.8204516", " 3183619.29459246", " 4832644.59404494", "71.6848877663515", " 93.849554958041", " 66.2423642222643", " 47.851838645816", " 80.4630083191845", "0.438", " 0.396", " 0.601", " 0.507", " 1.518", "-1.19", " -1.34", " -0.73", " -0.98", " 0.60", "0.422988328806497", " 0.179556180259461", " 0.856103948196553", " 0.508613971545737", " 0.744725107295585", "0.999999999946231", " 0.958813836137332", " 1", " 0.999999999996915", " 1", "5.5", "", " 3.5", " 3.5", " 4.6", " ", " 1.7", " ", " ", " ", " 3.5", " ", " ", " ", " 1.5", " ", " ", " ", " ", " 5.5", " 4.8", " 4.8", " 5.5", " 4.5", " 1.8", " 1.0", " ", " ", " ", " ", " 1.1", " 0.5", " ", " ", " ", " 1.1", " ", " 3.1", " 5.1", " ", " "
"225", "", "False", "Adenosine", "C10 H13 N5 O4", "Full match", " No results", " Full match", " Full match", " No results", "1.27", "267.09709", "326.11108", "0.581", "25054595.9522549", "4", "0", "1", "", "", "79.6", "No matches found", " Single match found", " No matches found", " No matches found", " No matches found", "", "No matches found", "PreferredDDA", "", "[M-H+HAc]-1", "884526.09969741", " 1138210.22805433", " 1802412.28875106", " 1020929.19095901", " 1373105.93839008", "58.5530051515507", " 206.874385026365", " 36.120975242813", " 44.0163473281229", " 26.1177224021956", "0.491", " 0.566", " 0.762", " 1.115", " 1.345", "-1.03", " -0.82", " -0.39", " 0.16", " 0.43", "0.784995058776823", " 0.687272116101482", " 0.962257109132784", " 0.923140429604459", " 0.962302617006137", "0.999999999946231", " 1", " 1", " 0.999999999996915", " 1", "6.2", "4.9", " 3.8", " 5.3", " 5.9", " 4.2", " 3.9", " 5.8", " 4.5", " 4.4", " ", " 4.7", " 5.5", " 3.6", " 4.4", " 3.8", " 4.2", " 4.5", " 5.7", " 5.9", " 6.0", " 5.5", " 5.9", " 5.1", " 6.0", " ", " 4.9", " 4.4", " 2.7", " 4.4", " 2.3", " 2.9", " 3.6", " 5.4", " 6.2", " 5.8", " 6.2", " 5.4", " 5.3", " 5.8", " 5.4"
"85", "", "False", "", "C34 H69 N2 O3 P", "Full match", " No results", " No results", " No results", " No results", "-3.81", "584.50236", "583.49508", "7.497", "24895679.694171", "0", "0", "0", "", "", "", "No matches found", " No matches found", " No matches found", " No matches found", " No matches found", "", "No matches found", "PreferredDDA", "", "[M-H]-1", "4537969.27944933", " 24895679.694171", " 11824965.971783", " 7886921.67452164", " 6863347.30640157", "", " ", " 5.93509712627121", " 25.0894097984525", " ", "0.384", " 0.667", " 0.580", " 3.157", " 0.870", "-1.38", " -0.58", " -0.78", " 1.66", " -0.20", "", " 0.402387175293746", " ", " ", " ", "", " 1", " ", " ", " ", "7.8", "", " ", " ", " ", " 5.6", " ", " ", " ", " ", " ", " 3.9", " ", " ", " ", " ", " ", " ", " 7.6", " 6.5", " ", " ", " ", " ", " ", " ", " ", " 7.8", " ", " ", " ", " ", " 4.3", " ", " ", " ", " ", " ", " ", " ", " 3.0"
"151", "", "False", "Margaric acid", "C17 H34 O2", "Full match", " No results", " No results", " Not the top hit", " Full match", "1.42", "270.25626", "269.24899", "8.426", "24778665.5721224", "33", "0", "0", "", "", "", "No matches found", " No matches found", " No matches found", " No matches found", " No matches found", "", "Multiple matches found", "PreferredDDA", "", "[M-H]-1", "9312000.01660161", " 11638376.1893803", " 8461865.17198678", " 12352945.5955817", " 8577279.45099911", "33.8213585237872", " 52.7997806720511", " 39.5385924360425", " 32.3318649492367", " 42.3467919735477", "1.100", " 1.460", " 1.014", " 0.942", " 0.694", "0.14", " 0.55", " 0.02", " -0.09", " -0.53", "0.99999984116212", " 0.521157648501952", " 0.982432558207725", " 0.999529595304145", " 0.836316023176177", "0.999999999946231", " 1", " 1", " 0.999999999996915", " 1", "7.2", "7.2", " 6.9", " 6.7", " 6.1", " 6.7", " 5.4", " 6.0", " 5.1", " 4.8", " 7.0", " 3.6", " 4.8", " 7.0", " 7.0", " 6.0", " 4.8", " 5.4", " 6.7", " 7.1", " 5.4", " 7.1", " 5.0", " 6.3", " 5.0", " 6.9", " 6.1", " 6.3", " 6.7", " 5.6", " 6.3", " 6.1", " 4.8", " 6.4", " 5.2", " 4.5", " 5.2", " 4.8", " 7.0", " 7.0", " 5.1"
"402", "", "False", "Certonardosterol K", "C27 H46 O6", "Not the top hit", " No results", " No results", " Not the top hit", " Full match", "0.64", "466.32974", "465.32243", "2.647", "24414216.179665", "24", "0", "0", "", "", "", "No matches found", " No matches found", " No matches found", " No matches found", " No matches found", "", "Multiple matches found", "PreferredDDA", "", "[M-H]-1", "", " 7385926.69684943", " ", " 7862480.72058851", " 7837878.82194623", "", " 56.4638690222104", " ", " 82.6302901269413", " 66.049680044744", "", " Infinity", " Infinity", " 0.939", " 0.997", "", " Infinity", " Infinity", " -0.09", " 0.00", "", " ", " ", " 0.978195302331723", " 0.96524176513875", "", " ", " ", " 0.999999999996915", " 1", "5.8", "", " ", " ", " ", " ", " ", " ", " ", " 1.1", " 4.3", " 0.5", " 3.0", " 3.2", " 4.1", " 4.1", " 5.1", " ", " ", " ", " ", " ", " ", " ", " ", " ", " ", " 2.7", " ", " ", " 4.5", " 5.8", " 3.2", " 5.5", " 2.6", " 5.1", " ", " 4.1", " 3.6", " 4.1", " 3.3"
"251", "", "False", "7-hydroxy-10E-Heptadecen-8-ynoic acid", "C17 H28 O3", "Full match", " No results", " No results", " Not the top hit", " Full match", "1.38", "280.20423", "279.19695", "5.079", "24363394.8482895", "12", "0", "0", "", "", "", "No matches found", " No matches found", " No matches found", " No matches found", " No matches found", "", "Multiple matches found", "PreferredDDA", "CO2", "[M-H]-1", "1925632.03792722", " 8528715.85939498", " 5632572.94690188", " 7184758.96296763", " 7750980.57727185", "78.2038659601616", " 56.24888283305", " 35.0403618308661", " 50.6530354256743", " 52.2643853541364", "0.342", " 1.276", " 1.376", " 1.187", " 1.079", "-1.55", " 0.35", " 0.46", " 0.25", " 0.11", "0.0177054203968828", " 0.481017952733206", " 0.946948033009566", " 0.96321289783729", " 0.891254252034979", "0.993193243249472", " 1", " 1", " 0.999999999996915", " 1", "6.9", "5.2", " 2.5", " 5.2", " 5.2", " 4.4", " 5.6", " 6.4", " ", " 5.6", " 5.8", " 6.2", " 6.4", " 6.2", " 6.0", " 6.0", " 6.0", " 5.4", " 5.5", " 5.7", " 6.9", " 5.7", " 6.1", " 5.7", " 5.7", " 5.6", " 6.2", " 5.6", " 6.6", " 5.6", " 4.8", " 5.2", " 6.0", " 4.8", " 5.0", " 5.6", " 4.2", " 5.6", " 6.2", " 6.0", " 4.8"
"206", "", "False", "Methyl 7-oxo-11E-tetradecenoate", "C15 H26 O3", "Full match", " No results", " No results", " Not the top hit", " Full match", "0.83", "254.18840", "253.18113", "5.089", "24126794.4959928", "7", "0", "0", "", "", "", "No matches found", " No matches found", " No matches found", " No matches found", " No matches found", "", "Multiple matches found", "PreferredDDA", "CO2", "[M-H]-1", "1712535.99550555", " 4651590.71571026", " ", " 7289103.72053564", " 6487486.59466684", "", " 66.1302426173234", " ", " 75.9287853179709", " 75.096438994273", "Infinity", " Infinity", " Infinity", " 0.638", " 0.890", "Infinity", " Infinity", " Infinity", " -0.65", " -0.17", "", " ", " ", " 0.682540104963686", " 0.922346564887967", "", " ", " ", " 0.999999999996915", " 1", "6.6", "2.1", " ", " ", " ", " ", " ", " ", " ", " 5.4", " 6.0", " 2.2", " 6.2", " ", " 5.5", " 4.4", " 5.2", " ", " ", " ", " ", " ", " ", " ", " ", " 6.0", " 5.6", " 6.6", " 6.6", " 5.0", " 6.0", " 5.5", " 5.6", " 5.4", " 5.8", " 6.0", " 5.0", " 6.0", " 5.8", " 5.2", " 5.2"
"347", "", "False", "Ambrettolic acid", "C16 H30 O3", "Full match", " No results", " No results", " Not the top hit", " Full match", "1.43", "270.21988", "269.21260", "6.259", "24070517.6064727", "20", "0", "0", "", "", "", "No matches found", " No matches found", " No matches found", " No matches found", " No matches found", "", "Multiple matches found", "PreferredDDA", "CO2", "[M-H]-1", "5626087.13064107", " 11808475.1659467", " 6312357.91675718", " 10519038.3162038", " 6495752.73237579", "44.1680343680844", " 42.2304207622208", " 32.3615045910509", " 44.9559920969604", " 73.4034684091747", "0.891", " 1.666", " 1.029", " 1.123", " 0.618", "-0.17", " 0.74", " 0.04", " 0.17", " -0.70", "0.976446724456824", " 0.383931087716664", " 0.775020662930642", " 0.971703083037262", " 0.96469314954282", "0.999999999946231", " 1", " 1", " 0.999999999996915", " 1", "5.5", "1.1", " 1.4", " 1.8", " 5.0", " 1.8", " 5.0", " 1.4", " 4.6", " 3.3", " 3.9", " 0.9", " ", " 3.2", " 2.0", " 4.8", " 1.7", " 2.7", " 3.8", " 5.5", " 2.3", " 5.4", " 5.4", " 2.7", " 4.7", " 3.6", " 5.1", " 3.7", " 3.6", " 2.8", " 2.0", " 2.2", " 2.0", " 1.4", " 2.6", " 2.6", " 3.0", " 1.4", " 5.5", " 2.8", " 3.3"
"209", "", "False", "9-oxo-7E-hexadecenoic acid", "C16 H28 O3", "Full match", " No results", " No results", " Not the top hit", " Full match", "1.28", "268.20419", "267.19692", "5.746", "23848382.2945578", "9", "0", "0", "", "", "", "No matches found", " No matches found", " No matches found", " No matches found", " No matches found", "", "Multiple matches found", "PreferredDDA", "", "[M-H]-1", "1948501.25068454", " 7927302.03677085", " 1972138.1373045", " 7061964.43958169", " 7198599.95341059", "46.0061161517918", " 51.3839143729525", " 25.9425494866077", " 44.7275715584533", " 75.025501477542", "0.988", " 3.581", " 3.650", " 1.123", " 1.019", "-0.02", " 1.84", " 1.87", " 0.17", " 0.03", "0.998793901709476", " 0.00105994675987897", " 0.00134875350205432", " 0.999462962799689", " 0.999975038273169", "0.999999999946231", " 0.0207068170590642", " 0.0237830200862246", " 0.999999999996915", " 1", "7.0", "4.2", " ", " 2.9", " 2.1", " 2.5", " 5.4", " 5.2", " ", " 5.6", " 5.8", " 2.8", " 6.0", " 6.6", " 6.0", " 5.4", " 5.6", " ", " 6.4", " 5.0", " ", " ", " 5.4", " 5.3", " 5.8", " 6.0", " 5.2", " 6.0", " 6.2", " 5.6", " 7.0", " 6.0", " 5.6", " 5.6", " 5.2", " 5.6", " 4.6", " 5.6", " 5.1", " 6.0", " 6.2"
"554", "", "False", "", "C4 H3 N6 O3 P S", "Full match", " No results", " No results", " No results", " No results", "0.19", "245.97254", "244.96527", "10.956", "23502173.4148838", "0", "0", "0", "", "", "", "No matches found", " No matches found", " No matches found", " No matches found", " No matches found", "", "No matches found", "PreferredDDA", "CO2", "[M-H]-1", "20992609.1750675", " 21250451.1711395", " 20597914.6548246", " 22078071.1102846", " 22744747.8530904", "3.79563315299715", " 7.46674929128584", " 6.45291092587258", " 4.36701280619044", " 6.92602923911467", "1.019", " 1.072", " 1.104", " 0.963", " 1.030", "0.03", " 0.10", " 0.14", " -0.06", " 0.04", "0.924319746875673", " 0.137206470201923", " 0.154118864784921", " 0.540235673540292", " 0.999999940820704", "0.999999999946231", " 0.833910435560575", " 0.783931533377148", " 0.999999999996915", " 1", "8.5", "7.3", " 7.0", " 7.3", " 6.6", " 7.3", " 7.0", " 7.7", " 7.7", " 6.5", " 7.2", " 5.3", " 6.1", " 5.3", " 7.6", " 7.2", " 7.6", " 6.8", " 7.6", " 7.2", " 7.6", " 7.2", " 6.1", " 6.8", " 7.2", " 8.5", " 7.3", " 7.0", " 6.6", " 7.7", " 6.6", " 7.0", " 6.6", " 6.1", " 6.5", " 6.8", " 6.8", " 6.5", " ", " 7.2", " 6.5"
"171", "", "False", "FAHFA 18:1/20:3", "C38 H66 O4", "Full match", " No results", " Full match", " No results", " No results", "-2.60", "586.49459", "585.48731", "8.197", "23465275.8612885", "0", "0", "4", "", "", "74.8", "No matches found", " No matches found", " No matches found", " Multiple matches found", " No matches found", "", "No matches found", "PreferredDDA", "", "[M-H]-1", "8352102.3918536", " 3969341.39344614", " 5482500.45795046", " 4812892.35712235", " 3570526.42579198", "37.8693332305888", " 20.5691175079571", " 84.2871942837594", " 26.2483063693937", " 22.0049563192601", "1.523", " 0.878", " 0.651", " 0.825", " 0.742", "0.61", " -0.19", " -0.62", " -0.28", " -0.43", "0.992280337610577", " 0.166894679346646", " 0.0292406840264113", " 0.978250649439927", " 0.85723648441118", "0.999999999946231", " 0.931544791863425", " 0.27972324244192", " 0.999999999996915", " 1", "6.6", "4.1", " 3.8", " 3.2", " 4.4", " 6.0", " 2.7", " 4.2", " 4.6", " 3.2", " 2.1", " ", " 4.5", " ", " ", " 4.1", " ", " 5.1", " 5.5", " 2.2", " 3.1", " 4.1", " 3.0", " 1.8", " 4.1", " 3.6", " 6.6", " 3.2", " 5.1", " 4.1", " 1.8", " 3.7", " 3.6", " ", " 4.9", " 6.2", " 3.7", " 3.7", " 4.0", " 4.5", " "
"381", "", "False", "13,14-Dihydro-15-keto Prostaglandin A2", "C20 H30 O4", "Full match", " Full match", " Full match", " Not the top hit", " Not the top hit", "2.97", "334.21540", "333.20811", "2.776", "23414538.8254544", "113", "20", "2", "96.1", "9.8", "7.6", "Multiple matches found", " No matches found", " No matches found", " No matches found", " No matches found", "", "Multiple matches found", "PreferredDDA", "", "[M-H]-1", "3602394.40217093", " 1175869.87882932", " 4146705.26214413", " 1480057.53631291", " 963014.08542181", "76.160223970142", " 61.0012472555731", " 103.814438374765", " 43.3941439942289", " 108.607494352093", "0.869", " 0.357", " 0.232", " 0.794", " 0.651", "-0.20", " -1.49", " -2.11", " -0.33", " -0.62", "0.670879890928723", " 0.263170806249089", " 0.137721528716419", " 0.906861795852976", " 0.996176401728883", "0.999999999946231", " 1", " 0.741305940516944", " 0.999999999996915", " 1", "5.8", "0.2", " 2.3", " ", " 1.6", " 1.2", " 3.7", " 3.7", " 0.4", " ", " ", " ", " ", " 0.2", " 3.4", " 0.6", " ", " ", " ", " 5.8", " 4.1", " 2.6", " ", " 2.7", " 1.2", " ", " ", " ", " ", " 0.2", " ", " 0.6", " 0.8", " ", " ", " 0.2", " ", " 0.4", " 0.7", " ", " "
"259", "", "False", "14(S)-HDHA", "C22 H32 O3", "Full match", " Full match", " Full match", " Not the top hit", " Not the top hit", "1.54", "344.23568", "343.22840", "6.001", "23349950.2617709", "34", "1", "1", "70.6", "67.0", "50.5", "Single match found", " No matches found", " No matches found", " No matches found", " No matches found", "", "Multiple matches found", "PreferredDDA", "CO2", "[M-H]-1", "2046241.63844792", " 4975143.42557569", " 1905413.48628148", " 7714936.3792484", " 3795850.62944034", "40.5321934774642", " 74.7633663552575", " 88.5197489660914", " 40.5262728439531", " 43.595185525479", "1.074", " 4.049", " 1.992", " 0.645", " 0.492", "0.10", " 2.02", " 0.99", " -0.63", " -1.02", "0.979933021462608", " 0.000738215475683091", " 0.242862313714568", " 0.999999999996915", " 0.144376291099637", "0.999999999946231", " 0.0155309178922558", " 1", " 0.999999999996915", " 1", "6.6", "2.3", " 2.1", " 1.2", " 1.0", " 1.7", " 2.0", " 2.0", " ", " 3.3", " 4.7", " ", " 5.6", " 6.2", " 4.3", " 4.5", " 4.5", " 4.5", " 6.0", " 1.6", " 2.9", " 1.6", " 1.0", " 4.4", " 1.0", " 5.2", " 6.6", " 4.1", " 5.5", " 6.2", " 4.8", " 4.5", " 5.2", " 3.9", " 1.4", " 5.4", " 3.9", " 5.0", " 5.6", " 4.8", " 4.1"
"272", "", "False", "diginatigenin", "C23 H34 O6", "Not the top hit", " No results", " No results", " Full match", " Full match", "1.92", "406.23632", "405.22904", "3.196", "23176281.920009", "4", "0", "0", "", "", "", "No matches found", " No matches found", " No matches found", " No matches found", " No matches found", "", "Multiple matches found", "PreferredDDA", "", "[M-H]-1", "1989057.68453659", " 18398774.0146084", " 2303322.877853", " 13845001.3323235", " 11569973.7643499", "95.1062630562299", " 24.7505001178891", " 58.0773322657335", " 29.5149608902987", " 38.634111684547", "0.864", " 6.011", " 5.023", " 1.329", " 0.836", "-0.21", " 2.59", " 2.33", " 0.41", " -0.26", "0.996973159375285", " 6.43458086813098E-08", " 7.89409054124945E-07", " 0.906030345623116", " 0.906562480208135", "0.999999999946231", " 5.86619289144608E-06", " 4.17597389632096E-05", " 0.999999999996915", " 1", "7.2", "2.5", " 3.6", " 3.9", " 0.2", " 1.7", " 5.8", " 4.1", " ", " 5.7", " 6.8", " 5.7", " 6.5", " 6.8", " 6.8", " 5.3", " 6.5", " 3.3", " 3.9", " 1.7", " 2.5", " 3.5", " 3.5", " 5.6", " 4.5", " 7.2", " 7.2", " 6.5", " 6.8", " 6.8", " 5.7", " 6.8", " 5.7", " 5.6", " 5.2", " 4.8", " 5.4", " 6.0", " 6.0", " 5.0", " 6.0"
"286", "", "False", "LPA 16:0", "C19 H39 O7 P", "Not the top hit", " No results", " Full match", " Invalid mass", " Partial match", "0.76", "410.24365", "409.23638", "7.404", "23148575.9168777", "3", "0", "1", "", "", "95.7", "No matches found", " No matches found", " No matches found", " Single match found", " No matches found", "", "Multiple matches found", "PreferredDDA", "", "[M-H]-1", "10530559.3689969", " 9791973.31704136", " 12116472.6948565", " 10376959.417277", " 11623057.6109681", "17.0223481101541", " 34.57458794366", " 34.1226801917955", " 26.6913403407011", " 21.9810017743618", "0.869", " 0.856", " 0.959", " 0.944", " 1.120", "-0.20", " -0.22", " -0.06", " -0.08", " 0.16", "0.515555302819944", " 0.515188361093143", " 0.933990853917813", " 0.976171275417477", " 0.918827185567849", "0.999999999946231", " 1", " 1", " 0.999999999996915", " 1", "6.5", "5.8", " 4.3", " 6.0", " 5.1", " 4.5", " 3.9", " 4.7", " 6.0", " 3.3", " 2.7", " 2.9", " 3.1", " 2.7", " 2.9", " 3.3", " 3.7", " 2.9", " 2.6", " 1.9", " 4.1", " 2.6", " 2.9", " 1.9", " 3.7", " 3.4", " 6.5", " 4.3", " 3.2", " 4.2", " ", " 6.1", " 3.2", " 3.8", " 4.9", " 3.8", " 5.3", " 5.7", " 4.6", " 5.5", " 3.2"
"331", "", "False", "NP-021797", "C12 H22 O3", "Full match", " Full match", " No results", " Not the top hit", " Not the top hit", "-1.34", "214.15661", "213.14933", "4.377", "23125146.7259057", "17", "1", "0", "97.7", "65.6", "", "No matches found", " No matches found", " No matches found", " No matches found", " No matches found", "", "Multiple matches found", "PreferredDDA", "CO2", "[M-H]-1", "3505822.16557925", " 9107152.32814039", " 3351973.261637", " 9554669.89775156", " 7765755.87631097", "36.9629740026111", " 40.4500724043589", " 43.5445171021453", " 35.0121976037652", " 59.6478577280696", "1.046", " 2.850", " 2.317", " 0.953", " 0.813", "0.06", " 1.51", " 1.21", " -0.07", " -0.30", "0.998062918555722", " 0.00132402732989767", " 0.00364117155670318", " 0.997340738247394", " 0.993611417406594", "0.999999999946231", " 0.0249738948087595", " 0.0535049931526662", " 0.999999999996915", " 1", "6.7", "2.5", " ", " 2.1", " 1.7", " ", " 3.5", " 5.7", " ", " 5.2", " 6.6", " ", " 5.2", " 5.1", " 4.8", " 2.7", " 3.3", " 0.8", " 3.0", " ", " 1.6", " 2.3", " ", " 2.2", " 3.7", " 4.6", " 5.4", " 5.0", " 6.3", " 5.4", " 6.7", " 5.6", " 5.4", " 3.7", " 4.8", " 5.2", " 2.7", " 5.5", " 5.1", " 3.7", " 5.8"
"242", "", "False", "FAHFA 20:5/2:0", "C22 H32 O4", "Invalid mass", " No results", " Invalid mass", " Invalid mass", " No results", "-5.04", "360.22824", "359.22097", "7.215", "23067330.3791247", "25", "0", "3", "", "", "3.7", "Multiple matches found", " No matches found", " No matches found", " Single match found", " No matches found", "", "No matches found", "PreferredDDA", "", "[M-H]-1", "16902748.055345", " 12297274.2628082", " 16870947.3098694", " 17664321.1898797", " 15848228.1957626", "27.2627649596806", " 17.8331727088811", " 34.7035078613232", " 9.86304048263039", " 24.9554246366918", "1.002", " 1.047", " 0.939", " 0.696", " 0.897", "0.00", " 0.07", " -0.09", " -0.52", " -0.16", "0.998013011120366", " 0.850043950216974", " 0.999943606285763", " 0.181229339692459", " 0.788729908755096", "0.999999999946231", " 1", " 1", " 0.999999999996915", " 1", "7.6", "2.3", " 6.5", " 1.9", " 4.2", " 4.2", " 3.8", " 3.4", " 4.7", " 7.0", " 4.7", " ", " 2.8", " 4.3", " 5.5", " 3.3", " 4.7", " 2.2", " 5.2", " 3.8", " 3.5", " 4.1", " 3.3", " 1.4", " 3.7", " 5.3", " 6.1", " 4.9", " 4.2", " 4.9", " 4.2", " 7.6", " 5.3", " 3.1", " 4.9", " 2.3", " 6.2", " 3.8", " 3.8", " 4.9", " 4.6"
"239", "", "False", "9-deoxy-9-methylene-PGE2", "C21 H34 O4", "Not the top hit", " No results", " No results", " Not the top hit", " Full match", "1.24", "350.24614", "349.23887", "4.204", "23039952.7880617", "15", "0", "0", "", "", "", "No matches found", " No matches found", " No matches found", " No matches found", " No matches found", "", "Multiple matches found", "PreferredDDA", "", "[M-H]-1", "1703713.69515739", " 8773660.50144616", " 2024558.43821847", " 4596257.22087806", " 7072268.86336613", "51.5896134011184", " 46.8562121178346", " 11.6298795857633", " 40.7508633851103", " 79.5651682810443", "0.842", " 2.270", " 3.493", " 1.909", " 1.539", "-0.25", " 1.18", " 1.80", " 0.93", " 0.62", "0.995390472724543", " 0.598901801623025", " 0.224985705388998", " 0.103927699530709", " 0.787996450345666", "0.999999999946231", " 1", " 1", " 0.999999999996915", " 1", "6.6", "2.5", " ", " ", " ", " ", " 5.4", " ", " ", " 6.0", " 5.1", " 4.8", " 6.4", " 6.6", " 6.6", " 5.2", " 6.4", " ", " ", " ", " ", " ", " ", " 5.1", " 4.9", " 5.4", " 5.8", " 6.0", " 4.6", " 6.0", " 4.8", " 5.2", " 3.7", " 6.4", " 6.0", " 5.6", " 4.5", " 5.6", " 6.6", " 4.8", " 5.6"
"257", "", "False", "1-(3,5-Dihydroxyphenyl)-12-hydroxy-2-tridecanyl acetate", "C21 H34 O5", "Full match", " Full match", " No results", " Partial match", " Partial match", "1.17", "366.24105", "365.23378", "2.968", "22914420.4851964", "15", "1", "0", "67.0", "8.4", "", "No matches found", " No matches found", " No matches found", " No matches found", " No matches found", "", "Multiple matches found", "PreferredDDA", "", "[M-H]-1", "2417799.15947802", " 8776884.12301815", " 1704644.20482634", " 9014734.47585177", " 10537178.3268483", "8.21676975972581", " 42.8814328716759", " 7.24427277550927", " 80.288463969772", " 44.9415467597474", "1.418", " 5.288", " 6.181", " 0.974", " 1.169", "0.50", " 2.40", " 2.63", " -0.04", " 0.23", "0.966535881026969", " 0.0130695504686602", " 0.000571353743508585", " 0.937415172705581", " 0.516681255427747", "0.999999999946231", " 0.170604916654999", " 0.0125935887631684", " 0.999999999996915", " 1", "6.2", "", " ", " ", " ", " ", " 4.5", " 4.1", " ", " 4.8", " 5.1", " ", " 5.2", " 5.5", " 5.5", " 4.8", " ", " ", " 5.4", " 3.9", " ", " ", " ", " 5.8", " 6.2", " ", " 3.3", " 4.5", " 5.0", " 5.5", " 5.2", " 5.5", " 5.5", " 5.5", " 5.2", " 5.5", " ", " 5.2", " 3.6", " 5.1", " 3.7"
"252", "", "False", "Colocynthenin F", "C32 H48 O10", "No match", " No results", " No results", " No match", " Full match", "3.78", "592.32699", "591.31971", "1.984", "22911113.3869987", "1", "0", "0", "", "", "", "No matches found", " No matches found", " No matches found", " No matches found", " No matches found", "", "Single match found", "PreferredDDA", "CO2", "[M-H]-1", "417037.581842067", " 3788173.27612529", " 606363.390958159", " 4707182.89242011", " 7048846.04476214", "32.0612737600795", " 37.1652874492727", " 88.5524926592546", " 76.739863922531", " 84.8142409338169", "0.688", " 7.763", " 11.625", " 0.805", " 1.497", "-0.54", " 2.96", " 3.54", " -0.31", " 0.58", "0.85041479838586", " 0.00382160160820311", " 0.000132731176271994", " 0.99999999457173", " 0.494086727595129", "0.999999999946231", " 0.0597261737053457", " 0.00351073961239424", " 0.999999999996915", " 1", "6.6", "3.9", " 1.3", " 3.5", " ", " 2.8", " 2.0", " 1.3", " ", " 5.3", " 6.5", " ", " 5.9", " 6.5", " 5.1", " 6.5", " 6.3", " 2.7", " ", " 1.5", " 2.7", " 3.4", " 1.9", " 5.4", " ", " 5.2", " 3.4", " 5.4", " 4.6", " 6.0", " 5.8", " 5.6", " 6.2", " 4.6", " ", " 3.9", " ", " 5.2", " 5.1", " 6.6", " 6.0"
"205", "", "False", "PA(P-16:0/16:1(9Z))", "C35 H67 O7 P", "Not the top hit", " No results", " No results", " Full match", " Full match", "1.04", "630.46310", "629.45582", "7.569", "22851390.3280291", "2", "0", "0", "", "", "", "No matches found", " No matches found", " No matches found", " No matches found", " No matches found", "", "Multiple matches found", "PreferredDDA", "", "[M-H]-1", "8798946.4494525", " 10022318.6106122", " 8724043.67410209", " 9009554.43480897", " 8264830.10748708", "41.4815377235641", " 49.9922673845308", " 37.8160946143148", " 33.0367155735929", " 20.5925773823925", "1.009", " 1.033", " 0.947", " 1.112", " 0.917", "0.01", " 0.05", " -0.08", " 0.15", " -0.12", "0.97075252705223", " 0.999999993315196", " 0.999999999989137", " 0.882068686934624", " 0.999999997603629", "0.999999999946231", " 1", " 1", " 0.999999999996915", " 1", "6.9", "5.5", " 5.1", " 2.4", " 2.6", " 2.2", " 1.8", " ", " 5.0", " 2.4", " 6.2", " 2.8", " 2.6", " 2.4", " 2.8", " 2.6", " 1.4", " 4.1", " 5.4", " 3.8", " 5.4", " 1.9", " 3.8", " 6.9", " 3.1", " 3.1", " 1.4", " 5.7", " 2.6", " 4.4", " 2.7", " ", " 3.5", " 4.7", " ", " 3.2", " 4.0", " 3.6", " 3.4", " 2.1", " 2.4"
"289", "", "False", "", "C33 H69 Cl N3 P", "Full match", " No results", " No results", " No results", " No results", "-3.60", "573.48970", "572.48242", "9.087", "22787746.1025345", "0", "0", "0", "", "", "", "No matches found", " No matches found", " No matches found", " No matches found", " No matches found", "", "No matches found", "PreferredDDA", "", "[M-H]-1", "6217352.19127744", " 5006326.69821429", " 7581244.32231384", " 9824514.84448721", " 3401227.06216062", "67.8538611762181", " 86.9175697514651", " 52.1038070023586", " 67.1113869001357", " 40.2801815323642", "0.820", " 1.296", " 0.449", " 0.510", " 0.346", "-0.29", " 0.37", " -1.16", " -0.97", " -1.53", "0.999982637723167", " 0.999981088961665", " 0.676928071901123", " 0.992912014370211", " 0.703167832768357", "0.999999999946231", " 1", " 1", " 0.999999999996915", " 1", "4.5", "2.7", " 3.9", " 3.2", " 2.8", " 2.7", " 2.7", " 3.5", " 2.6", " 3.0", " 4.1", " ", " 4.5", " 3.9", " 2.8", " ", " 2.6", " ", " 4.1", " 3.9", " 3.9", " 1.2", " 3.3", " 2.0", " ", " 2.5", " ", " 2.7", " 2.8", " 3.6", " 2.8", " 3.2", " 2.3", " 1.6", " 3.7", " 2.3", " 2.0", " 2.7", " 3.1", " ", " "
"176", "", "False", "FAHFA 20:4/20:4", "C40 H62 O4", "Not the top hit", " No results", " Full match", " Partial match", " Partial match", "-1.80", "606.46372", "605.45644", "7.600", "22570424.4008269", "4", "0", "2", "", "", "36.5", "No matches found", " No matches found", " No matches found", " Multiple matches found", " No matches found", "", "Multiple matches found", "PreferredDDA", "", "[M-H]-1", "1284582.22034532", " ", " 3133020.62308467", " 2482340.81759964", " 2829980.26569103", "25.0630032992977", " ", " 53.1450154191112", " 128.677616315984", " ", "0.410", " 0.792", " 0.903", " 0.000", " 1.140", "-1.29", " -0.34", " -0.15", " -Infinity", " 0.19", "0.627100205393811", " 0.962521323422219", " ", " ", " ", "0.999999999946231", " 1", " ", " ", " ", "6.5", "", " ", " ", " 6.5", " ", " ", " ", " 3.9", " ", " ", " ", " ", " ", " ", " ", " ", " 2.2", " 4.2", " ", " ", " ", " 3.1", " ", " ", " 5.0", " 1.3", " ", " ", " 5.4", " ", " ", " ", " ", " ", " ", " 2.7", " ", " ", " ", " "
"46", "", "False", "4-Dodecylbenzenesulfonic acid", "C18 H30 O3 S", "Full match", " Full match", " No results", " No results", " No results", "1.53", "326.19207", "325.18479", "10.851", "22211418.9464513", "0", "3", "0", "99.6", "10.0", "", "No matches found", " No matches found", " No matches found", " No matches found", " No matches found", "", "No matches found", "PreferredDDA", "", "[M-H]-1", "12778805.3831803", " 12710467.9455692", " 13794256.1155289", " 14741005.119193", " 14976406.5415995", "18.0823645614876", " 39.0167923280635", " 15.0088085662394", " 15.2901925823346", " 15.3465840419484", "0.926", " 1.069", " 1.086", " 0.862", " 1.016", "-0.11", " 0.10", " 0.12", " -0.21", " 0.02", "0.978965675615706", " 0.96619538502101", " 0.999675758041961", " 0.359249878213021", " 0.990879245556429", "0.999999999946231", " 1", " 1", " 0.999999999996915", " 1", "8.5", "8.5", " 7.3", " 8.5", " 8.1", " 8.1", " 7.0", " 8.1", " 8.1", " 6.3", " 6.7", " 7.2", " 6.3", " 6.7", " 6.9", " 6.9", " 7.5", " 7.7", " 8.1", " 8.1", " 8.1", " 8.5", " 8.5", " 8.5", " 8.1", " 8.5", " 8.5", " 8.5", " 7.7", " 7.3", " 8.5", " 8.1", " 7.7", " 8.1", " 8.1", " 8.1", " 8.1", " 7.3", " 8.5", " 7.7", " 8.5"
"474", "", "False", "PGF2alpha-11-acetate methyl ester", "C23 H38 O6", "Not the top hit", " No results", " No results", " Not the top hit", " Full match", "1.89", "410.26761", "409.26034", "3.076", "22170827.6887767", "2", "0", "0", "", "", "", "No matches found", " No matches found", " No matches found", " No matches found", " No matches found", "", "Single match found", "PreferredDDA", "", "[M-H]-1", "2721102.15910247", " 10615291.1103837", " 1517472.12342204", " 7033050.54197495", " 9925334.62477286", "72.7500799905442", " 34.951133150419", " 51.5164617190916", " 39.5399685573921", " 45.5360221718202", "1.793", " 4.635", " 6.541", " 1.509", " 1.411", "0.84", " 2.21", " 2.71", " 0.59", " 0.50", "0.270456236947211", " 8.29668960644625E-07", " 4.53599802163751E-08", " 0.902879525030893", " 0.75566806738093", "0.999999999946231", " 4.12571746793282E-05", " 4.79908590689249E-06", " 0.999999999996915", " 1", "5.7", "", " ", " 3.5", " 1.0", " 4.8", " 3.0", " 3.1", " ", " 5.7", " 3.3", " 1.4", " 3.3", " 1.8", " 5.0", " 1.6", " 2.2", " 1.0", " ", " 1.7", " 2.1", " 1.4", " 2.9", " 4.2", " ", " 3.7", " 4.1", " 1.9", " 3.8", " 1.9", " 2.3", " 2.7", " 3.5", " 1.4", " 3.9", " 2.0", " 4.5", " 1.3", " 3.6", " 4.1", " 1.8"
"391", "", "False", "(+/-)12(13)-DiHOME", "C18 H34 O4", "No match", " Invalid mass", " No results", " No match", " No match", "-57312.54", "296.23549", "295.22821", "5.434", "22072640.2629244", "55", "9", "0", "92.8", "9.6", "", "No matches found", " No matches found", " No matches found", " No matches found", " No matches found", "", "Multiple matches found", "PreferredDDA", "", "[M-H]-1", "3824358.53002573", " 12235478.7229161", " 5069267.03095767", " 8055157.38623541", " 5430425.8927791", "22.841570863212", " 35.1588418772274", " 38.8327394276314", " 67.304197349446", " 57.068110900362", "0.754", " 1.589", " 1.071", " 1.519", " 0.674", "-0.41", " 0.67", " 0.10", " 0.60", " -0.57", "0.805033439268778", " 0.531445781067579", " 0.996930804156864", " 0.875136026987756", " 0.738306872406872", "0.999999999946231", " 1", " 1", " 0.999999999996915", " 1", "5.6", "", " ", " 2.4", " 1.8", " 2.1", " ", " 1.8", " ", " 5.6", " 4.8", " ", " ", " 2.6", " 4.8", " 5.4", " 1.9", " 2.5", " 1.2", " 2.7", " 1.3", " 3.5", " 3.8", " 1.9", " 4.0", " 1.8", " 4.2", " 4.1", " 2.8", " 4.1", " 2.0", " 3.9", " 2.2", " 2.0", " 1.4", " 2.6", " 1.0", " 3.0", " 2.8", " 2.2", " 2.4"
"1594", "", "False", "", "C3 H10 Br N4 O2 P", "Invalid mass", " No results", " No results", " No results", " No results", "5.40", "243.97379", "242.96651", "3.816", "21893477.4806647", "0", "0", "0", "", "", "", "No matches found", " No matches found", " No matches found", " No matches found", " No matches found", "", "No matches found", "PreferredDDA", "CO2", "[M-H]-1", "12995602.8904847", " 21223468.9812756", " ", " 12138758.1850588", " 20708365.2913001", "96.8288661000942", " 1.17491365845704", " ", " 97.124804844804", " 0.961929119624359", "Infinity", " Infinity", " Infinity", " 1.748", " 1.706", "Infinity", " Infinity", " Infinity", " 0.81", " 0.77", "", " ", " ", " 0.736232770315854", " 0.750786248139588", "", " ", " ", " 0.999999999996915", " 1", "5.5", "", " ", " ", " ", " 2.2", " ", " 2.4", " ", " 5.5", " ", " ", " 5.5", " ", " ", " ", " ", " ", " ", " ", " ", " ", " ", " ", " ", " ", " ", " ", " ", " ", " 2.0", " ", " 2.4", " 5.5", " ", " ", " ", " ", " ", " ", " 5.5"
"459", "", "False", "(+/-)12(13)-DiHOME", "C18 H34 O4", "Full match", " Full match", " Full match", " Not the top hit", " Not the top hit", "1.82", "314.24628", "313.23901", "4.775", "21626629.811753", "44", "5", "5", "96.7", "64.2", "21.0", "No matches found", " No matches found", " No matches found", " Multiple matches found", " No matches found", "", "Multiple matches found", "PreferredDDA", "", "[M-H]-1", "10000590.8363444", " 13065288.4136173", " 12126979.0649584", " 11139642.1981196", " 11311645.3242861", "28.8951530118257", " 34.5939547774098", " 33.1039485366187", " 30.6710375717519", " 32.7112714765594", "0.825", " 0.919", " 0.933", " 1.173", " 1.015", "-0.28", " -0.12", " -0.10", " 0.23", " 0.02", "0.938536917305627", " 0.97273801472759", " 0.977975381920341", " 0.765007535861537", " 0.999999657772627", "0.999999999946231", " 1", " 1", " 0.999999999996915", " 1", "6.8", "5.1", " 5.9", " 6.8", " 5.9", " 6.1", " 6.8", " 6.8", " 2.6", " 3.7", " 4.4", " ", " 5.6", " 5.2", " 5.6", " 3.8", " 4.8", " 3.8", " 6.0", " 6.3", " 4.6", " 5.2", " 4.8", " 5.6", " 5.7", " 5.7", " 4.4", " 6.0", " 5.6", " 3.8", " 6.3", " 4.8", " 4.8", " 5.2", " 4.2", " 5.6", " 3.1", " 5.7", " 5.6", " 6.3", " 6.3"
"60", "", "False", "", "C32 H66 Cl N8 P", "Full match", " No results", " No results", " No results", " No results", "1.37", "628.48452", "627.47724", "10.856", "21434588.1896779", "0", "0", "0", "", "", "", "No matches found", " No matches found", " No matches found", " No matches found", " No matches found", "", "No matches found", "PreferredDDA", "", "[M-H]-1", "4503952.69983151", " 5771594.11705365", " 3874767.36658608", " 4889411.0198608", " 3507759.588544", "68.119899760378", " 80.4113708947774", " 42.4394505255324", " 33.5138404115365", " 71.5267919147784", "1.162", " 1.262", " 0.905", " 1.180", " 0.717", "0.22", " 0.34", " -0.14", " 0.24", " -0.48", "0.888099107259226", " 0.894587366985002", " 0.999773637815589", " 0.96789091169783", " 0.820706916529827", "0.999999999946231", " 1", " 1", " 0.999999999996915", " 1", "7.2", "5.2", " 6.0", " 7.0", " 6.7", " 5.4", " 5.6", " 6.1", " 5.0", " 5.8", " 6.7", " 6.4", " 6.7", " 6.7", " 7.0", " 6.7", " 5.4", " ", " 5.0", " 6.7", " 4.6", " 5.2", " 5.4", " 6.7", " 5.4", " 7.0", " 6.3", " ", " 6.5", " 7.2", " 6.5", " 6.9", " ", " 6.5", " 6.1", " 6.3", " 0.6", " ", " 6.7", " 6.7", " 6.7"
"367", "", "False", "3,3'-Diisopropyl-6,6'-dimethyl-2,2',5,5'-biphenyltetrol", "C20 H26 O4", "Full match", " Full match", " No results", " Partial match", " Partial match", "2.17", "330.18382", "329.17655", "3.090", "21249730.7853905", "6", "1", "0", "94.2", "9.7", "", "No matches found", " No matches found", " No matches found", " No matches found", " No matches found", "", "Multiple matches found", "PreferredDDA", "CO2", "[M-H]-1", "9054577.04846456", " 7414374.36588771", " 4763841.37696458", " 7559361.91964249", " 7590551.03703362", "73.383400447164", " 43.42964465546", " 112.841968933325", " 72.290002914565", " 69.1988170009433", "1.901", " 1.587", " 1.593", " 0.981", " 1.004", "0.93", " 0.67", " 0.67", " -0.03", " 0.01", "0.76388989349856", " 0.702125067122019", " 0.929619341866141", " 0.998999764356416", " 0.977897732749323", "0.999999999946231", " 1", " 1", " 0.999999999996915", " 1", "5.8", "5.0", " ", " ", " ", " ", " 5.1", " 5.1", " 4.5", " 3.7", " ", " 1.4", " 2.6", " 5.1", " 2.6", " 3.0", " 3.3", " 4.8", " 4.5", " ", " ", " ", " ", " ", " 5.1", " 3.5", " 3.1", " 5.2", " 4.1", " 3.1", " 3.9", " 4.3", " 5.8", " 5.8", " 2.3", " 4.7", " 2.3", " ", " ", " 5.6", " 5.2"
"227", "", "False", "2,6-di-tert-Butylphenol", "C14 H22 O", "Full match", " Full match", " No results", " Partial match", " Partial match", "-1.91", "206.16667", "205.15940", "6.391", "20391579.5933559", "6", "3", "0", "99.9", "10.0", "", "No matches found", " No matches found", " No matches found", " No matches found", " No matches found", "", "Multiple matches found", "PreferredDDA", "", "[M-H]-1", "11304452.0816137", " 13287779.2381594", " 9358811.93058889", " 11233293.940778", " 13263615.9892483", "40.3239682729471", " 34.0695810500811", " 31.8484985684492", " 29.7362829863063", " 19.2848680130513", "1.208", " 1.200", " 1.417", " 1.183", " 1.181", "0.27", " 0.26", " 0.50", " 0.24", " 0.24", "0.998651972984887", " 0.950080433174274", " 0.593347324203791", " 0.862495016439308", " 0.945515964508827", "0.999999999946231", " 1", " 1", " 0.999999999996915", " 1", "8.5", "6.4", " 6.0", " 6.2", " 5.8", " 6.4", " 6.2", " 6.2", " 5.6", " 7.5", " 7.1", " 6.7", " 7.1", " 7.1", " 6.7", " 6.9", " 7.2", " 7.1", " 6.9", " 7.5", " 6.9", " 7.1", " 7.2", " 7.1", " 6.9", " 8.0", " 7.6", " 7.4", " 7.2", " 7.6", " 7.2", " 7.4", " 7.0", " 7.7", " 7.7", " 7.7", " 7.7", " 7.5", " 8.1", " 7.7", " 8.5"
"279", "", "False", "", "C18 H31 N9 O S", "Full match", " No results", " No results", " No results", " No results", "0.07", "421.23726", "420.22998", "3.777", "20383791.4654776", "0", "0", "0", "", "", "", "No matches found", " No matches found", " No matches found", " No matches found", " No matches found", "", "No matches found", "PreferredDDA", "", "[M-H]-1", "4334641.07441837", " 2026383.47193388", " 2369155.04471769", " 2031644.68282102", " ", "77.5182711900829", " 36.7541528074272", " 54.0210097606579", " 42.7883050186974", " ", "1.830", " 0.858", " 0.000", " 0.997", " 0.000", "0.87", " -0.22", " -Infinity", " 0.00", " -Infinity", "0.0239990932383701", " 0.995143322473222", " ", " 0.991650789155615", " ", "0.993193243249472", " 1", " ", " 0.999999999996915", " ", "6.2", "4.2", " 5.4", " 5.8", " 3.9", " 6.2", " 3.7", " 5.8", " ", " 3.2", " ", " ", " ", " 2.9", " 4.9", " 2.4", " 2.6", " ", " ", " 3.5", " ", " 1.0", " ", " 5.4", " 0.8", " 5.2", " ", " 5.0", " 2.3", " ", " ", " ", " 1.9", " ", " ", " ", " ", " ", " ", " ", " "
"221", "", "False", "", "C37 H60 N6 O6", "Invalid mass", " No results", " No results", " No match", " No results", "5.31", "684.46107", "683.45379", "3.529", "20297326.9797261", "1", "0", "0", "", "", "", "No matches found", " No matches found", " No matches found", " No matches found", " No matches found", "", "No matches found", "PreferredDDA", "", "[M-H]-1", "4994156.87059194", " 5052647.12434601", " 4521123.94100875", " 7483727.32900418", " 8016826.69619649", "27.3020409803095", " 42.1698376255678", " 88.5318501722115", " 41.3924624922863", " 86.5168998163836", "1.105", " 1.655", " 1.773", " 0.675", " 1.071", "0.14", " 0.73", " 0.83", " -0.57", " 0.10", "0.993809052759051", " 0.950453041868835", " 0.878351896089111", " 0.981243847410201", " 0.99995942089745", "0.999999999946231", " 1", " 1", " 0.999999999996915", " 1", "5.9", "", " ", " ", " ", " 4.7", " 5.9", " 3.2", " ", " ", " ", " ", " ", " 3.7", " 3.9", " ", " ", " ", " ", " 3.9", " 2.1", " ", " 5.6", " ", " 5.0", " ", " ", " ", " ", " ", " ", " 1.8", " 1.8", " 3.6", " ", " 5.6", " ", " ", " 3.5", " ", " "
"112", "", "False", "", "C3 H2 N2 O3 P2 S2", "Full match", " No results", " No results", " No match", " No results", "3.51", "239.89905", "238.89177", "10.870", "20104797.2856496", "1", "0", "0", "", "", "", "No matches found", " No matches found", " No matches found", " No matches found", " No matches found", "", "No matches found", "PreferredDDA", "", "[M-H]-1", "", " ", " 18735695.8204752", " ", " 18499898.1916839", "", " ", " 1.78422283221179", " ", " 6.79625444922483", "0.000", " 0.000", " 0.987", " ", " Infinity", "-Infinity", " -Infinity", " -0.02", " ", " Infinity", "", " ", " 0.922278463179965", " ", " ", "", " ", " 1", " ", " ", "10.0", "", " ", " ", " ", " ", " ", " ", " ", " ", " ", " ", " ", " ", " ", " ", " ", " ", " ", " ", " 10.0", " 10.0", " 10.0", " ", " ", " ", " ", " ", " ", " ", " ", " ", " ", " 9.5", " ", " ", " ", " 9.5", " 9.5", " ", " "
"226", "", "False", "9,10-epoxy-11,13-docosadiynoic acid", "C22 H34 O3", "Full match", " No results", " No results", " Not the top hit", " Full match", "1.37", "346.25127", "345.24399", "6.740", "19611146.695944", "8", "0", "0", "", "", "", "No matches found", " No matches found", " No matches found", " No matches found", " No matches found", "", "Multiple matches found", "PreferredDDA", "", "[M-H]-1", "4430253.21819927", " 7713333.99306771", " 1130159.63488815", " 2302953.54720778", " 1957219.68585186", "67.655789998352", " 67.3066664132298", " 41.3583503863848", " 69.3025305227161", " 64.6004383182732", "3.920", " 2.038", " 1.732", " 3.349", " 0.850", "1.97", " 1.03", " 0.79", " 1.74", " -0.23", "0.00471955506186794", " 0.604401877180017", " 0.51871189155414", " 0.00722383233272761", " 0.999881885400547", "0.50782412465699", " 1", " 1", " 0.44209853876293", " 1", "6.7", "5.1", " 6.2", " 6.0", " 4.6", " 5.0", " 6.7", " 4.5", " 3.8", " 5.6", " 6.6", " ", " 5.8", " 6.6", " 6.6", " 5.4", " 6.4", " 1.5", " 2.5", " 6.5", " ", " 3.6", " 2.3", " 1.4", " ", " 1.9", " 2.9", " 5.0", " 4.1", " 5.8", " 5.4", " 3.6", " 3.6", " 2.5", " 1.7", " 3.3", " 2.1", " 5.4", " 6.4", " 5.4", " 5.4"
"284", "", "False", "FAHFA 20:4/2:0", "C22 H34 O4", "Invalid mass", " No results", " Invalid mass", " Invalid mass", " No results", "-5.07", "362.24387", "361.23660", "7.769", "19309492.1350805", "17", "0", "2", "", "", "5.4", "No matches found", " No matches found", " No matches found", " Multiple matches found", " No matches found", "", "No matches found", "PreferredDDA", "", "[M-H]-1", "15315626.8774519", " 11497112.8833343", " 14329094.3042223", " 12283400.6427029", " 16209817.4148169", "18.7334083974434", " 45.2567793656068", " 17.9596808570785", " 16.2659056760732", " 29.2303885277496", "1.069", " 0.857", " 1.131", " 0.936", " 1.320", "0.10", " -0.22", " 0.18", " -0.10", " 0.40", "0.997376645451327", " 0.918916742387412", " 0.999154669884532", " 0.671157376565056", " 0.972864734565109", "0.999999999946231", " 1", " 1", " 0.999999999996915", " 1", "6.0", "3.9", " 6.0", " 3.2", " 3.2", " 2.8", " 2.4", " 3.2", " ", " 2.4", " 2.4", " 2.3", " 1.3", " 2.2", " 1.7", " 3.2", " 2.2", " 2.4", " 2.4", " 3.9", " 4.3", " 3.2", " 2.8", " 2.4", " ", " ", " 5.8", " ", " 3.9", " 3.9", " ", " 3.9", " 2.4", " 2.3", " 4.2", " 3.4", " ", " 3.4", " 2.3", " 1.9", " 3.6"
"166", "", "False", "7-heptadecynoic acid", "C17 H30 O2", "Full match", " No results", " No results", " Partial match", " Full match", "1.00", "266.22485", "265.21757", "7.332", "19259655.858239", "19", "0", "0", "", "", "", "No matches found", " No matches found", " No matches found", " No matches found", " No matches found", "", "Multiple matches found", "PreferredDDA", "", "[M-H]-1", "4630532.0618035", " 4946158.73211224", " 5977152.99318662", " 6948603.65985675", " 4374476.3885064", "49.493559738248", " 78.2418243136085", " 64.1219786424887", " 40.5264702941357", " 50.6986424392574", "0.775", " 1.163", " 0.732", " 0.712", " 0.630", "-0.37", " 0.22", " -0.45", " -0.49", " -0.67", "0.671789911845658", " 0.763305250094418", " 0.975188164139257", " 0.741613795682256", " 0.405981169058962", "0.999999999946231", " 1", " 1", " 0.999999999996915", " 1", "6.7", "", " 3.1", " 6.0", " 3.5", " 1.8", " 6.4", " 5.2", " 2.5", " 5.0", " 5.2", " 4.7", " 5.4", " 3.7", " 5.6", " 5.4", " 5.8", " 3.3", " 4.5", " 5.8", " 5.8", " 4.8", " 2.3", " 5.8", " 4.1", " 5.6", " 5.6", " 4.3", " 5.8", " 4.1", " 4.3", " 5.6", " 4.1", " 5.2", " 3.5", " 3.5", " 4.8", " 4.5", " 6.7", " 3.3", " 5.2"
"254", "", "False", "alpha-hydroxy lauric acid", "C12 H24 O3", "Full match", " No results", " No results", " Not the top hit", " Full match", "-1.10", "216.17231", "215.16503", "4.879", "19076257.3644428", "15", "0", "0", "", "", "", "No matches found", " No matches found", " No matches found", " No matches found", " No matches found", "", "Multiple matches found", "PreferredDDA", "", "[M-H]-1", "2867397.10392152", " 8270538.90167813", " 2909708.29170302", " 9057122.12821251", " 6677549.80182627", "56.2991881885368", " 50.4641182979006", " 36.8924974045958", " 44.6750713662376", " 68.2538350971536", "0.985", " 3.113", " 2.295", " 0.913", " 0.737", "-0.02", " 1.64", " 1.20", " -0.13", " -0.44", "0.999566835301979", " 0.0018155209058609", " 0.0348949553759285", " 0.999999760830115", " 0.797388496427653", "0.999999999946231", " 0.0320351592098682", " 0.297732764417196", " 0.999999999996915", " 1", "6.9", "5.0", " 3.9", " 5.0", " 5.4", " 4.2", " 5.6", " 4.8", " 3.6", " 5.6", " 6.2", " 5.5", " 6.4", " 6.2", " 6.0", " 5.0", " 6.0", " 4.4", " 6.9", " 4.7", " 4.1", " 5.1", " 4.0", " 6.1", " 5.5", " 5.6", " 5.6", " 5.8", " 6.2", " 6.0", " 6.2", " 6.0", " 6.0", " 5.6", " 6.0", " 5.2", " 4.0", " 5.6", " 6.6", " 6.0", " 6.2"
"443", "", "False", "Prostaglandin B1", "C20 H32 O4", "Full match", " Full match", " Full match", " Partial match", " Not the top hit", "1.91", "336.23070", "335.22342", "3.894", "18976478.4505325", "78", "20", "5", "98.1", "9.9", "6.0", "Multiple matches found", " No matches found", " No matches found", " Single match found", " No matches found", "", "Multiple matches found", "PreferredDDA", "", "[M-H]-1", "5832719.2100145", " ", " 5441258.54176215", " 2459557.42597784", " ", "37.7512978354987", " ", " 81.8239905508369", " ", " ", "1.072", " 0.452", " 0.000", " 0.000", " 0.000", "0.10", " -1.15", " -Infinity", " -Infinity", " -Infinity", "0.997877573602302", " ", " ", " ", " ", "0.999999999946231", " ", " ", " ", " ", "4.7", "", " 3.8", " 2.3", " 3.5", " 1.7", " 3.7", " 1.9", " ", " ", " ", " ", " ", " ", " ", " ", " ", " ", " 3.5", " 4.7", " 2.6", " 2.6", " 3.0", " 0.8", " ", " 1.6", " ", " ", " ", " ", " ", " ", " ", " ", " ", " ", " ", " ", " ", " ", " "
"336", "", "False", "?17-6-keto prostaglandin F1a", "C20 H32 O6", "No match", " Invalid mass", " No match", " No match", " No match", "-48911.01", "350.20988", "349.20260", "4.005", "18837720.159971", "28", "9", "2", "87.8", "9.4", "2.1", "Multiple matches found", " No matches found", " No matches found", " No matches found", " No matches found", "", "Multiple matches found", "PreferredDDA", "CO2", "[M-H]-1", "3689391.39828902", " 4445805.11396026", " 5726110.911614", " 3774675.87221596", " 4732534.32615383", "63.3077886567702", " 41.357950983929", " 76.4167198332083", " 55.0098058207288", " 63.7803081821475", "0.644", " 0.659", " 0.826", " 1.178", " 1.254", "-0.63", " -0.60", " -0.27", " 0.24", " 0.33", "0.713174863420021", " 0.28226485405924", " 0.999047118358977", " 0.688965735446494", " 0.41690328652023", "0.999999999946231", " 1", " 1", " 0.999999999996915", " 1", "5.5", "", " 3.3", " 1.2", " 2.0", " 2.3", " 2.4", " 3.3", " 1.7", " 2.7", " 2.2", " ", " 1.4", " 3.0", " 3.3", " 2.3", " 2.7", " 2.7", " ", " 4.3", " 3.1", " 2.2", " 2.6", " 3.7", " 4.1", " 1.6", " 0.6", " 1.6", " 3.0", " 1.0", " 2.6", " 1.4", " 3.3", " 3.7", " 2.3", " 4.1", " ", " 3.0", " 5.5", " 3.3", " 3.1"
"409", "", "False", "", "C21 H42 N6 O4 P2", "Full match", " No results", " No results", " No results", " No results", "3.84", "504.27621", "503.26893", "3.341", "18555905.5603901", "0", "0", "0", "", "", "", "No matches found", " No matches found", " No matches found", " No matches found", " No matches found", "", "No matches found", "PreferredDDA", "", "[M-H]-1", "3491611.49725437", " 12347769.3598867", " 6716562.2822327", " 10227434.5616939", " 5998247.64324618", "38.8283209275081", " ", " 27.1264095889716", " 115.163158161888", " ", "0.520", " 1.523", " 0.893", " 1.207", " 0.586", "-0.94", " 0.61", " -0.16", " 0.27", " -0.77", "0.94502554624662", " 0.999949565522399", " ", " ", " ", "0.999999999946231", " 1", " ", " ", " ", "5.7", "", " 5.7", " ", " ", " ", " ", " ", " 3.2", " ", " ", " ", " ", " ", " 3.6", " ", " ", " 2.8", " ", " ", " 2.4", " ", " ", " ", " ", " 3.3", " ", " ", " ", " ", " ", " 4.7", " ", " ", " ", " ", " ", " ", " ", " ", " 4.5"
"771", "", "False", "?17-6-keto prostaglandin F1a", "C20 H32 O6", "No match", " Invalid mass", " No match", " No match", " No match", "-48910.69", "350.21000", "349.20272", "1.733", "18500557.1737498", "28", "11", "2", "88.3", "9.4", "20.1", "Multiple matches found", " No matches found", " No matches found", " No matches found", " No matches found", "", "Multiple matches found", "PreferredDDA", "CO2", "[M-H]-1", "", " 10862467.893156", " ", " 12455069.6368472", " 9863841.3695545", "", " 32.5958615669747", " ", " 51.145765978701", " 46.5923697919976", "", " Infinity", " Infinity", " 0.872", " 0.792", "", " Infinity", " Infinity", " -0.20", " -0.34", "", " ", " ", " 0.992986534351444", " 0.69688341839387", "", " ", " ", " 0.999999999996915", " 1", "5.2", "", " ", " ", " ", " ", " ", " ", " ", " 4.4", " 4.2", " ", " ", " 3.7", " 5.2", " 2.7", " 3.8", " ", " ", " ", " ", " ", " ", " ", " ", " 0.8", " 2.2", " ", " 3.2", " 2.8", " ", " 4.7", " 3.9", " 3.9", " 3.2", " 3.7", " 3.3", " 3.6", " ", " ", " 1.4"
"458", "", "False", "Tonapofylline", "C22 H32 N4 O4", "Full match", " No results", " No results", " Full match", " No results", "-1.53", "416.24172", "415.23444", "2.998", "18429744.0419385", "1", "0", "0", "", "", "", "No matches found", " No matches found", " No matches found", " No matches found", " No matches found", "", "No matches found", "PreferredDDA", "", "[M-H]-1", "2255998.09587291", " 3495358.5205692", " 2183349.4452195", " 4198359.7771936", " 3229871.03648817", "85.4193832341596", " 46.3202957435238", " 14.9364425025752", " 84.3125238993905", " 52.9821797431889", "1.033", " 1.923", " 1.479", " 0.833", " 0.769", "0.05", " 0.94", " 0.56", " -0.26", " -0.38", "0.990484877257827", " 0.306345819740722", " 0.676954659365654", " 0.614673958232439", " 0.909190480022251", "0.999999999946231", " 1", " 1", " 0.999999999996915", " 1", "5.8", "", " ", " 0.6", " ", " 2.0", " ", " 5.6", " ", " ", " 3.0", " 0.2", " 2.3", " 1.6", " 4.1", " 1.2", " 2.0", " ", " ", " 3.2", " ", " ", " ", " 3.0", " ", " 1.2", " ", " 2.6", " 2.2", " ", " 5.1", " 5.8", " 2.0", " ", " 4.1", " 1.6", " ", " ", " 3.7", " 2.3", " 2.0"
"244", "", "False", "FAHFA 18:2/20:4", "C38 H62 O4", "Not the top hit", " No results", " Full match", " No results", " No results", "-2.26", "582.46349", "581.45622", "7.714", "18234272.6097341", "0", "0", "2", "", "", "74.9", "No matches found", " No matches found", " No matches found", " Multiple matches found", " No matches found", "", "No matches found", "PreferredDDA", "", "[M-H]-1", "10273787.7000074", " 9437729.65223873", " 10940154.8583623", " 9958143.63355692", " 11650729.6660714", "21.036270175853", " 19.3022573789717", " 30.4199879721681", " 31.6335510973561", " 29.1014988293046", "0.939", " 0.910", " 1.065", " 0.948", " 1.170", "-0.09", " -0.14", " 0.09", " -0.08", " 0.23", "0.714294377899254", " 0.801556384454308", " 0.758395514687302", " 0.999951436217815", " 0.999989940932372", "0.999999999946231", " 1", " 1", " 0.999999999996915", " 1", "6.2", "3.8", " 1.7", " ", " 5.3", " 5.9", " 3.1", " 3.1", " 6.2", " 4.1", " 2.8", " ", " 5.5", " 2.6", " 3.7", " 4.1", " 6.2", " 4.1", " 6.0", " 2.2", " 3.8", " 2.9", " 3.7", " ", " 4.8", " 3.7", " 1.4", " ", " 2.7", " 2.3", " 3.1", " 2.9", " 3.3", " 3.2", " 2.7", " 3.4", " 5.5", " 4.2", " 2.4", " 1.9", " "
"385", "", "False", "FAHFA 2:0/16:2", "C18 H30 O4", "Not the top hit", " No results", " Full match", " Partial match", " Partial match", "1.65", "310.21492", "309.20765", "5.165", "18232811.7973143", "31", "0", "1", "", "", "42.0", "No matches found", " No matches found", " No matches found", " Single match found", " No matches found", "", "Multiple matches found", "PreferredDDA", "", "[M-H]-1", "901165.94756215", " 1294399.85203867", " 1406526.94790445", " 1666798.27005886", " 1441942.05890902", "25.5456405971844", " 165.17436283742", " ", " 17.95905179562", " 30.3886921405106", "0.641", " 1.185", " 1.025", " 0.777", " 0.865", "-0.64", " 0.24", " 0.04", " -0.36", " -0.21", "", " ", " ", " 0.975552721684455", " 0.999835282058895", "", " ", " ", " 0.999999999996915", " 1", "4.8", "2.4", " ", " ", " ", " ", " ", " 1.4", " ", " 0.8", " ", " 2.0", " 0.6", " 1.7", " 4.8", " ", " ", " ", " ", " 1.7", " ", " ", " ", " ", " ", " 4.4", " 4.4", " 2.9", " 3.6", " ", " 2.5", " 3.6", " ", " 0.7", " 4.1", " ", " ", " 3.0", " 3.2", " 2.6", " 1.5"
"325", "", "False", "14-hydroxy-12-tetradecenoic acid", "C14 H26 O3", "Full match", " No results", " No results", " Not the top hit", " Full match", "0.15", "242.18823", "241.18095", "5.311", "18189622.4852863", "12", "0", "0", "", "", "", "No matches found", " No matches found", " No matches found", " No matches found", " No matches found", "", "Multiple matches found", "PreferredDDA", "", "[M-H]-1", "3737297.36641574", " 5514755.85164854", " 4307548.43074234", " 7372099.59487126", " 6170600.54286165", "24.9246897700141", " 44.2753011151463", " 50.8013769541668", " 24.396046414851", " 58.2751596745447", "0.868", " 1.711", " 1.433", " 0.748", " 0.837", "-0.20", " 0.78", " 0.52", " -0.42", " -0.26", "0.925246124634983", " 0.188197520493918", " 0.305699397593568", " 0.821823465659565", " 0.995680480256672", "0.999999999946231", " 0.971170223680877", " 1", " 0.999999999996915", " 1", "6.6", "3.7", " 1.5", " ", " ", " ", " 4.0", " 5.9", " ", " 3.7", " 5.1", " 1.8", " 5.2", " 3.0", " 3.3", " 2.0", " 5.2", " ", " 3.7", " 1.6", " 1.2", " 1.3", " ", " 2.2", " 1.2", " 5.1", " ", " 5.1", " 5.3", " 6.2", " 6.6", " 5.5", " 5.1", " 2.6", " 3.7", " 3.0", " 1.1", " 4.1", " 5.5", " 4.8", " 4.5"
"433", "", "False", "", "C13 H25 N O3", "Full match", " No results", " No results", " No results", " No results", "0.35", "243.18353", "242.17625", "3.154", "18180466.0591159", "0", "0", "0", "", "", "", "No matches found", " No matches found", " No matches found", " No matches found", " No matches found", "", "No matches found", "PreferredDDA", "CO2", "[M-H]-1", "14187923.1323113", " 14487256.4741991", " 14115871.3437995", " 13256999.7186304", " 15232230.9610659", "7.9860383078027", " 10.5716068944121", " 17.8056075356426", " 4.15560513497074", " 3.72053595876436", "1.005", " 0.939", " 1.079", " 1.093", " 1.149", "0.01", " -0.09", " 0.11", " 0.13", " 0.20", "0.99887795098375", " 0.883504318233465", " 0.977542038515704", " 0.957506854146037", " 0.681876815498429", "0.999999999946231", " 1", " 1", " 0.999999999996915", " 1", "8.5", "", " 7.6", " ", " ", " ", " 6.1", " ", " ", " 6.3", " ", " ", " ", " ", " ", " 4.4", " 5.6", " 5.5", " 6.6", " ", " 5.1", " 5.5", " ", " ", " 5.5", " ", " ", " 6.2", " ", " 6.6", " ", " ", " ", " 5.8", " ", " ", " 8.5", " ", " ", " 6.6", " 6.2"
"352", "", "False", "Lophachinin D", "C20 H26 O4", "Full match", " No results", " No results", " Not the top hit", " Full match", "2.19", "330.18383", "329.17657", "4.291", "18113819.2494249", "6", "0", "0", "", "", "", "No matches found", " No matches found", " No matches found", " No matches found", " No matches found", "", "Multiple matches found", "PreferredDDA", "CO2", "[M-H]-1", "3580891.57185718", " 2574901.65709717", " 7055269.63780162", " 3568590.14156074", " 3897963.19463245", "91.5730775796263", " 70.8041959160157", " 61.8835421516301", " 67.1730551664518", " 70.3470771025952", "0.508", " 0.506", " 0.552", " 0.722", " 1.092", "-0.98", " -0.98", " -0.86", " -0.47", " 0.13", "0.895771545128147", " 0.668067632925188", " 0.560015148938874", " 0.861838905163139", " 0.999735867819295", "0.999999999946231", " 1", " 1", " 0.999999999996915", " 1", "6.0", "", " 1.6", " 3.5", " 5.6", " 3.5", " 5.8", " 5.8", " 5.2", " 3.3", " 1.6", " 1.6", " 2.7", " 3.7", " 3.1", " 1.4", " ", " 3.9", " ", " ", " 4.8", " 4.5", " 5.8", " 5.6", " 5.6", " 4.6", " 1.7", " 6.0", " 5.6", " ", " 3.9", " 1.7", " 5.2", " 5.6", " 1.5", " 4.8", " ", " 3.5", " 5.8", " 4.6", " 5.4"
"263", "", "False", "", "C75 H123 N2 O5 P3", "Full match", " No results", " No results", " No results", " No results", "0.01", "1224.86450", "611.42497", "3.349", "17864651.0982577", "0", "0", "0", "", "", "", "No matches found", " No matches found", " No matches found", " No matches found", " No matches found", "", "No matches found", "OtherDDA", "", "[M-2H]-2", "4302838.74428568", " 5141842.75220462", " 1137125.25561794", " 8258221.63077096", " 2317073.03335444", "108.349149811477", " 79.6774113709745", " 38.4312761818002", " 65.4755147640306", " 56.9138017750221", "3.784", " 7.262", " 2.038", " 0.623", " 0.281", "1.92", " 2.86", " 1.03", " -0.68", " -1.83", "0.569081160421385", " 0.0197160385895316", " 0.531374831051367", " 0.986517850891439", " 0.433105279570312", "0.999999999946231", " 0.229461129967528", " 1", " 0.999999999996915", " 1", "5.5", "", " ", " 1.7", " ", " 2.6", " ", " ", " ", " 2.9", " 5.2", " 2.6", " ", " 2.4", " 3.9", " 3.3", " ", " 1.6", " 3.8", " ", " 1.1", " ", " ", " ", " ", " ", " ", " 1.4", " 3.9", " 4.6", " 3.7", " 5.5", " 3.0", " ", " ", " 2.1", " ", " 3.5", " ", " 5.2", " "
"276", "", "False", "14-hydroxy-12-tetradecenoic acid", "C14 H26 O3", "Full match", " No results", " No results", " Not the top hit", " Full match", "0.24", "242.18825", "241.18098", "5.502", "17802248.3115365", "12", "0", "0", "", "", "", "No matches found", " No matches found", " No matches found", " No matches found", " No matches found", "", "Multiple matches found", "PreferredDDA", "", "[M-H]-1", "2631028.31767806", " 6656461.93101295", " 2720799.05086811", " 4573943.62120899", " 4325836.34836007", "8.75056072739171", " 63.3689374578194", " ", " 32.9747719827594", " 78.9129390542475", "0.967", " 1.681", " 1.590", " 1.455", " 0.946", "-0.05", " 0.75", " 0.67", " 0.54", " -0.08", "", " ", " ", " 0.594597348889228", " 0.999999739196484", "", " ", " ", " 0.999999999996915", " 1", "7.5", "7.5", " ", " 4.5", " ", " ", " ", " ", " ", " ", " 5.8", " ", " 4.8", " 5.8", " 5.6", " 4.2", " 6.0", " ", " 2.3", " ", " ", " ", " ", " ", " ", " 5.4", " 6.1", " 6.1", " 5.4", " 6.1", " 6.5", " 6.5", " 4.7", " 4.2", " 5.6", " 3.9", " 2.3", " 5.2", " 5.5", " 4.6", " 4.5"
"264", "", "False", "PA(O-16:0/12:0)", "C31 H63 O7 P", "Not the top hit", " No results", " No results", " Full match", " Full match", "1.43", "578.43197", "577.42469", "7.212", "17719764.7085882", "1", "0", "0", "", "", "", "No matches found", " No matches found", " No matches found", " No matches found", " No matches found", "", "Single match found", "PreferredDDA", "", "[M-H]-1", "5751811.90402399", " 4451307.34416858", " 7752092.64470572", " 11948161.3805673", " 5241355.01745733", "36.6323604452154", " 41.0176585178021", " 74.9133163017704", " 41.8181184344569", " 56.2416661984112", "0.742", " 1.541", " 0.676", " 0.373", " 0.439", "-0.43", " 0.62", " -0.56", " -1.42", " -1.19", "0.998797358539256", " 0.411442335234177", " 0.999997667084038", " 0.115944744013413", " 0.409050990671275", "0.999999999946231", " 1", " 1", " 0.999999999996915", " 1", "5.5", "3.5", " 2.1", " ", " 3.2", " 3.1", " 4.6", " 2.3", " ", " 3.1", " 3.0", " ", " 0.8", " 1.4", " 2.6", " ", " 2.0", " 2.6", " 3.5", " 2.0", " 0.6", " 2.2", " 5.0", " 1.7", " ", " 2.6", " 2.2", " 1.3", " 2.0", " 2.4", " 2.8", " 1.4", " 3.2", " 2.6", " 3.3", " 2.2", " 2.1", " 3.3", " 4.8", " 4.7", " 5.5"
"472", "", "False", "Perfluoro-1-octanesulfonic acid (PFOS)", "C8 H F17 O3 S", "No match", " Full match", " No results", " Full match", " No results", "1.89", "499.93844", "498.93116", "9.481", "17714420.0089033", "1", "1", "0", "98.8", "9.9", "", "No matches found", " No matches found", " No matches found", " No matches found", " No matches found", "", "No matches found", "PreferredDDA", "", "[M-H]-1", "4986480.71743052", " 9153842.15064182", " 7288275.16793413", " 8341092.0174814", " 7533632.53354072", "48.890111097784", " 29.6492503937018", " 35.4950971785425", " 34.9266768397481", " 54.1691282296919", "0.684", " 1.144", " 1.034", " 1.097", " 0.903", "-0.55", " 0.19", " 0.05", " 0.13", " -0.15", "0.723172911536365", " 0.978229926009203", " 0.99761891397021", " 0.998366362833534", " 0.998919435048914", "0.999999999946231", " 1", " 1", " 0.999999999996915", " 1", "6.1", "2.7", " 2.7", " 3.6", " 3.7", " 3.3", " 3.3", " 4.1", " 2.9", " 4.7", " 3.8", " 3.2", " 5.3", " 6.1", " 4.9", " 5.9", " 4.3", " 3.2", " ", " 2.7", " 4.2", " 4.2", " 4.4", " 4.2", " 4.6", " 3.5", " 4.4", " 3.1", " 3.3", " 3.2", " 5.7", " 4.6", " 4.2", " 4.8", " 4.1", " 4.5", " 3.9", " 4.3", " 3.9", " 4.1", " 4.5"
"378", "", "False", "Methyl 7-oxo-11E-tetradecenoate", "C15 H26 O3", "Full match", " No results", " No results", " Not the top hit", " Full match", "0.82", "254.18840", "253.18113", "5.464", "17674633.1921223", "7", "0", "0", "", "", "", "No matches found", " No matches found", " No matches found", " No matches found", " No matches found", "", "Multiple matches found", "PreferredDDA", "", "[M-H]-1", "4995832.10167004", " 2796570.0615157", " 3020694.73413351", " 5542023.3676625", " 3495751.05946271", "80.823682810991", " 49.3616027257981", " 33.069390177981", " 34.7341627676217", " 70.1834423107653", "1.654", " 1.835", " 1.157", " 0.505", " 0.631", "0.73", " 0.88", " 0.21", " -0.99", " -0.66", "0.262388233378259", " 0.239967844480862", " 0.940777689682681", " 0.326304992397524", " 0.613770935488716", "0.999999999946231", " 1", " 1", " 0.999999999996915", " 1", "6.1", "2.9", " ", " 2.6", " 4.2", " 4.5", " 4.3", " 5.5", " ", " 1.7", " 3.1", " ", " 4.5", " 5.0", " 4.5", " ", " 3.9", " ", " 3.4", " 2.5", " 2.9", " 2.5", " 4.6", " 2.1", " 2.5", " 2.7", " 3.5", " 5.0", " 6.1", " 4.7", " 3.1", " 4.6", " ", " 1.6", " 5.1", " 2.0", " 2.9", " 3.3", " 4.8", " 5.0", " 3.9"
"345", "", "False", "Certonardosterol L", "C27 H46 O5", "Full match", " No results", " No results", " Not the top hit", " Full match", "1.80", "450.33534", "449.32804", "4.144", "17623054.4676275", "25", "0", "0", "", "", "", "No matches found", " No matches found", " No matches found", " No matches found", " No matches found", "", "Multiple matches found", "PreferredDDA", "", "[M-H]-1", "1344295.00008556", " 4486829.14215747", " 1303280.86750307", " 3803511.16126585", " 5640637.35259362", "37.0025925038472", " 50.7423962175425", " 43.0971093337577", " 103.340693022448", " 49.8549904768996", "1.031", " 2.918", " 4.328", " 1.180", " 1.483", "0.04", " 1.55", " 2.11", " 0.24", " 0.57", "0.999837728306269", " 0.181609092526048", " 0.0312123325498581", " 0.872776361303417", " 0.788876495782531", "0.999999999946231", " 0.958813836137332", " 0.279852947777541", " 0.999999999996915", " 1", "5.8", "", " ", " 1.1", " ", " 1.5", " 1.5", " 1.7", " ", " 2.3", " 3.6", " ", " 3.3", " 2.2", " 2.2", " 1.6", " 3.1", " ", " 2.3", " 1.1", " ", " ", " ", " ", " 1.0", " 2.1", " 0.8", " 3.0", " 1.6", " 2.7", " ", " 5.8", " 2.6", " 2.6", " 2.0", " 4.8", " ", " 2.6", " 3.6", " 1.8", " 4.1"
"280", "", "False", "16:4(4Z,7Z,10Z,13Z)", "C16 H24 O2", "Full match", " No results", " No results", " Not the top hit", " Full match", "0.53", "248.17776", "247.17048", "6.132", "17347322.9207459", "18", "0", "0", "", "", "", "No matches found", " No matches found", " No matches found", " No matches found", " No matches found", "", "Multiple matches found", "PreferredDDA", "CO2", "[M-H]-1", "1144443.56710615", " 3812489.74187769", " 958733.547416043", " 12316239.745659", " 4870968.28622415", "29.5255227181064", " 46.7922270966306", " 53.4887885864958", " 39.1274087939453", " 47.3016645491575", "1.194", " 12.846", " 5.081", " 0.310", " 0.395", "0.26", " 3.68", " 2.35", " -1.69", " -1.34", "0.999938505398336", " 6.40420938502473E-10", " 3.00005945441661E-06", " 0.000435529863628048", " 0.0377596653149863", "0.999999999946231", " 1.75155126680426E-07", " 0.000122079342414338", " 0.0888480921801218", " 1", "7.5", "4.6", " 3.3", " 2.8", " 2.5", " 3.5", " 3.9", " 5.8", " ", " 5.8", " 4.1", " 3.7", " 5.4", " 5.6", " 6.0", " 3.3", " 5.4", " 4.5", " 5.9", " 5.8", " 4.2", " 4.8", " 5.3", " 5.5", " 4.5", " 7.2", " 7.2", " 7.5", " 7.5", " 6.7", " 7.5", " 7.1", " 7.2", " 5.4", " 6.4", " 6.1", " 6.4", " 6.4", " 7.0", " 6.0", " 6.0"
"362", "", "False", "FAHFA 20:4/2:0", "C22 H34 O4", "Invalid mass", " No results", " Invalid mass", " Invalid mass", " No results", "-5.23", "362.24382", "361.23654", "7.668", "17234807.5768099", "17", "0", "2", "", "", "4.7", "No matches found", " No matches found", " No matches found", " Multiple matches found", " No matches found", "", "No matches found", "PreferredDDA", "", "[M-H]-1", "17234807.5768099", " ", " 17067730.8331514", " 4943080.85316859", " 11953757.1352293", "", " ", " ", " 0.403077384897269", " 60.417088108363", "1.010", " 0.290", " 0.700", " 0.000", " 2.418", "0.01", " -1.79", " -0.51", " -Infinity", " 1.27", "", " ", " ", " ", " 0.48923577403602", "", " ", " ", " ", " 1", "7.9", "", " ", " ", " ", " ", " ", " ", " 3.2", " ", " ", " ", " ", " ", " ", " ", " ", " ", " ", " ", " ", " ", " ", " ", " 2.8", " 5.6", " 7.9", " ", " ", " ", " ", " ", " ", " ", " ", " 5.2", " 3.2", " ", " ", " ", " "
"447", "", "False", "Tetradecanedioic acid", "C14 H26 O4", "Full match", " Full match", " No results", " Full match", " Not the top hit", "0.81", "258.18332", "257.17604", "2.622", "16788437.5091591", "6", "1", "0", "96.5", "9.8", "", "No matches found", " No matches found", " No matches found", " No matches found", " No matches found", "", "Multiple matches found", "PreferredDDA", "", "[M-H]-1", "3244089.48282411", " 2946002.42900182", " 1699834.86209644", " 4854252.49471045", " 2567642.88203709", "76.9015994642988", " 85.8340065196688", " 63.8265399114077", " 79.2952723294295", " 93.8784818966601", "1.908", " 2.856", " 1.511", " 0.607", " 0.529", "0.93", " 1.51", " 0.60", " -0.72", " -0.92", "0.885729056674862", " 0.470214385057925", " 0.778037243497203", " 0.966921533922417", " 0.962999214029012", "0.999999999946231", " 1", " 1", " 0.999999999996915", " 1", "6.2", "", " ", " 1.7", " 3.3", " 3.9", " 4.1", " 5.5", " ", " 3.1", " 3.5", " ", " 5.1", " ", " 5.2", " ", " 0.6", " ", " ", " ", " 1.4", " 2.5", " 4.8", " ", " 2.1", " 5.2", " 5.6", " 4.5", " 6.2", " 1.7", " 3.5", " 5.2", " ", " 3.1", " 5.8", " 2.3", " 1.7", " 6.2", " 4.5", " 2.1", " 1.4"
"370", "", "False", "Myristyl sulfate", "C14 H30 O4 S", "No match", " Invalid mass", " No results", " No match", " No match", "-9.68", "294.18363", "293.17635", "4.297", "16458903.0218176", "4", "2", "0", "70.7", "8.5", "", "No matches found", " No matches found", " No matches found", " No matches found", " No matches found", "", "Single match found", "PreferredDDA", "CO2", "[M-H]-1", "4657781.51456911", " 7077144.45852958", " 5940860.59456565", " 9836506.09790271", " 9282382.41786438", "51.4480495169241", " 46.5123653987751", " 19.2334219068454", " 26.8680350604235", " 29.0166192197587", "0.784", " 1.656", " 1.562", " 0.719", " 0.944", "-0.35", " 0.73", " 0.64", " -0.47", " -0.08", "0.617095318358883", " 0.380681145719127", " 0.289495051522826", " 0.977042726150489", " 0.99976048861022", "0.999999999946231", " 1", " 1", " 0.999999999996915", " 1", "7.5", "3.5", " 4.8", " 5.2", " 5.0", " 4.5", " 6.0", " 5.5", " 3.5", " 4.5", " 5.2", " 3.7", " 6.2", " 5.1", " 5.5", " 4.1", " 5.2", " 6.7", " 7.1", " 6.4", " 6.7", " 7.1", " 6.7", " 7.1", " 7.5", " 6.2", " 7.2", " 6.8", " 6.6", " 6.8", " 7.0", " 6.5", " 6.6", " 5.9", " 7.2", " 4.9", " 7.4", " 7.0", " 5.1", " 5.9", " 5.1"
"1036", "", "False", "Floionic acid", "C18 H34 O6", "Not the top hit", " No results", " No results", " Partial match", " Full match", "3.74", "346.23683", "345.22956", "2.338", "16321127.5514518", "6", "0", "0", "", "", "", "No matches found", " No matches found", " No matches found", " No matches found", " No matches found", "", "Multiple matches found", "PreferredDDA", "", "[M-H]-1", "3318486.23685955", " 9656877.26593114", " 9673385.76594562", " 8317621.50251244", " ", "84.6614632882984", " 28.3139692487957", " 59.5977367429452", " 18.596344282302", " ", "0.343", " 0.860", " 0.000", " 1.161", " 0.000", "-1.54", " -0.22", " -Infinity", " 0.22", " -Infinity", "0.208361267276581", " 0.999921875769664", " ", " 0.927083284498593", " ", "0.999999999946231", " 1", " ", " 0.999999999996915", " ", "3.9", "1.1", " ", " ", " 0.6", " ", " ", " 1.2", " ", " 3.2", " 3.1", " ", " 3.2", " ", " ", " ", " ", " ", " 3.2", " ", " 0.5", " ", " ", " 2.8", " 1.1", " 3.9", " 3.0", " 3.7", " 3.0", " ", " ", " ", " 3.7", " ", " ", " ", " ", " ", " ", " ", " "
"218", "", "False", "PA(O-16:0/20:2(11Z,14Z))", "C39 H75 O7 P", "Not the top hit", " No results", " No results", " Not the top hit", " Full match", "1.14", "686.52583", "685.51855", "8.086", "16287222.1054058", "5", "0", "0", "", "", "", "No matches found", " No matches found", " No matches found", " No matches found", " No matches found", "", "Multiple matches found", "PreferredDDA", "", "[M-H]-1", "3064498.80913484", " 2437524.03477141", " 7169032.44393737", " 3272432.49635144", " 1627486.02451013", "26.2400485641703", " 68.2926238051091", " 74.5536642219878", " 57.3296267365897", " 22.5212038136079", "0.427", " 0.456", " 0.227", " 0.745", " 0.497", "-1.23", " -1.13", " -2.14", " -0.42", " -1.01", "0.85084909526944", " 0.277918091495066", " 0.284985159985837", " 0.99998597759782", " 0.97983829401054", "0.999999999946231", " 1", " 1", " 0.999999999996915", " 1", "5.8", "4.1", " ", " 2.1", " ", " 3.0", " ", " ", " ", " 2.1", " 5.4", " ", " ", " ", " ", " ", " ", " 3.0", " 4.3", " 5.2", " ", " 4.8", " ", " ", " ", " ", " 1.9", " 5.4", " 3.1", " 0.7", " 3.3", " ", " 4.8", " ", " ", " 5.8", " ", " ", " 3.5", " ", " "
"256", "", "False", "", "C11 H10 N6 O", "Full match", " No results", " No results", " No match", " No results", "-4.08", "242.09062", "279.03926", "0.600", "16206045.075908", "3", "0", "0", "", "", "", "No matches found", " No matches found", " No matches found", " No matches found", " No matches found", "", "No matches found", "PreferredDDA", "", "[M-2H+K]-1", "7142595.6444754", " 2177606.17880504", " 16206045.075908", " 1515729.92771128", " 1604976.69071481", "23.8345195144208", " 67.7019323252243", " ", " 33.9385534189349", " 47.8720035775989", "0.441", " 0.094", " 0.099", " 1.437", " 1.059", "-1.18", " -3.42", " -3.34", " 0.52", " 0.08", "", " ", " ", " 0.848265524049267", " 0.968122552700504", "", " ", " ", " 0.999999999996915", " 1", "7.4", "", " ", " ", " 7.4", " 7.4", " 7.4", " ", " ", " ", " 5.8", " ", " 3.3", " ", " ", " ", " ", " ", " ", " 6.6", " ", " ", " ", " ", " ", " ", " 3.5", " ", " 5.7", " ", " 3.8", " 6.0", " 5.7", " 3.6", " ", " 4.4", " ", " 4.9", " 4.6", " ", " 6.1"
"382", "", "False", "19(R)-hydroxy Prostaglandin A2", "C20 H30 O5", "No match", " Invalid mass", " No results", " No match", " No match", "-51426.37", "332.19933", "331.19205", "3.943", "15753248.8907698", "26", "6", "0", "89.0", "9.4", "", "No matches found", " No matches found", " No matches found", " No matches found", " No matches found", "", "Multiple matches found", "PreferredDDA", "CO2", "[M-H]-1", "4889516.0704169", " 2507876.29690402", " 5649903.07517838", " 6420414.69756654", " 2820884.93636688", "81.6285037327367", " 41.6578071416146", " 73.4901908861334", " ", " 61.1336322754314", "0.865", " 1.136", " 0.499", " 0.391", " 0.439", "-0.21", " 0.18", " -1.00", " -1.36", " -1.19", "0.999993032701165", " ", " 0.556594194752453", " ", " ", "0.999999999946231", " ", " 1", " ", " ", "5.2", "", " 2.3", " ", " 4.6", " ", " 2.8", " 5.2", " ", " 2.1", " ", " ", " 2.0", " 3.7", " ", " 2.0", " 3.1", " 0.6", " ", " 2.8", " 3.3", " 4.1", " 5.1", " 3.3", " ", " ", " ", " ", " ", " ", " ", " ", " 4.5", " ", " ", " 2.0", " ", " ", " 5.2", " ", " 1.0"
"297", "", "False", "7-hydroxy-10E,16-heptadecadien-8-ynoic acid", "C17 H26 O3", "Full match", " No results", " No results", " Not the top hit", " Full match", "0.95", "278.18846", "277.18119", "5.270", "15588961.889898", "10", "0", "0", "", "", "", "No matches found", " No matches found", " No matches found", " No matches found", " No matches found", "", "Multiple matches found", "PreferredDDA", "CO2", "[M-H]-1", "4075942.68849528", " 3473943.5871483", " 4226040.65048283", " 4400749.65328284", " 8462081.33923014", "50.6668803168345", " 85.4819970542605", " 25.2124921130219", " 98.1308660311045", " 45.9901150892568", "0.964", " 1.041", " 2.002", " 0.789", " 1.923", "-0.05", " 0.06", " 1.00", " -0.34", " 0.94", "0.999958520293214", " 0.988464132374201", " 0.528574569052242", " 0.990655325268213", " 0.198793197681117", "0.999999999946231", " 1", " 1", " 0.999999999996915", " 1", "6.8", "", " 5.2", " 5.2", " ", " 3.3", " 6.4", " ", " ", " ", " 0.0", " ", " ", " 5.8", " 6.0", " 5.0", " 5.4", " 6.2", " ", " 6.8", " ", " 6.4", " 6.6", " ", " ", " ", " 2.5", " ", " 1.1", " 5.5", " 5.6", " 5.2", " ", " 6.4", " 6.4", " 6.2", " 6.2", " 6.0", " 6.0", " 6.4", " 5.6"
"342", "", "False", "LMST01160025", "C28 H40 O7", "Not the top hit", " No results", " No results", " Not the top hit", " Full match", "-1.13", "488.27685", "487.26957", "3.910", "15563375.0506456", "2", "0", "0", "", "", "", "No matches found", " No matches found", " No matches found", " No matches found", " No matches found", "", "Multiple matches found", "PreferredDDA", "", "[M-H]-1", "8861441.93026892", " 8966533.61940917", " 4684702.38444767", " 9352606.33060533", " 7518719.39379291", "74.6010443722291", " 38.1203374388063", " 74.8974424208533", " 40.6838627527959", " 44.5062795258156", "1.892", " 1.996", " 1.605", " 0.959", " 0.804", "0.92", " 1.00", " 0.68", " -0.06", " -0.31", "0.999497049475359", " 0.893135981869013", " 0.961318880055072", " 0.992173445542442", " 0.999600832993909", "0.999999999946231", " 1", " 1", " 0.999999999996915", " 1", "6.0", "5.5", " ", " 3.3", " 4.8", " 3.6", " 3.2", " 4.5", " 2.3", " 3.5", " 2.9", " 3.8", " 6.0", " 4.8", " 4.4", " 3.5", " 5.5", " 2.9", " 4.6", " 3.9", " 3.5", " 4.5", " 3.3", " 3.0", " 3.6", " 3.3", " 5.6", " 3.9", " 4.5", " 4.8", " 5.5", " 4.8", " 1.8", " 1.8", " 3.5", " 3.7", " ", " 3.0", " 2.0", " 4.8", " 3.9"
"277", "", "False", "", "C16 H26 N6 O2", "Full match", " No results", " No results", " No results", " No results", "2.48", "334.21255", "333.20527", "6.979", "15519199.1838246", "0", "0", "0", "", "", "", "No matches found", " No matches found", " No matches found", " No matches found", " No matches found", "", "No matches found", "PreferredDDA", "", "[M-H]-1", "5354954.10545654", " 7881156.92009648", " 2758466.37680761", " 10735466.1043702", " 6011653.78895211", "34.2440398278392", " 36.1025215461375", " 74.3836786417381", " 33.7037615554852", " 35.5500968531905", "1.941", " 3.892", " 2.179", " 0.734", " 0.560", "0.96", " 1.96", " 1.12", " -0.45", " -0.84", "0.308855374082848", " 0.000252571806446666", " 0.0309986575195265", " 0.961120182949065", " 0.420735355917784", "0.999999999946231", " 0.00552627112505306", " 0.279852947777541", " 0.999999999996915", " 1", "6.5", "2.7", " 4.6", " 3.1", " 2.9", " 2.7", " 4.2", " 5.7", " 3.8", " 5.4", " 3.3", " 4.2", " 2.7", " 1.8", " 4.4", " 5.7", " 2.3", " 5.4", " 4.5", " 4.5", " 4.2", " 5.5", " 4.9", " 6.0", " 5.5", " 6.5", " 6.5", " 4.8", " 5.2", " 4.1", " 4.1", " 5.7", " 5.7", " 6.5", " 6.5", " 6.5", " 6.3", " 6.5", " 5.2", " 5.7", " 5.0"
"249", "", "False", "tetracosatetraenoic acid n-6", "C24 H40 O2", "Full match", " No results", " No results", " Not the top hit", " Full match", "1.71", "360.30345", "359.29617", "8.581", "15515500.3753822", "6", "0", "0", "", "", "", "No matches found", " No matches found", " No matches found", " No matches found", " No matches found", "", "Multiple matches found", "PreferredDDA", "", "[M-H]-1", "1179843.36966706", " 4045947.79361957", " 1067577.48284154", " 2397671.20478378", " 1338623.22341272", "48.1014426912005", " 75.6713263204094", " 73.7074914258753", " 71.5971304921194", " 70.4948229135521", "1.105", " 2.246", " 1.254", " 1.687", " 0.558", "0.14", " 1.17", " 0.33", " 0.75", " -0.84", "0.998090903970025", " 0.369118789240499", " 0.981851226404707", " 0.227155011964453", " 0.669336854421608", "0.999999999946231", " 1", " 1", " 0.999999999996915", " 1", "6.5", "4.8", " 5.3", " 5.9", " 3.4", " 5.5", " 4.8", " 5.9", " 4.9", " 5.0", " 6.0", " 3.3", " 6.1", " 6.2", " 6.2", " 5.4", " 4.8", " 4.5", " 6.1", " 6.1", " 3.4", " 5.9", " ", " 4.0", " 3.0", " 4.8", " 5.3", " 5.6", " 5.8", " 6.0", " 5.8", " 4.4", " 5.9", " 4.4", " 5.3", " 4.4", " 5.3", " 5.9", " 5.0", " 6.5", " 5.4"
"354", "", "False", "Prostaglandin F2a 1-11-lactone", "C20 H32 O4", "No match", " Invalid mass", " No results", " No match", " No match", "-53564.82", "318.21996", "317.21268", "4.824", "15120666.3305611", "68", "14", "0", "96.1", "9.8", "", "No matches found", " No matches found", " No matches found", " No matches found", " No matches found", "", "Multiple matches found", "PreferredDDA", "", "[M-H]-1", "2566928.98091437", " 1537729.8705863", " 2725224.00116684", " 1291564.35748616", " 999210.956010032", "95.8280905954593", " 47.7296438984079", " 111.094878634288", " 37.8229951929885", " 43.3647205055895", "0.942", " 0.474", " 0.367", " 1.191", " 0.774", "-0.09", " -1.08", " -1.45", " 0.25", " -0.37", "0.999997921353518", " 0.240569873545324", " 0.138403147608617", " 0.930409831340958", " 0.998698665036213", "0.999999999946231", " 1", " 0.741305940516944", " 0.999999999996915", " 1", "6.6", "1.7", " 4.6", " 2.1", " 4.2", " 4.2", " 5.5", " 4.8", " ", " ", " 1.4", " ", " ", " 4.2", " 5.4", " 2.5", " 2.5", " 1.5", " 3.5", " 6.6", " 4.8", " 5.4", " 5.8", " 3.9", " 3.6", " ", " ", " 0.5", " ", " 2.6", " 2.6", " ", " 2.6", " 1.9", " ", " ", " ", " ", " 0.6", " 2.9", " 4.5"
"88", "", "False", "", "C40 H67 Cl N4 O", "Full match", " No results", " No results", " No match", " No results", "-3.17", "654.49827", "653.49099", "10.856", "15069954.225595", "1", "0", "0", "", "", "", "No matches found", " No matches found", " No matches found", " No matches found", " No matches found", "", "No matches found", "PreferredDDA", "", "[M-H]-1", "1599292.54349579", " 4403942.19540993", " 4750715.86670646", " 4968460.86185038", " 3767077.94816487", "80.845191394796", " 77.2803116612302", " 32.4345048098249", " 48.867827946495", " 81.3175445892256", "0.337", " 1.046", " 0.793", " 0.886", " 0.758", "-1.57", " 0.06", " -0.33", " -0.17", " -0.40", "0.806615226596674", " 0.99999988519952", " 0.927181462290109", " 0.996253096309772", " 0.895990237135196", "0.999999999946231", " 1", " 1", " 0.999999999996915", " 1", "6.4", "2.7", " 5.2", " ", " 6.3", " ", " 4.5", " 3.6", " 6.3", " 2.7", " 5.8", " 4.1", " 4.5", " ", " 5.8", " 6.0", " 3.9", " ", " 5.1", " ", " 3.5", " ", " ", " ", " 4.6", " ", " 2.1", " ", " 4.5", " ", " 4.5", " 6.4", " ", " 6.3", " ", " ", " 5.7", " ", " 5.6", " ", " 5.6"
"441", "", "False", "", "C22 H43 N4 O5 P", "Full match", " No results", " No results", " No match", " No results", "-1.53", "474.29638", "473.28911", "4.125", "14856077.1202075", "1", "0", "0", "", "", "", "No matches found", " No matches found", " No matches found", " No matches found", " No matches found", "", "No matches found", "PreferredDDA", "", "[M-H]-1", "3630008.59670882", " 10026557.4850794", " 4842801.97955218", " 8812210.65879062", " 10862617.9446646", "60.1307231293453", " 34.5846998929728", " 48.9957154793384", " 60.9191599571877", " 38.9400363913104", "0.750", " 1.820", " 2.243", " 1.138", " 1.233", "-0.42", " 0.86", " 1.17", " 0.19", " 0.30", "0.87419980637612", " 0.893898464284777", " 0.515540518010901", " 0.62437599831827", " 0.951410277722421", "0.999999999946231", " 1", " 1", " 0.999999999996915", " 1", "6.1", "2.3", " 2.1", " 2.7", " 0.2", " 2.7", " 2.2", " 3.0", " ", " 4.2", " 2.6", " 2.3", " 5.2", " 6.0", " 4.4", " 6.1", " 3.8", " 2.3", " 2.5", " 3.7", " 2.7", " 4.1", " 4.1", " 4.5", " 5.2", " 2.3", " 3.5", " 4.3", " 4.1", " 4.8", " 4.7", " 5.8", " 3.7", " 5.0", " 3.6", " 5.2", " ", " 6.0", " 4.1", " 6.0", " 3.1"
"524", "", "False", "Gallicynoic acid A", "C14 H22 O4", "Full match", " No results", " No results", " Not the top hit", " Full match", "0.82", "254.15202", "253.14474", "3.777", "14833731.0912918", "2", "0", "0", "", "", "", "No matches found", " No matches found", " No matches found", " No matches found", " No matches found", "", "Single match found", "PreferredDDA", "CO2", "[M-H]-1", "4290731.38943646", " 8577411.34719107", " 4463956.01422367", " 8902545.09491603", " 6753224.67637215", "24.018657544503", " 36.3740951694972", " 20.911501145012", " 48.3721521756488", " 48.8711981223794", "0.961", " 1.994", " 1.513", " 0.963", " 0.759", "-0.06", " 1.00", " 0.60", " -0.05", " -0.40", "0.999999999211057", " 0.626983534306826", " 0.422535451134086", " 0.991245483809489", " 0.996875082308229", "0.999999999946231", " 1", " 1", " 0.999999999996915", " 1", "5.1", "2.2", " 2.2", " ", " 3.2", " ", " 2.4", " 2.8", " 3.0", " ", " 3.3", " ", " 3.1", " ", " 4.1", " ", " 2.3", " 2.2", " 2.8", " ", " 2.6", " ", " 3.2", " ", " ", " 1.1", " 3.2", " 2.1", " 2.6", " ", " 3.3", " 2.8", " ", " 1.4", " 5.1", " 2.2", " 2.0", " 3.7", " 2.4", " 2.2", " "
"355", "", "False", "podocarpic acid", "C17 H22 O3", "Full match", " No results", " No results", " Full match", " Full match", "1.09", "274.15719", "273.14992", "3.572", "14831984.9456923", "4", "0", "0", "", "", "", "No matches found", " No matches found", " No matches found", " No matches found", " No matches found", "", "Single match found", "PreferredDDA", "CO2", "[M-H]-1", "4207560.94132382", " 5131392.26380563", " 8505419.23820844", " ", " 10362467.5222815", "65.8354833277823", " 40.3251526710153", " 48.3253103229597", " ", " 60.9975581960499", "0.495", " 0.000", " 1.218", " Infinity", " Infinity", "-1.02", " -Infinity", " 0.28", " Infinity", " Infinity", "0.722869098407536", " ", " 0.924084464861186", " ", " ", "0.999999999946231", " ", " 1", " ", " ", "6.4", "", " ", " ", " 5.4", " ", " 4.1", " ", " ", " ", " ", " ", " ", " 6.4", " 4.2", " ", " ", " ", " ", " 2.2", " ", " ", " 6.2", " ", " 2.7", " ", " ", " ", " ", " ", " ", " ", " ", " 3.9", " ", " 3.3", " ", " ", " ", " ", " "
"317", "", "False", "Methyl 7-oxo-11E-tetradecenoate", "C15 H26 O3", "Full match", " No results", " No results", " Not the top hit", " Full match", "0.68", "254.18837", "253.18109", "4.186", "14822295.236069", "7", "0", "0", "", "", "", "No matches found", " No matches found", " No matches found", " No matches found", " No matches found", "", "Multiple matches found", "PreferredDDA", "", "[M-H]-1", "2701834.97461124", " 8020938.13233955", " 3717217.0619717", " 6240241.09787085", " 5539453.52000804", "66.2478787570525", " 48.1590721999445", " 44.1348414035129", " 22.9445243832303", " 38.2045438272768", "0.727", " 1.679", " 1.490", " 1.285", " 0.888", "-0.46", " 0.75", " 0.58", " 0.36", " -0.17", "0.996818288412167", " 0.218424077377489", " 0.733569525262564", " 0.923027282490969", " 0.86558203658553", "0.999999999946231", " 1", " 1", " 0.999999999996915", " 1", "7.0", "3.5", " 3.5", " 3.1", " 4.2", " 3.9", " 5.6", " 5.2", " ", " 4.5", " 6.2", " ", " 6.0", " 5.6", " 5.6", " ", " ", " 4.6", " 4.5", " 2.7", " ", " 4.6", " 5.6", " 5.2", " 2.9", " 6.2", " 5.9", " 5.9", " 7.0", " 7.0", " 6.2", " 6.2", " 5.5", " 5.0", " 5.7", " 6.1", " 5.5", " 4.4", " 3.8", " 6.1", " 5.7"
"321", "", "False", "threo-9,10-Dihydroxystearic acid", "C18 H36 O4", "Full match", " No results", " No results", " Full match", " Full match", "1.07", "316.26170", "315.25442", "5.328", "14821849.0701125", "22", "0", "0", "", "", "", "No matches found", " No matches found", " No matches found", " No matches found", " No matches found", "", "Multiple matches found", "PreferredDDA", "", "[M-H]-1", "3218562.99419616", " 4794902.25380604", " 2886005.92831801", " 4344697.82838499", " 2813942.05224837", "22.5712623869975", " 67.6332272150611", " 48.905091199609", " 26.183568836781", " 21.1361365459921", "1.115", " 1.505", " 0.975", " 1.104", " 0.648", "0.16", " 0.59", " -0.04", " 0.14", " -0.63", "0.998635823955762", " 0.7054359681392", " 0.997652710546417", " 0.773402502043521", " 0.535959592604811", "0.999999999946231", " 1", " 1", " 0.999999999996915", " 1", "7.0", "7.0", " 6.0", " 5.3", " 5.6", " 5.3", " 5.6", " 6.4", " 2.8", " 5.2", " 6.2", " ", " 5.2", " 5.2", " 4.8", " 3.5", " 5.2", " 5.4", " 6.4", " 5.6", " 4.2", " 4.6", " 4.6", " 4.1", " 3.9", " 6.2", " 5.9", " 6.2", " 6.2", " 6.2", " 5.3", " 4.1", " 6.0", " 5.3", " 5.6", " 6.0", " ", " 5.6", " 6.6", " 4.9", " 6.2"
"580", "", "False", "Cladosporester A", "C13 H24 O4", "Full match", " No results", " No results", " Not the top hit", " Full match", "0.29", "244.16753", "243.16026", "3.844", "14694374.0687261", "7", "0", "0", "", "", "", "No matches found", " No matches found", " No matches found", " No matches found", " No matches found", "", "Multiple matches found", "PreferredDDA", "CO2", "[M-H]-1", "12577953.9854201", " 13029144.0290428", " 13126966.2041684", " 12990158.8139164", " 12316950.9229329", "6.5932352903396", " 7.09992230944208", " 6.23215817944195", " 6.00200381941139", " 3.71884777297504", "0.958", " 0.990", " 0.938", " 1.003", " 0.948", "-0.06", " -0.02", " -0.09", " 0.00", " -0.08", "0.766703090907196", " 0.999265137549635", " 0.349299706046409", " 0.999915386045988", " 0.484324771044909", "0.999999999946231", " 1", " 1", " 0.999999999996915", " 1", "8.5", "6.1", " 6.8", " 7.2", " 7.2", " 6.1", " 6.5", " 7.2", " 8.0", " 8.0", " 5.3", " 5.3", " 6.1", " 6.8", " 6.8", " 7.6", " 6.8", " 8.0", " 6.5", " 5.7", " 6.5", " 6.1", " 7.6", " 6.1", " 6.1", " 7.2", " 7.2", " 5.7", " 5.7", " 7.2", " 5.3", " 5.3", " 6.1", " 7.7", " 8.5", " 8.1", " 8.1", " 7.3", " 7.0", " 8.1", " 7.7"
"315", "", "False", "LPC 18:0", "C26 H54 N O7 P", "No match", " No results", " Invalid mass", " No match", " No match", "114685.48", "583.38602", "582.37874", "6.557", "14662157.3063814", "1", "0", "21", "", "", "85.5", "No matches found", " No matches found", " No matches found", " Multiple matches found", " No matches found", "", "Single match found", "PreferredDDA", "", "[M-H]-1", "2787337.60792944", " 1763970.42807277", " 4574784.50832503", " 1586966.04346178", " 1211151.95189404", "30.0503875423959", " 88.0631672112381", " 78.9261765676805", " 80.6806268188836", " 65.4403867470889", "0.609", " 0.347", " 0.265", " 1.112", " 0.763", "-0.71", " -1.53", " -1.92", " 0.15", " -0.39", "0.670787360617372", " 0.117521025669804", " 0.00552682523230741", " 0.999999999673968", " 0.785105671823144", "0.999999999946231", " 0.749343969831855", " 0.07693922494449", " 0.999999999996915", " 1", "6.6", "4.7", " 5.1", " 5.9", " 3.6", " 4.7", " 3.6", " 4.0", " 5.0", " 4.8", " 3.6", " 2.6", " 3.9", " 4.6", " 2.9", " 4.0", " 2.9", " 4.5", " 6.6", " 4.8", " 4.8", " 2.7", " 6.0", " 5.0", " 5.8", " 5.4", " 3.6", " 4.4", " ", " 4.1", " 2.9", " 3.6", " 1.6", " 4.2", " 4.4", " 4.0", " 4.2", " 4.6", " 2.7", " 2.9", " 3.1"
"163", "", "False", "FAHFA 16:0/18:0", "C34 H66 O4", "Full match", " No results", " Full match", " Partial match", " Partial match", "1.44", "538.49689", "537.48961", "8.145", "14656297.3487508", "20", "0", "1", "", "", "34.4", "No matches found", " No matches found", " No matches found", " Single match found", " No matches found", "", "Multiple matches found", "PreferredDDA", "Fatty_Acid_16:0;Fatty_Acid_18:1", "[M-H]-1", "6467500.1174242", " 7701147.65471267", " 3477885.46452914", " 4748467.78998111", " 2720787.78215457", "38.2922377595079", " 45.5831031638958", " 84.2439225879903", " 65.1688854162432", " 79.6338291242489", "1.860", " 1.365", " 0.782", " 1.622", " 0.573", "0.89", " 0.45", " -0.35", " 0.70", " -0.80", "0.903414022759656", " 0.878678391833312", " 0.754589284617698", " 0.936040540220157", " 0.230506701409499", "0.999999999946231", " 1", " 1", " 0.999999999996915", " 1", "6.4", "4.6", " 2.7", " ", " 3.2", " 2.3", " 3.8", " 3.8", " ", " 6.1", " 4.1", " 3.9", " ", " 4.7", " 4.5", " 3.3", " 3.0", " 3.5", " 4.1", " 3.9", " 1.7", " 4.6", " 3.1", " 4.7", " 4.0", " 4.5", " 3.9", " 5.1", " 4.3", " 2.2", " 4.5", " 3.1", " 4.8", " 3.9", " 2.0", " 2.3", " 3.3", " 4.6", " 6.4", " 3.3", " 3.9"
"398", "", "False", "2,5-di-tert-Butylhydroquinone", "C14 H22 O2", "Full match", " Full match", " No results", " Partial match", " Partial match", "-0.95", "222.16177", "221.15450", "5.683", "14603682.4998565", "10", "1", "0", "85.6", "9.3", "", "No matches found", " No matches found", " No matches found", " No matches found", " No matches found", "", "Multiple matches found", "PreferredDDA", "", "[M-H]-1", "2172217.57500959", " 2864971.5819027", " 2770940.17848391", " 11222132.9758125", " 4348787.45692738", "41.7380814026625", " 69.1109210205493", " 54.9022783828645", " 39.2562876794692", " 48.9600320856354", "0.784", " 4.050", " 1.569", " 0.255", " 0.388", "-0.35", " 2.02", " 0.65", " -1.97", " -1.37", "0.991241931839047", " 0.000218426979559982", " 0.0653487506825459", " 0.00707089558767571", " 0.102298949707233", "0.999999999946231", " 0.00519476338344828", " 0.454861698829826", " 0.44209853876293", " 1", "7.5", "", " 2.9", " 3.5", " 3.5", " 2.3", " ", " ", " 2.9", " 5.2", " 4.8", " 3.7", " 4.6", " 5.4", " 5.0", " ", " 1.4", " 5.4", " 4.5", " ", " 2.5", " 5.0", " ", " 4.2", " ", " 6.1", " 6.9", " 7.5", " 6.0", " 6.0", " 6.3", " 6.7", " 5.0", " 5.8", " 5.6", " 5.4", " 5.2", " 6.0", " 6.2", " 6.0", " 5.6"
"434", "", "False", "1-(3,5-Dihydroxyphenyl)-12-hydroxy-2-tridecanyl acetate", "C21 H34 O5", "Full match", " Full match", " No results", " Partial match", " Partial match", "1.16", "366.24105", "365.23377", "2.669", "14603410.9430137", "15", "2", "0", "66.6", "8.3", "", "No matches found", " No matches found", " No matches found", " No matches found", " No matches found", "", "Multiple matches found", "PreferredDDA", "", "[M-H]-1", "1544598.17943349", " 6797319.8367355", " 2222277.46982241", " 2352504.19530406", " 3384635.32810599", "54.8171822334107", " 47.2308493221019", " 73.0995811686017", " 95.020962445134", " 84.1431986477956", "0.695", " 1.059", " 1.523", " 2.889", " 1.439", "-0.52", " 0.08", " 0.61", " 1.53", " 0.52", "0.996983809877416", " 0.984903776018016", " 0.56678088509846", " 0.0480156582099944", " 0.542959184829826", "0.999999999946231", " 1", " 1", " 0.999999999996915", " 1", "5.8", "3.9", " 5.4", " 2.1", " 2.3", " ", " 1.7", " 0.6", " ", " 4.5", " 4.1", " 1.4", " 3.1", " 5.1", " 3.7", " 5.6", " 5.8", " ", " 3.5", " ", " ", " ", " ", " 3.6", " ", " 0.4", " 2.1", " 2.0", " 1.7", " 5.1", " 3.9", " 3.0", " 5.0", " 4.1", " 1.2", " 3.9", " ", " 2.3", " 5.5", " 2.3", " 5.6"
"312", "", "False", "16-Hydroxyhexadecanoic acid", "C16 H32 O3", "Full match", " Full match", " No results", " Full match", " Not the top hit", "1.42", "272.23553", "271.22825", "6.910", "14599037.6819632", "21", "1", "0", "81.3", "9.1", "", "No matches found", " No matches found", " No matches found", " No matches found", " No matches found", "", "Multiple matches found", "PreferredDDA", "", "[M-H]-1", "1785004.05253627", " 5197558.22036781", " 1806608.06243905", " 3108615.02093048", " 3097169.80888737", "37.1615910455399", " 73.2106941162775", " 40.4334382984306", " 63.311341394669", " 80.6352940514282", "0.988", " 1.721", " 1.714", " 1.672", " 0.996", "-0.02", " 0.78", " 0.78", " 0.74", " -0.01", "0.995181485026037", " 0.0644572030306827", " 0.136058707262551", " 0.902802892147467", " 0.995984725926204", "0.999999999946231", " 0.518501324379168", " 0.741305940516944", " 0.999999999996915", " 1", "6.7", "3.0", " 5.7", " 4.1", " 5.4", " 3.4", " 4.0", " 6.3", " 3.5", " 3.5", " 5.8", " 3.3", " 5.0", " 6.2", " 5.2", " 3.9", " 4.8", " 5.0", " 4.8", " ", " 1.9", " 4.6", " 4.8", " 3.3", " 2.5", " 3.9", " 3.9", " 2.3", " 5.2", " 5.2", " 4.5", " 4.2", " 2.7", " 6.1", " 3.3", " 4.6", " 2.5", " 3.9", " 5.5", " 5.6", " 6.7"
"663", "", "False", "Ambrettolic acid", "C16 H30 O3", "Full match", " No results", " No results", " Not the top hit", " Full match", "1.57", "270.21992", "269.21264", "5.813", "14439949.3462548", "20", "0", "0", "", "", "", "No matches found", " No matches found", " No matches found", " No matches found", " No matches found", "", "Multiple matches found", "PreferredDDA", "CO2", "[M-H]-1", "11177827.2929723", " 9441625.80419372", " 10050562.6366399", " 10045424.6818169", " 11558248.2455794", "17.8589928371042", " 20.8615185669647", " 24.0972362975793", " 30.3079562745416", " 11.2598448845717", "1.112", " 0.999", " 1.150", " 0.940", " 1.151", "0.15", " 0.00", " 0.20", " -0.09", " 0.20", "0.988208223697377", " 0.589488197118422", " 0.928177477930942", " 0.652223108931102", " 0.180212396958087", "0.999999999946231", " 1", " 1", " 0.999999999996915", " 1", "7.1", "3.9", " 3.2", " 3.2", " 6.0", " 3.9", " 2.8", " 2.8", " 2.8", " 2.1", " 3.1", " ", " 2.3", " ", " 2.1", " 2.4", " 2.1", " 2.7", " 3.6", " 2.7", " 2.7", " 2.3", " 2.3", " 3.2", " 2.4", " 2.6", " 1.6", " 4.2", " 1.8", " 2.6", " 1.4", " 1.9", " 1.8", " 3.3", " 7.1", " 3.3", " 3.7", " 3.1", " 2.7", " 2.9", " 3.3"
"304", "", "False", "", "C21 H32", "Full match", " No results", " No results", " No results", " No results", "0.48", "284.25054", "283.24326", "7.438", "14436759.1404709", "0", "0", "0", "", "", "", "No matches found", " No matches found", " No matches found", " No matches found", " No matches found", "", "No matches found", "PreferredDDA", "", "[M-H]-1", "5041252.84130976", " 8639721.2624961", " 6028672.92827714", " 8562171.7288224", " 6063351.18142454", "25.5013409514603", " 34.8937398540624", " 47.210177496862", " 27.126046624868", " 33.2032832754382", "0.836", " 1.420", " 1.006", " 1.009", " 0.708", "-0.26", " 0.51", " 0.01", " 0.01", " -0.50", "0.999989382933633", " 0.203505240774704", " 0.998849542534029", " 0.943839081923737", " 0.363861608280065", "0.999999999946231", " 1", " 1", " 0.999999999996915", " 1", "6.2", "", " ", " ", " 3.7", " 4.3", " ", " 4.0", " ", " 3.5", " ", " 1.6", " 1.9", " 6.0", " 2.9", " ", " 4.6", " 1.4", " 2.6", " 3.0", " 1.2", " 4.8", " 1.2", " ", " 3.1", " 2.8", " 4.0", " 2.1", " 3.6", " 3.4", " 2.3", " 6.2", " 4.0", " 4.2", " 5.4", " ", " 2.9", " 3.5", " ", " 4.2", " 1.2"
"311", "", "False", "5alpha-androst-16-en-3-one", "C19 H28 O", "Full match", " No results", " No results", " Full match", " Full match", "1.76", "272.21449", "271.20722", "5.425", "14364248.9506531", "2", "0", "0", "", "", "", "No matches found", " No matches found", " No matches found", " No matches found", " No matches found", "", "Multiple matches found", "PreferredDDA", "", "[M-H]-1", "6449482.33057056", " 6385039.958039", " 4062603.94050779", " 4610893.44010193", " 3194779.12350965", "58.2264273293731", " 39.9687443527173", " 35.234493873993", " 33.3287792000766", " 62.1259441589043", "1.588", " 1.135", " 0.786", " 1.385", " 0.693", "0.67", " 0.18", " -0.35", " 0.47", " -0.53", "0.657211542739005", " 0.982869590368239", " 0.950931909143723", " 0.979867754378752", " 0.71989089849839", "0.999999999946231", " 1", " 1", " 0.999999999996915", " 1", "7.2", "5.0", " 5.2", " 7.0", " 5.6", " 5.2", " 4.5", " 5.6", " 5.5", " 7.2", " 6.5", " 3.4", " 6.5", " 6.5", " 6.5", " 5.0", " 6.1", " 6.3", " 3.4", " 6.9", " 6.5", " 6.5", " 6.5", " 5.5", " 5.7", " 6.5", " 6.5", " 5.1", " 5.4", " 6.5", " 4.7", " 5.7", " 5.9", " 5.8", " 5.2", " 6.1", " 5.5", " 5.6", " 5.2", " 5.4", " 5.8"
"394", "", "False", "5-[2-(3-Furyl)ethyl]-8a-(hydroxymethyl)-5,6-dimethyl-3,4,4a,5,6,7,8,8a-octahydro-1-naphthalenecarboxylic acid", "C20 H28 O4", "Not the top hit", " Full match", " No results", " Partial match", " Partial match", "2.21", "332.19949", "331.19215", "4.174", "14273564.7766909", "26", "6", "0", "88.3", "9.4", "", "No matches found", " No matches found", " No matches found", " No matches found", " No matches found", "", "Multiple matches found", "PreferredDDA", "CO2", "[M-H]-1", "4168985.04637442", " 3629156.26354256", " 3285737.88104471", " 2261079.91749338", " 3905061.71277868", "87.8927574861339", " 39.7745818891412", " 83.2148011733625", " 73.0795801587332", " 66.1452310091638", "1.269", " 0.688", " 1.188", " 1.605", " 1.727", "0.34", " -0.54", " 0.25", " 0.68", " 0.79", "0.999314573161729", " 0.78175395673076", " 0.999971497445898", " 0.783950349319202", " 0.791846538406647", "0.999999999946231", " 1", " 1", " 0.999999999996915", " 1", "5.2", "", " 4.2", " 3.1", " 5.2", " 4.1", " 4.3", " ", " 1.5", " 2.5", " 3.2", " ", " ", " 4.2", " 2.7", " ", " 4.0", " 1.7", " 1.1", " 3.9", " 4.1", " 3.5", " 3.0", " 1.2", " 0.8", " 0.0", " ", " ", " 0.2", " ", " 2.6", " 0.8", " 4.1", " 3.0", " ", " 2.9", " ", " ", " 5.2", " 5.0", " 3.3"
"852", "", "False", "Prostaglandin B1", "C20 H32 O4", "Full match", " Full match", " Full match", " Partial match", " Not the top hit", "1.84", "336.23068", "335.22340", "2.379", "13972350.9074142", "78", "20", "4", "98.4", "9.9", "0.5", "Multiple matches found", " No matches found", " No matches found", " No matches found", " No matches found", "", "Multiple matches found", "PreferredDDA", "", "[M-H]-1", "2865376.36155329", " 7841218.73569292", " 1865313.3896449", " 4703381.91561144", " 4017390.91909554", "47.1629746893203", " 36.791115081487", " 26.6496227136147", " 50.8938784336121", " 60.3231204690201", "1.536", " 2.521", " 2.154", " 1.667", " 0.854", "0.62", " 1.33", " 1.11", " 0.74", " -0.23", "0.83142380496928", " 0.140617105630988", " 0.279181105444501", " 0.177634031815598", " 0.998560075466435", "0.999999999946231", " 0.845247876704949", " 1", " 0.999999999996915", " 1", "4.8", "1.4", " ", " 1.2", " ", " 2.3", " 4.5", " 2.3", " ", " 4.2", " 3.5", " 1.6", " 4.2", " 4.8", " 4.2", " 3.8", " 3.2", " ", " 2.4", " ", " ", " 1.6", " 2.2", " ", " ", " 1.6", " 2.0", " 4.1", " 2.7", " 4.5", " 4.1", " 1.2", " 3.3", " ", " ", " 0.8", " ", " 1.4", " 2.2", " 1.4", " 3.7"
"487", "", "False", "ponasterone A", "C27 H44 O6", "Not the top hit", " No results", " No results", " Not the top hit", " Full match", "1.36", "464.31442", "463.30714", "3.776", "13902200.132907", "14", "0", "0", "", "", "", "No matches found", " No matches found", " No matches found", " No matches found", " No matches found", "", "Multiple matches found", "PreferredDDA", "", "[M-H]-1", "", " 3355213.2072642", " 2809833.0286349", " 4798483.88259074", " 4039288.38352404", "", " 79.988468665865", " 62.282686398883", " 78.5727086023971", " 37.9944899513416", "0.000", " 1.708", " 1.438", " 0.699", " 0.842", "-Infinity", " 0.77", " 0.52", " -0.52", " -0.25", "", " 0.717399301983316", " 0.797264960870129", " 0.959339570228581", " 0.996711949513658", "", " 1", " 1", " 0.999999999996915", " 1", "5.7", "", " ", " ", " ", " ", " ", " ", " ", " ", " 0.8", " ", " 2.0", " ", " 3.3", " 1.0", " ", " ", " 4.1", " 2.5", " ", " ", " ", " ", " ", " ", " ", " 1.0", " 1.2", " 3.3", " 3.0", " 2.4", " 1.8", " ", " 1.2", " 5.7", " ", " 2.1", " 1.7", " 5.7", " 4.6"
"477", "", "False", "12-oxo Phytodienoic Acid", "C18 H28 O3", "Full match", " Full match", " No results", " Full match", " Not the top hit", "1.55", "292.20430", "291.19702", "5.652", "13848258.0757489", "30", "2", "0", "91.4", "54.3", "", "No matches found", " No matches found", " No matches found", " No matches found", " No matches found", "", "Multiple matches found", "PreferredDDA", "CO2", "[M-H]-1", "771071.841631603", " 1622320.41192589", " 520343.277086921", " 1782693.80091579", " 1465823.26802954", "16.5630845343276", " 151.58601258261", " 33.5147183596357", " 41.7376212181283", " 58.4379459462767", "1.482", " 3.426", " 2.817", " 0.910", " 0.822", "0.57", " 1.78", " 1.49", " -0.14", " -0.28", "0.99313654057087", " 0.047171381615977", " 0.0812798093533172", " 0.994804768688901", " 0.998338071617577", "0.999999999946231", " 0.415290530338108", " 0.530827396887714", " 0.999999999996915", " 1", "5.5", "", " ", " ", " ", " ", " 4.2", " 3.4", " ", " 2.3", " 4.6", " 3.2", " 2.9", " 3.9", " 4.8", " 0.8", " 1.5", " ", " 1.3", " ", " ", " 2.4", " 0.9", " 1.6", " 4.7", " 1.7", " 2.9", " 5.4", " 5.4", " 5.4", " 3.6", " 2.5", " 4.8", " 2.9", " 5.2", " 5.5", " 4.0", " 5.0", " 4.1", " 5.2", " 3.6"
"452", "", "False", "(15Z)-9,12,13-Trihydroxy-15-octadecenoic acid", "C18 H34 O5", "Full match", " Full match", " No results", " Partial match", " Partial match", "1.45", "330.24110", "329.23382", "4.005", "13795714.7428947", "28", "1", "0", "81.2", "48.9", "", "No matches found", " No matches found", " No matches found", " No matches found", " No matches found", "", "Multiple matches found", "PreferredDDA", "", "[M-H]-1", "2146957.88208622", " 10830042.0886474", " 4261025.75400365", " 7502840.12361061", " ", "13.9519551923123", " 38.7264837464675", " 73.596079021772", " 28.265644066876", " ", "0.504", " 1.761", " 0.000", " 1.443", " 0.000", "-0.99", " 0.82", " -Infinity", " 0.53", " -Infinity", "0.644551320335644", " 0.452121880632466", " ", " 0.66385442861161", " ", "0.999999999946231", " 1", " ", " 0.999999999996915", " ", "6.2", "3.8", " ", " ", " ", " ", " ", " 3.2", " ", " 3.1", " 4.8", " ", " ", " ", " ", " ", " ", " ", " 3.3", " ", " 2.0", " ", " ", " ", " ", " 5.1", " 3.6", " ", " ", " 6.2", " ", " ", " 5.5", " ", " ", " ", " ", " ", " ", " ", " "
"283", "", "False", "", "C13 H14 N6 O5", "Full match", " No results", " No results", " No match", " No results", "-2.19", "334.10184", "333.09456", "0.642", "13795235.5813481", "1", "0", "0", "", "", "", "No matches found", " No matches found", " No matches found", " No matches found", " No matches found", "", "No matches found", "PreferredDDA", "", "[M-H]-1", "6314395.50301413", " 840040.774637897", " 5646994.52525738", " 653200.121066189", " 680815.272554711", "61.930859578897", " 60.8599451030852", " 46.6892329168716", " 37.6538390422082", " 47.1337816167141", "1.118", " 0.116", " 0.121", " 1.286", " 1.042", "0.16", " -3.11", " -3.05", " 0.36", " 0.06", "0.910205734602403", " 0.00173109102566082", " 0.000225698090933535", " 0.999855960904597", " 0.998121725909553", "0.999999999946231", " 0.0315635597012157", " 0.00568544238589714", " 0.999999999996915", " 1", "7.0", "6.1", " 6.1", " 7.0", " 6.1", " 6.4", " 6.4", " 6.7", " 6.6", " ", " 1.5", " 4.8", " 4.5", " ", " 3.0", " ", " 2.3", " 4.8", " 6.5", " 6.4", " 6.1", " 6.4", " 6.7", " 6.4", " 6.7", " 6.0", " ", " 3.9", " 3.9", " ", " ", " ", " ", " 5.3", " 2.3", " 5.3", " ", " ", " ", " ", " 5.9"
"528", "", "False", "4-Heptyloxyphenol", "C13 H20 O2", "Full match", " No results", " No results", " Full match", " No results", "-1.56", "208.14600", "207.13872", "4.318", "13584169.8830065", "1", "0", "0", "", "", "", "No matches found", " No matches found", " No matches found", " No matches found", " No matches found", "", "No matches found", "PreferredDDA", "", "[M-H]-1", "4833433.71162483", " 5388561.09736224", " 3584823.5432615", " 2970110.02510413", " 5257864.37846014", "40.9161975010791", " 59.8174606600338", " 42.5123993512652", " 72.0564934963225", " 53.7005928122687", "1.348", " 0.829", " 1.467", " 1.814", " 1.770", "0.43", " -0.27", " 0.55", " 0.86", " 0.82", "0.990219478653172", " 0.999912972618698", " 0.9406841094403", " 0.61276480181426", " 0.971646762172235", "0.999999999946231", " 1", " 1", " 0.999999999996915", " 1", "5.8", "2.0", " 4.8", " 5.2", " 2.7", " 5.0", " 4.5", " ", " ", " 1.6", " ", " ", " ", " 5.8", " 4.7", " 3.0", " 3.3", " 4.5", " 2.0", " 3.3", " 2.3", " 4.1", " 1.2", " ", " ", " ", " 1.6", " 2.0", " 1.2", " 4.7", " 3.7", " 2.0", " ", " 3.7", " 1.2", " 4.7", " 2.0", " ", " 4.8", " 4.1", " 4.5"
"310", "", "False", "", "C5 H3 Br N2 O3", "Full match", " No results", " No results", " No results", " No results", "-2.20", "217.93223", "216.92495", "10.923", "13549618.7427466", "0", "0", "0", "", "", "", "No matches found", " No matches found", " No matches found", " No matches found", " No matches found", "", "No matches found", "PreferredDDA", "CO2", "[M-H]-1", "8944772.82613442", " 8386072.63781806", " 8820082.85787761", " 8643702.24070626", " 7859134.42460173", "5.64227954215025", " 23.8728442781648", " 4.01902443757083", " 6.2314242089109", " 8.35368925726188", "1.014", " 0.980", " 0.891", " 0.970", " 0.909", "0.02", " -0.03", " -0.17", " -0.04", " -0.14", "0.999999999368951", " 0.998120189566504", " 0.634296454960422", " 0.998786238797121", " 0.808038473084911", "0.999999999946231", " 1", " 1", " 0.999999999996915", " 1", "7.9", "7.8", " 6.6", " 7.8", " 5.5", " 6.2", " 5.5", " 5.5", " 7.0", " 4.0", " 5.9", " 4.3", " 5.5", " 4.6", " 5.7", " 5.1", " 4.0", " 7.1", " 6.4", " 7.5", " 6.4", " 7.9", " 6.7", " 6.0", " 6.7", " 6.6", " 5.9", " 6.2", " 6.6", " 5.5", " 6.2", " 4.7", " 6.2", " 6.6", " 5.9", " 6.6", " 5.1", " 7.4", " 7.8", " 5.5", " 5.9"
"432", "", "False", "", "C32 H43 N6 O3 P", "Full match", " No results", " No results", " No match", " No results", "-3.05", "590.31162", "589.30435", "0.645", "13445714.1078217", "2", "0", "0", "", "", "", "No matches found", " No matches found", " No matches found", " No matches found", " No matches found", "", "No matches found", "PreferredDDA", "CO2", "[M-H]-1", "704243.133458072", " 8843784.36643739", " 898927.971230262", " 1704342.83525402", " ", "28.7739492796132", " 73.5896668631181", " 75.0460552415341", " 74.2157230790637", " ", "0.783", " 1.896", " 0.000", " 5.189", " 0.000", "-0.35", " 0.92", " -Infinity", " 2.38", " -Infinity", "0.999707517327082", " 0.778597568978111", " ", " 0.114489467106621", " ", "0.999999999946231", " 1", " ", " 0.999999999996915", " ", "5.8", "1.0", " ", " 3.1", " ", " ", " 2.5", " 3.3", " ", " ", " 5.6", " ", " ", " ", " ", " 5.8", " ", " ", " ", " ", " 3.3", " 0.4", " ", " ", " ", " 1.9", " ", " 5.8", " 3.6", " ", " ", " ", " ", " ", " ", " ", " ", " ", " ", " ", " "
"379", "", "False", "sn-3-O-(geranylgeranyl)glycerol 1-phosphate", "C23 H41 O6 P", "No match", " No results", " No results", " Full match", " Full match", "4.59", "444.26612", "443.25884", "3.948", "13405625.5032612", "2", "0", "0", "", "", "", "No matches found", " No matches found", " No matches found", " No matches found", " No matches found", "", "Single match found", "PreferredDDA", "", "[M-H]-1", "", " 781794.996858071", " 13405625.5032612", " 3952318.49322834", " 896391.12310882", "", " 72.2818884794969", " ", " ", " 72.5733352582571", "0.000", " 0.295", " 0.067", " 0.198", " 0.227", "-Infinity", " -1.76", " -3.90", " -2.34", " -2.14", "", " ", " ", " ", " ", "", " ", " ", " ", " ", "4.9", "", " ", " ", " ", " ", " ", " ", " ", " 0.0", " ", " ", " ", " ", " 4.5", " ", " 4.8", " ", " ", " ", " 4.3", " ", " ", " ", " ", " ", " ", " 2.3", " ", " ", " ", " ", " ", " ", " ", " ", " ", " ", " 3.6", " 4.9", " 4.2"
"267", "", "False", "ascr#27", "C22 H40 O6", "Not the top hit", " No results", " No results", " Full match", " Full match", "1.00", "400.28289", "399.27561", "7.073", "13339566.7489357", "2", "0", "0", "", "", "", "No matches found", " No matches found", " No matches found", " No matches found", " No matches found", "", "Multiple matches found", "PreferredDDA", "Fatty_Acid_16:1", "[M-H]-1", "3233114.95583704", " 13339566.7489357", " ", " 3809770.67626922", " 601407.361568151", "", " ", " ", " 20.9494075204202", " 38.2647997264301", "Infinity", " Infinity", " Infinity", " 3.501", " 0.158", "Infinity", " Infinity", " Infinity", " 1.81", " -2.66", "", " ", " ", " ", " 0.000613253509585854", "", " ", " ", " ", " 0.128374401339972", "4.7", "", " ", " ", " ", " 3.1", " ", " ", " ", " ", " ", " 2.4", " ", " ", " ", " ", " ", " ", " ", " ", " ", " ", " ", " ", " ", " ", " ", " 2.4", " ", " ", " 3.0", " 4.1", " 4.7", " 3.5", " ", " 2.8", " 2.8", " ", " ", " 2.2", " "
"834", "", "False", "bhas#20", "C18 H34 O7", "Not the top hit", " No results", " No results", " Full match", " Full match", "1.10", "362.23085", "361.22357", "1.985", "13314635.6881401", "2", "0", "0", "", "", "", "No matches found", " No matches found", " No matches found", " No matches found", " No matches found", "", "Multiple matches found", "PreferredDDA", "", "[M-H]-1", "4209676.51920388", " 5739452.12782864", " 6942426.54727114", " 4824931.45086566", " ", "37.7271357766625", " 38.3517340946617", " 30.8706080555319", " 53.7339845481569", " ", "0.606", " 0.695", " 0.000", " 1.190", " 0.000", "-0.72", " -0.52", " -Infinity", " 0.25", " -Infinity", "0.625241115168607", " 0.99999999689448", " ", " 0.975567491270547", " ", "0.999999999946231", " 1", " ", " 0.999999999996915", " ", "4.2", "3.8", " ", " ", " 1.3", " ", " ", " 3.1", " 1.0", " 2.7", " 4.2", " ", " 4.2", " 2.1", " ", " ", " ", " ", " 3.8", " ", " 1.6", " ", " ", " 3.1", " 2.3", " 2.8", " 2.0", " 1.8", " 2.2", " 3.3", " ", " ", " 2.2", " ", " ", " ", " ", " ", " ", " ", " "
"448", "", "False", "2-Hydroxymyristic acid", "C14 H28 O3", "Full match", " Full match", " No results", " Not the top hit", " Full match", "0.33", "244.20392", "243.19665", "4.543", "13289917.4357998", "13", "2", "0", "84.8", "9.2", "", "No matches found", " No matches found", " No matches found", " No matches found", " No matches found", "", "Multiple matches found", "PreferredDDA", "", "[M-H]-1", "5851763.59507579", " 8721693.72954929", " 6695529.87468897", " 7426696.0064771", " 5600301.6749278", "25.4613376584998", " 17.9516859216132", " 26.0569035533441", " 28.9295121663763", " 17.5575335007171", "0.874", " 1.109", " 0.836", " 1.174", " 0.754", "-0.19", " 0.15", " -0.26", " 0.23", " -0.41", "0.882606424297779", " 0.639969026399466", " 0.68645146359296", " 0.850345259066714", " 0.0746810795734929", "0.999999999946231", " 1", " 1", " 0.999999999996915", " 1", "7.5", "6.2", " 6.2", " 6.6", " 6.6", " 5.1", " 5.9", " 5.9", " 4.5", " 7.1", " 7.3", " 4.5", " 7.5", " 7.3", " 6.7", " 6.4", " 7.1", " 4.7", " 5.1", " 6.6", " 5.9", " 5.9", " 6.8", " 6.2", " 5.9", " 6.2", " 6.6", " 6.2", " 7.2", " 6.6", " 6.6", " 6.2", " 6.6", " 6.4", " 6.4", " 5.6", " 7.1", " 7.1", " 6.4", " 6.4", " 6.7"
"591", "", "False", "Ieodomycin C", "C12 H20 O4", "Full match", " No results", " No results", " Not the top hit", " Full match", "-0.47", "228.13605", "227.12878", "3.094", "13250150.0360439", "10", "0", "0", "", "", "", "No matches found", " No matches found", " No matches found", " No matches found", " No matches found", "", "Multiple matches found", "PreferredDDA", "CO2", "[M-H]-1", "5745398.17570385", " 8440040.59784725", " 6819801.65590923", " 6598624.70082998", " 6495720.88685201", "23.5253675875288", " 29.4531744415585", " ", " 28.4567559981068", " 47.4540986437945", "0.842", " 0.968", " 0.952", " 1.279", " 0.984", "-0.25", " -0.05", " -0.07", " 0.36", " -0.02", "", " ", " ", " 0.996773278670802", " 0.996876703336129", "", " ", " ", " 0.999999999996915", " 1", "5.8", "2.8", " 1.5", " 2.4", " ", " ", " 2.8", " 3.2", " ", " 1.7", " 4.9", " ", " 3.6", " 3.2", " 3.6", " ", " ", " 1.8", " ", " ", " ", " ", " ", " ", " ", " 1.7", " 3.6", " 3.2", " 3.6", " ", " ", " 3.6", " ", " ", " 5.8", " ", " ", " 1.4", " ", " 1.4", " 1.8"
"986", "", "False", "1-(1,3-benzodioxol-5-ylmethyl)-4-{[3-(4-fluorophenyl)-1H-pyrazol-4-yl]methyl}piperazine", "C22 H23 F N4 O2", "No match", " Full match", " No results", " No results", " No results", "3.74", "394.18198", "393.17464", "2.616", "13195402.2115733", "0", "1", "0", "62.1", "8.1", "", "No matches found", " No matches found", " No matches found", " No matches found", " No matches found", "", "No matches found", "PreferredDDA", "", "[M-H]-1", "1643567.67287141", " 4456851.98809157", " 3035576.58812703", " 4426372.1380985", " 6381371.36443757", "3.7780366284024", " 18.4072038155073", " 78.9852797453347", " 11.1701241838572", " 49.3749937282207", "0.541", " 1.458", " 2.102", " 1.007", " 1.442", "-0.89", " 0.54", " 1.07", " 0.01", " 0.53", "0.244705509104001", " 0.999909253035352", " 0.984410512129947", " 0.999999999988221", " 0.982538069275594", "0.999999999946231", " 1", " 1", " 0.999999999996915", " 1", "4.8", "", " ", " ", " 4.8", " ", " ", " ", " 3.6", " ", " 2.0", " ", " 2.6", " ", " ", " ", " ", " 0.8", " ", " 3.0", " ", " ", " 3.6", " 1.6", " 0.5", " ", " ", " ", " ", " ", " ", " 3.5", " 3.5", " 3.3", " ", " 0.7", " ", " 1.6", " 1.1", " ", " "
"303", "", "False", "Minabeolide-8", "C29 H42 O5", "Full match", " No results", " No results", " Full match", " Full match", "1.14", "470.30376", "469.29648", "6.513", "13125793.1327578", "1", "0", "0", "", "", "", "No matches found", " No matches found", " No matches found", " No matches found", " No matches found", "", "Single match found", "PreferredDDA", "CO2", "[M-H]-1", "2204914.24032457", " 2693767.23275571", " 2621805.08771198", " 2434160.12625574", " 2822158.6084256", "57.4613324159825", " 46.5783877989897", " 103.402533090124", " 73.842224943967", " 77.9309780529582", "0.841", " 0.928", " 1.076", " 1.107", " 1.159", "-0.25", " -0.11", " 0.11", " 0.15", " 0.21", "0.932414872191047", " 0.993419029005962", " 0.98737211871094", " 0.999761493918713", " 0.999991108933908", "0.999999999946231", " 1", " 1", " 0.999999999996915", " 1", "6.6", "5.2", " 5.2", " 5.0", " 5.4", " 5.4", " 5.6", " 4.8", " 5.3", " 5.4", " 5.4", " 4.8", " 5.8", " 6.0", " 6.0", " 5.2", " 4.6", " 3.9", " 4.8", " 6.6", " 5.2", " 5.8", " 6.0", " 5.4", " 5.5", " 5.4", " 3.3", " 2.3", " 6.0", " 5.2", " 4.2", " 3.4", " 5.8", " 5.2", " 4.9", " 6.0", " 2.3", " 5.4", " 6.4", " 3.3", " 4.2"
"323", "", "False", "", "C22 H27 N2 O2 P", "Full match", " No results", " No results", " No results", " No results", "1.24", "382.18149", "381.17421", "8.202", "12956068.5077517", "0", "0", "0", "", "", "", "No matches found", " No matches found", " No matches found", " No matches found", " No matches found", "", "No matches found", "PreferredDDA", "CO2", "[M-H]-1", "5327213.78462965", " 4406727.77620602", " 4156741.51406197", " 5943259.3365897", " 3876250.47095", "46.2804220987738", " 59.9856345297429", " 74.9525192717503", " 45.3314619550709", " 59.389078854167", "1.282", " 1.430", " 0.933", " 0.741", " 0.652", "0.36", " 0.52", " -0.10", " -0.43", " -0.62", "0.999996668720703", " 0.978752701760336", " 0.857587566038781", " 0.962690396358535", " 0.532360346776788", "0.999999999946231", " 1", " 1", " 0.999999999996915", " 1", "6.4", "3.0", " 3.3", " 1.8", " 3.1", " 1.8", " 4.1", " 4.5", " 5.9", " 3.1", " 3.0", " ", " 4.2", " 3.3", " 3.7", " 4.1", " 0.6", " 5.2", " 5.4", " 2.4", " ", " 4.2", " ", " 4.8", " 2.9", " 3.9", " ", " 3.2", " 3.7", " 6.4", " 3.7", " 2.7", " 3.0", " ", " 1.7", " 2.1", " ", " ", " 3.5", " 4.1", " 2.2"
"322", "", "False", "alpha-hydroxy myristic acid", "C14 H28 O3", "Full match", " No results", " No results", " Not the top hit", " Full match", "0.24", "244.20390", "243.19663", "5.929", "12934019.8088014", "13", "0", "0", "", "", "", "No matches found", " No matches found", " No matches found", " No matches found", " No matches found", "", "Multiple matches found", "PreferredDDA", "", "[M-H]-1", "1936190.7808746", " 4941035.39582841", " 1846966.54858908", " 4663301.41540219", " 3774443.63404148", "44.1838098116037", " 58.8254969844241", " 30.1301243449149", " 44.2521346624733", " 76.6545875695728", "1.048", " 2.525", " 2.044", " 1.060", " 0.809", "0.07", " 1.34", " 1.03", " 0.08", " -0.31", "0.998801231463029", " 0.00660310312642798", " 0.0297657472484757", " 0.988958994709646", " 0.975992105679179", "0.999999999946231", " 0.0976188489231379", " 0.27972324244192", " 0.999999999996915", " 1", "6.6", "5.4", " ", " 3.6", " 3.3", " 4.0", " 5.0", " 5.0", " 2.9", " 5.4", " 6.2", " 6.0", " 5.4", " 5.8", " 5.2", " 5.4", " 5.6", " 3.0", " 4.7", " 5.9", " 3.0", " 3.0", " 3.8", " 5.1", " 5.3", " 4.6", " 5.0", " 5.2", " 5.2", " 5.6", " 5.6", " 6.1", " 5.6", " 5.0", " 6.1", " 5.8", " 4.8", " 6.0", " 6.6", " 6.0", " 6.0"
"505", "", "False", "13,14-Dihydro-15-keto Prostaglandin A2", "C20 H30 O4", "Full match", " Full match", " Full match", " Not the top hit", " Not the top hit", "2.42", "334.21522", "333.20794", "3.996", "12932318.5835643", "113", "20", "2", "93.6", "9.7", "14.0", "Multiple matches found", " No matches found", " No matches found", " No matches found", " No matches found", "", "Multiple matches found", "PreferredDDA", "CO2", "[M-H]-1", "4260672.95296285", " 3571814.24081085", " 5405581.07460722", " 1724973.27144389", " 1960958.00526839", "87.6202893633263", " ", " 40.0579992424207", " 20.0616063654337", " 32.9378538469067", "0.788", " 0.319", " 0.363", " 2.071", " 1.137", "-0.34", " -1.65", " -1.46", " 1.05", " 0.18", "0.909465951736524", " 0.298859389262964", " 0.269250717131847", " ", " 0.999996026651462", "0.999999999946231", " 1", " 1", " ", " 1", "4.8", "", " 4.8", " ", " 1.6", " 1.8", " 3.6", " 3.3", " 1.1", " ", " ", " ", " ", " ", " 1.2", " ", " ", " 1.2", " ", " 3.3", " ", " 1.4", " 3.7", " 3.0", " 1.6", " 1.6", " 1.6", " ", " ", " ", " ", " ", " 3.0", " ", " 1.1", " 1.1", " ", " ", " 3.6", " ", " "
"646", "", "False", "15-HETE-G", "C23 H38 O5", "Full match", " No results", " No results", " Not the top hit", " Full match", "1.87", "394.27266", "393.26539", "2.955", "12875356.3504469", "11", "0", "0", "", "", "", "No matches found", " No matches found", " No matches found", " No matches found", " No matches found", "", "Multiple matches found", "PreferredDDA", "", "[M-H]-1", "2376206.63900866", " 8283870.48143484", " 4069593.90871854", " 8232251.37750279", " ", "70.5105946892931", " ", " 76.818091474517", " ", " ", "0.584", " 2.023", " 0.000", " 1.006", " 0.000", "-0.78", " 1.02", " -Infinity", " 0.01", " -Infinity", "0.915431967152882", " ", " ", " ", " ", "0.999999999946231", " ", " ", " ", " ", "4.7", "0.6", " 0.8", " 3.0", " 0.6", " 3.7", " 1.2", " 2.2", " ", " ", " 3.3", " ", " ", " ", " ", " ", " ", " 0.6", " 4.7", " 1.4", " 2.3", " ", " 0.5", " 1.4", " 1.4", " ", " ", " ", " ", " 4.5", " ", " ", " ", " ", " ", " ", " ", " ", " ", " ", " "
"337", "", "False", "LPE 18:2", "C23 H44 N O7 P", "Not the top hit", " No results", " Full match", " Partial match", " Partial match", "0.64", "477.28584", "476.27857", "5.172", "12783578.9530639", "2", "0", "1", "", "", "68.5", "No matches found", " No matches found", " No matches found", " Single match found", " No matches found", "", "Multiple matches found", "PreferredDDA", "", "[M-H]-1", "", " 12783578.9530639", " ", " 643665.125745306", " 529902.470939184", "", " ", " ", " 11.7769597204026", " 5.68575448346987", "", " Infinity", " Infinity", " 19.861", " 0.823", "", " Infinity", " Infinity", " 4.31", " -0.28", "", " ", " ", " ", " 0.298453694438503", "", " ", " ", " ", " 1", "6.3", "", " ", " ", " ", " ", " ", " ", " ", " ", " ", " 5.1", " ", " ", " ", " ", " ", " ", " ", " ", " ", " ", " ", " ", " ", " ", " ", " ", " ", " 4.3", " ", " ", " 2.4", " ", " ", " ", " ", " 6.3", " 5.6", " ", " "
"473", "", "False", "Certonardosterol K", "C27 H46 O6", "Not the top hit", " No results", " No results", " Not the top hit", " Full match", "1.17", "466.32999", "465.32261", "4.040", "12605340.4832929", "24", "0", "0", "", "", "", "No matches found", " No matches found", " No matches found", " No matches found", " No matches found", "", "Multiple matches found", "PreferredDDA", "", "[M-H]-1", "206893.227875507", " 1610174.23177172", " 2269650.88105865", " 4587032.14740685", " 1939993.29300315", "", " 64.8487156890153", " ", " 81.363380788109", " 55.6661818276663", "0.091", " 2.021", " 0.855", " 0.351", " 0.423", "-3.46", " 1.02", " -0.23", " -1.51", " -1.24", "", " ", " ", " 0.152032093433186", " 0.553043346308875", "", " ", " ", " 0.999999999996915", " 1", "5.2", "", " ", " ", " ", " ", " ", " 2.3", " ", " ", " 0.5", " ", " 1.9", " 4.6", " 2.0", " 3.6", " 1.5", " ", " ", " 3.1", " ", " ", " ", " ", " ", " ", " ", " 1.0", " ", " 2.9", " 5.2", " 5.1", " 2.2", " 0.2", " ", " 4.4", " ", " 3.1", " 4.8", " 0.8", " 2.1"
"364", "", "False", "", "C19 H40 Cl N4 O3 P", "Full match", " No results", " No results", " No results", " No results", "-0.01", "438.25265", "437.24537", "6.929", "12268254.9448048", "0", "0", "0", "", "", "", "No matches found", " No matches found", " No matches found", " No matches found", " No matches found", "", "No matches found", "PreferredDDA", "", "[M-H]-1", "511517.389613564", " 1144155.48187412", " 4130603.12909556", " 2989745.55126447", " 762419.993143526", "41.9433562934995", " 92.5966494660473", " 107.786180334796", " 61.2205232378048", " 58.5229488130791", "0.124", " 0.724", " 0.185", " 0.383", " 0.255", "-3.01", " -0.47", " -2.44", " -1.39", " -1.97", "0.178997815627783", " 0.99998214580495", " 0.323042453624927", " 0.655109740340192", " 0.267298084246638", "0.999999999946231", " 1", " 1", " 0.999999999996915", " 1", "5.8", "0.4", " 4.5", " 1.5", " 2.3", " 1.5", " ", " 1.9", " ", " 1.4", " 2.0", " 2.7", " 1.1", " ", " ", " ", " 1.9", " 1.0", " 5.8", " 4.1", " ", " 1.5", " ", " ", " ", " ", " 2.3", " 3.7", " 0.6", " 0.5", " 2.6", " 3.1", " 4.2", " ", " ", " ", " ", " 1.9", " ", " 2.3", " 1.9"
"453", "", "False", "", "C14 H24 O4", "Full match", " No results", " No results", " No results", " No results", "0.93", "256.16770", "255.16041", "3.835", "12258190.3978127", "0", "0", "0", "", "", "", "No matches found", " No matches found", " No matches found", " No matches found", " No matches found", "", "No matches found", "PreferredDDA", "CO2", "[M-H]-1", "4284748.30444834", " 3160004.01194535", " 1453036.42173869", " 4636556.67070691", " 3977266.96484621", "21.2080834538377", " 58.6105728510122", " ", " 32.7582202507539", " 74.9513923786658", "2.949", " 3.191", " 2.737", " 0.682", " 0.858", "1.56", " 1.67", " 1.45", " -0.55", " -0.22", "", " ", " ", " 0.997144436787729", " 0.999359781917273", "", " ", " ", " 0.999999999996915", " 1", "5.5", "", " ", " 2.4", " 2.2", " 3.4", " 3.2", " 2.8", " ", " 2.9", " 0.5", " ", " 1.4", " 1.2", " 1.8", " ", " ", " ", " ", " 0.6", " ", " ", " ", " ", " ", " 4.7", " 2.7", " 1.7", " 5.4", " 2.3", " 2.3", " 3.5", " ", " ", " 5.5", " 1.0", " 2.3", " 4.1", " 1.4", " 2.0", " "
"282", "", "False", "", "C18 H33 N4 O3 P", "Full match", " No results", " No results", " No results", " No results", "-2.33", "384.22813", "383.22085", "7.114", "12148226.5670235", "0", "0", "0", "", "", "", "No matches found", " No matches found", " No matches found", " No matches found", " No matches found", "", "No matches found", "PreferredDDA", "", "[M-H]-1", "5493732.3950982", " 8650776.15204244", " 6975826.29641639", " 9289184.98399217", " 8646824.7166961", "33.2772223325009", " 22.3069346470615", " 35.9896547476677", " 16.3377396956349", " 24.8380189334546", "0.788", " 1.332", " 1.240", " 0.931", " 0.931", "-0.34", " 0.41", " 0.31", " -0.10", " -0.10", "0.32972627904311", " 0.33277697645353", " 0.67581988501229", " 0.955952463713696", " 0.977247533467594", "0.999999999946231", " 1", " 1", " 0.999999999996915", " 1", "7.4", "4.6", " 6.9", " 6.1", " 4.2", " 6.1", " 4.6", " 3.5", " 4.9", " 5.1", " 6.2", " ", " 5.9", " 4.7", " 4.9", " 7.4", " 5.9", " 5.2", " 4.2", " 4.2", " 4.4", " 5.0", " 6.1", " 2.7", " 3.5", " 6.0", " 5.5", " 6.7", " 5.8", " 5.8", " 5.6", " 4.8", " 4.1", " 6.2", " 7.0", " 3.8", " 7.0", " 4.7", " 4.2", " 5.1", " 3.6"
"423", "", "False", "testolic acid", "C19 H28 O4", "Full match", " No results", " No results", " Partial match", " Full match", "1.24", "320.19916", "319.19188", "4.717", "12114913.6656479", "5", "0", "0", "", "", "", "No matches found", " No matches found", " No matches found", " No matches found", " No matches found", "", "Multiple matches found", "PreferredDDA", "CO2", "[M-H]-1", "5875587.60756406", " 3346365.39105979", " 4745750.92010478", " 2848406.96353159", " 3616146.98391805", "62.5925802510706", " 53.5951775605474", " 53.8503728849358", " 53.1537388413935", " 79.084543642465", "1.238", " 0.600", " 0.762", " 1.175", " 1.270", "0.31", " -0.74", " -0.39", " 0.23", " 0.34", "0.999979311100156", " 0.833159042923754", " 0.574070801282523", " 0.952982097528973", " 0.988251470775804", "0.999999999946231", " 1", " 1", " 0.999999999996915", " 1", "6.4", "5.4", " 6.4", " 5.8", " 5.6", " 5.2", " 4.7", " 5.6", " 2.7", " 4.2", " 5.0", " ", " 4.6", " 5.2", " 5.2", " 5.0", " 3.9", " 4.2", " 1.4", " 4.7", " 4.1", " 5.2", " 4.8", " 5.2", " 5.4", " 5.0", " 3.6", " 5.4", " 5.2", " 4.0", " 6.0", " 5.2", " 4.8", " 3.9", " 1.9", " 5.4", " ", " 1.1", " 5.2", " 5.2", " 4.2"
"436", "", "False", "Pentalinonside", "C28 H42 O7", "No match", " No results", " No results", " Not the top hit", " Full match", "-2.62", "490.29177", "489.28449", "3.970", "12100292.3838673", "3", "0", "0", "", "", "", "No matches found", " No matches found", " No matches found", " No matches found", " No matches found", "", "Single match found", "PreferredDDA", "", "[M-H]-1", "5439216.92560507", " 3506394.72768956", " 6897212.3158422", " 4173530.63270803", " 4283269.85903308", "73.7235679196082", " 44.9005035031807", " 40.3997087379569", " 65.8990942065511", " 93.3555768015459", "0.789", " 0.605", " 0.621", " 0.840", " 1.026", "-0.34", " -0.72", " -0.69", " -0.25", " 0.04", "0.966308367358482", " 0.570204656824876", " 0.3302400317493", " 0.995427082489819", " 0.996892017178", "0.999999999946231", " 1", " 1", " 0.999999999996915", " 1", "5.2", "", " 4.8", " ", " 3.5", " ", " ", " 4.3", " 5.0", " ", " 2.3", " 3.9", " ", " 2.6", " ", " 1.8", " 1.0", " 4.5", " 3.6", " ", " 3.3", " 2.6", " ", " 4.3", " 4.5", " ", " ", " 1.1", " 0.0", " 0.8", " ", " 5.2", " 1.4", " 2.4", " 2.3", " 3.3", " ", " 4.8", " ", " 1.1", " 0.8"
"386", "", "False", "LPC 20:3", "C28 H52 N O7 P", "No match", " No results", " Invalid mass", " No match", " No results", "110062.48", "605.37051", "604.36323", "5.533", "12069515.0326218", "1", "0", "5", "", "", "80.3", "No matches found", " No matches found", " No matches found", " Multiple matches found", " No matches found", "", "No matches found", "PreferredDDA", "", "[M-H]-1", "1348104.89137263", " 591052.955550202", " 1775153.99971694", " 689067.150551723", " ", "29.6489404400495", " 183.186374665899", " 43.1159056306646", " 43.1917339437919", " ", "0.759", " 0.388", " 0.000", " 0.858", " 0.000", "-0.40", " -1.37", " -Infinity", " -0.22", " -Infinity", "0.898939902870045", " 0.232274514305697", " ", " 0.95104943870973", " ", "0.999999999946231", " 1", " ", " 0.999999999996915", " ", "5.8", "3.7", " ", " 5.8", " 3.5", " 5.0", " 3.9", " 5.6", " 3.5", " ", " ", " 3.9", " 1.9", " 0.8", " ", " 4.2", " 3.8", " 1.0", " 4.6", " 5.0", " 2.7", " 4.0", " 4.6", " 3.6", " 4.0", " 4.0", " 1.5", " ", " ", " 2.3", " ", " 0.0", " ", " ", " ", " ", " ", " ", " ", " ", " "
"1133", "", "False", "", "C8 H4 Cl2 N4 O", "Full match", " No results", " No results", " No results", " No results", "3.59", "241.97708", "240.96981", "0.216", "12007317.4243132", "0", "0", "0", "", "", "", "No matches found", " No matches found", " No matches found", " No matches found", " No matches found", "", "No matches found", "PreferredDDA", "CO2", "[M-H]-1", "10589887.175835", " 11661768.5385592", " 10083195.8724617", " 11405713.6657843", " 11473676.4119771", "6.91234159794714", " 2.88058345786465", " 3.78696323074467", " 3.83733188944307", " 0.353094166700279", "1.050", " 1.131", " 1.138", " 1.022", " 1.006", "0.07", " 0.18", " 0.19", " 0.03", " 0.01", "0.718988164166479", " 0.0241995291130821", " 0.0479672864044941", " 0.985631161179226", " 0.99999771294621", "0.999999999946231", " 0.264742848497118", " 0.362495635828248", " 0.999999999996915", " 1", "4.7", "", " ", " 3.4", " ", " ", " 3.4", " ", " ", " ", " 4.7", " ", " 4.3", " 4.3", " ", " 3.9", " ", " ", " ", " 3.9", " ", " ", " 4.7", " ", " ", " ", " 3.9", " 4.3", " ", " 3.9", " ", " 4.3", " ", " ", " ", " ", " ", " 4.3", " 4.3", " ", " "
"428", "", "False", "Pentadecanoic acid", "C15 H30 O2", "Full match", " Full match", " No results", " Full match", " Full match", "0.27", "242.22465", "241.21737", "7.747", "11933424.7646261", "24", "2", "0", "97.5", "9.9", "", "No matches found", " No matches found", " No matches found", " No matches found", " No matches found", "", "Multiple matches found", "PreferredDDA", "", "[M-H]-1", "9116351.11255764", " 8506837.64464459", " 9230441.36148952", " 9703502.80682935", " 10427247.5809192", "14.5184289548898", " 11.5500118480993", " 17.5142312343265", " 11.0892569020988", " 13.0729812125971", "0.988", " 1.051", " 1.130", " 0.877", " 1.075", "-0.02", " 0.07", " 0.18", " -0.19", " 0.10", "0.990258932681231", " 0.999965623917684", " 0.796993516958778", " 0.95839834159185", " 0.869420311009749", "0.999999999946231", " 1", " 1", " 0.999999999996915", " 1", "8.0", "5.4", " 4.2", " 5.0", " 8.0", " 5.4", " 4.8", " 4.4", " 6.7", " 5.0", " ", " 5.7", " 4.2", " 5.2", " ", " ", " 4.6", " ", " 6.4", " 3.7", " 5.5", " 6.0", " 7.0", " 4.5", " 4.5", " 4.8", " 5.7", " 4.4", " ", " 5.4", " ", " 4.8", " 3.8", " ", " 7.1", " 4.6", " 6.3", " 6.7", " 5.6", " 4.8", " 5.0"
"681", "", "False", "(2E)-4-Hydroxy-3,7-dimethyl-2,6-octadien-1-yl beta-D-glucopyranoside", "C16 H28 O7", "No match", " Invalid mass", " No results", " No match", " No results", "138488.34", "378.18705", "377.17977", "3.932", "11810794.4575011", "1", "2", "0", "85.5", "9.3", "", "No matches found", " No matches found", " No matches found", " No matches found", " No matches found", "", "No matches found", "PreferredDDA", "", "[M-H]-1", "3083240.92615055", " 3276021.98080159", " 5626138.35671712", " 1433037.52291274", " 4198475.00111517", "80.5576729153928", " ", " 54.7275785401828", " ", " 62.9318639045355", "0.548", " 0.255", " 0.746", " 2.286", " 2.930", "-0.87", " -1.97", " -0.42", " 1.19", " 1.55", "0.58338996740471", " ", " 0.876899488614282", " ", " ", "0.999999999946231", " ", " 1", " ", " ", "4.6", "", " ", " 0.6", " ", " ", " 3.0", " ", " ", " ", " ", " ", " ", " 4.6", " ", " ", " ", " ", " ", " 1.7", " ", " 3.3", " ", " 3.0", " ", " 0.6", " ", " ", " ", " ", " ", " ", " ", " ", " ", " ", " ", " ", " 1.8", " ", " 3.5"
"413", "", "False", "NP-019483", "C19 H32 O7", "Not the top hit", " Full match", " No results", " No results", " No results", "1.35", "372.21531", "371.20803", "4.207", "11615693.7873269", "0", "1", "0", "65.4", "63.0", "", "No matches found", " No matches found", " No matches found", " No matches found", " No matches found", "", "No matches found", "PreferredDDA", "", "[M-H]-1", "1454926.74129115", " 3398920.00500779", " 1907185.84977956", " 4549149.42391994", " 3195236.68758371", "126.164090621688", " 57.4777743075327", " 58.0188417405347", " 59.0872109454443", " 22.5007353272877", "0.763", " 2.385", " 1.675", " 0.747", " 0.702", "-0.39", " 1.25", " 0.74", " -0.42", " -0.51", "0.960444090615931", " 0.182297328991376", " 0.816793099303035", " 0.707736627452364", " 0.687719430954849", "0.999999999946231", " 0.958813836137332", " 1", " 0.999999999996915", " 1", "6.4", "2.7", " 1.9", " 2.1", " ", " 4.4", " 2.3", " 5.6", " 2.9", " ", " 4.2", " 3.1", " ", " ", " 4.5", " 1.7", " ", " ", " ", " 5.4", " 2.7", " 1.7", " 3.1", " ", " ", " ", " ", " 3.5", " ", " 5.4", " 5.8", " 6.0", " 3.7", " ", " 6.4", " 4.5", " ", " 5.3", " 5.3", " 3.5", " "
"343", "", "False", "Sudan IV", "C24 H20 N4 O", "No results", " No results", " No results", " Full match", " No results", "4.42", "380.16539", "379.15812", "7.693", "11493948.2088967", "2", "0", "0", "", "", "", "No matches found", " No matches found", " No matches found", " No matches found", " No matches found", "", "No matches found", "PreferredDDA", "CO2", "[M-H]-1", "2763540.02601394", " 5591109.68790911", " 9143571.35328179", " 6914599.79847117", " 4791525.45381905", "42.4644927405093", " 54.2911033059395", " 36.3526974031363", " 27.6303662288394", " ", "0.302", " 0.756", " 0.524", " 0.809", " 0.693", "-1.73", " -0.40", " -0.93", " -0.31", " -0.53", "0.238403373574905", " 0.981742950117279", " ", " 0.922666099234061", " ", "0.999999999946231", " 1", " ", " 0.999999999996915", " ", "5.8", "", " ", " 2.7", " 3.3", " ", " ", " ", " ", " ", " ", " 4.1", " ", " ", " 3.7", " 2.0", " 5.8", " 3.1", " ", " 2.9", " ", " ", " ", " ", " ", " ", " ", " ", " ", " 1.7", " 3.6", " ", " ", " ", " ", " ", " ", " ", " ", " 3.0", " "
"746", "", "False", "", "C10 H9 N2 O7 P", "Full match", " No results", " No results", " No results", " No results", "-3.35", "300.01373", "299.00645", "10.917", "11459997.3549394", "0", "0", "0", "", "", "", "No matches found", " No matches found", " No matches found", " No matches found", " No matches found", "", "No matches found", "PreferredDDA", "", "[M-H]-1", "10378085.920088", " 10476012.6174299", " 9241502.3138168", " 10413038.470027", " 10619083.2573989", "6.48340624684635", " 9.97358057979347", " 4.22950867269945", " 4.11338484955798", " 5.06325792243103", "1.123", " 1.127", " 1.149", " 1.006", " 1.020", "0.17", " 0.17", " 0.20", " 0.01", " 0.03", "0.406675307614762", " 0.0336551789799888", " 0.0117798317255396", " 0.979279939761504", " 0.997272526263213", "0.999999999946231", " 0.320162053481336", " 0.138478466284677", " 0.999999999996915", " 1", "7.0", "5.5", " ", " ", " ", " 5.7", " 6.1", " 5.7", " 5.1", " 6.1", " 5.3", " 4.3", " 5.3", " 5.3", " 6.1", " 6.5", " 6.1", " 6.0", " ", " 6.0", " 6.7", " 6.0", " 5.8", " 7.0", " 5.6", " 6.6", " ", " 6.2", " 6.2", " 6.6", " 6.2", " 5.8", " 6.6", " 6.6", " 6.5", " 5.7", " 5.3", " 5.7", " 5.7", " 5.3", " 5.7"
"418", "", "False", "(±)19(20)-DiHDPA", "C22 H34 O4", "Not the top hit", " Full match", " Full match", " Not the top hit", " Not the top hit", "1.85", "362.24638", "361.23910", "4.985", "11445355.8506913", "17", "2", "2", "81.6", "67.0", "0.8", "No matches found", " No matches found", " No matches found", " Multiple matches found", " No matches found", "", "Multiple matches found", "PreferredDDA", "", "[M-H]-1", "5884120.77687579", " 6198279.42307321", " 4516638.80149683", " 5673747.62443043", " 5274212.30779707", "39.2710818282469", " 37.4343489900107", " 34.0352867202858", " 29.2971010089663", " 46.4851057346904", "1.303", " 1.256", " 1.168", " 1.092", " 0.930", "0.38", " 0.33", " 0.22", " 0.13", " -0.11", "0.999337102268536", " 0.920251832077152", " 0.999953695038863", " 0.946855106073247", " 0.876949434035298", "0.999999999946231", " 1", " 1", " 0.999999999996915", " 1", "6.2", "5.7", " 4.2", " 5.7", " 4.0", " 5.0", " 4.2", " 4.6", " 3.0", " 5.7", " 5.0", " ", " 5.7", " 6.0", " 5.0", " 4.7", " 5.0", " 4.0", " 4.2", " 3.8", " 3.5", " 3.8", " 4.6", " 5.4", " 4.2", " 4.7", " 3.7", " 5.9", " 6.2", " 6.2", " 4.3", " 4.3", " 5.9", " 5.2", " 3.9", " 5.6", " 1.1", " 4.1", " 4.1", " 3.3", " 4.1"
"577", "", "False", "Dihydroartemisinin", "C15 H24 O5", "Full match", " No results", " No results", " Full match", " No results", "1.44", "284.16278", "283.15551", "2.965", "11439916.3202242", "1", "0", "0", "", "", "", "No matches found", " No matches found", " No matches found", " No matches found", " No matches found", "", "No matches found", "PreferredDDA", "CO2", "[M-H]-1", "", " 3582809.29970784", " ", " 4304567.60177331", " 2967209.23116962", "", " 66.6356733904727", " ", " 64.670546322166", " 34.6839739937029", "", " Infinity", " Infinity", " 0.832", " 0.689", "", " Infinity", " Infinity", " -0.26", " -0.54", "", " ", " ", " 0.852806432521598", " 0.40881345226315", "", " ", " ", " 0.999999999996915", " 1", "4.8", "", " ", " ", " ", " ", " ", " ", " ", " 0.8", " 2.3", " ", " 4.8", " ", " 4.7", " ", " 1.2", " ", " ", " ", " ", " ", " ", " ", " ", " ", " ", " 2.7", " 3.7", " ", " 3.9", " 4.7", " ", " 2.5", " ", " ", " ", " 3.8", " ", " 1.0", " "
"330", "", "False", "17-methyl-6Z-octadecenoic acid", "C19 H36 O2", "Full match", " No results", " No results", " Partial match", " Full match", "1.11", "296.27186", "295.26458", "8.507", "11433539.6147243", "31", "0", "0", "", "", "", "No matches found", " No matches found", " No matches found", " No matches found", " No matches found", "", "Multiple matches found", "PreferredDDA", "", "[M-H]-1", "3475447.41079032", " 5031545.38736023", " 2234053.32015177", " 4949242.67694543", " 1711876.12562866", "48.5873708972732", " 51.0134579439764", " 94.3118344705069", " 56.8596788779534", " 94.4009460106545", "1.556", " 2.215", " 0.766", " 1.017", " 0.346", "0.64", " 1.15", " -0.38", " 0.02", " -1.53", "0.999999736340737", " 0.919380593347343", " 0.855039947292122", " 0.999996145942021", " 0.374858704945547", "0.999999999946231", " 1", " 1", " 0.999999999996915", " 1", "7.0", "6.7", " 6.1", " 4.6", " 5.2", " 6.4", " 6.1", " 6.0", " 5.2", " 4.4", " 5.6", " 3.7", " 5.5", " 6.7", " 6.4", " 6.5", " 5.6", " 5.2", " 6.4", " 6.6", " 5.3", " 6.1", " 5.9", " 7.0", " 5.9", " 6.5", " 4.8", " 5.2", " 5.2", " 6.7", " 6.4", " 4.2", " 6.4", " 5.9", " 6.3", " 5.2", " 3.4", " 4.8", " 6.1", " 5.0", " 6.4"
"548", "", "False", "14-hydroxy-12-tetradecenoic acid", "C14 H26 O3", "Full match", " No results", " No results", " Not the top hit", " Full match", "0.36", "242.18828", "241.18101", "4.151", "11360180.3841692", "12", "0", "0", "", "", "", "No matches found", " No matches found", " No matches found", " No matches found", " No matches found", "", "Multiple matches found", "PreferredDDA", "", "[M-H]-1", "829735.929866097", " 5104285.64667814", " ", " 5613899.08558967", " 3918697.54336873", "", " 55.6273988336747", " ", " 62.8327298894858", " ", "Infinity", " Infinity", " Infinity", " 0.909", " 0.698", "Infinity", " Infinity", " Infinity", " -0.14", " -0.52", "", " ", " ", " 0.993498971429806", " ", "", " ", " ", " 0.999999999996915", " ", "5.1", "0.0", " ", " ", " ", " ", " ", " ", " ", " 4.5", " 5.1", " ", " 2.6", " ", " ", " ", " 4.2", " ", " ", " ", " ", " ", " ", " ", " ", " ", " ", " ", " 4.5", " ", " 3.5", " ", " ", " ", " 3.1", " ", " ", " ", " ", " ", " "
"695", "", "False", "1-(3,5-Dihydroxyphenyl)-12-hydroxy-2-tridecanyl acetate", "C21 H34 O5", "Full match", " Full match", " No results", " Partial match", " Partial match", "1.20", "366.24106", "365.23379", "1.872", "11319259.8799227", "15", "2", "0", "66.7", "8.3", "", "No matches found", " No matches found", " No matches found", " No matches found", " No matches found", "", "Multiple matches found", "PreferredDDA", "", "[M-H]-1", "", " 2046529.79464587", " ", " 2247908.155754", " 3638119.68661093", "", " 51.8163705747981", " ", " 90.1902259766239", " 63.2391763048289", "", " Infinity", " Infinity", " 0.910", " 1.618", "", " Infinity", " Infinity", " -0.14", " 0.69", "", " ", " ", " 0.949256686770818", " 0.208177448703774", "", " ", " ", " 0.999999999996915", " 1", "6.0", "", " ", " ", " ", " ", " ", " ", " ", " 1.6", " 2.3", " ", " 3.6", " 3.3", " 2.7", " 3.6", " 1.4", " ", " ", " ", " ", " ", " ", " ", " ", " ", " ", " 1.0", " ", " 2.5", " 2.3", " 6.0", " 1.6", " 3.9", " 2.3", " 4.1", " ", " 3.1", " 3.6", " 4.1", " 4.6"
"426", "", "False", "10(R)-hydroxy-8Z-octadeceneic acid", "C18 H34 O3", "Full match", " No results", " No results", " Not the top hit", " Full match", "1.38", "298.25121", "297.24393", "5.881", "11297804.8033998", "73", "0", "0", "", "", "", "No matches found", " No matches found", " No matches found", " No matches found", " No matches found", "", "Multiple matches found", "PreferredDDA", "", "[M-H]-1", "", " 8457160.89261012", " 4861737.7460911", " 11297804.8033998", " ", "", " 21.4488066741977", " ", " ", " ", "0.000", " 2.324", " 0.000", " 0.749", " 0.000", "-Infinity", " 1.22", " -Infinity", " -0.42", " -Infinity", "", " ", " ", " ", " ", "", " ", " ", " ", " ", "6.2", "", " ", " ", " ", " ", " ", " ", " ", " 6.2", " ", " ", " 4.7", " 4.7", " 5.1", " 6.2", " 4.0", " ", " ", " ", " ", " ", " ", " 2.6", " ", " ", " ", " ", " 5.5", " ", " ", " ", " ", " ", " ", " ", " ", " ", " ", " ", " "
"893", "", "False", "Dodecanedioic acid", "C12 H22 O4", "Full match", " Full match", " No results", " Full match", " Not the top hit", "-0.38", "230.15172", "229.14445", "3.395", "11295277.8192371", "6", "1", "0", "88.0", "9.4", "", "No matches found", " No matches found", " No matches found", " No matches found", " No matches found", "", "Multiple matches found", "PreferredDDA", "", "[M-H]-1", "7314271.01519406", " 6859906.63593031", " 6374443.76809883", " 8730465.68224381", " 8817117.86962089", "10.3422305724074", " 39.6048310924442", " 30.3298672834896", " 12.09880938638", " 23.5780488975752", "1.147", " 1.370", " 1.383", " 0.786", " 1.010", "0.20", " 0.45", " 0.47", " -0.35", " 0.01", "0.991950813044704", " 0.477072166379672", " 0.50519265220011", " 0.349411681695593", " 0.999768900473998", "0.999999999946231", " 1", " 1", " 0.999999999996915", " 1", "5.7", "", " 5.0", " 5.0", " 3.5", " 5.0", " ", " ", " 5.7", " 2.5", " 1.9", " ", " 1.9", " ", " ", " ", " ", " 3.8", " 2.3", " ", " ", " 1.9", " 3.1", " 1.6", " ", " 5.0", " 5.7", " ", " 4.8", " ", " ", " ", " ", " ", " 4.3", " ", " 5.5", " ", " 3.4", " ", " 3.2"
"495", "", "False", "methyl-10-hydroperoxy-8E,12Z,15Z-octadecatrienoate", "C19 H32 O4", "Full match", " No results", " No results", " Partial match", " Full match", "1.23", "324.23046", "323.22318", "4.089", "11278296.4626066", "6", "0", "0", "", "", "", "No matches found", " No matches found", " No matches found", " No matches found", " No matches found", "", "Multiple matches found", "PreferredDDA", "", "[M-H]-1", "1716098.41381344", " 3464750.4747279", " 2317709.08170674", " 2361769.09606665", " 3137787.42986083", "33.9199599253203", " 67.2747530144256", " 10.9044219719175", " 51.9601397803978", " 86.5599827240021", "0.740", " 1.019", " 1.354", " 1.467", " 1.329", "-0.43", " 0.03", " 0.44", " 0.55", " 0.41", "0.926961617182552", " 0.955690341783501", " 0.941015960354527", " 0.656108123884078", " 0.99995853654335", "0.999999999946231", " 1", " 1", " 0.999999999996915", " 1", "6.3", "", " 3.8", " ", " ", " 3.4", " 4.0", " 2.2", " ", " 3.9", " 5.8", " 4.1", " 4.2", " 2.0", " ", " ", " ", " 4.9", " ", " ", " 6.3", " ", " 5.9", " 5.5", " ", " 4.1", " 2.1", " 2.1", " 5.2", " 3.1", " 4.4", " 3.1", " 3.3", " 3.9", " 3.1", " 4.6", " 0.8", " ", " ", " 5.6", " 6.2"
"278", "", "False", "", "C12 H31 N4 O3 P", "Full match", " No results", " No results", " No results", " No results", "-3.09", "310.21242", "309.20514", "7.324", "11241073.3497296", "0", "0", "0", "", "", "", "No matches found", " No matches found", " No matches found", " No matches found", " No matches found", "", "No matches found", "PreferredDDA", "", "[M-H]-1", "5411903.78881851", " 5391690.36617903", " 6209287.64851365", " 6085997.58452362", " 4200982.33512385", "23.2536623150549", " 15.6129188274226", " 43.7699795769736", " 23.7552057850244", " 20.0755418449225", "0.872", " 0.980", " 0.677", " 0.886", " 0.690", "-0.20", " -0.03", " -0.56", " -0.17", " -0.53", "0.711542581659652", " 1", " 0.416156014629376", " 0.963827088322231", " 0.416649678244874", "0.999999999946231", " 1", " 1", " 0.999999999996915", " 1", "7.1", "3.2", " 6.2", " ", " 6.6", " 2.1", " 6.0", " 6.6", " 4.5", " 7.1", " 6.7", " ", " 7.1", " 5.6", " 4.8", " 4.8", " 7.1", " 6.0", " 3.2", " 5.6", " 5.8", " 3.7", " 3.7", " 2.6", " 3.5", " 6.6", " 6.4", " 4.0", " 3.2", " 4.7", " 4.7", " 4.7", " 4.7", " 6.0", " 5.1", " 5.3", " 6.0", " 4.7", " ", " 4.7", " "
"222", "", "False", "", "C8 H12 N4 O14", "Full match", " No results", " No results", " No results", " No results", "-2.45", "388.03405", "387.02677", "0.505", "11235468.1220826", "0", "0", "0", "", "", "", "No matches found", " No matches found", " No matches found", " No matches found", " No matches found", "", "No matches found", "PreferredDDA", "", "[M-H]-1", "1547872.75175027", " 1555688.90677696", " 1172719.11919146", " 1435662.80856812", " 1793330.40286059", "57.8558383628157", " 125.20133414124", " 79.2654929213535", " 51.7793492140107", " 46.9666202768032", "1.320", " 1.224", " 1.529", " 1.084", " 1.249", "0.40", " 0.29", " 0.61", " 0.12", " 0.32", "0.999236184022181", " 0.997760558139882", " 0.983515844836284", " 0.98951107129013", " 0.999579618471243", "0.999999999946231", " 1", " 1", " 0.999999999996915", " 1", "6.6", "4.2", " 5.9", " ", " 5.9", " 3.8", " 6.1", " 4.8", " 4.6", " 5.2", " 3.3", " 6.6", " 4.8", " 5.5", " 5.2", " 5.2", " 4.4", " 3.0", " 2.3", " ", " 3.8", " 5.4", " 5.8", " 5.9", " 5.6", " ", " 5.2", " 4.4", " 5.2", " 4.0", " 5.9", " 6.5", " 5.9", " 3.8", " 6.1", " 5.9", " 5.4", " 6.1", " 5.9", " 5.3", " 4.8"
"994", "", "False", "Asperitaconic acid A", "C12 H20 O5", "Not the top hit", " No results", " No results", " Not the top hit", " Full match", "0.66", "244.13124", "243.12396", "1.938", "11021196.7866654", "2", "0", "0", "", "", "", "No matches found", " No matches found", " No matches found", " No matches found", " No matches found", "", "Single match found", "PreferredDDA", "CO2", "[M-H]-1", "5893230.73060834", " 4521195.92713212", " 5620481.81836077", " 6276503.81133542", " 8715448.72910938", "", " 20.6709301965739", " 4.21368924625147", " 10.9086367142347", " 37.4142545698209", "1.049", " 1.117", " 1.551", " 0.720", " 1.389", "0.07", " 0.16", " 0.63", " -0.47", " 0.47", "", " 0.910836958085937", " 0.330022197577715", " 0.240011465263811", " 0.569696204321065", "", " 1", " 1", " 0.999999999996915", " 1", "5.2", "2.2", " ", " ", " ", " ", " ", " ", " ", " 1.5", " ", " ", " 2.1", " ", " 3.6", " ", " ", " ", " ", " ", " ", " ", " ", " 4.8", " 5.2", " ", " 4.2", " ", " 4.6", " 3.5", " ", " ", " 4.2", " ", " 4.4", " ", " ", " ", " 1.9", " ", " "
"475", "", "False", "FAHFA 2:0/22:4", "C24 H38 O4", "Full match", " No results", " Full match", " Partial match", " Partial match", "1.91", "390.27775", "389.27047", "4.049", "11003001.6581053", "57", "0", "1", "", "", "1.1", "No matches found", " No matches found", " No matches found", " Single match found", " No matches found", "", "Multiple matches found", "PreferredDDA", "", "[M-H]-1", "4735229.97825069", " 7698329.07804076", " 6400181.82267136", " 6753370.58589312", " 5568554.38689192", "60.2524045754434", " 28.5348409129378", " 36.4230454955658", " 52.5303914213337", " 36.902811755546", "0.740", " 1.055", " 0.870", " 1.140", " 0.825", "-0.43", " 0.08", " -0.20", " 0.19", " -0.28", "0.359162216980058", " 0.895978297056894", " 0.861566554388709", " 0.803093041986567", " 0.999955270128116", "0.999999999946231", " 1", " 1", " 0.999999999996915", " 1", "6.0", "2.0", " 0.8", " 4.8", " 2.0", " 1.1", " 1.8", " 2.6", " 0.0", " 5.6", " 2.8", " 3.2", " 4.3", " 5.9", " 5.3", " 4.3", " ", " 2.1", " ", " 4.2", " 3.1", " 3.1", " 2.7", " 6.0", " 5.7", " 1.7", " 1.6", " 3.6", " 4.1", " 0.8", " 1.1", " 1.8", " 4.8", " 5.4", " 3.2", " 3.8", " ", " 4.2", " 3.1", " 2.3", " 1.7"
"241", "", "False", "", "C9 H8 N8 O P2", "Full match", " No results", " No results", " No match", " No results", "3.77", "306.03078", "305.02350", "0.505", "10932704.0903524", "1", "0", "0", "", "", "", "No matches found", " No matches found", " No matches found", " No matches found", " No matches found", "", "No matches found", "PreferredDDA", "", "[M-H]-1", "1814302.57453776", " 2050587.60729042", " 1344121.46712959", " 1885243.6470995", " 2235983.79989996", "42.2417823631209", " 103.485160975886", " 74.7940555545337", " 46.0401968750414", " 39.7986575004967", "1.350", " 1.403", " 1.664", " 1.088", " 1.186", "0.43", " 0.49", " 0.73", " 0.12", " 0.25", "0.997523784365798", " 0.990197022588462", " 0.870882479396893", " 0.960373244613847", " 0.987035443581318", "0.999999999946231", " 1", " 1", " 0.999999999996915", " 1", "7.0", "4.4", " 5.2", " 4.8", " 5.4", " 4.0", " 5.8", " 5.9", " 5.4", " 5.8", " 4.4", " 6.2", " 5.2", " 5.5", " 5.9", " 5.4", " 6.1", " 3.4", " 4.0", " 4.2", " 3.6", " 5.6", " 4.2", " 4.0", " 6.4", " 4.4", " 5.8", " 4.4", " 4.8", " 4.0", " 5.9", " 6.7", " 5.9", " 5.3", " 6.6", " 5.9", " 7.0", " 6.6", " 6.3", " 4.9", " 5.7"
"339", "", "False", "PI(22:2(13Z,16Z)/0:0)", "C31 H57 O12 P", "No match", " No results", " No results", " Full match", " Full match", "2.08", "652.36012", "651.35284", "3.603", "10790091.1163988", "1", "0", "0", "", "", "", "No matches found", " No matches found", " No matches found", " No matches found", " No matches found", "", "Single match found", "PreferredDDA", "", "[M-H]-1", "2048030.56664133", " 4418885.95666688", " 1760754.86599476", " 4501038.94114975", " 2904752.37393539", "", " 86.3174546955984", " 38.2680117991017", " 60.4062153822499", " 69.7206611361985", "1.163", " 2.556", " 1.650", " 0.982", " 0.645", "0.22", " 1.35", " 0.72", " -0.03", " -0.63", "", " 0.666602306044808", " 0.787748111190794", " 0.999686635839714", " 0.996728476289698", "", " 1", " 1", " 0.999999999996915", " 1", "5.7", "", " ", " ", " ", " ", " 2.3", " ", " ", " 2.9", " ", " ", " 5.1", " ", " 1.4", " ", " 3.6", " 5.7", " 2.9", " ", " 4.1", " ", " 3.8", " ", " 2.6", " ", " 4.2", " ", " ", " 2.2", " ", " ", " ", " ", " 5.5", " 5.6", " ", " ", " ", " 3.1", " "
"412", "", "False", "", "C33 H47 N3 O5", "Full match", " No results", " No results", " No results", " No results", "1.64", "565.35250", "564.34522", "9.031", "10739315.409975", "0", "0", "0", "", "", "", "No matches found", " No matches found", " No matches found", " No matches found", " No matches found", "", "No matches found", "PreferredDDA", "", "[M-H]-1", "4843900.42360226", " 5275912.10440707", " 4311931.63392557", " 5555389.58749245", " 6282246.23116634", "23.9739430683537", " 50.4087189805067", " 41.2268631212846", " 27.3164527397516", " 33.9551688724833", "1.123", " 1.288", " 1.457", " 0.950", " 1.131", "0.17", " 0.37", " 0.54", " -0.07", " 0.18", "0.999722843810194", " 0.913017319014964", " 0.548606343967637", " 0.869032626567683", " 0.958694021681433", "0.999999999946231", " 1", " 1", " 0.999999999996915", " 1", "7.8", "5.3", " 5.9", " 4.3", " 5.9", " 5.1", " 4.3", " 5.9", " 5.5", " 4.8", " 4.8", " 3.0", " 6.4", " 4.8", " 3.7", " 5.4", " 6.0", " 3.5", " 4.8", " 4.6", " 3.5", " 3.7", " 4.1", " 4.8", " 5.0", " 5.6", " 6.2", " 4.0", " 7.8", " 7.0", " 5.9", " 5.5", " 5.9", " 4.6", " 5.0", " 5.6", " 5.4", " 5.7", " 4.6", " 5.1", " 5.4"
"374", "", "False", "Norgarmultinone A", "C37 H52 O3", "Not the top hit", " No results", " No results", " Full match", " Full match", "0.46", "544.39190", "579.36130", "8.512", "10641658.9381393", "2", "0", "0", "", "", "", "No matches found", " No matches found", " No matches found", " No matches found", " No matches found", "", "Multiple matches found", "PreferredDDA", "", "[M+Cl]-1", "", " 8709607.21723189", " ", " 7741320.87338309", " 1997433.24734878", "", " 31.3714921782888", " ", " ", " ", "", " Infinity", " Infinity", " 1.125", " 0.258", "", " Infinity", " Infinity", " 0.17", " -1.95", "", " ", " ", " ", " ", "", " ", " ", " ", " ", "7.5", "", " ", " ", " ", " ", " ", " ", " ", " ", " ", " ", " ", " 7.5", " 5.7", " ", " ", " ", " ", " ", " ", " ", " ", " ", " ", " ", " ", " ", " ", " ", " 4.5", " ", " ", " ", " ", " ", " ", " ", " ", " 4.0", " "
"307", "", "False", "", "C18 H35 N4 O3 P", "Full match", " No results", " No results", " No results", " No results", "-2.75", "386.24361", "385.23634", "7.580", "10581722.4349138", "0", "0", "0", "", "", "", "No matches found", " No matches found", " No matches found", " No matches found", " No matches found", "", "No matches found", "PreferredDDA", "", "[M-H]-1", "6385712.2135923", " 7507751.37238979", " 7138856.5993046", " 5631146.04997588", " 6968833.78967879", "10.038742422008", " 11.46226419949", " 30.0295452983622", " 9.87499055490741", " 24.3908610388818", "0.895", " 0.789", " 0.976", " 1.333", " 1.238", "-0.16", " -0.34", " -0.03", " 0.41", " 0.31", "0.680005499477778", " 0.508502164538652", " 0.998683212639906", " 0.739471198784369", " 0.605417985040394", "0.999999999946231", " 1", " 1", " 0.999999999996915", " 1", "7.6", "4.2", " 6.9", " 2.7", " 7.2", " 5.7", " 5.7", " 5.7", " 7.6", " 6.1", " ", " ", " 5.4", " ", " ", " 5.7", " ", " ", " 2.7", " ", " 7.1", " 1.9", " 2.7", " ", " 3.8", " 5.5", " ", " ", " ", " ", " ", " 6.2", " ", " ", " 4.3", " 3.2", " 6.1", " 1.7", " 2.1", " 5.1", " "
"520", "", "False", "Nebrosteroid M", "C29 H50 O3", "Not the top hit", " No results", " No results", " Partial match", " Full match", "1.37", "446.37661", "445.36933", "10.915", "10567262.1087966", "6", "0", "0", "", "", "", "No matches found", " No matches found", " No matches found", " No matches found", " No matches found", "", "Multiple matches found", "PreferredDDA", "", "[M-H]-1", "5185778.07748074", " 4356958.46243651", " 2892543.93655094", " 1493018.34076993", " 1272757.8798218", "46.8660590534379", " 56.3564108609212", " 33.9778652541959", " 46.9051847753675", " 39.6568357983329", "1.793", " 0.516", " 0.440", " 2.918", " 0.852", "0.84", " -0.95", " -1.18", " 1.55", " -0.23", "0.616984807636264", " 0.499932893817891", " 0.48725433430269", " 0.0130433510448055", " 0.999993216718118", "0.999999999946231", " 1", " 1", " 0.624205466550356", " 1", "5.6", "4.8", " 5.2", " 4.1", " 3.6", " 3.7", " 4.6", " 3.0", " 1.4", " 4.6", " 3.3", " ", " ", " 3.9", " 3.1", " 3.7", " 5.6", " 5.1", " 3.0", " 4.6", " ", " 5.5", " ", " 4.7", " ", " 1.4", " ", " 2.1", " ", " 3.1", " 0.0", " ", " ", " 2.2", " ", " 1.1", " ", " ", " 2.9", " 0.7", " 2.9"
"732", "", "False", "", "C8 H4 N4 O S2", "Full match", " No results", " No results", " No results", " No results", "1.72", "235.98306", "234.97578", "10.908", "10332838.3180133", "0", "0", "0", "", "", "", "No matches found", " No matches found", " No matches found", " No matches found", " No matches found", "", "No matches found", "PreferredDDA", "CO2", "[M-H]-1", "9328906.74620686", " 9322000.44241923", " 9701239.07999261", " 9183920.13182141", " 8950251.76771307", "4.10368031378459", " 8.48136207350015", " 5.46181605054478", " 5.90273424227958", " 5.19690886582012", "0.962", " 0.947", " 0.923", " 1.015", " 0.975", "-0.06", " -0.08", " -0.12", " 0.02", " -0.04", "0.99811467857034", " 0.987712971185238", " 0.857093169747713", " 0.999972750429228", " 0.986709387018262", "0.999999999946231", " 1", " 1", " 0.999999999996915", " 1", "8.0", "5.6", " 6.0", " 6.7", " 6.4", " 7.1", " 6.0", " 6.6", " 6.4", " 6.8", " 5.1", " 5.5", " 5.5", " 6.1", " 5.1", " 6.2", " 6.2", " 8.0", " 7.4", " 6.2", " 6.2", " 7.4", " 4.7", " 5.5", " 5.9", " 5.9", " 7.8", " 4.7", " 6.2", " 6.8", " 6.2", " 7.0", " 5.5", " 5.5", " 7.0", " 4.3", " 7.0", " 5.1", " 5.9", " 6.8", " 5.9"
"104", "", "False", "", "C19 H25 N2 P", "Full match", " No results", " No results", " No results", " No results", "2.94", "312.17645", "311.16918", "10.851", "10326242.0490312", "0", "0", "0", "", "", "", "No matches found", " No matches found", " No matches found", " No matches found", " No matches found", "", "No matches found", "PreferredDDA", "", "[M-H]-1", "6612587.9573083", " 6015604.99899812", " 6218380.5710915", " 7190805.23059451", " 7122062.1514297", "14.6310391141683", " 34.2612205131275", " 24.0359916611259", " 20.7013904482075", " 16.538829359883", "1.063", " 1.156", " 1.145", " 0.837", " 0.990", "0.09", " 0.21", " 0.20", " -0.26", " -0.01", "0.999559678019275", " 0.579764099935631", " 0.979846185092521", " 0.389730261132717", " 0.885969195776953", "0.999999999946231", " 1", " 1", " 0.999999999996915", " 1", "8.8", "8.8", " 7.6", " 8.8", " 8.4", " 8.4", " 7.2", " 8.0", " 8.4", " 6.5", " 6.5", " ", " 6.1", " 6.7", " 6.5", " 6.6", " 7.2", " 7.4", " 7.4", " 8.0", " 6.6", " 7.8", " 7.8", " 7.0", " 7.4", " 7.8", " 7.4", " 7.6", " 8.0", " 6.6", " 7.4", " 7.4", " 7.4", " 8.3", " 7.5", " 7.9", " 7.9", " 7.5", " 8.3", " 7.5", " 8.3"
"463", "", "False", "LMST04010114", "C24 H40 O6", "Not the top hit", " No results", " No results", " Full match", " Full match", "1.36", "424.28307", "423.27579", "3.901", "10302970.9290153", "22", "0", "0", "", "", "", "No matches found", " No matches found", " No matches found", " No matches found", " No matches found", "", "Multiple matches found", "PreferredDDA", "", "[M-H]-1", "2970751.53959699", " 4563437.74533191", " 3993394.66964651", " 5465331.90953758", " 4079908.43617824", "77.4873529885205", " 51.6905337616259", " 53.2866228510138", " 39.3842178513294", " 43.5589865856794", "0.744", " 1.369", " 1.022", " 0.835", " 0.747", "-0.43", " 0.45", " 0.03", " -0.26", " -0.42", "0.447531204224106", " 0.999753289196507", " 0.959027517536143", " 0.994148739942853", " 0.900793841822636", "0.999999999946231", " 1", " 1", " 0.999999999996915", " 1", "6.1", "5.0", " 1.7", " 2.0", " 2.5", " 5.2", " 3.5", " 6.0", " 1.9", " 4.2", " 3.7", " 1.6", " 5.2", " 5.6", " 4.3", " 4.2", " 5.8", " ", " 1.4", " 4.5", " 4.2", " 4.2", " 5.6", " 4.1", " 4.5", " 2.2", " 5.1", " 6.1", " 4.6", " 4.6", " 4.6", " 4.2", " 5.4", " 3.7", " 3.6", " 3.3", " ", " 4.2", " 5.6", " 3.7", " 3.6"
"243", "", "False", "", "C26 H51 Cl N6 O6", "Full match", " No results", " No results", " No results", " No results", "-4.87", "578.35304", "577.34577", "7.908", "10240766.0100536", "0", "0", "0", "", "", "", "No matches found", " No matches found", " No matches found", " No matches found", " No matches found", "", "No matches found", "PreferredDDA", "", "[M-H]-1", "1390358.67758675", " 6358105.51418059", " 1190247.88293961", " 2323232.54687883", " 1582714.77677672", "42.5566133306711", " 86.360805417705", " 61.5985608238417", " 93.6340076577577", " 66.8488086940758", "1.168", " 1.952", " 1.330", " 2.737", " 0.681", "0.22", " 0.96", " 0.41", " 1.45", " -0.55", "0.997316158684397", " 0.536316527359784", " 0.999972784595473", " 0.800624113950896", " 0.591619618244471", "0.999999999946231", " 1", " 1", " 0.999999999996915", " 1", "5.5", "1.7", " 1.7", " 1.4", " 3.8", " 4.4", " 2.5", " 3.9", " ", " ", " ", " ", " 4.6", " ", " 5.5", " ", " ", " ", " 0.6", " 2.7", " ", " 1.9", " 4.9", " 3.9", " ", " ", " 2.9", " 3.5", " 4.1", " ", " ", " ", " 4.8", " ", " 1.0", " ", " 1.9", " ", " ", " ", " 2.0"
"431", "", "False", "Alepric acid", "C14 H24 O2", "Full match", " No results", " No results", " Partial match", " Full match", "-0.42", "224.17754", "223.17018", "5.992", "10116255.1929902", "48", "0", "0", "", "", "", "No matches found", " No matches found", " No matches found", " No matches found", " No matches found", "", "Multiple matches found", "PreferredDDA", "", "[M-H]-1", "2638813.21434161", " 2069749.485187", " 2083183.54326413", " 4738745.4535936", " 2471340.98831669", "81.9594588386764", " 61.4448681320118", " 39.2091223643366", " 51.992885892787", " 58.5530349731167", "1.267", " 2.275", " 1.186", " 0.437", " 0.522", "0.34", " 1.19", " 0.25", " -1.20", " -0.94", "0.996930733486228", " 0.0202690772722358", " 0.521509051635811", " 0.20675178281965", " 0.419303843058443", "0.999999999946231", " 0.230983026414854", " 1", " 0.999999999996915", " 1", "6.0", "5.2", " 4.8", " 5.4", " 5.0", " 5.0", " 5.6", " ", " 4.5", " 4.4", " 5.0", " ", " 5.2", " 4.6", " 5.6", " 4.8", " 5.2", " 3.5", " 3.5", " 5.9", " 5.3", " 5.9", " ", " 5.9", " 5.9", " 5.6", " 5.6", " 5.2", " 5.1", " 5.2", " 4.1", " 5.8", " 2.9", " 2.5", " 6.0", " 5.4", " 2.9", " 5.6", " 5.6", " 3.9", " 5.0"
"567", "", "False", "Gallicynoic acid B", "C15 H24 O4", "Full match", " No results", " No results", " Full match", " Full match", "1.45", "268.16785", "267.16057", "4.092", "9993234.72622848", "1", "0", "0", "", "", "", "No matches found", " No matches found", " No matches found", " No matches found", " No matches found", "", "Single match found", "PreferredDDA", "CO2", "[M-H]-1", "2448227.59089412", " 5016637.57672426", " ", " 4251955.55986273", " 3561884.34371376", "62.1924481957153", " 52.8166070777034", " ", " 54.6818651787538", " 61.0878503211751", "Infinity", " Infinity", " Infinity", " 1.180", " 0.838", "Infinity", " Infinity", " Infinity", " 0.24", " -0.26", "", " ", " ", " 0.861942851346675", " 0.99996958893692", "", " ", " ", " 0.999999999996915", " 1", "5.5", "0.2", " ", " ", " ", " ", " ", " 2.0", " ", " ", " 2.2", " ", " 3.0", " ", " ", " 1.7", " ", " ", " ", " ", " ", " ", " ", " ", " ", " ", " 1.6", " 2.0", " 3.0", " ", " 3.0", " 5.5", " ", " ", " 5.2", " ", " ", " 4.2", " 2.7", " ", " "
"148", "", "False", "", "", "No results", " No results", " No results", " No results", " No results", "", "655.50283", "654.49555", "10.856", "9972477.62233308", "0", "0", "0", "", "", "", "No matches found", " No matches found", " No matches found", " No matches found", " No matches found", "", "No matches found", "PreferredDDA", "", "[M-H]-1", "2666858.96339715", " 5465208.75525957", " 2544922.08449251", " 2531763.60460474", " 834338.724305984", "79.9265699059438", " 116.633070144722", " 66.6623020675685", " 77.3600589483146", " 104.369460224861", "1.048", " 0.995", " 0.328", " 2.159", " 0.330", "0.07", " -0.01", " -1.61", " 1.11", " -1.60", "0.999999962849369", " 0.999997475858855", " 0.861313553681952", " 0.995672499842676", " 0.886246859543473", "0.999999999946231", " 1", " 1", " 0.999999999996915", " 1", "6.3", "", " ", " 5.6", " ", " 6.3", " ", " ", " ", " 2.5", " ", " ", " ", " 6.2", " ", " ", " ", " ", " ", " 6.1", " ", " ", " ", " 6.3", " ", " ", " ", " 4.0", " ", " 6.1", " ", " ", " ", " ", " 6.1", " 3.8", " 1.9", " ", " ", " 5.4", " "
"742", "", "False", "(±)9-HpODE", "C18 H32 O4", "Full match", " Full match", " Full match", " Not the top hit", " Not the top hit", "1.71", "312.23059", "311.22332", "4.380", "9965775.79120802", "47", "1", "3", "73.6", "46.8", "12.8", "No matches found", " No matches found", " No matches found", " Multiple matches found", " No matches found", "", "Multiple matches found", "PreferredDDA", "", "[M-H]-1", "2457121.74753705", " 3455669.31841533", " 4203743.06070326", " 4655550.44165833", " 3268879.00417127", "22.7743532336372", " 66.7289512747644", " 34.2918860198865", " 36.0202712472643", " 44.6492517399698", "0.585", " 1.107", " 0.778", " 0.742", " 0.702", "-0.77", " 0.15", " -0.36", " -0.43", " -0.51", "0.238634367227234", " 0.978978545397802", " 0.999999988543286", " 0.984367985428517", " 0.983270279926443", "0.999999999946231", " 1", " 1", " 0.999999999996915", " 1", "6.5", "3.1", " 1.8", " ", " 3.9", " 3.0", " 2.6", " 3.7", " ", " 0.8", " 2.8", " ", " 2.3", " 3.9", " 0.8", " ", " 1.4", " 2.1", " 4.2", " 4.2", " 2.6", " 4.6", " 6.5", " 5.7", " 5.5", " 2.5", " 3.1", " 5.0", " 4.6", " 2.9", " 5.0", " 2.5", " 5.0", " 4.2", " 2.7", " 3.1", " ", " 2.3", " 3.3", " 3.1", " 4.1"
"438", "", "False", "Mono(2-ethylhexyl) phthalate (MEHP)", "C16 H22 O4", "Full match", " Full match", " No results", " Partial match", " Partial match", "0.80", "278.15203", "277.14476", "5.541", "9949819.57839414", "6", "2", "0", "76.6", "67.0", "", "No matches found", " No matches found", " No matches found", " No matches found", " No matches found", "", "Multiple matches found", "PreferredDDA", "", "[M-H]-1", "1486969.91835166", " 2360662.01005475", " 1632579.40013106", " 1852159.81531304", " 1307370.62071224", "25.001619573989", " 97.1681589007737", " 57.8966599605289", " 62.4541601236162", " 96.5724796807569", "0.911", " 1.134", " 0.801", " 1.275", " 0.706", "-0.13", " 0.18", " -0.32", " 0.35", " -0.50", "0.710613816013532", " 0.990753825057369", " 0.84317054290687", " 0.998995513115782", " 0.58346065803057", "0.999999999946231", " 1", " 1", " 0.999999999996915", " 1", "6.6", "4.6", " 6.5", " 4.6", " 5.0", " 6.5", " 5.4", " 5.8", " 4.3", " 5.0", " 6.6", " ", " 4.6", " 4.6", " 5.0", " 3.3", " 5.5", " 5.8", " 5.6", " 3.3", " 4.0", " 4.4", " 4.0", " 4.6", " 5.5", " 6.1", " 6.1", " 3.6", " 5.9", " 6.0", " 4.8", " 1.7", " 5.5", " 1.7", " 6.0", " 3.6", " 3.4", " 3.6", " 2.9", " 2.9", " 5.9"
"1005", "", "False", "bhas#20", "C18 H34 O7", "Full match", " No results", " No results", " Full match", " Full match", "1.12", "362.23086", "361.22358", "1.728", "9936474.82052016", "2", "0", "0", "", "", "", "No matches found", " No matches found", " No matches found", " No matches found", " No matches found", "", "Multiple matches found", "PreferredDDA", "", "[M-H]-1", "6828228.08949681", " 6921816.84433637", " 9896749.95050004", " 5438868.52545229", " ", "28.8954283081901", " ", " 27.9533570361385", " ", " ", "0.690", " 0.550", " 0.000", " 1.273", " 0.000", "-0.54", " -0.86", " -Infinity", " 0.35", " -Infinity", "0.864010571442731", " ", " ", " ", " ", "0.999999999946231", " ", " ", " ", " ", "4.2", "3.6", " ", " ", " ", " ", " ", " 3.2", " ", " 2.6", " ", " ", " ", " ", " ", " ", " ", " ", " 3.4", " ", " ", " ", " ", " 4.2", " 1.7", " ", " ", " ", " ", " 2.2", " ", " ", " ", " ", " ", " ", " ", " ", " ", " ", " "
"416", "", "False", "20-Hydroxy-(5Z,8Z,11Z,14Z)-eicosatetraenoic acid", "C20 H32 O3", "Full match", " Full match", " Full match", " Partial match", " Not the top hit", "1.18", "320.23552", "319.22825", "7.011", "9899999.40959435", "72", "6", "3", "83.5", "9.2", "0.5", "Multiple matches found", " No matches found", " No matches found", " No matches found", " No matches found", "", "Multiple matches found", "PreferredDDA", "", "[M-H]-1", "3000096.50210474", " 3689139.67229658", " 1776680.09928066", " 2981831.03585984", " 1526150.06745916", "34.3336853265892", " 51.5255883788573", " 64.2768402902247", " 87.1245402971409", " 37.2312535023502", "1.689", " 1.678", " 0.859", " 1.237", " 0.512", "0.76", " 0.75", " -0.22", " 0.31", " -0.97", "0.808277032341465", " 0.634646517449302", " 0.970997610616626", " 0.999576674647049", " 0.359605694752504", "0.999999999946231", " 1", " 1", " 0.999999999996915", " 1", "5.2", "2.5", " ", " 3.2", " ", " 1.5", " 3.2", " 3.2", " ", " 2.9", " 2.3", " ", " 2.1", " 3.0", " 2.7", " 4.2", " 3.3", " 2.3", " 5.2", " 3.7", " 2.9", " 3.9", " 1.4", " 2.3", " 4.8", " 1.4", " 3.6", " ", " 2.6", " 4.3", " 2.3", " ", " ", " 2.4", " ", " 2.2", " ", " 3.0", " 1.7", " 2.2", " 1.7"
"614", "", "False", "Certonardosterol L", "C27 H46 O5", "Not the top hit", " No results", " No results", " Not the top hit", " Full match", "1.23", "450.33508", "449.32780", "4.646", "9884652.06777192", "25", "0", "0", "", "", "", "No matches found", " No matches found", " No matches found", " No matches found", " No matches found", "", "Multiple matches found", "PreferredDDA", "", "[M-H]-1", "956585.774250177", " 3372304.71355592", " 895697.338579196", " 3373232.34309339", " 3283725.50133756", "20.61774445935", " 50.4037460159036", " 28.8211325986597", " 72.7531800210784", " 49.6220516168288", "1.068", " 3.766", " 3.666", " 1.000", " 0.973", "0.09", " 1.91", " 1.87", " 0.00", " -0.04", "0.999984713468035", " 0.00809994610108833", " 0.00883098359258316", " 0.997277154366465", " 0.999998915513632", "0.999999999946231", " 0.116596592560403", " 0.112629431015991", " 0.999999999996915", " 1", "5.6", "2.5", " ", " 2.4", " ", " 2.5", " 1.4", " 2.8", " ", " 2.0", " 4.5", " ", " 2.7", " 5.6", " 3.5", " 3.5", " 5.0", " ", " ", " 1.2", " ", " ", " ", " 2.1", " 1.8", " ", " ", " 3.9", " 1.0", " 2.7", " 3.3", " 2.8", " 4.5", " 2.7", " ", " 3.5", " ", " 1.7", " 3.0", " 3.1", " 4.2"
"392", "", "False", "", "C14 H33 N4 O3 P", "Full match", " No results", " No results", " No results", " No results", "-2.35", "336.22824", "335.22096", "7.496", "9862450.8557521", "0", "0", "0", "", "", "", "No matches found", " No matches found", " No matches found", " No matches found", " No matches found", "", "No matches found", "PreferredDDA", "", "[M-H]-1", "6729472.41957379", " 4921412.19447755", " 7729043.22041343", " 6263891.59414509", " 6005798.64743569", "22.0232949546395", " 12.2291649122839", " 23.1663460431688", " 10.2193057845825", " 24.5978407137037", "0.871", " 0.810", " 0.777", " 0.786", " 0.959", "-0.20", " -0.30", " -0.36", " -0.35", " -0.06", "0.99999981981585", " 0.906855879767093", " 0.371998563044482", " 0.914110118599648", " 0.99321396957689", "0.999999999946231", " 1", " 1", " 0.999999999996915", " 1", "7.0", "", " 2.8", " 5.1", " 5.1", " 6.2", " 4.0", " 4.3", " 5.7", " 6.1", " 4.6", " ", " 5.7", " ", " ", " ", " ", " 4.3", " ", " 3.6", " 7.0", " 5.9", " 4.3", " 3.6", " 6.6", " ", " 4.6", " ", " ", " ", " ", " 5.0", " ", " ", " 2.8", " 3.4", " 4.7", " 6.6", " 4.3", " 4.3", " "
"247", "", "False", "", "C42 H66 N4 O3", "Full match", " No results", " No results", " No results", " No results", "0.29", "674.51369", "673.50638", "10.863", "9831544.96771623", "0", "0", "0", "", "", "", "No matches found", " No matches found", " No matches found", " No matches found", " No matches found", "", "No matches found", "PreferredDDA", "", "[M-H]-1", "1332555.9269328", " 2120183.67586386", " 2096490.69745746", " 3414302.20958744", " 3725727.26933696", "29.6130698724958", " 110.839196755814", " 36.3322947023076", " 65.3270913899076", " 49.8705166951151", "0.636", " 1.629", " 1.777", " 0.621", " 1.091", "-0.65", " 0.70", " 0.83", " -0.69", " 0.13", "0.872344296374208", " 0.783665612341906", " 0.86070480268896", " 0.969629619709716", " 0.998201461382832", "0.999999999946231", " 1", " 1", " 0.999999999996915", " 1", "7.1", "", " ", " 2.0", " 4.3", " 7.1", " 3.9", " ", " ", " ", " 4.6", " 5.5", " ", " ", " 3.3", " ", " 0.8", " 5.1", " ", " 5.3", " ", " 2.9", " ", " 6.8", " ", " ", " 4.8", " ", " ", " 3.7", " ", " 4.2", " ", " 4.6", " 4.2", " 1.5", " ", " ", " 4.6", " ", " 3.3"
"547", "", "False", "Tetradecanedioic acid", "C14 H26 O4", "Full match", " Full match", " No results", " Full match", " Not the top hit", "0.88", "258.18334", "257.17606", "4.327", "9727914.29330635", "6", "1", "0", "74.9", "8.7", "", "No matches found", " No matches found", " No matches found", " No matches found", " No matches found", "", "Multiple matches found", "PreferredDDA", "", "[M-H]-1", "4872511.8592023", " 5368793.0414646", " 5072469.03159442", " 7719979.71318297", " 5155245.65504978", "22.3864792110493", " 23.8692812106865", " 34.4562445841179", " 22.4015147769759", " 28.421959013942", "0.961", " 1.522", " 1.016", " 0.695", " 0.668", "-0.06", " 0.61", " 0.02", " -0.52", " -0.58", "0.824296943183872", " 0.457618061779062", " 0.999803068663801", " 0.477049504427283", " 0.561725147037265", "0.999999999946231", " 1", " 1", " 0.999999999996915", " 1", "6.6", "6.2", " 6.2", " 6.6", " 4.7", " 5.9", " 4.3", " 5.1", " 4.9", " 5.9", " 5.9", " 3.6", " 5.9", " 5.1", " 5.9", " 4.9", " 5.1", " 5.5", " 6.1", " 5.7", " 5.4", " 5.0", " 5.4", " 5.0", " 5.0", " 6.6", " 5.9", " 4.7", " 6.6", " 6.6", " 5.5", " 5.9", " 4.0", " 4.7", " 6.2", " 5.5", " 5.3", " 6.2", " 5.1", " 4.7", " 5.9"
"518", "", "False", "16-Hydroxyhexadecanoic acid", "C16 H32 O3", "Full match", " Full match", " No results", " Full match", " Not the top hit", "1.64", "272.23559", "271.22831", "5.730", "9694526.78204221", "21", "1", "0", "96.7", "9.8", "", "No matches found", " No matches found", " No matches found", " No matches found", " No matches found", "", "Multiple matches found", "PreferredDDA", "", "[M-H]-1", "3971397.22775151", " ", " 5553675.11748262", " 5836571.41527745", " 4228987.82300382", "23.8791821617057", " ", " 34.2248113704511", " 26.0354551973803", " 24.2275745975635", "0.715", " 1.051", " 0.761", " 0.000", " 0.725", "-0.48", " 0.07", " -0.39", " -Infinity", " -0.46", "0.352665292539546", " 0.855964618731283", " 0.482459839949447", " ", " 0.814335828673076", "0.999999999946231", " 1", " 1", " ", " 1", "6.2", "", " 6.0", " 6.2", " ", " ", " ", " ", " ", " ", " ", " ", " ", " ", " ", " ", " ", " ", " 4.2", " 5.7", " ", " 3.8", " 5.7", " 5.7", " ", " 3.2", " ", " 6.2", " 4.3", " 2.6", " ", " ", " 5.6", " ", " ", " ", " ", " ", " ", " 3.0", " 3.2"
"465", "", "False", "NP-001596", "C16 H30 O4", "Full match", " Full match", " No results", " Full match", " Full match", "1.31", "286.21478", "285.20751", "5.185", "9672123.21926047", "4", "2", "0", "96.1", "9.8", "", "No matches found", " No matches found", " No matches found", " No matches found", " No matches found", "", "Multiple matches found", "PreferredDDA", "CO2", "[M-H]-1", "3020172.3214707", " 4312048.58279115", " 2958161.63768104", " 6910127.68164079", " 4660455.02071569", "31.9747772788687", " 38.8456988503468", " 52.8114158743037", " 27.9263571285553", " 45.6428690066576", "1.021", " 2.336", " 1.575", " 0.624", " 0.674", "0.03", " 1.22", " 0.66", " -0.68", " -0.57", "0.989779873738994", " 0.0209337320150499", " 0.250797007137375", " 0.524696003263013", " 0.776819480017499", "0.999999999946231", " 0.233688804331271", " 1", " 0.999999999996915", " 1", "6.6", "5.7", " 4.7", " 5.1", " 2.9", " 5.1", " 4.7", " 4.4", " 3.8", " 4.7", " 6.1", " 4.4", " 5.4", " 5.7", " 5.4", " 4.4", " 5.1", " 1.7", " 5.2", " 5.6", " 3.3", " 3.1", " 3.5", " 4.8", " 3.1", " 6.2", " 6.2", " 6.2", " 6.6", " 6.2", " 5.5", " 6.2", " 5.6", " 4.2", " 6.0", " 4.2", " 3.1", " 5.2", " 5.2", " 4.8", " 4.5"
"262", "", "False", "(3'E)-2'-Hydroxy-1',3-dimethoxy-3',4'-didehydro-1',2'-dihydro-ß,?-caroten-4-one", "C42 H58 O4", "Full match", " No results", " No results", " Full match", " No results", "-2.45", "626.43197", "625.42470", "7.117", "9598968.92438635", "2", "0", "0", "", "", "", "No matches found", " No matches found", " No matches found", " No matches found", " No matches found", "", "No matches found", "PreferredDDA", "", "[M-H]-1", "1122509.02601975", " 2824828.2370497", " 2843566.67148825", " 6106199.41849216", " 3304524.28795524", "39.9261774764056", " 53.5517779379085", " 32.7039695331858", " 36.4577648224415", " 52.6874575619139", "0.395", " 2.147", " 1.162", " 0.463", " 0.541", "-1.34", " 1.10", " 0.22", " -1.11", " -0.89", "0.07377402262174", " 0.0781614207776296", " 0.967966811938634", " 0.0533149197570503", " 0.178467904270111", "0.999999999946231", " 0.57776077250491", " 1", " 0.999999999996915", " 1", "7.2", "2.6", " 5.8", " 5.7", " 2.4", " ", " 3.4", " 3.4", " ", " 2.0", " ", " ", " 2.5", " 3.3", " 6.4", " 5.7", " 3.9", " 3.6", " ", " 3.6", " ", " 5.9", " 6.0", " 3.2", " ", " 4.4", " 6.5", " 7.2", " 5.0", " 4.2", " 5.4", " ", " ", " 5.8", " 5.5", " 2.7", " ", " 4.4", " 3.7", " 5.2", " 3.7"
"720", "", "False", "Prostaglandin B1", "C20 H32 O4", "Not the top hit", " Full match", " Full match", " Partial match", " Not the top hit", "1.78", "336.23066", "335.22338", "3.117", "9593596.3261927", "78", "20", "4", "98.2", "9.9", "4.8", "Multiple matches found", " No matches found", " No matches found", " No matches found", " No matches found", "", "Multiple matches found", "PreferredDDA", "", "[M-H]-1", "5465049.75974243", " 3345636.060743", " ", " 3110714.1232662", " 1608014.29127318", "", " 57.9544095076079", " ", " 36.4683624368843", " 32.3381646883439", "Infinity", " Infinity", " Infinity", " 1.076", " 0.517", "Infinity", " Infinity", " Infinity", " 0.11", " -0.95", "", " ", " ", " 0.839192755998941", " 0.0775576374587923", "", " ", " ", " 0.999999999996915", " 1", "5.1", "", " ", " ", " ", " 1.8", " ", " ", " ", " 4.6", " 3.0", " 1.2", " 3.0", " 4.1", " 2.3", " 2.7", " 0.8", " ", " ", " ", " ", " ", " ", " ", " ", " 2.5", " 2.9", " 5.1", " 1.3", " 3.8", " 3.1", " 2.1", " 4.2", " 2.6", " 1.9", " 1.9", " ", " ", " ", " 3.6", " 1.1"
"697", "", "False", "N-Butylbenzenesulfonamide", "C10 H15 N O2 S", "Full match", " Full match", " No results", " No results", " No results", "-1.53", "213.08202", "212.07475", "3.887", "9583502.25568166", "0", "1", "0", "93.6", "58.9", "", "No matches found", " No matches found", " No matches found", " No matches found", " No matches found", "", "No matches found", "PreferredDDA", "", "[M-H]-1", "5803596.33995014", " 7008579.18459622", " 5796308.13866403", " 7393899.55651055", " 5099180.46354041", "32.8670342486919", " 12.6700168498857", " 35.797563665884", " 20.072171137676", " 31.0225699119453", "1.001", " 1.276", " 0.880", " 0.948", " 0.690", "0.00", " 0.35", " -0.18", " -0.08", " -0.54", "0.999999923914995", " 0.303967795417657", " 0.999999908605327", " 0.996260432701704", " 0.29319777547551", "0.999999999946231", " 1", " 1", " 0.999999999996915", " 1", "6.1", "2.7", " ", " ", " ", " 2.7", " 5.0", " ", " 2.1", " 5.0", " 6.1", " ", " ", " 3.5", " ", " ", " ", " 3.8", " ", " 1.6", " 4.2", " ", " 4.2", " ", " 1.3", " 5.1", " 5.9", " 3.2", " 4.7", " 4.7", " ", " ", " ", " ", " 2.3", " ", " ", " 1.3", " 1.9", " 3.1", " 4.6"
"483", "", "False", "Certonardosterol A", "C28 H48 O6", "Not the top hit", " No results", " No results", " Not the top hit", " Full match", "1.29", "480.34571", "479.33843", "4.760", "9534578.92224767", "6", "0", "0", "", "", "", "No matches found", " No matches found", " No matches found", " No matches found", " No matches found", "", "Multiple matches found", "PreferredDDA", "", "[M-H]-1", "", " 848452.960088476", " 1602560.81346479", " 3130491.30860147", " 1355058.45043029", "", " 46.7711052031437", " 10.5494581423863", " 86.9598861863307", " 20.5150096117393", "0.000", " 1.953", " 0.846", " 0.271", " 0.433", "-Infinity", " 0.97", " -0.24", " -1.88", " -1.21", "", " 0.492219407393892", " 0.944654881785103", " 0.0221315766205493", " 0.102986596286712", "", " 1", " 1", " 0.796736758339776", " 1", "6.8", "", " ", " ", " ", " ", " ", " ", " ", " 0.8", " ", " ", " 3.4", " ", " 1.0", " 1.5", " ", " ", " 6.8", " 4.5", " ", " ", " ", " ", " ", " ", " ", " 2.5", " ", " ", " 3.9", " 5.2", " 4.2", " 3.1", " 3.3", " 3.5", " ", " 6.2", " ", " 2.8", " "
"608", "", "False", "FAHFA 2:0/16:0", "C18 H34 O4", "Not the top hit", " No results", " Full match", " Partial match", " Partial match", "1.84", "314.24629", "313.23904", "6.117", "9461834.81620742", "44", "0", "1", "", "", "44.1", "No matches found", " No matches found", " No matches found", " Single match found", " No matches found", "", "Multiple matches found", "PreferredDDA", "", "[M-H]-1", "769059.923820222", " 1132019.68011287", " 790834.622327411", " 873609.410522512", " 810822.582681324", "18.1679938803831", " 136.823989174236", " 14.0034942494363", " 24.4674578628753", " 13.1859720998802", "0.972", " 1.105", " 1.025", " 1.296", " 0.928", "-0.04", " 0.14", " 0.04", " 0.37", " -0.11", "0.999960637920588", " 0.994481499623739", " 1", " 0.485313607157625", " 0.992381559692821", "0.999999999946231", " 1", " 1", " 0.999999999996915", " 1", "5.4", "1.5", " ", " 3.0", " ", " 2.3", " ", " 3.8", " ", " ", " 1.4", " 2.6", " 0.4", " 1.4", " ", " ", " ", " ", " ", " 3.5", " ", " 2.4", " ", " 3.5", " ", " ", " 2.5", " 2.1", " 5.4", " 2.8", " ", " 1.4", " ", " ", " 3.2", " ", " ", " 2.8", " ", " 2.8", " 2.8"
"457", "", "False", "", "C42 H66 N4 O3", "Full match", " No results", " No results", " No results", " No results", "-0.44", "674.51319", "673.50591", "10.896", "9269606.37819591", "0", "0", "0", "", "", "", "No matches found", " No matches found", " No matches found", " No matches found", " No matches found", "", "No matches found", "PreferredDDA", "", "[M-H]-1", "1955057.7865472", " 994429.708427704", " 2098438.03074433", " 8054066.82967489", " 2854198.50503123", "34.1766061082613", " ", " 17.575217153063", " 50.8353980323358", " 76.0416151929281", "0.932", " 3.838", " 1.360", " 0.123", " 0.354", "-0.10", " 1.94", " 0.44", " -3.02", " -1.50", "0.999437968460927", " 0.306009079032638", " 0.999999135419052", " ", " 0.287663549190442", "0.999999999946231", " 1", " 1", " ", " 1", "6.0", "5.1", " 6.0", " ", " ", " 2.6", " ", " ", " ", " 2.1", " ", " ", " ", " ", " ", " ", " ", " ", " 3.5", " 4.2", " ", " ", " ", " 5.8", " 3.3", " 3.5", " ", " 3.7", " 4.8", " ", " 4.8", " ", " 4.2", " ", " ", " 5.0", " 0.4", " 3.9", " ", " 3.3", " "
"1113", "", "False", "NP-018716", "C11 H20 O4", "Full match", " Full match", " No results", " Partial match", " Partial match", "-1.21", "216.13590", "215.12862", "2.908", "9248452.00363074", "2", "1", "0", "75.1", "8.8", "", "No matches found", " No matches found", " No matches found", " No matches found", " No matches found", "", "Multiple matches found", "PreferredDDA", "CO2", "[M-H]-1", "8044565.01223834", " 7707900.16424841", " 4119977.64669327", " 7612323.48673573", " 6373489.514646", "25.134765929023", " 31.1292326752209", " 27.54711446057", " 35.5553674014678", " 22.8360622963465", "1.953", " 1.848", " 1.547", " 1.013", " 0.837", "0.97", " 0.89", " 0.63", " 0.02", " -0.26", "0.0124712057607571", " 0.127541364147452", " 0.0621650252002519", " 0.992878536753327", " 0.999927080247901", "0.993193243249472", " 0.792785524871096", " 0.444558294035035", " 0.999999999996915", " 1", "5.9", "4.3", " 3.6", " 3.2", " 4.0", " 4.7", " ", " 5.9", " 5.1", " 3.1", " 3.1", " ", " ", " 3.5", " ", " 2.1", " ", " 3.4", " ", " ", " 1.6", " 3.6", " 5.1", " 4.0", " 4.0", " 2.1", " ", " 3.1", " 4.2", " ", " 3.1", " ", " 3.1", " 3.6", " 3.6", " ", " 4.7", " 3.2", " 3.2", " 4.0", " 4.3"
"638", "", "False", "ent-Prostaglandin F2a", "C20 H34 O5", "Full match", " Full match", " Full match", " Not the top hit", " Full match", "1.49", "354.24115", "353.23382", "3.261", "9235128.96680246", "91", "17", "2", "94.4", "82.6", "75.4", "Multiple matches found", " No matches found", " No matches found", " No matches found", " No matches found", "", "Multiple matches found", "PreferredDDA", "", "[M-H]-1", "2974202.71005307", " 5008130.91436731", " 4458242.09191628", " 3897005.49687432", " 4482995.522639", "43.0722343660288", " 41.6511605775919", " 39.4321768887266", " 34.4747284377423", " 43.51880269368", "0.667", " 0.874", " 1.006", " 1.285", " 1.150", "-0.58", " -0.19", " 0.01", " 0.36", " 0.20", "0.724923044400911", " 0.964362461618401", " 0.955252650177733", " 0.902264662204754", " 0.99994312629561", "0.999999999946231", " 1", " 1", " 0.999999999996915", " 1", "5.1", "", " ", " 1.2", " 1.4", " ", " 2.0", " 1.4", " ", " 1.8", " 4.1", " ", " 2.0", " 3.0", " 2.2", " 2.0", " 2.2", " 1.0", " 0.7", " 4.6", " 2.5", " 3.5", " 3.8", " 3.1", " 3.5", " 2.9", " 3.1", " 2.9", " 4.6", " 4.0", " 3.5", " 2.9", " 5.1", " 2.7", " ", " 1.6", " ", " 3.0", " 3.0", " ", " 3.0"
"523", "", "False", "Docosatrienoic acid", "C22 H38 O2", "Full match", " Full match", " No results", " Full match", " Not the top hit", "1.69", "334.28775", "333.28047", "8.472", "9193172.90011247", "22", "2", "0", "95.0", "9.8", "", "No matches found", " No matches found", " No matches found", " No matches found", " No matches found", "", "Multiple matches found", "PreferredDDA", "", "[M-H]-1", "3198089.27786488", " 3953818.31696744", " 2434570.9028064", " 2051387.63298847", " 1326259.85108124", "44.7998636452234", " 51.9730079203339", " 86.1926397083118", " 56.7679624501842", " 57.0084948189124", "1.314", " 0.843", " 0.545", " 1.927", " 0.647", "0.39", " -0.25", " -0.88", " 0.95", " -0.63", "0.99999985059772", " 0.957515551151608", " 0.317472756946432", " 0.363628757978386", " 0.709369033192307", "0.999999999946231", " 1", " 1", " 0.999999999996915", " 1", "6.4", "6.4", " 6.1", " 3.7", " 4.8", " 5.4", " 3.1", " 3.1", " 3.0", " 2.5", " 1.4", " 2.3", " 5.2", " 4.1", " 5.2", " 4.2", " 4.5", " 3.6", " 3.3", " 4.1", " 4.5", " 5.4", " 4.4", " 2.2", " 4.4", " 1.7", " 2.7", " 4.2", " 5.0", " 3.3", " 4.6", " 4.0", " 5.5", " 4.4", " 2.7", " 3.4", " ", " 4.2", " 4.0", " 1.4", " 5.8"
"571", "", "False", "Taurocholic acid", "C26 H45 N O7 S", "Not the top hit", " No results", " No results", " Full match", " Full match", "1.23", "515.29231", "514.28503", "4.614", "9159294.5515412", "6", "0", "0", "", "", "", "No matches found", " No matches found", " No matches found", " No matches found", " No matches found", "", "Multiple matches found", "PreferredDDA", "", "[M-H]-1", "2085738.6196611", " 685354.65758284", " 851084.822318414", " 1240725.01250138", " 676731.593873589", "78.4683723287052", " 145.188474288722", " 91.4086910260883", " 39.6835367131731", " 58.5527468517307", "2.451", " 1.458", " 0.795", " 0.552", " 0.545", "1.29", " 0.54", " -0.33", " -0.86", " -0.87", "0.88025767092347", " 0.972165810801351", " 0.997201761699598", " 0.999974966097871", " 0.814034387948903", "0.999999999946231", " 1", " 1", " 0.999999999996915", " 1", "6.4", "", " ", " 2.9", " ", " 4.5", " ", " 0.4", " 2.3", " ", " 0.4", " ", " ", " 1.7", " 1.5", " 1.5", " 6.4", " ", " 2.3", " 2.3", " ", " ", " ", " 0.0", " ", " 4.0", " ", " 3.9", " ", " 4.5", " 3.0", " 4.1", " ", " ", " ", " 4.0", " ", " 0.4", " 2.1", " 2.7", " 1.1"
"973", "", "False", "", "C7 H10 N6 O2", "Full match", " No results", " No results", " No results", " No results", "-0.15", "210.08649", "209.07921", "1.979", "9066170.88134119", "0", "0", "0", "", "", "", "No matches found", " No matches found", " No matches found", " No matches found", " No matches found", "", "No matches found", "PreferredDDA", "", "[M-H]-1", "2700717.77450174", " 2393592.49676257", " 2100251.77111868", " 2632289.93314709", " 7971731.61267888", "1.55839904884371", " 69.3134292140205", " 13.1853123296404", " 8.41124201098134", " ", "1.286", " 1.253", " 3.796", " 0.909", " 3.028", "0.36", " 0.33", " 1.92", " -0.14", " 1.60", "0.967952804757571", " 0.978604338901466", " ", " 0.983353137033583", " ", "0.999999999946231", " 1", " ", " 0.999999999996915", " ", "6.1", "", " ", " ", " ", " 5.8", " ", " 6.1", " ", " 2.7", " 3.5", " 1.8", " 2.0", " 2.3", " 2.7", " ", " 2.0", " 3.8", " 4.4", " ", " ", " ", " ", " ", " ", " ", " 4.9", " ", " 4.9", " ", " ", " ", " ", " ", " ", " ", " ", " ", " ", " ", " 4.5"
"574", "", "False", "Nor-9-carboxy-d9-THC", "C21 H28 O4", "Full match", " Full match", " No results", " Partial match", " Partial match", "2.71", "344.19969", "403.21354", "3.034", "9018927.1827418", "8", "1", "0", "60.4", "8.0", "", "No matches found", " No matches found", " No matches found", " No matches found", " No matches found", "", "Multiple matches found", "PreferredDDA", "", "[M-H+HAc]-1", "", " 5026021.52966832", " ", " 4578689.35432594", " 3495113.31841016", "", " 32.2066844432019", " ", " 36.294871108057", " 52.4866151995447", "", " Infinity", " Infinity", " 1.098", " 0.763", "", " Infinity", " Infinity", " 0.13", " -0.39", "", " ", " ", " 0.996586724921973", " 0.903969575445139", "", " ", " ", " 0.999999999996915", " 1", "6.1", "", " ", " ", " ", " ", " ", " ", " ", " ", " 6.1", " ", " 4.2", " 3.1", " 5.0", " 4.4", " 3.5", " ", " ", " ", " ", " ", " ", " ", " ", " ", " ", " 4.7", " 5.0", " ", " 4.4", " 4.6", " ", " 3.0", " 4.2", " 4.5", " 5.4", " ", " 5.6", " 2.7", " 4.2"
"926", "", "False", "6-Ketoprostaglandin F1a", "C20 H34 O6", "Full match", " Full match", " Full match", " Partial match", " Full match", "0.89", "370.23587", "369.22856", "2.599", "8949994.06040093", "265", "10", "1", "93.0", "79.6", "8.4", "Single match found", " No matches found", " No matches found", " No matches found", " No matches found", "", "Multiple matches found", "PreferredDDA", "", "[M-H]-1", "2559394.44395613", " 5929670.90765038", " 3669523.93279684", " 4119599.39647043", " 4384308.9617594", "45.7797471354725", " 39.7016988995388", " 17.5454745499852", " 46.0901258399611", " 47.9659571532739", "0.697", " 1.123", " 1.195", " 1.439", " 1.064", "-0.52", " 0.17", " 0.26", " 0.53", " 0.09", "0.611521057571712", " 0.972478213110428", " 0.975075884337577", " 0.871917644775229", " 0.99999977367777", "0.999999999946231", " 1", " 1", " 0.999999999996915", " 1", "3.7", "", " ", " 0.6", " ", " 1.0", " 2.0", " 1.6", " ", " ", " 2.7", " 1.2", " 1.6", " 1.9", " ", " 1.7", " 1.7", " ", " 2.7", " ", " ", " 2.7", " 3.7", " 3.7", " 3.5", " 1.2", " 2.2", " 1.6", " 3.0", " 1.4", " 1.1", " 0.8", " ", " 3.0", " 0.2", " ", " ", " 0.8", " 2.6", " ", " 2.6"
"938", "", "False", "ponasterone A", "C27 H44 O6", "No results", " No results", " No results", " Not the top hit", " Full match", "2.51", "464.31496", "463.30768", "2.949", "8781890.58268742", "14", "0", "0", "", "", "", "No matches found", " No matches found", " No matches found", " No matches found", " No matches found", "", "Multiple matches found", "PreferredDDA", "", "[M-H]-1", "", " 3307110.43106347", " ", " 2058988.35709064", " 3570798.50511309", "", " 76.3883486263029", " ", " 96.7063936117081", " 17.6570569742172", "", " Infinity", " Infinity", " 1.606", " 1.734", "", " Infinity", " Infinity", " 0.68", " 0.79", "", " ", " ", " 0.999842625930147", " 0.950190230166096", "", " ", " ", " 0.999999999996915", " 1", "4.8", "", " ", " ", " ", " ", " ", " ", " ", " 1.2", " 1.6", " ", " ", " ", " 2.2", " 1.0", " ", " ", " ", " ", " ", " ", " ", " ", " ", " ", " ", " 1.6", " ", " ", " 4.8", " 3.3", " ", " 3.1", " 3.5", " 2.3", " ", " ", " 3.0", " 3.5", " "
"581", "", "False", "20-Hydroxy-(5Z,8Z,11Z,14Z)-eicosatetraenoic acid", "C20 H32 O3", "Full match", " Full match", " Full match", " Partial match", " Not the top hit", "1.19", "320.23553", "319.22825", "4.544", "8718394.38104622", "72", "8", "3", "97.0", "9.8", "2.2", "Multiple matches found", " No matches found", " No matches found", " No matches found", " No matches found", "", "Multiple matches found", "PreferredDDA", "", "[M-H]-1", "", " 2722835.79523581", " ", " 849370.415092224", " 1226704.22081193", "", " 69.0401185640458", " ", " 71.6698770458609", " 54.1083014709414", "", " Infinity", " Infinity", " 3.206", " 1.444", "", " Infinity", " Infinity", " 1.68", " 0.53", "", " ", " ", " 0.0934279085840863", " 0.988592083907615", "", " ", " ", " 0.999999999996915", " 1", "5.6", "", " ", " ", " ", " ", " ", " ", " ", " 4.8", " 4.6", " 3.5", " 2.1", " 5.6", " 5.0", " 3.5", " 5.2", " ", " ", " ", " ", " ", " ", " ", " ", " ", " ", " ", " ", " 5.0", " ", " 3.0", " 4.5", " 4.4", " 2.7", " 2.9", " ", " 3.4", " 5.0", " 4.4", " 2.9"
"677", "", "False", "", "C9 H14 N6 O4", "Full match", " No results", " No results", " No results", " No results", "2.64", "270.10837", "269.10109", "2.956", "8603488.33241362", "0", "0", "0", "", "", "", "No matches found", " No matches found", " No matches found", " No matches found", " No matches found", "", "No matches found", "PreferredDDA", "", "[M-H]-1", "1165251.35827583", " 6976231.03766629", " 1982801.9865974", " 2169577.08357114", " 2618417.14746994", "5.63932476633072", " 32.9875734229133", " 4.91388833691474", " 63.2683500148859", " 35.2421135285268", "0.588", " 1.094", " 1.321", " 3.215", " 1.207", "-0.77", " 0.13", " 0.40", " 1.69", " 0.27", "0.591422722313605", " 0.566619917450098", " 0.824637773619452", " 0.160225163324706", " 0.977869927073946", "0.999999999946231", " 1", " 1", " 0.999999999996915", " 1", "7.0", "", " 5.0", " ", " ", " ", " ", " ", " 4.3", " 4.6", " ", " ", " 5.4", " ", " ", " ", " ", " 7.0", " 4.8", " ", " 5.8", " ", " 5.5", " ", " ", " ", " 4.2", " ", " 5.2", " 4.5", " 3.6", " 2.9", " 3.1", " 3.6", " 4.7", " 4.4", " 3.8", " 5.5", " ", " 5.0", " 4.4"
"393", "", "False", "", "C10 H14 O12", "Full match", " No results", " No results", " No results", " No results", "2.47", "326.04933", "325.04205", "0.581", "8366258.84192057", "0", "0", "0", "", "", "", "No matches found", " No matches found", " No matches found", " No matches found", " No matches found", "", "No matches found", "PreferredDDA", "", "[M-H]-1", "1786929.93935457", " 7284025.99751724", " 2090190.37561223", " 2309776.65997208", " 1998985.03611045", "35.2725145267769", " 50.6298136690267", " 31.25453447237", " 66.3610327852063", " 72.983205620889", "0.855", " 1.105", " 0.956", " 3.154", " 0.865", "-0.23", " 0.14", " -0.06", " 1.66", " -0.21", "0.943791455583634", " 0.999965037884303", " 0.999720143507259", " 0.198423035438012", " 0.99762567842388", "0.999999999946231", " 1", " 1", " 0.999999999996915", " 1", "6.0", "5.7", " ", " 5.7", " ", " 5.1", " 5.9", " ", " ", " 5.2", " 5.6", " 5.6", " ", " 6.0", " 5.6", " ", " ", " ", " ", " 5.5", " ", " 4.9", " 5.3", " ", " 5.9", " ", " ", " 5.4", " 4.5", " 5.6", " 5.4", " ", " 4.4", " ", " 4.9", " 5.2", " ", " 5.4", " 5.2", " 4.8", " 5.6"
"161", "", "False", "", "C19 H34 O P2", "Full match", " No results", " No results", " No results", " No results", "-2.64", "340.20759", "339.20031", "10.851", "8329176.79405775", "0", "0", "0", "", "", "", "No matches found", " No matches found", " No matches found", " No matches found", " No matches found", "", "No matches found", "PreferredDDA", "", "[M-H]-1", "4385888.63721248", " 4344999.60334437", " 4320921.29333711", " 5072282.36909082", " 4811673.318748", "15.1495815462122", " 37.9839935529892", " 25.4403377806219", " 20.3336652862267", " 13.3552571384139", "1.015", " 1.174", " 1.114", " 0.857", " 0.949", "0.02", " 0.23", " 0.16", " -0.22", " -0.08", "0.998686827382004", " 0.445712551891705", " 0.88253760374116", " 0.814321954476527", " 0.927962030866274", "0.999999999946231", " 1", " 1", " 0.999999999996915", " 1", "8.8", "8.3", " 7.9", " 8.3", " 7.5", " 7.5", " 4.2", " 6.7", " 7.9", " 6.3", " 6.5", " 5.1", " 6.1", " 7.2", " 6.9", " 6.6", " 5.7", " 6.6", " 7.8", " 7.8", " 5.9", " 6.0", " 7.0", " 7.4", " 5.6", " 7.0", " 7.4", " 7.4", " 7.0", " 7.4", " 7.8", " ", " 6.4", " 8.0", " 8.0", " 8.4", " 7.2", " 7.8", " 8.8", " 8.0", " 8.4"
"678", "", "False", "", "C23 H53 N4 O6 P", "Full match", " No results", " No results", " No results", " No results", "3.16", "512.37189", "511.36462", "4.136", "8323313.41480952", "0", "0", "0", "", "", "", "No matches found", " No matches found", " No matches found", " No matches found", " No matches found", "", "No matches found", "PreferredDDA", "", "[M-H]-1", "581103.62721978", " 3515053.15024722", " 670499.593882987", " 5052421.90338148", " 3929645.30380606", "94.8459695197395", " 54.5147291286874", " ", " 27.4792763592528", " 57.1325457339135", "0.867", " 7.535", " 5.861", " 0.696", " 0.778", "-0.21", " 2.91", " 2.55", " -0.52", " -0.36", "", " ", " ", " 0.987725675737676", " 0.947894215612553", "", " ", " ", " 0.999999999996915", " 1", "7.4", "", " ", " ", " ", " 4.5", " 0.2", " ", " ", " 3.9", " 3.3", " ", " 3.0", " 2.2", " ", " 2.7", " 1.6", " ", " ", " ", " ", " ", " 0.4", " ", " ", " 6.6", " 5.1", " 3.0", " 6.6", " 5.1", " 3.7", " 7.4", " 3.4", " 1.4", " 4.8", " 1.6", " 3.3", " 3.0", " 3.7", " 4.8", " 2.0"
"818", "", "False", "(2E)-4-Hydroxy-3,7-dimethyl-2,6-octadien-1-yl beta-D-glucopyranoside", "C16 H28 O7", "Unused", " Invalid mass", " No results", " No match", " No results", "138488.42", "378.18707", "377.17979", "3.134", "8290940.28969375", "1", "2", "0", "77.8", "8.9", "", "No matches found", " No matches found", " No matches found", " No matches found", " No matches found", "", "No matches found", "PreferredDDA", "", "[M-H]-1", "2271599.3047004", " 2592404.55993375", " 3417596.45192868", " 1233454.90069481", " 2586438.4224481", "49.8058159567885", " ", " 64.280501134028", " 91.6804221237698", " 46.3131080788531", "0.665", " 0.361", " 0.757", " 2.102", " 2.097", "-0.59", " -1.47", " -0.40", " 1.07", " 1.07", "0.995348870138218", " 0.426732307479101", " 0.945204912374675", " ", " 0.849337316357728", "0.999999999946231", " 1", " 1", " ", " 1", "3.9", "", " ", " ", " 1.2", " ", " 2.2", " 2.0", " ", " ", " ", " ", " ", " 0.8", " ", " ", " ", " 1.4", " ", " 3.3", " 1.4", " 3.7", " 3.3", " 2.3", " 3.9", " ", " ", " ", " ", " ", " 0.2", " 0.8", " 0.7", " 1.6", " ", " 1.2", " ", " ", " 1.8", " 1.7", " "
"532", "", "False", "7,8-epoxy-17S-HDHA", "C22 H30 O4", "Unused", " No results", " No results", " Not the top hit", " Full match", "-4.68", "358.21273", "357.20546", "6.779", "8227365.94100949", "141", "0", "0", "", "", "", "No matches found", " No matches found", " No matches found", " No matches found", " No matches found", "", "Multiple matches found", "PreferredDDA", "", "[M-H]-1", "1249677.81272545", " 1221578.96325006", " 2370143.09323278", " 4965641.34951473", " 2683749.21173397", "31.3826146851339", " 25.4574447883989", " 65.3040919383764", " 40.5813150188239", " 29.6307440281857", "0.527", " 2.095", " 1.132", " 0.246", " 0.540", "-0.92", " 1.07", " 0.18", " -2.02", " -0.89", "0.143215770490551", " 0.0271144888549557", " 0.889745830130677", " 7.63709157634018E-05", " 0.192441821678877", "0.999999999946231", " 0.279841988748316", " 1", " 0.023369500223601", " 1", "6.8", "4.9", " 2.4", " 4.1", " 0.9", " 3.8", " 5.7", " 6.4", " ", " 2.5", " 3.1", " ", " 4.8", " 5.0", " 6.5", " ", " 4.3", " 5.8", " 5.4", " 4.5", " 4.9", " 5.4", " 3.6", " 5.8", " 5.5", " 4.2", " 4.6", " 4.8", " 5.6", " 6.0", " 6.0", " 5.4", " 5.0", " 3.9", " 4.5", " 6.8", " 6.8", " 6.8", " 6.2", " 6.8", " 4.9"
"545", "", "False", "(+/-)14(15)-DiHET", "C20 H34 O4", "Full match", " Full match", " Full match", " Not the top hit", " Not the top hit", "1.16", "338.24610", "337.23882", "5.019", "8209564.45198272", "20", "8", "1", "81.2", "67.0", "0.9", "No matches found", " No matches found", " No matches found", " Single match found", " No matches found", "", "Multiple matches found", "PreferredDDA", "", "[M-H]-1", "3117208.1305545", " 4349968.51262476", " 4105613.16416677", " 3547318.36158544", " 3738587.70509902", "22.4261235209877", " 36.6119841667042", " 17.1708842955781", " 33.4688035899076", " 35.2845440887732", "0.759", " 0.864", " 0.911", " 1.226", " 1.054", "-0.40", " -0.21", " -0.14", " 0.29", " 0.08", "0.327172359700928", " 0.998864258892538", " 0.995656561333351", " 0.230797929564438", " 0.999954154986995", "0.999999999946231", " 1", " 1", " 0.999999999996915", " 1", "6.5", "1.8", " 3.4", " 6.0", " 3.0", " 4.5", " 3.7", " 2.6", " ", " 5.5", " 6.5", " ", " 5.0", " 5.0", " 5.0", " 4.7", " 4.6", " 3.7", " 4.5", " 4.2", " 4.1", " 3.9", " 4.8", " 5.4", " 4.2", " 3.2", " 2.9", " 3.2", " 3.8", " 3.2", " 3.8", " 2.5", " 4.4", " 3.6", " 2.1", " 5.0", " ", " 5.5", " 5.0", " 4.7", " 5.7"
"510", "", "False", "", "C12 H10 O S", "Full match", " No results", " No results", " No results", " No results", "-1.73", "202.04489", "201.03761", "0.683", "8163048.43606224", "0", "0", "0", "", "", "", "No matches found", " No matches found", " No matches found", " No matches found", " No matches found", "", "No matches found", "PreferredDDA", "", "[M-H]-1", "3614257.36877616", " 1495779.62485965", " 3259681.75208547", " 873927.891499619", " 1032845.70733975", "45.4175284323991", " 33.727476391246", " 33.5487419615335", " 25.3229170174185", " 74.3105739383036", "1.109", " 0.268", " 0.317", " 1.712", " 1.182", "0.15", " -1.90", " -1.66", " 0.78", " 0.24", "0.841062047674415", " 7.79236658307036E-05", " 0.00105813307614788", " 0.270119495441224", " 0.968377048435428", "0.999999999946231", " 0.00202972596235214", " 0.0199911570457939", " 0.999999999996915", " 1", "6.6", "5.8", " 5.8", " 5.2", " 5.4", " 5.6", " 5.4", " 5.8", " 5.6", " 6.4", " 5.1", " ", " 6.6", " 6.0", " 6.0", " 5.7", " 6.0", " 6.3", " 5.3", " 6.1", " 6.3", " 6.3", " 6.5", " 6.3", " 6.5", " 6.2", " 6.2", " 5.9", " 6.5", " ", " 6.3", " ", " 4.0", " ", " 5.3", " 4.9", " ", " 5.8", " 5.5", " ", " 5.5"
"622", "", "False", "5-[(1S,2R,4aR)-5-(Hydroxymethyl)-1,2,4a-trimethyl-1,2,3,4,4a,7,8,8a-octahydro-1-naphthalenyl]-3-methylpentanoic acid", "C20 H34 O3", "Full match", " Full match", " No results", " Partial match", " Partial match", "1.08", "322.25114", "321.24387", "6.902", "8151773.75647053", "23", "2", "0", "63.2", "8.2", "", "No matches found", " No matches found", " No matches found", " No matches found", " No matches found", "", "Multiple matches found", "PreferredDDA", "", "[M-H]-1", "1251459.98211276", " 2249988.28437076", " 490667.379332009", " 1058029.94849109", " 1046965.00075873", "52.8306524944225", " 74.8853883088061", " 46.7867093163731", " 77.8786794661381", " 50.5605882636653", "2.551", " 2.156", " 2.134", " 2.127", " 0.990", "1.35", " 1.11", " 1.09", " 1.09", " -0.02", "0.064670575424034", " 0.298852681055316", " 0.211282571682669", " 0.136201892231578", " 0.997309798966219", "0.999999999946231", " 1", " 0.989101596638334", " 0.999999999996915", " 1", "6.1", "3.5", " 4.6", " 2.7", " 1.5", " 1.9", " 1.9", " 4.4", " ", " 3.3", " 3.3", " ", " 3.3", " 3.0", " 5.2", " 2.1", " 6.1", " 4.2", " 0.8", " ", " ", " 1.1", " 4.5", " 0.4", " ", " ", " 0.0", " 1.0", " 2.0", " 2.9", " ", " ", " 0.4", " ", " 0.2", " ", " ", " ", " 3.5", " 2.9", " 2.9"
"534", "", "False", "", "C12 H22 N6 O2", "Full match", " No results", " No results", " No results", " No results", "2.24", "282.18106", "281.17378", "6.389", "8145236.60254437", "0", "0", "0", "", "", "", "No matches found", " No matches found", " No matches found", " No matches found", " No matches found", "", "No matches found", "PreferredDDA", "", "[M-H]-1", "2170140.46176006", " 3222610.02765909", " 2434552.73951587", " 5054787.08918402", " 3053486.05373038", "16.3564843173429", " 38.6070303267387", " 45.8973550191347", " 38.9563533539473", " 29.5032523927882", "0.891", " 2.076", " 1.254", " 0.638", " 0.604", "-0.17", " 1.05", " 0.33", " -0.65", " -0.73", "0.532052244019595", " 0.0639078739810878", " 0.893760554116441", " 0.21331452469586", " 0.354781396850582", "0.999999999946231", " 0.518501324379168", " 1", " 0.999999999996915", " 1", "7.4", "6.3", " 6.9", " 6.5", " 5.0", " 6.9", " 6.5", " 5.8", " 5.9", " 4.1", " 5.4", " 4.2", " 5.9", " 5.5", " 5.5", " 5.1", " 5.9", " 5.4", " 6.0", " 4.8", " 5.2", " 5.0", " 4.4", " 4.8", " 4.4", " 5.9", " 6.3", " 6.1", " 6.1", " 5.7", " 6.5", " 6.1", " 6.1", " 5.3", " 6.4", " 6.0", " 5.3", " 5.3", " 7.4", " 6.0", " 5.9"
"522", "", "False", "", "C14 H22 N6 O2", "Full match", " No results", " No results", " No results", " No results", "2.45", "306.18117", "305.17390", "6.205", "7966775.58097006", "0", "0", "0", "", "", "", "No matches found", " No matches found", " No matches found", " No matches found", " No matches found", "", "No matches found", "PreferredDDA", "", "[M-H]-1", "1432390.44580168", " 2847454.06861501", " 533357.772587076", " 5579397.08389201", " 2835662.50336635", "56.2477159148131", " 55.5358424353526", " 35.6279861565779", " 43.8319069715648", " 47.4325805891547", "2.686", " 10.461", " 5.317", " 0.510", " 0.508", "1.43", " 3.39", " 2.41", " -0.97", " -0.98", "0.366847790860173", " 4.85536148987498E-05", " 0.000749170835397162", " 0.194327286847884", " 0.574574178724191", "0.999999999946231", " 0.00147549040831201", " 0.015350950774304", " 0.999999999996915", " 1", "6.4", "", " ", " ", " ", " ", " 4.2", " 3.6", " ", " 4.8", " 4.5", " 4.6", " 5.4", " 5.4", " 4.1", " 4.5", " 4.0", " ", " 2.0", " 1.6", " ", " ", " 5.4", " ", " ", " 4.6", " 6.1", " 5.6", " 6.0", " 4.8", " 5.2", " 6.4", " 5.0", " 4.4", " 5.4", " 5.4", " 5.8", " 4.6", " 4.8", " 5.4", " 4.6"
"1471", "", "False", "6-Amino-3-methyl-4-phenyl-1,4-dihydropyrano[2,3-c]pyrazole-5-carbonitrile", "C14 H12 N4 O", "No match", " Invalid mass", " No results", " No results", " No results", "8.82", "252.10334", "251.09606", "5.854", "7845616.48404308", "0", "2", "0", "84.5", "9.2", "", "No matches found", " No matches found", " No matches found", " No matches found", " No matches found", "", "No matches found", "PreferredDDA", "", "[M-H]-1", "6935775.00717488", " 7037592.62437299", " 6887989.43305374", " 6695279.82452926", " 7050935.10648427", "3.49696651158542", " 5.7143135783182", " 4.65435947860425", " 3.34748912898461", " 2.78682539884118", "1.007", " 0.972", " 1.024", " 1.051", " 1.053", "0.01", " -0.04", " 0.03", " 0.07", " 0.07", "0.988863836533362", " 0.590888467699878", " 0.581446716273452", " 0.0467514727127715", " 0.0590738739758664", "0.999999999946231", " 1", " 1", " 0.999999999996915", " 1", "5.6", "", " 4.8", " 4.8", " 4.8", " 4.8", " 4.8", " 4.8", " 5.6", " 5.1", " 4.3", " ", " ", " 4.0", " 4.0", " 5.1", " 4.3", " 4.8", " 4.1", " 4.8", " 4.8", " 4.8", " ", " 4.1", " 4.8", " 5.2", " 4.8", " 4.1", " 4.8", " 4.1", " ", " 4.5", " ", " 5.2", " 4.8", " 4.8", " 4.8", " 5.6", " ", " 4.8", " "
"377", "", "False", "Desacetyluvaricin", "C37 H66 O6", "Full match", " No results", " No results", " Partial match", " Full match", "2.03", "606.48717", "605.47990", "7.054", "7823406.09849007", "9", "0", "0", "", "", "", "No matches found", " No matches found", " No matches found", " No matches found", " No matches found", "", "Multiple matches found", "PreferredDDA", "", "[M-H]-1", "4319629.38223516", " 1216768.3561877", " 1554371.55968777", " 2286800.52137034", " 1135850.66108946", "114.710965066424", " 88.20464812458", " 44.9227766078581", " 61.5325975622438", " 94.8973287120222", "2.779", " 1.471", " 0.731", " 0.532", " 0.497", "1.47", " 0.56", " -0.45", " -0.91", " -1.01", "0.974657922024977", " 0.861342096666277", " 0.894073084503167", " 0.635885229859557", " 0.395116512174428", "0.999999999946231", " 1", " 1", " 0.999999999996915", " 1", "6.0", "", " ", " ", " ", " 6.0", " ", " 4.9", " ", " ", " 5.6", " ", " 5.9", " 5.2", " ", " ", " 4.5", " ", " 3.3", " 5.0", " ", " ", " ", " 2.1", " ", " ", " ", " 1.8", " 3.1", " 3.3", " 3.7", " 5.8", " 2.7", " ", " ", " ", " ", " ", " 2.3", " ", " 5.2"
"269", "", "False", "6-Amino-3-methyl-4-phenyl-1,4-dihydropyrano[2,3-c]pyrazole-5-carbonitrile", "C14 H12 N4 O", "No match", " Invalid mass", " No results", " No results", " No results", "8.32", "252.10321", "251.09593", "10.850", "7776047.07386527", "0", "2", "0", "83.6", "9.2", "", "No matches found", " No matches found", " No matches found", " No matches found", " No matches found", "", "No matches found", "PreferredDDA", "", "[M-H]-1", "2222866.52792019", " 2619447.43380003", " 2259780.63618769", " 1863922.93791357", " 2749432.41576378", "17.1513927310443", " 24.6585968009998", " 23.2192563948329", " 9.71729576708561", " 65.4191742587169", "0.984", " 0.825", " 1.217", " 1.405", " 1.475", "-0.02", " -0.28", " 0.28", " 0.49", " 0.56", "0.999997796094382", " 0.979728782566556", " 0.556323331267588", " 0.834395204740464", " 0.250820217635619", "0.999999999946231", " 1", " 1", " 0.999999999996915", " 1", "8.8", "6.7", " 7.7", " 7.7", " ", " 8.0", " ", " 6.9", " ", " 6.4", " 7.5", " ", " ", " 7.1", " ", " ", " 6.9", " ", " ", " 6.4", " ", " ", " ", " 6.2", " ", " ", " ", " ", " ", " ", " 8.8", " ", " 8.4", " 0.7", " ", " 6.5", " ", " ", " 6.5", " ", " 6.1"
"446", "", "False", "", "C9 H20 N4 O3 P2 S", "Full match", " No results", " No results", " No results", " No results", "-0.19", "326.07307", "325.06579", "0.561", "7670836.41186942", "0", "0", "0", "", "", "", "No matches found", " No matches found", " No matches found", " No matches found", " No matches found", "", "No matches found", "PreferredDDA", "", "[M-H]-1", "2617027.82242207", " 3804075.4161974", " 3158188.98519193", " 620024.197198741", " 931953.077247049", "57.4385208365715", " ", " 36.6210417522054", " 11.3946811311905", " 25.7728628784622", "0.829", " 0.196", " 0.295", " 6.135", " 1.503", "-0.27", " -2.35", " -1.76", " 2.62", " 0.59", "0.999961667057438", " 0.00314915752846778", " 0.0301403115674659", " ", " 0.894989652152969", "0.999999999946231", " 0.0521996717597539", " 0.27972324244192", " ", " 1", "7.3", "3.6", " 4.0", " 4.6", " 5.0", " 5.4", " 4.2", " 5.4", " 5.6", " ", " ", " 5.8", " ", " ", " ", " ", " ", " 3.0", " 5.5", " 4.0", " 3.6", " 5.7", " 5.7", " 4.4", " 6.1", " ", " ", " 7.3", " ", " ", " ", " ", " 5.4", " 2.9", " ", " 4.6", " ", " ", " ", " ", " "
"686", "", "False", "", "C20 H41 N8 O2 P S", "Full match", " No results", " No results", " No results", " No results", "0.65", "488.28140", "487.27412", "4.126", "7670413.92473239", "0", "0", "0", "", "", "", "No matches found", " No matches found", " No matches found", " No matches found", " No matches found", "", "No matches found", "PreferredDDA", "", "[M-H]-1", "1279933.79933698", " 4657986.65175693", " 1920098.15300037", " 4443224.40908525", " 4102811.81406873", "73.0689379781556", " 35.6925771877745", " 63.0702784612142", " 57.9984938150063", " 43.6315847590395", "0.667", " 2.314", " 2.137", " 1.048", " 0.923", "-0.59", " 1.21", " 1.10", " 0.07", " -0.11", "0.901437631651448", " 0.466599162948172", " 0.358277098701998", " 0.950144337516819", " 0.999742377026581", "0.999999999946231", " 1", " 1", " 0.999999999996915", " 1", "5.7", "2.9", " ", " 1.0", " 2.7", " 1.0", " ", " 2.7", " ", " 4.4", " 1.2", " 1.7", " 5.7", " 1.9", " 5.7", " 2.7", " 1.3", " 2.1", " 1.1", " 3.3", " 2.1", " 2.3", " 1.4", " 2.3", " 1.6", " ", " 0.6", " ", " 4.2", " 1.2", " 2.6", " 2.6", " 3.0", " 2.3", " 1.0", " 2.6", " ", " 4.1", " 3.0", " ", " 2.7"
"454", "", "False", "FAHFA 16:0/18:2", "C34 H62 O4", "Not the top hit", " No results", " Full match", " No results", " No results", "-3.14", "534.46313", "533.45586", "8.076", "7588670.01761105", "0", "0", "1", "", "", "73.9", "No matches found", " No matches found", " No matches found", " Single match found", " No matches found", "", "No matches found", "PreferredDDA", "", "[M-H]-1", "2860182.09523986", " 1861035.75434693", " 3435801.55577625", " 2676915.4118342", " 2665004.22553731", "8.29424099231687", " 40.0670693227212", " 47.7734465959988", " 15.1222586290633", " 39.9763264025018", "0.832", " 0.779", " 0.776", " 0.695", " 0.996", "-0.26", " -0.36", " -0.37", " -0.52", " -0.01", "0.71629250564739", " 0.556105202803351", " 0.262460103503037", " 0.919848854855171", " 0.999952662313445", "0.999999999946231", " 1", " 1", " 0.999999999996915", " 1", "7.9", "3.4", " 4.5", " 4.1", " 7.9", " ", " ", " ", " 5.3", " 2.0", " 3.3", " ", " 5.4", " ", " ", " 0.6", " ", " 2.6", " 2.7", " ", " 3.5", " 2.7", " 3.5", " ", " 4.2", " ", " 4.6", " 2.3", " ", " ", " ", " 2.7", " ", " 1.0", " 4.7", " 1.2", " 4.0", " ", " 5.5", " 6.4", " 1.5"
"588", "", "False", "", "", "No results", " No results", " No results", " No results", " No results", "", "220.85291", "255.82241", "0.849", "7567831.11685694", "0", "0", "0", "", "", "", "No matches found", " No matches found", " No matches found", " No matches found", " No matches found", "", "No matches found", "PreferredDDA", "", "[M+Cl]-1", "2176709.93725512", " 1488514.37839865", " 3196388.2067268", " 1580424.54137059", " 1353876.09641685", "39.7374220714292", " 32.4525944497718", " 40.3658258706964", " 91.7298987383932", " 26.5488253172124", "0.681", " 0.494", " 0.424", " 0.942", " 0.857", "-0.55", " -1.02", " -1.24", " -0.09", " -0.22", "0.992000926383258", " 0.530123680323985", " 0.0948849665836122", " 0.764756893154976", " 0.715339783706409", "0.999999999946231", " 1", " 0.583652875845708", " 0.999999999996915", " 1", "6.7", "5.9", " 5.5", " 5.5", " 5.7", " 3.1", " 5.5", " 3.8", " 3.6", " ", " 5.7", " ", " 5.1", " 6.0", " 5.7", " 5.1", " ", " 3.6", " 2.0", " 2.9", " ", " 5.0", " 4.2", " 4.1", " 4.1", " 4.5", " 6.1", " 2.9", " 3.3", " 3.3", " 4.0", " 4.0", " 4.8", " ", " 6.5", " ", " ", " 5.8", " 6.5", " 6.2", " 6.7"
"493", "", "False", "Tridecylic acid", "C13 H26 O2", "Full match", " Full match", " No results", " Not the top hit", " Full match", "-1.40", "214.19298", "213.18570", "6.870", "7556041.99467804", "27", "1", "0", "98.7", "9.9", "", "No matches found", " No matches found", " No matches found", " No matches found", " No matches found", "", "Multiple matches found", "PreferredDDA", "", "[M-H]-1", "4144401.08127376", " 5286057.08808742", " 4646796.87007903", " 5366592.68712043", " 4738089.74375441", "12.88971478685", " 21.4588861158026", " 14.8558381662356", " 23.070791582093", " 21.4757453764195", "0.892", " 1.155", " 1.020", " 0.985", " 0.883", "-0.17", " 0.21", " 0.03", " -0.02", " -0.18", "0.879678285607268", " 0.303474378900001", " 0.765403133773813", " 0.447024070555403", " 0.93117569108041", "0.999999999946231", " 1", " 1", " 0.999999999996915", " 1", "8.0", "6.9", " 7.2", " 6.1", " 5.5", " 7.2", " 7.0", " 7.2", " 6.6", " 6.0", " 6.6", " ", " 6.6", " 6.6", " 6.2", " 5.6", " 5.5", " 6.9", " 5.7", " 5.4", " 6.1", " 7.6", " 6.5", " 8.0", " 5.9", " 4.0", " 4.0", " 6.2", " 5.5", " 5.5", " 5.5", " 6.6", " 5.1", " 4.3", " 6.2", " 5.9", " 5.1", " 5.1", " 6.6", " 5.9", " 4.0"
"442", "", "False", "FAHFA 18:2/20:3", "C38 H64 O4", "Not the top hit", " No results", " Full match", " No results", " No results", "0.68", "584.48086", "583.47358", "7.644", "7531436.9992081", "0", "0", "4", "", "", "37.3", "No matches found", " No matches found", " No matches found", " Multiple matches found", " No matches found", "", "No matches found", "PreferredDDA", "Fatty_Acid_18:2;Fatty_Acid_20:4", "[M-H]-1", "3771467.93308372", " 4339139.53689149", " 3415000.68738116", " 4382312.14951694", " ", "17.6680776896688", " 7.63473921542177", " 44.9150423431104", " 54.0712152378578", " ", "1.104", " 1.283", " 0.000", " 0.990", " 0.000", "0.14", " 0.36", " -Infinity", " -0.01", " -Infinity", "0.963023503269325", " 0.924580154258978", " ", " 0.978424421739217", " ", "0.999999999946231", " 1", " ", " 0.999999999996915", " ", "5.5", "", " 3.7", " 3.9", " ", " 2.0", " ", " 4.8", " ", " ", " 4.7", " ", " ", " ", " 5.5", " 5.1", " ", " 5.4", " ", " ", " ", " 2.6", " ", " ", " ", " 0.8", " ", " 5.2", " ", " 2.2", " 2.2", " ", " ", " ", " ", " ", " ", " ", " ", " ", " "
"476", "", "False", "", "C16 H30 N6 O2", "Full match", " No results", " No results", " No results", " No results", "2.20", "338.24377", "337.23649", "8.043", "7499519.79152166", "0", "0", "0", "", "", "", "No matches found", " No matches found", " No matches found", " No matches found", " No matches found", "", "No matches found", "PreferredDDA", "", "[M-H]-1", "3682890.06522785", " 2927396.63776491", " 3672603.22450547", " 2032948.4321362", " 4791663.99492501", "36.0640176552808", " 28.7936998393817", " 40.6988257439438", " 49.7923503047846", " 36.1503843990298", "1.003", " 0.554", " 1.305", " 1.440", " 2.357", "0.00", " -0.85", " 0.38", " 0.53", " 1.24", "0.993269603416544", " 0.373498484853979", " 0.918249728073986", " 0.949566798797204", " 0.0738657421690708", "0.999999999946231", " 1", " 1", " 0.999999999996915", " 1", "6.7", "5.1", " 5.5", " 2.7", " 4.6", " 2.5", " ", " ", " 5.7", " 5.9", " 5.6", " ", " 4.7", " ", " 2.6", " 4.5", " 6.2", " 1.8", " 4.2", " 2.1", " 3.0", " ", " 6.7", " 3.1", " 3.5", " ", " 3.7", " 4.8", " 4.8", " 4.0", " 4.8", " 5.4", " 1.8", " 4.0", " 4.2", " 3.5", " 3.8", " 4.6", " 2.1", " 3.6", " 6.3"
"700", "", "False", "14,14,14-Trifluoro-11E-tetradecenyl acetate", "C16 H27 F3 O2", "No match", " No results", " No results", " Full match", " Full match", "1.26", "308.19670", "307.18943", "6.672", "7471296.99189458", "2", "0", "0", "", "", "", "No matches found", " No matches found", " No matches found", " No matches found", " No matches found", "", "Multiple matches found", "PreferredDDA", "", "[M-H]-1", "1482118.53411337", " 1220333.11387929", " 1443100.10219222", " 4123659.17468706", " 2701285.47286447", "45.4511821995347", " 55.0110473074219", " 42.2379328993527", " 50.6433954725256", " 31.1034172248881", "1.027", " 2.858", " 1.872", " 0.296", " 0.655", "0.04", " 1.51", " 0.90", " -1.76", " -0.61", "0.989548536405685", " 0.0140885287980118", " 0.106033562830824", " 0.0175900649664341", " 0.771432933961564", "0.999999999946231", " 0.179219191918894", " 0.637406303835294", " 0.697274295423351", " 1", "5.8", "2.7", " 2.1", " 2.9", " 1.4", " 2.5", " 4.5", " 2.3", " 0.4", " 4.2", " 5.0", " ", " 4.8", " ", " 4.4", " ", " ", " 2.9", " ", " ", " ", " ", " 3.3", " ", " 4.2", " 3.5", " 4.8", " ", " 1.1", " 3.0", " ", " 5.8", " 3.7", " ", " 5.3", " ", " 1.7", " 4.9", " 2.9", " 4.7", " 5.5"
"561", "", "False", "", "C10 H17 N4 O5 P", "Full match", " No results", " No results", " No results", " No results", "-3.49", "304.09259", "303.08532", "3.622", "7466867.72444467", "0", "0", "0", "", "", "", "No matches found", " No matches found", " No matches found", " No matches found", " No matches found", "", "No matches found", "PreferredDDA", "", "[M-H]-1", "2015915.03162491", " 4934965.44592813", " 3462829.18262426", " 6532533.36801144", " 4440043.86603172", "52.0595615744405", " ", " 28.6015699121461", " 20.2271958552772", " 27.7382737193047", "0.582", " 1.886", " 1.282", " 0.755", " 0.680", "-0.78", " 0.92", " 0.36", " -0.40", " -0.56", "0.509575946568109", " 0.443284456411275", " 0.995475198254048", " ", " 0.523331327027155", "0.999999999946231", " 1", " 1", " ", " 1", "7.1", "", " ", " 2.3", " ", " ", " ", " ", " 1.7", " ", " ", " ", " ", " ", " 4.8", " ", " ", " 5.1", " ", " ", " ", " ", " 3.7", " ", " ", " 6.2", " 5.5", " ", " ", " ", " ", " ", " ", " ", " 5.5", " 5.1", " 7.1", " ", " ", " ", " "
"517", "", "False", "FAHFA 2:0/20:3", "C22 H36 O4", "Full match", " No results", " Full match", " Partial match", " Partial match", "-4.85", "364.25959", "363.25232", "8.245", "7461203.63506142", "8", "0", "1", "", "", "0.8", "No matches found", " No matches found", " No matches found", " Single match found", " No matches found", "", "Multiple matches found", "PreferredDDA", "Fatty_Acid_20:4", "[M-H]-1", "4370435.95908303", " 2343984.60980139", " 4610593.53662259", " 3326579.5552922", " 3987929.88648265", "8.47548629961453", " 60.2771589146165", " 29.3136989068059", " 27.919245426679", " 34.0921599890343", "0.948", " 0.722", " 0.865", " 0.705", " 1.199", "-0.08", " -0.47", " -0.21", " -0.51", " 0.26", "0.997345395695735", " 0.426610622280694", " 0.634064176625624", " 0.762096547193224", " 0.983719062870833", "0.999999999946231", " 1", " 1", " 0.999999999996915", " 1", "8.1", "", " ", " ", " 5.1", " ", " ", " ", " 8.1", " ", " ", " ", " ", " ", " 1.0", " 0.5", " ", " 4.7", " ", " ", " 4.3", " 3.0", " 4.0", " ", " 4.0", " ", " 6.0", " ", " 2.2", " ", " ", " 2.6", " 2.8", " 2.5", " 1.9", " 2.3", " 3.1", " ", " 2.5", " 5.3", " "
"250", "", "False", "", "C8 H9 N3 O5 P2", "Full match", " No results", " No results", " No results", " No results", "0.77", "289.00197", "287.99469", "10.855", "7454127.42238972", "0", "0", "0", "", "", "", "No matches found", " No matches found", " No matches found", " No matches found", " No matches found", "", "No matches found", "PreferredDDA", "", "[M-H]-1", "4987094.38509317", " 5781813.99387174", " 5479249.52517669", " 5414606.62550662", " 4423954.950666", "19.2184041473996", " 25.7734826281374", " 19.8326114060959", " 20.1407004241599", " 20.870449603744", "0.910", " 0.988", " 0.807", " 1.068", " 0.817", "-0.14", " -0.02", " -0.31", " 0.09", " -0.29", "0.999859576687922", " 0.999611639806324", " 0.275088738678028", " 0.754415334096464", " 0.193651962470546", "0.999999999946231", " 1", " 1", " 0.999999999996915", " 1", "7.9", "7.9", " 7.1", " 7.1", " 7.1", " 7.1", " 7.1", " 7.5", " 7.5", " 7.8", " 6.6", " ", " 6.2", " 7.5", " 6.6", " 7.0", " 6.6", " 6.5", " 6.7", " 7.1", " 6.7", " 7.1", " 7.5", " 7.1", " 7.5", " 7.0", " 6.6", " 5.9", " 6.6", " 6.6", " 7.0", " 6.6", " 6.6", " 7.0", " 6.6", " 6.6", " 7.8", " 7.5", " 6.4", " 6.6", " 6.4"
"489", "", "False", "", "C3 H Cl N4 O2 P2", "Full match", " No results", " No results", " No results", " No results", "4.38", "221.92730", "220.92002", "10.923", "7396298.46792048", "0", "0", "0", "", "", "", "No matches found", " No matches found", " No matches found", " No matches found", " No matches found", "", "No matches found", "PreferredDDA", "CO2", "[M-H]-1", "4751005.9565864", " 6393705.5007516", " 4967093.51066338", " 4982348.82839622", " 4325357.16591743", "6.45363108333181", " 22.1761945642231", " 5.37863847496562", " 60.6882480623309", " 15.7840213194706", "0.956", " 1.003", " 0.871", " 1.283", " 0.868", "-0.06", " 0.00", " -0.20", " 0.36", " -0.20", "0.999994271367987", " 0.581242931708464", " 0.99879214018659", " 0.466587662701263", " 0.653268253256264", "0.999999999946231", " 1", " 1", " 0.999999999996915", " 1", "7.0", "", " ", " ", " 5.1", " 5.9", " 7.0", " ", " 4.3", " ", " ", " ", " ", " 4.7", " 5.1", " ", " ", " ", " ", " 5.1", " 5.5", " 6.6", " ", " ", " 5.1", " 3.0", " 3.3", " 1.5", " ", " 4.1", " ", " ", " ", " ", " 4.5", " 4.8", " 5.0", " 6.0", " 6.7", " ", " 5.2"
"1080", "", "False", "8-Iso-15-keto-prostaglandin-F2ß", "C20 H32 O5", "Full match", " Full match", " Full match", " Not the top hit", " Not the top hit", "1.71", "352.22558", "351.21830", "0.688", "7287174.46334677", "197", "16", "6", "94.2", "9.7", "0.7", "Multiple matches found", " No matches found", " No matches found", " No matches found", " No matches found", "", "Multiple matches found", "PreferredDDA", "", "[M-H]-1", "", " 3014108.29747561", " ", " 3207346.46553621", " 2822011.91655544", "", " 24.1598285497782", " ", " 65.3272872226571", " 42.8724988673363", "", " Infinity", " Infinity", " 0.940", " 0.880", "", " Infinity", " Infinity", " -0.09", " -0.18", "", " ", " ", " 0.998026005639613", " 0.920082380973896", "", " ", " ", " 0.999999999996915", " 1", "5.0", "", " ", " ", " ", " ", " ", " ", " ", " 3.7", " ", " ", " 2.6", " 2.6", " 4.1", " 5.0", " ", " ", " ", " ", " ", " ", " ", " ", " ", " 1.7", " 1.0", " 2.2", " 0.7", " 3.6", " 3.1", " 4.1", " 4.1", " 4.6", " ", " 1.8", " ", " ", " ", " 2.0", " 3.1"
"299", "", "False", "N-(2-Furylmethyl)-3-[(2S,5aS,8aR)-1-methyl-5-oxodecahydropyrrolo[3,2-E][1,4]diazepin-2-yl]propanamide", "C16 H24 N4 O3", "Unused", " Invalid mass", " No results", " No results", " No results", "112376.66", "356.16614", "355.15887", "8.092", "7244424.56043995", "0", "1", "0", "62.5", "44.8", "", "No matches found", " No matches found", " No matches found", " No matches found", " No matches found", "", "No matches found", "PreferredDDA", "", "[M-H]-1", "3376711.9150728", " 2021572.84159808", " 2890781.82191529", " 4124736.05991287", " 2544662.21356857", "30.2245685744426", " 9.4436779628442", " 68.5971603059815", " 55.1539553293644", " 43.9688497041892", "1.168", " 1.427", " 0.880", " 0.490", " 0.617", "0.22", " 0.51", " -0.18", " -1.03", " -0.70", "0.866766539474288", " 0.59137302454917", " 0.97261720019412", " 0.810794144336065", " 0.887827147374266", "0.999999999946231", " 1", " 1", " 0.999999999996915", " 1", "8.1", "1.9", " ", " ", " ", " ", " 4.7", " ", " ", " 7.9", " ", " ", " 8.1", " ", " ", " 6.2", " ", " 2.3", " 2.2", " ", " 4.9", " 2.3", " 1.7", " ", " ", " ", " 2.9", " ", " 3.7", " 1.8", " 5.6", " 5.2", " 3.1", " ", " 2.1", " 3.5", " ", " 1.4", " 3.5", " 2.7", " 2.2"
"1111", "", "False", "N-{[(2R,4S,5R)-5-(3-Cyclopentyl-1-methyl-1H-pyrazol-5-yl)-1-azabicyclo[2.2.2]oct-2-yl]methyl}-4-methoxybenzamide", "C25 H34 N4 O2", "Full match", " Full match", " No results", " No match", " No match", "-1.21", "422.26767", "421.26039", "2.997", "7154345.11780798", "7", "1", "0", "92.3", "9.6", "", "No matches found", " No matches found", " No matches found", " No matches found", " No matches found", "", "Multiple matches found", "PreferredDDA", "", "[M-H]-1", "2587149.04073965", " 1511086.00327304", " 1352345.78143639", " 1181828.10479634", " 1019304.96493074", "3.38589473432502", " 55.3154247438244", " 32.3959992051411", " 128.432324299836", " 13.0020137113242", "1.913", " 0.874", " 0.754", " 1.279", " 0.862", "0.94", " -0.19", " -0.41", " 0.35", " -0.21", "0.916830291451105", " 0.99999999980202", " 0.997386522759314", " 0.999441340827399", " 0.995204464038778", "0.999999999946231", " 1", " 1", " 0.999999999996915", " 1", "5.8", "", " ", " ", " ", " 5.0", " ", " 5.8", " ", " ", " 1.2", " ", " ", " ", " 2.1", " 0.6", " 0.0", " ", " 2.2", " ", " ", " ", " ", " ", " 1.5", " ", " 0.0", " ", " 4.2", " ", " 1.0", " 3.0", " ", " ", " 2.6", " ", " ", " 2.0", " ", " ", " "
"194", "", "False", "Ostruthin", "C19 H22 O3", "No match", " Invalid mass", " No results", " No results", " No results", "12.45", "298.16061", "297.15333", "10.853", "7143137.73509302", "0", "3", "0", "94.8", "9.7", "", "No matches found", " No matches found", " No matches found", " No matches found", " No matches found", "", "No matches found", "PreferredDDA", "", "[M-H]-1", "2516240.49951989", " 3548538.1962217", " 2474817.52421607", " 2914488.45003581", " 3005947.51487177", "32.3810148619154", " 56.4881100858828", " 27.9148509243735", " 25.1612418503762", " 15.9610007724584", "1.017", " 1.178", " 1.215", " 1.218", " 1.031", "0.02", " 0.24", " 0.28", " 0.28", " 0.04", "0.94978815116142", " 0.647495210668683", " 0.644382612797336", " 0.966555734593863", " 0.999999999835901", "0.999999999946231", " 1", " 1", " 0.999999999996915", " 1", "8.0", "", " 6.3", " ", " 5.7", " 6.6", " 6.3", " ", " 5.9", " 3.1", " 6.4", " ", " 6.0", " 6.0", " ", " 3.6", " 3.1", " 7.3", " 6.2", " 6.0", " 6.0", " 6.8", " ", " 7.5", " 6.4", " 7.5", " 7.1", " 7.4", " 7.0", " 6.4", " 7.1", " ", " 6.8", " ", " 7.7", " 7.9", " 7.7", " 7.3", " 8.0", " 5.8", " 6.9"
"977", "", "False", "", "C15 H27 N O3", "Full match", " No results", " No results", " No results", " No results", "1.25", "269.19943", "268.19215", "3.234", "7093738.93315319", "0", "0", "0", "", "", "", "No matches found", " No matches found", " No matches found", " No matches found", " No matches found", "", "No matches found", "PreferredDDA", "CO2", "[M-H]-1", "5058228.25864145", " 4045798.36690716", " 3548176.82093841", " 3092701.59625503", " 4653278.14258744", "24.1127536841333", " 23.1000462774894", " 20.975083059087", " 37.970286412477", " 23.6988022542823", "1.426", " 0.872", " 1.311", " 1.308", " 1.505", "0.51", " -0.20", " 0.39", " 0.39", " 0.59", "0.0493993038433597", " 0.983141511675678", " 0.072812774106687", " 0.716297300939752", " 0.0624566962206965", "0.999999999946231", " 1", " 0.481474468780468", " 0.999999999996915", " 1", "4.3", "2.6", " 3.2", " 1.7", " 3.2", " 4.0", " 2.1", " ", " 2.6", " 1.7", " 3.0", " ", " 1.7", " 1.8", " 1.7", " 1.8", " 3.2", " 2.2", " 2.6", " 1.8", " 1.5", " 2.1", " 1.5", " 2.2", " 4.1", " ", " 1.6", " 2.5", " 1.6", " ", " 4.0", " ", " ", " 1.7", " ", " 2.4", " 4.3", " 1.8", " ", " 2.4", " "
"139", "", "False", "Dodecyl sulfate", "C12 H26 O4 S", "Not the top hit", " Full match", " No results", " No results", " No results", "1.47", "266.15557", "265.14829", "10.850", "7016488.44337156", "0", "5", "0", "97.9", "9.9", "", "No matches found", " No matches found", " No matches found", " No matches found", " No matches found", "", "No matches found", "PreferredDDA", "", "[M-H]-1", "4612779.51868733", " 4504210.47687056", " 5646031.82520556", " 4684177.19338839", " 5178057.79406438", "18.1730683654414", " 52.1746528193869", " 25.2275102042812", " 20.3828798592994", " 21.1336760644262", "0.817", " 0.830", " 0.917", " 0.962", " 1.105", "-0.29", " -0.27", " -0.12", " -0.06", " 0.14", "0.986404088463547", " 0.990480457149808", " 0.999927470455979", " 0.683461035473399", " 0.975554552533201", "0.999999999946231", " 1", " 1", " 0.999999999996915", " 1", "8.3", "7.9", " 7.5", " 8.3", " 7.1", " 7.9", " 7.5", " 7.9", " 7.3", " 6.7", " 5.6", " 3.3", " 6.7", " 6.7", " 6.5", " 6.1", " 6.4", " 7.0", " 7.0", " 6.6", " 6.4", " 7.0", " 7.0", " 6.8", " 7.8", " 7.0", " 7.1", " 6.6", " 7.8", " 7.8", " 7.5", " 7.8", " 7.8", " 7.0", " 7.4", " 7.4", " 7.8", " 7.8", " 7.8", " 6.4", " 7.8"
"808", "", "False", "5-[(1S,2R,4aR)-5-(Hydroxymethyl)-1,2,4a-trimethyl-1,2,3,4,4a,7,8,8a-octahydro-1-naphthalenyl]-3-methylpentanoic acid", "C20 H34 O3", "Full match", " Full match", " No results", " Partial match", " Partial match", "1.65", "322.25133", "321.24405", "6.252", "6986807.82717878", "23", "2", "0", "89.5", "9.5", "", "No matches found", " No matches found", " No matches found", " No matches found", " No matches found", "", "Multiple matches found", "PreferredDDA", "", "[M-H]-1", "1818088.10993084", " 3207635.43607282", " 2016731.37801167", " 1612763.84825651", " 1531341.91868492", "50.2604475817261", " 48.7666498118961", " 40.8044294213318", " 71.3258523034219", " 33.0063073023976", "0.902", " 0.800", " 0.759", " 1.989", " 0.950", "-0.15", " -0.32", " -0.40", " 0.99", " -0.07", "0.998978974315116", " 0.999692676486593", " 0.991629067738849", " 0.0622025190444815", " 0.999040357166708", "0.999999999946231", " 1", " 1", " 0.999999999996915", " 1", "4.1", "1.0", " 1.7", " 2.7", " 2.1", " 1.2", " ", " 1.8", " ", " 0.8", " 4.1", " ", " 1.6", " 3.3", " 1.8", " 2.1", " 1.2", " 1.2", " 1.6", " 4.0", " 0.6", " 1.6", " 0.2", " 3.1", " 2.9", " 2.9", " 3.9", " ", " 3.3", " 1.5", " 0.8", " 1.1", " 0.2", " 1.5", " ", " 1.5", " ", " 2.2", " 1.3", " 3.8", " 1.7"
"598", "", "False", "2,5-di-tert-Butylhydroquinone", "C14 H22 O2", "Full match", " Full match", " No results", " Partial match", " Partial match", "-1.03", "222.16175", "221.15452", "5.828", "6947841.0747553", "10", "1", "0", "95.6", "9.8", "", "No matches found", " No matches found", " No matches found", " No matches found", " No matches found", "", "Multiple matches found", "PreferredDDA", "CO2", "[M-H]-1", "2186112.47875106", " 1298897.05419438", " 1591594.73738249", " 1892270.60395778", " 1081041.66155765", "19.9624731522254", " 95.8275788176263", " 39.4404937000496", " 12.9136036784236", " 5.50054343437261", "1.374", " 1.189", " 0.679", " 0.686", " 0.571", "0.46", " 0.25", " -0.56", " -0.54", " -0.81", "0.977039842644386", " 0.99459326483336", " 0.882570438653761", " 0.99956931086319", " 0.785225392083266", "0.999999999946231", " 1", " 1", " 0.999999999996915", " 1", "7.0", "5.2", " ", " ", " ", " ", " 3.5", " 4.2", " ", " 3.3", " ", " 3.0", " 4.4", " 1.0", " 2.9", " 4.4", " 1.0", " ", " 4.0", " 4.1", " ", " ", " 3.8", " ", " 4.9", " 7.0", " ", " ", " ", " 6.4", " ", " ", " ", " 6.9", " ", " ", " ", " 6.9", " ", " ", " "
"471", "", "False", "Zooxanthellactone", "C22 H30 O2", "Full match", " No results", " No results", " Not the top hit", " Full match", "1.40", "326.22504", "325.21776", "7.340", "6916379.66861444", "4", "0", "0", "", "", "", "No matches found", " No matches found", " No matches found", " No matches found", " No matches found", "", "Multiple matches found", "PreferredDDA", "CO2", "[M-H]-1", "", " 2641604.25947365", " ", " 4898977.98345737", " 2361121.13213899", "", " 38.9523083362488", " ", " 44.342939181553", " 19.5582123285298", "", " Infinity", " Infinity", " 0.539", " 0.482", "", " Infinity", " Infinity", " -0.89", " -1.05", "", " ", " ", " 0.327227990503847", " 0.047431187675935", "", " ", " ", " 0.999999999996915", " 1", "7.0", "", " ", " ", " ", " ", " ", " ", " ", " 4.0", " 4.0", " ", " 6.3", " ", " 4.2", " ", " ", " ", " ", " ", " ", " ", " ", " ", " ", " 2.2", " 5.6", " ", " 5.6", " ", " ", " 2.1", " ", " 4.6", " 4.2", " 7.0", " 6.3", " 6.9", " 6.1", " 6.9", " 5.8"
"1620", "", "False", "", "C9 H9 Br O3", "Full match", " No results", " No results", " No results", " No results", "0.97", "243.97374", "242.96647", "0.154", "6906185.44421227", "0", "0", "0", "", "", "", "No matches found", " No matches found", " No matches found", " No matches found", " No matches found", "", "No matches found", "PreferredDDA", "CO2", "[M-H]-1", "5823032.06356995", " 6363766.56213956", " 6372614.11936817", " ", " 6906185.44421227", "2.87921040321008", " 5.61184688759004", " ", " ", " ", "0.914", " 0.000", " 1.084", " Infinity", " Infinity", "-0.13", " -Infinity", " 0.12", " Infinity", " Infinity", "", " ", " ", " ", " ", "", " ", " ", " ", " ", "4.5", "4.5", " 4.1", " ", " ", " 3.7", " ", " ", " ", " ", " ", " ", " ", " ", " 3.2", " ", " 3.6", " ", " ", " ", " ", " 1.1", " ", " ", " ", " ", " ", " ", " ", " ", " ", " ", " ", " ", " 0.7", " ", " ", " ", " ", " ", " "
"1292", "", "False", "methyl 8-[2-(2-formyl-vinyl)-3-hydroxy-5-oxo-cyclopentyl]-octanoate", "C17 H26 O5", "Full match", " No results", " No results", " Not the top hit", " Full match", "1.46", "310.17848", "309.17118", "4.441", "6855688.7188493", "2", "0", "0", "", "", "", "No matches found", " No matches found", " No matches found", " No matches found", " No matches found", "", "Multiple matches found", "PreferredDDA", "CO2", "[M-H]-1", "3984049.2483794", " 4723598.92759325", " 4634105.7981202", " 4778147.11005892", " 4122626.27318893", "13.4684820235753", " 24.5735264191452", " 24.1113517404697", " 17.7922757892158", " 16.8049451370488", "0.860", " 1.031", " 0.890", " 0.989", " 0.863", "-0.22", " 0.04", " -0.17", " -0.02", " -0.21", "0.987301083945235", " 0.858612146713352", " 0.999992578761113", " 0.999971933424075", " 0.823784164875514", "0.999999999946231", " 1", " 1", " 0.999999999996915", " 1", "5.6", "4.6", " 4.6", " 5.0", " 4.0", " 3.6", " 4.0", " 3.6", " 5.0", " 4.0", " 2.4", " ", " 4.3", " 3.2", " 2.8", " 5.1", " 1.8", " 3.2", " 3.2", " 2.6", " 2.8", " 3.6", " 4.0", " 1.8", " 3.6", " 4.1", " 4.1", " 3.0", " 3.5", " 3.7", " 3.7", " 4.1", " 2.0", " 5.6", " 3.5", " 5.2", " 5.6", " 3.7", " 3.5", " 3.5", " 4.1"
"666", "", "False", "LPA 16:0", "C19 H39 O7 P", "Full match", " No results", " Full match", " Partial match", " Partial match", "1.38", "410.24391", "409.23663", "10.902", "6847185.03368252", "3", "0", "1", "", "", "92.0", "No matches found", " No matches found", " No matches found", " Single match found", " No matches found", "", "Multiple matches found", "PreferredDDA", "", "[M-H]-1", "3656657.14159363", " 2416718.08962468", " 5582849.10986714", " 2805597.08144519", " 2243453.06914663", "13.9695230432148", " 21.6891308390594", " 24.9155551374197", " 14.3679135458604", " 21.433341092465", "0.655", " 0.503", " 0.402", " 0.861", " 0.800", "-0.61", " -0.99", " -1.32", " -0.22", " -0.32", "0.0218869333900202", " 7.51986982173714E-05", " 1.74548422049448E-07", " 0.592153338906302", " 0.113145634700159", "0.993193243249472", " 0.00202972596235214", " 1.31908736091654E-05", " 0.999999999996915", " 1", "6.4", "4.4", " 3.6", " ", " 4.6", " 3.6", " 2.9", " 2.5", " 4.4", " 4.1", " 2.4", " ", " 2.2", " ", " ", " 3.9", " 3.4", " 4.3", " ", " 3.6", " 6.2", " 2.8", " 5.9", " 2.2", " 5.1", " 3.2", " 5.1", " 4.4", " 2.5", " 3.4", " 5.9", " 4.0", " 5.1", " 3.4", " 6.4", " 1.8", " 4.1", " 1.5", " ", " 1.2", " 2.8"
"353", "", "False", "PA(P-16:0/14:1(9Z))", "C33 H63 O7 P", "Not the top hit", " No results", " No results", " Not the top hit", " Full match", "1.96", "602.43232", "601.42504", "7.157", "6830580.61461549", "5", "0", "0", "", "", "", "No matches found", " No matches found", " No matches found", " No matches found", " No matches found", "", "Single match found", "PreferredDDA", "", "[M-H]-1", "1472103.6245435", " 2241343.3504181", " 2421995.36192737", " 3732592.79453028", " 1555609.0540598", "32.9153074486962", " 49.3779660341605", " 50.9254646662413", " 38.1427994699928", " 51.5678417390094", "0.608", " 1.541", " 0.642", " 0.600", " 0.417", "-0.72", " 0.62", " -0.64", " -0.74", " -1.26", "0.455157007421566", " 0.193820071055458", " 0.678995866029037", " 0.275465200365123", " 0.0172217011488627", "0.999999999946231", " 0.981662767290144", " 1", " 0.999999999996915", " 0.853101753377861", "6.9", "2.2", " 2.4", " 1.5", " ", " ", " 6.4", " ", " ", " ", " 1.4", " ", " 0.6", " 3.5", " 2.3", " ", " ", " 3.5", " ", " 1.4", " ", " 2.7", " 4.8", " 3.5", " 3.3", " ", " 4.0", " 2.3", " 6.9", " ", " 2.3", " 1.3", " 1.3", " 2.5", " 2.1", " 3.1", " 4.2", " 2.9", " ", " ", " "
"733", "", "False", "Gallicynoic acid H", "C16 H28 O4", "Full match", " No results", " No results", " Not the top hit", " Full match", "1.39", "284.19915", "283.19188", "4.788", "6772435.23329034", "3", "0", "0", "", "", "", "No matches found", " No matches found", " No matches found", " No matches found", " No matches found", "", "Single match found", "PreferredDDA", "CO2", "[M-H]-1", "2690735.20807253", " 3633924.52469162", " 2545008.8605442", " 4860115.76750728", " 3694730.11325407", "18.1158705558318", " 23.7072575281022", " 33.4556744473355", " 22.412829917032", " 32.6734235933605", "1.057", " 1.910", " 1.452", " 0.748", " 0.760", "0.08", " 0.93", " 0.54", " -0.42", " -0.40", "0.981982069017116", " 0.00282269322990991", " 0.0172160270992571", " 0.948669777540615", " 0.958544487433476", "0.999999999946231", " 0.0482504123987725", " 0.183646864827034", " 0.999999999996915", " 1", "6.6", "5.8", " 4.6", " 4.2", " 2.3", " 3.5", " 2.7", " 3.9", " ", " 4.1", " 5.1", " ", " 4.5", " 5.5", " 4.7", " 5.3", " 5.6", " 0.7", " 3.8", " 4.4", " 1.1", " 1.7", " 2.1", " 3.2", " 1.1", " 5.5", " 5.5", " 3.4", " 5.5", " 5.5", " 3.4", " 6.6", " 3.4", " 2.9", " 4.2", " 2.5", " 2.5", " 5.0", " 5.4", " 4.7", " 2.9"
"541", "", "False", "Resolvin T1", "C22 H34 O5", "Not the top hit", " No results", " No results", " Partial match", " Full match", "-4.33", "378.23898", "377.23171", "5.768", "6753636.04483464", "140", "0", "0", "", "", "", "No matches found", " No matches found", " No matches found", " No matches found", " No matches found", "", "Multiple matches found", "PreferredDDA", "", "[M-H]-1", "1546162.22161399", " 3808678.0912978", " 2703904.32370577", " 3722600.48469817", " 3021699.44055958", "36.9791184195252", " 39.9569708215668", " 40.5538029867103", " 38.6256716862576", " 42.3578109843137", "0.572", " 1.377", " 1.118", " 1.023", " 0.812", "-0.81", " 0.46", " 0.16", " 0.03", " -0.30", "0.108168302516378", " 0.655305780728991", " 0.997945629819316", " 0.999634752823807", " 0.828066835004425", "0.999999999946231", " 1", " 1", " 0.999999999996915", " 1", "6.7", "", " 2.2", " 3.4", " 2.6", " 3.8", " 5.1", " 4.7", " ", " 5.1", " 4.6", " 2.7", " 5.5", " 5.0", " 5.0", " 5.7", " 4.7", " 3.9", " 5.4", " 4.6", " 2.5", " 3.5", " 5.4", " 4.5", " 3.6", " 5.1", " 5.7", " 5.7", " 6.5", " 3.6", " 5.7", " 6.3", " 3.6", " 3.9", " 2.9", " 3.5", " 3.6", " 4.2", " 4.5", " 6.1", " 6.7"
"513", "", "False", "2,5-dimethyl-2E-tridecenoic acid", "C15 H28 O2", "Full match", " No results", " No results", " Not the top hit", " Full match", "-0.48", "240.20882", "239.20154", "7.134", "6748805.26543128", "42", "0", "0", "", "", "", "No matches found", " No matches found", " No matches found", " No matches found", " No matches found", "", "Multiple matches found", "PreferredDDA", "", "[M-H]-1", "4651211.41419256", " 4444013.85790515", " 4802774.6426852", " 4777152.48962102", " 3958507.43140785", "20.3785612406273", " 16.9128661933952", " 40.8478629999097", " 19.8071728712516", " 16.927831638089", "0.968", " 0.995", " 0.824", " 0.930", " 0.829", "-0.05", " -0.01", " -0.28", " -0.10", " -0.27", "0.995655999782237", " 0.999962738211008", " 0.903554872972533", " 0.999445398237593", " 0.722297796321965", "0.999999999946231", " 1", " 1", " 0.999999999996915", " 1", "6.0", "4.0", " 4.3", " 3.2", " 4.3", " 4.3", " 3.6", " 4.0", " 5.6", " ", " 4.8", " ", " 4.5", " ", " ", " 5.0", " 4.1", " ", " ", " ", " 2.3", " ", " 2.2", " ", " ", " 3.7", " 3.1", " 6.0", " ", " ", " 3.3", " ", " ", " 3.9", " 3.0", " ", " 4.6", " 3.3", " 3.0", " 3.1", " "
"333", "", "False", "", "C9 H21 N4 O12 P3", "Full match", " No results", " No results", " No results", " No results", "0.29", "470.03702", "469.02974", "0.505", "6728800.03113488", "0", "0", "0", "", "", "", "No matches found", " No matches found", " No matches found", " No matches found", " No matches found", "", "No matches found", "PreferredDDA", "", "[M-H]-1", "1249408.88366662", " 638362.718666568", " 1744997.23638146", " 595713.671823599", " 792636.348481548", "31.2208693927362", " 155.190284267847", " 28.6872220069383", " 67.4667032173266", " 51.5888348453566", "0.716", " 0.341", " 0.454", " 1.072", " 1.331", "-0.48", " -1.55", " -1.14", " 0.10", " 0.41", "0.877009167513396", " 0.272250366786074", " 0.50213694531683", " 0.968536157773581", " 0.97851109124234", "0.999999999946231", " 1", " 1", " 0.999999999996915", " 1", "6.8", "", " ", " ", " ", " ", " 6.0", " 5.1", " 5.7", " 4.5", " 3.0", " 6.0", " 4.9", " 5.3", " 5.3", " 5.3", " 4.5", " ", " ", " ", " ", " 6.5", " 6.5", " ", " 6.8", " ", " 4.5", " 4.9", " 4.9", " 4.9", " 3.4", " 5.9", " 5.3", " 4.9", " 5.5", " 5.3", " 5.9", " 4.8", " 4.9", " ", " 3.0"
"400", "", "False", "FAHFA 22:4/18:2", "C40 H66 O4", "Full match", " No results", " Full match", " No results", " No results", "-1.92", "610.49494", "609.48766", "8.090", "6647108.70387108", "0", "0", "2", "", "", "45.4", "No matches found", " No matches found", " No matches found", " Multiple matches found", " No matches found", "", "No matches found", "PreferredDDA", "", "[M-H]-1", "2016125.28408165", " 1234034.75057897", " 1895123.71468281", " 1738202.17042553", " 1413852.18719721", "46.9584292968646", " 7.58528968346178", " 94.9804669916401", " 18.5421825482193", " 27.8254649150108", "1.064", " 0.917", " 0.746", " 0.710", " 0.813", "0.09", " -0.12", " -0.42", " -0.49", " -0.30", "0.865673342531215", " 0.870720887998479", " 0.777690665751728", " 0.987388917270099", " 0.999912646842682", "0.999999999946231", " 1", " 1", " 0.999999999996915", " 1", "5.4", "0.2", " ", " ", " 1.9", " 5.4", " ", " ", " ", " 4.3", " ", " ", " 4.3", " ", " ", " ", " ", " 4.1", " ", " ", " ", " 5.2", " 4.8", " ", " ", " ", " 3.6", " ", " 4.8", " 1.7", " ", " ", " ", " 3.9", " ", " 3.0", " ", " 4.3", " 2.8", " ", " "
"825", "", "False", "", "C22 H29 Cl N4", "Full match", " No results", " No results", " No results", " No results", "-1.20", "384.20761", "383.20034", "2.640", "6597229.12335273", "0", "0", "0", "", "", "", "No matches found", " No matches found", " No matches found", " No matches found", " No matches found", "", "No matches found", "PreferredDDA", "", "[M-H]-1", "885291.71432107", " 3076734.75894739", " ", " 2350716.01532085", " 1802477.21975487", "69.4141482884367", " 36.8698274861471", " ", " 57.7654162931284", " 49.7969769214153", "Infinity", " Infinity", " Infinity", " 1.309", " 0.767", "Infinity", " Infinity", " Infinity", " 0.39", " -0.38", "", " ", " ", " 0.999884955540443", " 0.573779473249618", "", " ", " ", " 0.999999999996915", " 1", "5.0", "", " ", " 0.4", " ", " ", " 0.2", " ", " ", " 3.2", " 2.9", " ", " 5.0", " 3.2", " 2.9", " 2.2", " 4.4", " ", " ", " ", " ", " ", " ", " ", " ", " 3.3", " 4.5", " 2.0", " 1.8", " 2.3", " 2.5", " 1.7", " 3.3", " 2.9", " 2.3", " 2.9", " 2.9", " 1.6", " 1.8", " 2.9", " 4.6"
"632", "", "False", "", "C12 H13 N O10", "Full match", " No results", " No results", " No match", " No results", "1.78", "331.05454", "330.04726", "0.871", "6576623.50566271", "1", "0", "0", "", "", "", "No matches found", " No matches found", " No matches found", " No matches found", " No matches found", "", "No matches found", "PreferredDDA", "", "[M-H]-1", "1803963.39501662", " 1993872.67474656", " ", " 691030.660526657", " 4420391.76833597", "47.9740256283529", " 86.5851681200744", " ", " 56.8499410686171", " 68.9842060694698", "Infinity", " Infinity", " Infinity", " 2.885", " 6.397", "Infinity", " Infinity", " Infinity", " 1.53", " 2.68", "", " ", " ", " 0.514251325458111", " 0.147911041156711", "", " ", " ", " 0.999999999996915", " 1", "6.4", "", " ", " 5.8", " ", " 4.8", " ", " 4.8", " ", " ", " ", " ", " ", " 6.4", " 5.5", " ", " 3.8", " ", " ", " ", " ", " ", " ", " ", " ", " 4.0", " ", " 3.0", " ", " 3.0", " ", " ", " ", " ", " ", " ", " ", " ", " 6.0", " ", " 5.0"
"803", "", "False", "13(S)-HOTrE", "C18 H30 O3", "Full match", " Full match", " No results", " Not the top hit", " Not the top hit", "1.76", "294.22001", "293.21274", "5.992", "6569910.4586964", "66", "3", "0", "89.1", "9.5", "", "No matches found", " No matches found", " No matches found", " No matches found", " No matches found", "", "Multiple matches found", "PreferredDDA", "CO2", "[M-H]-1", "1093887.73073585", " 1517521.04974368", " 1846415.29985808", " 3784311.86635229", " 4186537.12760858", "27.6729546819421", " 73.6663761415571", " 41.2266358721057", " 22.9753509584264", " 38.0675058847689", "0.592", " 2.050", " 2.267", " 0.401", " 1.106", "-0.76", " 1.04", " 1.18", " -1.32", " 0.15", "0.163876958594345", " 0.101936287944799", " 0.00945831730263014", " 0.0706404733044309", " 0.926704102173682", "0.999999999946231", " 0.702724937937738", " 0.116359298909101", " 0.999999999996915", " 1", "6.2", "", " 1.0", " 1.2", " 1.0", " ", " ", " 1.6", " ", " ", " ", " ", " ", " 2.3", " ", " 0.4", " 0.6", " 0.6", " 2.0", " 1.2", " 0.2", " 0.2", " 0.2", " 0.8", " 0.2", " 2.6", " 3.6", " 3.0", " 6.2", " 1.8", " ", " ", " 3.0", " 2.5", " 1.9", " 2.5", " 3.5", " 3.8", " 5.4", " 3.6", " 1.9"
"620", "", "False", "", "C28 H42 N4 O3", "Full match", " No results", " No results", " No results", " No results", "-1.31", "482.32506", "481.31778", "4.538", "6568284.55371472", "0", "0", "0", "", "", "", "No matches found", " No matches found", " No matches found", " No matches found", " No matches found", "", "No matches found", "PreferredDDA", "", "[M-H]-1", "2278499.74713368", " 2747140.65051368", " 1583279.12640446", " 2929350.09764222", " 2470792.78179951", "60.5787293756238", " 45.0615389587635", " 81.3134096609736", " 60.864905054211", " 44.1676700100565", "1.439", " 1.850", " 1.561", " 0.938", " 0.843", "0.53", " 0.89", " 0.64", " -0.09", " -0.25", "0.999996333071876", " 0.995576604465944", " 0.999695169969028", " 0.999993952720937", " 0.977311840928812", "0.999999999946231", " 1", " 1", " 0.999999999996915", " 1", "5.2", "5.0", " 4.4", " 4.8", " 0.0", " 4.2", " 5.0", " 5.2", " ", " 4.8", " 4.4", " ", " 3.5", " 5.2", " 5.0", " 5.0", " 4.8", " 3.6", " 2.9", " 5.2", " 4.8", " ", " 3.3", " 3.5", " ", " ", " 1.1", " 5.0", " 2.5", " ", " 4.6", " 4.8", " 5.0", " 4.6", " 4.2", " 5.0", " ", " 5.0", " 5.0", " 5.0", " 4.5"
"761", "", "False", "", "C23 H53 N4 O6 P", "Full match", " No results", " No results", " No results", " No results", "2.37", "512.37148", "511.36421", "3.383", "6549178.01238843", "0", "0", "0", "", "", "", "No matches found", " No matches found", " No matches found", " No matches found", " No matches found", "", "No matches found", "PreferredDDA", "", "[M-H]-1", "", " 4184548.14449349", " ", " 3295136.03887703", " 4485992.56553162", "", " 27.9213901636244", " ", " 31.3445410910876", " 55.5284763127963", "", " Infinity", " Infinity", " 1.270", " 1.361", "", " Infinity", " Infinity", " 0.34", " 0.45", "", " ", " ", " 0.823480593619028", " 0.984332339306416", "", " ", " ", " 0.999999999996915", " 1", "4.5", "", " ", " ", " ", " ", " ", " ", " ", " ", " ", " ", " 3.6", " 2.1", " 2.6", " ", " 4.5", " ", " ", " ", " ", " ", " ", " ", " ", " 3.6", " 1.3", " 3.2", " 3.1", " 1.3", " ", " ", " ", " ", " 1.6", " 2.6", " 0.4", " 2.2", " 2.2", " 0.8", " 3.3"
"675", "", "False", "", "C23 H39 N8 O P", "Invalid mass", " No results", " No results", " No match", " No results", "-5.17", "474.29599", "473.28871", "3.895", "6520821.784362", "1", "0", "0", "", "", "", "No matches found", " No matches found", " No matches found", " No matches found", " No matches found", "", "No matches found", "PreferredDDA", "", "[M-H]-1", "1499555.95616697", " 5235963.72980277", " 1551325.06753185", " 4162194.3145448", " 4219564.32153441", "42.9760612249074", " 25.1110393764091", " 43.7554745271799", " 59.2216015406683", " 39.6978222595422", "0.967", " 2.683", " 2.720", " 1.258", " 1.014", "-0.05", " 1.42", " 1.44", " 0.33", " 0.02", "0.964805471268552", " 0.698568807129554", " 0.440320753125667", " 0.286172604615741", " 0.986868946793292", "0.999999999946231", " 1", " 1", " 0.999999999996915", " 1", "5.9", "2.1", " ", " 4.4", " ", " 2.1", " ", " 3.1", " ", " 4.9", " 3.6", " 3.7", " 4.3", " 5.1", " 5.9", " 4.0", " 3.7", " 2.5", " ", " 1.6", " 4.8", " 2.9", " 4.8", " 5.0", " ", " 1.5", " 2.5", " 3.7", " 5.2", " 1.7", " 3.7", " 3.3", " 3.3", " 5.1", " 3.8", " 4.6", " ", " 5.4", " 4.2", " 5.7", " 5.5"
"592", "", "False", "", "C19 H31 N8 O5 P", "Full match", " No results", " No results", " No results", " No results", "0.73", "482.21585", "481.20858", "3.271", "6513006.37387556", "0", "0", "0", "", "", "", "No matches found", " No matches found", " No matches found", " No matches found", " No matches found", "", "No matches found", "PreferredDDA", "", "[M-H]-1", "874198.115911278", " 571123.847765806", " 1120532.65161924", " 4876859.80004803", " ", "", " ", " ", " 26.3369522674095", " ", "0.780", " 4.352", " 0.000", " 0.117", " 0.000", "-0.36", " 2.12", " -Infinity", " -3.09", " -Infinity", "", " ", " ", " ", " ", "", " ", " ", " ", " ", "5.9", "", " ", " ", " ", " ", " ", " ", " 2.3", " ", " ", " ", " ", " ", " ", " 4.5", " ", " ", " ", " 1.0", " ", " ", " ", " ", " ", " ", " ", " ", " ", " ", " 5.5", " 4.5", " 5.9", " ", " ", " ", " ", " ", " ", " ", " "
"549", "", "False", "NP-011548", "C18 H34 O3", "Full match", " Full match", " No results", " Partial match", " Partial match", "1.05", "298.25111", "297.24383", "7.152", "6495507.38407526", "73", "1", "0", "85.5", "9.3", "", "No matches found", " No matches found", " No matches found", " No matches found", " No matches found", "", "Multiple matches found", "PreferredDDA", "CO2", "[M-H]-1", "5167634.35813684", " 4425788.3724749", " 3505991.82107492", " 5200594.40864079", " 3652041.7706301", "45.9782368701952", " ", " 39.9862383492825", " 14.8740379426952", " 17.0352028047238", "1.474", " 1.483", " 1.042", " 0.851", " 0.702", "0.56", " 0.57", " 0.06", " -0.23", " -0.51", "0.999794128914819", " 0.80966837893223", " 0.999968371227536", " ", " 0.8258758350127", "0.999999999946231", " 1", " 1", " ", " 1", "5.7", "2.6", " 2.6", " 2.2", " 1.2", " ", " ", " ", " 1.7", " ", " ", " ", " 3.3", " ", " ", " ", " ", " 5.7", " 5.1", " ", " ", " 4.6", " 4.0", " 1.6", " 2.5", " ", " 5.7", " ", " ", " ", " ", " 4.6", " ", " 5.0", " 4.5", " ", " 4.2", " ", " ", " ", " "
"862", "", "False", "Bicyclo Prostaglandin E2", "C20 H30 O4", "No match", " Invalid mass", " No results", " No match", " No match", "-53887.87", "316.20431", "315.19703", "5.316", "6445227.01699793", "53", "7", "0", "73.9", "8.7", "", "No matches found", " No matches found", " No matches found", " No matches found", " No matches found", "", "Multiple matches found", "PreferredDDA", "CO2", "[M-H]-1", "1568792.77598539", " 847292.0815975", " 2225996.78836346", " 1229192.25015345", " 822223.056549234", "65.6113175674159", " 25.4862808330084", " 69.5160188449075", " 68.3671685725031", " 0.547289383591872", "0.705", " 0.552", " 0.369", " 0.689", " 0.669", "-0.50", " -0.86", " -1.44", " -0.54", " -0.58", "0.991690079243861", " 0.384898380006095", " 0.146754117320033", " 0.984439132631224", " 0.983917486529503", "0.999999999946231", " 1", " 0.753717748177647", " 0.999999999996915", " 1", "5.2", "", " 3.6", " ", " 1.0", " 0.6", " 5.2", " 4.2", " ", " ", " 1.6", " ", " 4.8", " ", " 1.6", " 3.7", " 1.8", " 0.6", " ", " 4.1", " 2.1", " 3.5", " ", " 3.1", " 2.1", " ", " ", " 0.0", " ", " ", " 0.6", " ", " ", " 3.0", " ", " 3.8", " ", " ", " ", " ", " "
"597", "", "False", "", "C9 H16 N6 O2", "Full match", " No results", " No results", " No results", " No results", "2.19", "240.13400", "239.12672", "4.760", "6440960.11896413", "0", "0", "0", "", "", "", "No matches found", " No matches found", " No matches found", " No matches found", " No matches found", "", "No matches found", "PreferredDDA", "", "[M-H]-1", "2474539.89022203", " 2695149.68624232", " 3144507.03414684", " 2429252.15529778", " 2690216.61120764", "6.17275516783293", " 53.0519227941934", " 39.0982584538613", " 33.9713960484917", " 9.44486895989243", "0.787", " 0.773", " 0.856", " 1.109", " 1.107", "-0.35", " -0.37", " -0.23", " 0.15", " 0.15", "0.25758384028028", " 0.334959604724381", " 0.28446579797299", " 0.86347877393576", " 0.999999955434411", "0.999999999946231", " 1", " 1", " 0.999999999996915", " 1", "7.9", "6.8", " ", " 7.9", " 5.6", " 5.3", " 4.5", " ", " 5.3", " 4.8", " 0.8", " 5.2", " 3.9", " 2.7", " ", " ", " 4.0", " 4.7", " 4.4", " 5.5", " 5.7", " 6.5", " 4.4", " 4.0", " 3.6", " 4.1", " 2.5", " 4.9", " 4.0", " ", " ", " 5.5", " 4.6", " 7.1", " ", " 6.8", " 6.0", " 4.1", " 6.0", " 5.6", " 7.1"
"556", "", "False", "FAHFA 2:0/22:5", "C24 H36 O4", "Full match", " No results", " Full match", " Partial match", " Partial match", "-4.81", "388.25949", "387.25221", "7.904", "6393560.95685264", "35", "0", "1", "", "", "1.2", "No matches found", " No matches found", " No matches found", " Single match found", " No matches found", "", "Multiple matches found", "PreferredDDA", "Fatty_Acid_22:6", "[M-H]-1", "4597670.01575486", " 4684232.35678091", " 4654592.97960512", " 3784687.1475358", " 3420113.3144789", "27.6690963946204", " 26.6737433583185", " 32.3813090000734", " 17.7089694514085", " 31.8923854258763", "0.988", " 0.813", " 0.735", " 1.238", " 0.904", "-0.02", " -0.30", " -0.44", " 0.31", " -0.15", "0.999972195407692", " 0.97030770560005", " 0.454708609101258", " 0.939718205228195", " 0.823611922901265", "0.999999999946231", " 1", " 1", " 0.999999999996915", " 1", "6.3", "2.1", " 3.2", " 2.8", " 5.3", " 3.2", " 5.5", " 4.3", " 6.2", " 3.6", " 4.0", " 3.5", " 5.9", " 4.3", " 5.5", " 4.0", " 3.2", " 5.0", " 1.6", " 3.1", " 6.3", " 6.1", " 4.0", " 3.1", " 5.1", " 4.6", " 4.6", " 3.1", " 4.1", " 4.8", " 2.2", " 5.4", " 5.0", " 4.0", " 4.7", " 4.4", " 5.3", " 3.2", " 4.6", " 4.0", " 2.9"
"674", "", "False", "2-(Methylsulfonyl)-3-(pyrazin-2-ylamino)acrylonitrile", "C8 H8 N4 O2 S", "No match", " Invalid mass", " No results", " No results", " No results", "-5.73", "224.03551", "223.02823", "3.869", "6382935.73940619", "0", "1", "0", "93.6", "59.0", "", "No matches found", " No matches found", " No matches found", " No matches found", " No matches found", "", "No matches found", "PreferredDDA", "", "[M-H]-1", "2724055.60983513", " 2676416.06806844", " 3001027.4092597", " 3277662.64208848", " 3562041.48792677", "18.8448004670772", " 46.3739304280386", " 8.84265386222443", " 43.1426835928775", " 43.6821643938006", "0.908", " 1.092", " 1.187", " 0.817", " 1.087", "-0.14", " 0.13", " 0.25", " -0.29", " 0.12", "0.922058898732885", " 0.993571470859141", " 0.920481861293665", " 0.910697533339865", " 0.782923949961053", "0.999999999946231", " 1", " 1", " 0.999999999996915", " 1", "7.9", "", " ", " 6.3", " 5.4", " 5.8", " 5.0", " ", " 7.3", " 4.8", " ", " ", " ", " ", " ", " 4.2", " 5.4", " 6.4", " 7.9", " 5.6", " 6.8", " 6.8", " 6.8", " 5.6", " 7.1", " 4.8", " 3.7", " ", " 5.4", " 1.7", " 3.1", " ", " 2.1", " 3.5", " 4.1", " 5.0", " ", " 2.3", " ", " ", " 2.7"
"679", "", "False", "LPC 18:1", "C26 H52 N O7 P", "No match", " No results", " Invalid mass", " No match", " No match", "115128.64", "581.37024", "580.36296", "5.883", "6335755.86008427", "1", "0", "11", "", "", "86.3", "No matches found", " No matches found", " No matches found", " Multiple matches found", " No matches found", "", "Single match found", "PreferredDDA", "", "[M-H]-1", "1735688.36966263", " ", " 3539257.34625542", " 1474699.10752629", " ", "10.8915278185723", " ", " 46.2062227074019", " 44.2006230224137", " ", "0.490", " 0.417", " 0.000", " 0.000", " 0.000", "-1.03", " -1.26", " -Infinity", " -Infinity", " -Infinity", "0.128072889471547", " 0.0106256636619104", " ", " ", " ", "0.999999999946231", " 0.145305950576625", " ", " ", " ", "6.4", "2.6", " ", " ", " ", " ", " ", " 5.3", " 6.4", " ", " ", " ", " ", " ", " ", " ", " ", " 3.5", " 4.5", " 2.0", " 5.4", " ", " ", " ", " ", " 4.8", " 1.7", " 2.5", " 0.8", " 3.1", " ", " 3.6", " 2.3", " ", " ", " ", " ", " ", " ", " ", " "
"854", "", "False", "Mycinonic acid III", "C13 H20 O4", "Full match", " No results", " No results", " Not the top hit", " Full match", "0.00", "240.13616", "239.12888", "4.602", "6311291.83170003", "5", "0", "0", "", "", "", "No matches found", " No matches found", " No matches found", " No matches found", " No matches found", "", "Single match found", "PreferredDDA", "CO2", "[M-H]-1", "3439064.29107042", " 3701585.53792807", " 3630367.77030077", " 3706927.11670023", " 3802108.23397658", "9.07611107974282", " 29.1397423796501", " 11.926616127454", " 13.3544197477504", " 9.33706679988801", "0.947", " 1.021", " 1.047", " 0.999", " 1.026", "-0.08", " 0.03", " 0.07", " 0.00", " 0.04", "0.990944958697098", " 0.900029734090787", " 0.987341083402153", " 0.99999962769549", " 0.994790472478227", "0.999999999946231", " 1", " 1", " 0.999999999996915", " 1", "7.1", "5.3", " 5.3", " 5.6", " 5.3", " 4.9", " 4.3", " 7.1", " 5.6", " 5.3", " 6.0", " ", " 3.6", " 3.2", " 2.8", " 3.0", " 4.1", " 3.2", " 5.1", " 4.4", " 6.6", " 4.4", " 5.0", " 3.2", " 5.1", " 5.9", " 5.4", " 4.4", " 5.4", " 5.9", " 4.7", " 5.4", " 3.6", " 6.0", " 7.0", " 4.3", " 5.3", " 4.9", " 5.3", " 4.1", " 4.9"
"491", "", "False", "25-hydroxy-16,17,23,23,24,24-hexadehydrovitamin D3 / 25-hydroxy-16,17,23,23,24,24-hexadehydrocholecalciferol", "C27 H38 O2", "Not the top hit", " No results", " No results", " Full match", " Full match", "-3.52", "394.28579", "393.27852", "8.373", "6307829.71424457", "1", "0", "0", "", "", "", "No matches found", " No matches found", " No matches found", " No matches found", " No matches found", "", "Single match found", "PreferredDDA", "", "[M-H]-1", "956763.133738131", " 1034360.31805598", " 1809146.89440035", " 1134914.27413361", " 920838.564500501", "59.3244237704647", " 8.23103168645611", " 87.9394052414905", " 67.8355594280161", " 91.5208849513213", "0.529", " 0.627", " 0.509", " 0.911", " 0.811", "-0.92", " -0.67", " -0.97", " -0.13", " -0.30", "0.608680984900063", " 0.865668737898567", " 0.866976025807831", " 0.999920203175419", " 0.999987149778273", "0.999999999946231", " 1", " 1", " 0.999999999996915", " 1", "6.2", "2.5", " 0.2", " ", " 1.9", " ", " ", " 0.0", " ", " ", " ", " ", " ", " 6.2", " 2.8", " ", " ", " 2.9", " 4.6", " 4.1", " 3.0", " 3.1", " 1.4", " 4.5", " 2.7", " ", " ", " ", " ", " 3.6", " 0.6", " ", " 1.9", " 1.5", " ", " ", " ", " 2.3", " 2.3", " ", " 0.5"
"662", "", "False", "Asparacemosone C", "C27 H38 O5", "Full match", " No results", " No results", " Full match", " Full match", "1.20", "442.27245", "441.26518", "4.758", "6234439.24642008", "1", "0", "0", "", "", "", "No matches found", " No matches found", " No matches found", " No matches found", " No matches found", "", "Single match found", "PreferredDDA", "CO2", "[M-H]-1", "537713.204843762", " 3850094.85107809", " ", " 2324753.40922462", " 2381962.03593005", "34.8966505697997", " 45.4243753521058", " ", " 44.9317548517909", " 91.4358583310119", "Infinity", " Infinity", " Infinity", " 1.656", " 1.025", "Infinity", " Infinity", " Infinity", " 0.73", " 0.04", "", " ", " ", " 0.428478878472374", " 0.999917554409404", "", " ", " ", " 0.999999999996915", " 1", "6.0", "3.9", " 5.1", " 5.4", " ", " 5.1", " 5.4", " 5.4", " ", " 3.5", " 5.6", " ", " ", " 3.7", " 4.1", " 3.6", " 5.4", " ", " ", " ", " ", " ", " ", " ", " ", " 5.2", " ", " 5.0", " 3.1", " 3.9", " 2.5", " ", " 5.2", " ", " ", " 1.9", " ", " ", " 6.0", " ", " 3.9"
"629", "", "False", "(±)11(12)-EET", "C20 H32 O3", "Full match", " Full match", " Full match", " Not the top hit", " Not the top hit", "1.36", "320.23558", "319.22832", "5.881", "6166073.78001622", "72", "7", "3", "81.9", "67.0", "58.7", "Multiple matches found", " No matches found", " No matches found", " No matches found", " No matches found", "", "Multiple matches found", "PreferredDDA", "CO2", "[M-H]-1", "1397611.24756277", " 4787166.7257985", " 3278462.79587707", " 3089855.38438139", " 2241946.76410598", "44.3224413554489", " 39.7068141159533", " 31.1526280557844", " 18.4610005164208", " 21.8320365076744", "0.426", " 0.942", " 0.684", " 1.549", " 0.726", "-1.23", " -0.09", " -0.55", " 0.63", " -0.46", "0.074785706997379", " 0.932220672052199", " 0.847438220152116", " 0.853161145651385", " 0.46212547885622", "0.999999999946231", " 1", " 1", " 0.999999999996915", " 1", "6.5", "", " 1.7", " 0.8", " 3.8", " 0.2", " 4.6", " ", " ", " ", " 2.7", " 1.9", " 4.0", " 5.7", " 3.1", " 5.3", " 2.1", " 4.4", " 4.0", " 2.1", " 4.9", " 5.1", " ", " 4.7", " 5.3", " 3.9", " 4.1", " 6.5", " ", " 6.1", " 5.8", " 3.1", " 4.6", " 6.0", " ", " ", " 2.8", " 5.6", " ", " 6.0", " "
"1631", "", "False", "NP-009092", "C19 H22 O3", "No match", " Invalid mass", " No results", " No results", " No results", "-6.69", "298.15490", "297.14762", "4.188", "6138139.59163377", "0", "4", "0", "80.4", "48.7", "", "No matches found", " No matches found", " No matches found", " No matches found", " No matches found", "", "No matches found", "PreferredDDA", "", "[M-H]-1", "4889938.1969937", " 5725159.15546501", " 5496693.4292989", " 5093023.17928962", " 5561081.62003851", "15.0257109321794", " 9.24485728448363", " 1.5801016598573", " 14.6142282633693", " 3.26787636138614", "0.890", " 0.927", " 1.012", " 1.124", " 1.092", "-0.17", " -0.11", " 0.02", " 0.17", " 0.13", "0.855361816121357", " 0.982932757035326", " 0.998783093633391", " 0.891969840165995", " 0.879910503981506", "0.999999999946231", " 1", " 1", " 0.999999999996915", " 1", "5.2", "3.0", " ", " ", " 2.6", " 3.3", " 2.2", " ", " ", " ", " ", " ", " ", " ", " 3.6", " 4.0", " ", " 4.5", " 4.1", " ", " ", " ", " ", " ", " ", " 3.1", " 3.8", " ", " 3.1", " 3.8", " ", " ", " 3.5", " ", " ", " 3.7", " 5.2", " ", " ", " 4.5", " "
"616", "", "False", "LPC 20:5", "C28 H48 N O7 P", "No match", " No results", " Invalid mass", " No match", " No results", "110881.81", "601.33903", "600.33175", "4.829", "6108760.29874417", "1", "0", "2", "", "", "75.0", "No matches found", " No matches found", " No matches found", " Multiple matches found", " No matches found", "", "No matches found", "PreferredDDA", "", "[M-H]-1", "", " 6108760.29874417", " 631775.647913026", " 455752.334349209", " ", "", " ", " 56.5792621701451", " 2.82978687474923", " ", "0.000", " 0.721", " 0.000", " 13.404", " 0.000", "-Infinity", " -0.47", " -Infinity", " 3.74", " -Infinity", "", " 0.369837162831139", " ", " ", " ", "", " 1", " ", " ", " ", "6.1", "", " ", " ", " ", " ", " ", " ", " ", " ", " ", " 6.0", " ", " ", " ", " ", " ", " ", " 1.5", " 2.5", " 1.5", " ", " 5.2", " 2.7", " ", " 6.1", " ", " ", " ", " 4.9", " ", " ", " ", " ", " ", " ", " ", " ", " ", " ", " "
"719", "", "False", "14,14,14-Trifluoro-11E-tetradecenyl acetate", "C16 H27 F3 O2", "Unused", " No results", " No results", " Full match", " Full match", "1.42", "308.19675", "307.18948", "6.745", "6105556.2823717", "2", "0", "0", "", "", "", "No matches found", " No matches found", " No matches found", " No matches found", " No matches found", "", "Multiple matches found", "PreferredDDA", "", "[M-H]-1", "767582.063886248", " 3086602.11735122", " 5319169.272306", " 2478414.22381753", " 1443391.9935431", "", " 46.6638425177187", " 11.384194529466", " 36.4674171371496", " 52.0793304706023", "0.144", " 0.466", " 0.271", " 1.245", " 0.582", "-2.79", " -1.10", " -1.88", " 0.32", " -0.78", "", " 0.283882410797305", " 0.0321181699639169", " 0.999887305558428", " 0.746248376615195", "", " 1", " 0.283175198515201", " 0.999999999996915", " 1", "7.2", "", " ", " ", " ", " ", " 0.0", " ", " ", " ", " 3.0", " ", " 2.1", " 3.5", " 3.9", " 2.5", " 1.4", " ", " 5.7", " 6.1", " ", " ", " ", " 7.2", " ", " ", " 4.1", " 5.5", " ", " ", " 5.9", " ", " ", " 3.3", " ", " 4.0", " ", " 5.2", " 2.3", " ", " "
"1468", "", "False", "(10S)-Juvenile hormone III acid diol", "C15 H26 O4", "Full match", " No results", " No results", " Full match", " No results", "1.41", "270.18349", "269.17621", "2.835", "6103430.04118722", "1", "0", "0", "", "", "", "No matches found", " No matches found", " No matches found", " No matches found", " No matches found", "", "No matches found", "PreferredDDA", "", "[M-H]-1", "", " 4601084.45734068", " ", " 4845507.1879321", " 5003945.29036972", "", " 14.7837210058478", " ", " 16.755163586784", " 47.4283969544534", "", " Infinity", " Infinity", " 0.950", " 1.033", "", " Infinity", " Infinity", " -0.07", " 0.05", "", " ", " ", " 0.979854925750748", " 0.856653681555542", "", " ", " ", " 0.999999999996915", " 1", "4.5", "", " ", " ", " ", " ", " ", " ", " ", " ", " 3.1", " ", " 3.5", " ", " 4.4", " ", " ", " ", " ", " ", " ", " ", " ", " ", " ", " ", " ", " ", " 3.3", " ", " ", " 4.5", " ", " ", " 2.6", " 1.6", " ", " ", " ", " ", " 1.1"
"689", "", "False", "6-Bromo-5E,9Z,13Z,24Z-heptacosatetraenoic acid", "C26 H43 Br O2", "No match", " No results", " No results", " Full match", " Full match", "4.51", "466.24674", "465.23947", "3.980", "6051952.96735131", "1", "0", "0", "", "", "", "No matches found", " No matches found", " No matches found", " No matches found", " No matches found", "", "Single match found", "PreferredDDA", "", "[M-H]-1", "1731691.06020916", " 903941.647912546", " 3130646.5607904", " 1063574.56578093", " 575432.552983535", "76.1986187414287", " ", " 55.5241073896976", " 73.5938657425923", " 101.995097643444", "0.553", " 0.340", " 0.184", " 0.850", " 0.541", "-0.85", " -1.56", " -2.44", " -0.23", " -0.89", "0.642074051284593", " 0.474232023026873", " 0.193662867770498", " ", " 0.997890407998313", "0.999999999946231", " 1", " 0.922951865320662", " ", " 1", "4.8", "", " 3.1", " 1.9", " 4.5", " 1.2", " 2.3", " ", " 2.7", " ", " ", " ", " ", " ", " ", " 1.9", " ", " ", " 3.0", " 2.6", " 3.5", " 3.3", " 4.8", " 3.5", " ", " ", " ", " ", " ", " ", " ", " 3.3", " 2.3", " 3.9", " ", " 2.7", " ", " 1.9", " ", " ", " "
"594", "", "False", "FAHFA 2:0/16:0", "C18 H34 O4", "Full match", " No results", " Full match", " Partial match", " Partial match", "1.66", "314.24623", "313.23896", "6.808", "5948271.83051485", "44", "0", "1", "", "", "80.7", "No matches found", " No matches found", " No matches found", " Single match found", " No matches found", "", "Multiple matches found", "PreferredDDA", "", "[M-H]-1", "1239724.79104021", " 2002732.30978225", " 1886470.11619635", " 1477759.13774268", " 1451606.29627518", "21.6037536241383", " 54.1674115886591", " 68.4953145886115", " 58.8278994859463", " 46.3828398006428", "0.657", " 0.783", " 0.769", " 1.355", " 0.982", "-0.61", " -0.35", " -0.38", " 0.44", " -0.03", "0.269213906074097", " 0.993462975843745", " 0.923399242249146", " 0.764186407180648", " 0.997021416898151", "0.999999999946231", " 1", " 1", " 0.999999999996915", " 1", "6.5", "2.0", " 6.5", " 4.3", " 1.4", " 3.9", " 3.5", " 2.8", " ", " 4.6", " 4.0", " ", " 3.6", " 6.0", " 5.8", " 3.3", " 2.9", " 2.1", " 3.1", " 5.6", " 1.9", " 3.9", " 2.9", " 4.2", " 5.2", " ", " 1.4", " ", " 3.5", " 5.4", " 2.5", " ", " 1.7", " 2.1", " ", " 3.3", " 3.0", " 3.3", " 3.9", " ", " 4.2"
"553", "", "False", "ethyl 5R,6R-epoxy-9E-eicosen-7-ynoate", "C22 H36 O3", "Not the top hit", " No results", " No results", " Not the top hit", " Full match", "1.07", "348.26682", "347.25954", "7.226", "5921838.8849949", "5", "0", "0", "", "", "", "No matches found", " No matches found", " No matches found", " No matches found", " No matches found", "", "Multiple matches found", "PreferredDDA", "", "[M-H]-1", "3246525.7128736", " 1917184.70146015", " ", " ", " ", "12.7154955122189", " 87.9309437714924", " ", " ", " ", "Infinity", " ", " ", " Infinity", " ", "Infinity", " ", " ", " Infinity", " ", "", " ", " ", " ", " ", "", " ", " ", " ", " ", "5.4", "3.6", " 4.7", " 3.6", " ", " ", " ", " ", " ", " ", " 5.4", " ", " ", " 2.6", " ", " 1.5", " 3.6", " ", " ", " ", " ", " ", " ", " ", " ", " ", " ", " ", " ", " ", " ", " ", " ", " ", " ", " ", " ", " ", " ", " ", " "
"1140", "", "False", "Cer 9:1;2O/3:0", "C12 H23 N O3", "Full match", " No results", " Full match", " No results", " No results", "-0.52", "229.16768", "228.16040", "2.505", "5919578.2045823", "0", "0", "1", "", "", "4.1", "No matches found", " No matches found", " No matches found", " Single match found", " No matches found", "", "No matches found", "PreferredDDA", "", "[M-H]-1", "3556049.9569215", " 3657930.67872869", " 3630321.725491", " 3835826.76750959", " 3468863.44925037", "5.642051365078", " 6.19904244390291", " 4.50385571270588", " 5.64790854078648", " 27.6134622781014", "0.980", " 1.057", " 0.956", " 0.954", " 0.904", "-0.03", " 0.08", " -0.07", " -0.07", " -0.15", "0.992078829757074", " 0.984216642660133", " 0.854849208110259", " 0.999969162244458", " 0.98314499774816", "0.999999999946231", " 1", " 1", " 0.999999999996915", " 1", "5.3", "3.7", " 4.5", " 3.7", " 3.7", " 4.1", " 4.5", " 3.4", " 5.3", " 4.5", " 4.7", " ", " 5.1", " 3.4", " 4.5", " 3.7", " 4.1", " 5.0", " 4.6", " 4.6", " 4.2", " ", " 4.6", " 3.9", " ", " 4.5", " 4.1", " 3.4", " 4.1", " 3.4", " 4.5", " ", " 4.1", " ", " 2.6", " 3.0", " ", " 1.5", " 1.8", " ", " 4.3"
"1033", "", "False", "", "C18 H37 N8 O P", "Full match", " No results", " No results", " No results", " No results", "0.75", "412.28310", "411.27583", "2.487", "5906275.0594248", "0", "0", "0", "", "", "", "No matches found", " No matches found", " No matches found", " No matches found", " No matches found", "", "No matches found", "PreferredDDA", "", "[M-H]-1", "1039445.70962847", " 2971844.10481107", " 965481.700353152", " 1790892.29032451", " 2384170.81421237", "79.6624897717256", " 42.2789852925547", " 42.6006021208492", " 61.9376959539849", " 56.6715779933017", "1.077", " 1.855", " 2.469", " 1.659", " 1.331", "0.11", " 0.89", " 1.30", " 0.73", " 0.41", "0.997854816870512", " 0.548886950633406", " 0.375100681314903", " 0.999520530890646", " 0.993844759086528", "0.999999999946231", " 1", " 1", " 0.999999999996915", " 1", "4.8", "", " 1.5", " 1.4", " ", " ", " 2.7", " 0.0", " ", " 2.7", " 2.0", " ", " 3.7", " 3.5", " 3.5", " 2.7", " 2.1", " ", " 0.0", " ", " ", " ", " ", " 2.9", " 0.6", " 4.2", " 4.8", " 1.4", " 1.6", " 1.0", " 1.0", " 0.6", " 0.6", " 0.2", " 3.9", " 3.6", " 2.1", " 3.1", " 4.1", " 2.0", " 2.0"
"683", "", "False", "Bufexamac", "C12 H17 N O3", "Full match", " Full match", " No results", " Partial match", " Partial match", "-0.81", "223.12066", "222.11339", "3.227", "5898554.8173747", "7", "1", "0", "75.5", "47.3", "", "No matches found", " No matches found", " No matches found", " No matches found", " No matches found", "", "Single match found", "PreferredDDA", "CO2", "[M-H]-1", "1095632.23081449", " 2246666.03724407", " 1837921.10507994", " 1656973.42047482", " 1855560.01491835", "31.5863430545213", " 32.8718962433411", " 65.7379363630887", " 6.52748575248289", " 66.6154126554071", "0.596", " 0.902", " 1.010", " 1.356", " 1.120", "-0.75", " -0.15", " 0.01", " 0.44", " 0.16", "0.922932477119498", " 0.99993142872404", " 0.778869678480057", " 0.994847001413216", " 0.909546905035418", "0.999999999946231", " 1", " 1", " 0.999999999996915", " 1", "7.7", "", " ", " 3.0", " 3.9", " ", " 1.1", " 5.3", " ", " 3.0", " ", " ", " 2.9", " 4.4", " 2.9", " ", " ", " 1.5", " ", " 3.1", " ", " ", " ", " ", " 1.7", " ", " ", " ", " 7.7", " ", " 3.9", " ", " ", " 1.7", " 4.0", " ", " ", " 5.6", " 3.7", " 3.6", " 2.9"
"1128", "", "False", "Prostaglandin A1 ethyl ester", "C22 H36 O4", "No match", " Invalid mass", " No results", " No match", " No match", "-49442.33", "346.25143", "345.24414", "6.167", "5892303.30844795", "8", "1", "0", "62.9", "8.1", "", "No matches found", " No matches found", " No matches found", " No matches found", " No matches found", "", "Multiple matches found", "PreferredDDA", "", "[M-H]-1", "2431308.23476744", " 2181832.10416076", " 1468061.08713721", " 1658675.77348851", " 1428867.78244524", "24.4688772838709", " 53.6369955114827", " 35.4233010767479", " 37.1078948380122", " 52.1011827475092", "1.656", " 1.130", " 0.973", " 1.315", " 0.861", "0.73", " 0.18", " -0.04", " 0.40", " -0.22", "0.175335770341929", " 0.954530453533292", " 0.997525696887378", " 0.257683080926358", " 0.995978004228889", "0.999999999946231", " 1", " 1", " 0.999999999996915", " 1", "6.8", "6.8", " 5.0", " 3.4", " 3.9", " 3.5", " 5.3", " 6.4", " ", " 1.0", " 3.5", " ", " 2.0", " 1.4", " 3.3", " 1.4", " 1.4", " 2.2", " 1.7", " 2.2", " ", " 2.6", " 0.7", " 3.4", " 0.5", " 1.9", " 4.1", " 2.1", " 2.5", " ", " 3.0", " ", " 2.6", " 0.8", " ", " 2.1", " ", " 0.4", " 2.0", " 1.4", " 2.7"
"1309", "", "False", "3-tert-Butyladipic acid", "C10 H18 O4", "Full match", " Full match", " No results", " Partial match", " Partial match", "-2.23", "202.12006", "201.11278", "2.413", "5860661.23518531", "6", "1", "0", "89.4", "9.5", "", "No matches found", " No matches found", " No matches found", " No matches found", " No matches found", "", "Multiple matches found", "PreferredDDA", "CO2", "[M-H]-1", "3753408.06863045", " 4512160.90442242", " 3372458.35394234", " 3880642.45560521", " 5063169.20346693", "18.6990774022262", " 2.06746541085177", " 18.4902174628207", " 21.608072178361", " 20.4561995043291", "1.113", " 1.151", " 1.501", " 1.163", " 1.305", "0.15", " 0.20", " 0.59", " 0.22", " 0.38", "0.853451743359527", " 0.796602099378373", " 0.307475918390323", " 0.928607873335542", " 0.70409242782103", "0.999999999946231", " 1", " 1", " 0.999999999996915", " 1", "5.6", "", " ", " 3.5", " ", " 3.5", " 3.1", " 4.8", " ", " ", " ", " ", " 5.6", " ", " 5.6", " ", " ", " ", " ", " 3.1", " ", " ", " ", " ", " 3.5", " ", " 3.2", " 2.2", " 4.7", " 3.6", " ", " 2.6", " 2.6", " ", " 4.7", " ", " ", " 4.7", " 4.7", " 1.8", " 4.0"
"992", "", "False", "", "C9 H12 Cl O P", "Full match", " No results", " No results", " No results", " No results", "4.34", "202.03231", "201.02503", "10.902", "5844616.85247528", "0", "0", "0", "", "", "", "No matches found", " No matches found", " No matches found", " No matches found", " No matches found", "", "No matches found", "PreferredDDA", "CO2", "[M-H]-1", "4526196.67851762", " 4649842.13614582", " 4420949.34940794", " 4708737.00196694", " 4768254.88212375", "4.96071258821349", " 12.1174804301626", " 5.58206156928028", " 6.28561885690789", " 5.83219268628151", "1.024", " 1.065", " 1.079", " 0.987", " 1.013", "0.03", " 0.09", " 0.11", " -0.02", " 0.02", "0.96187720202149", " 0.262732499540187", " 0.246888771434121", " 0.999999994767812", " 0.999999496596034", "0.999999999946231", " 1", " 1", " 0.999999999996915", " 1", "7.9", "6.4", " 7.9", " 6.7", " 6.7", " 6.0", " 6.4", " 6.4", " 6.7", " 5.7", " 5.0", " 4.2", " 5.0", " 5.4", " 5.0", " 6.1", " 5.0", " ", " 5.9", " 4.3", " 7.1", " 4.0", " 5.5", " 5.9", " 5.5", " 6.6", " 5.5", " 4.7", " 6.6", " 5.9", " 6.2", " 6.2", " 5.1", " 5.9", " 5.1", " 5.1", " 4.7", " 6.2", " 4.7", " 6.2", " 5.5"
"619", "", "False", "Furmecyclox", "C14 H21 N O3", "Full match", " No results", " No results", " Full match", " No results", "0.59", "251.15229", "250.14502", "6.470", "5797332.49558238", "1", "0", "0", "", "", "", "No matches found", " No matches found", " No matches found", " No matches found", " No matches found", "", "No matches found", "PreferredDDA", "", "[M-H]-1", "4215421.57639139", " 3244409.48169369", " 4589446.29499544", " 3829823.41713937", " 3522370.64437164", "24.3526757055225", " 20.9218346098564", " 17.1293674800411", " 17.3202937036443", " 27.8863648832669", "0.919", " 0.834", " 0.767", " 0.847", " 0.920", "-0.12", " -0.26", " -0.38", " -0.24", " -0.12", "0.994782278318042", " 0.761867105016916", " 0.532228035523384", " 0.981025481678724", " 0.995437631776362", "0.999999999946231", " 1", " 1", " 0.999999999996915", " 1", "7.9", "6.4", " 6.4", " 6.6", " 7.8", " 6.6", " 7.0", " 6.4", " 7.0", " 7.0", " 6.2", " 4.5", " 6.0", " 6.8", " 6.8", " 6.8", " 5.6", " 6.9", " 6.9", " 7.9", " 6.9", " 7.5", " 7.1", " 7.1", " 7.1", " 7.3", " 6.9", " 7.3", " 7.5", " 6.7", " 7.7", " 7.3", " 7.5", " 6.4", " 7.0", " 6.6", " 6.0", " 6.8", " 5.6", " 6.0", " 6.8"
"702", "", "False", "", "C13 H10 Cl3 O4 P S2", "Full match", " No results", " No results", " No results", " No results", "-1.91", "429.88155", "428.87425", "5.418", "5747967.00607999", "0", "0", "0", "", "", "", "No matches found", " No matches found", " No matches found", " No matches found", " No matches found", "", "No matches found", "PreferredDDA", "", "[M-H]-1", "5385377.40420401", " 4975604.23671052", " 5038819.69098033", " 5112048.28833226", " 4831789.71260348", "1.88266146076651", " 23.1372983829874", " 7.42401920950224", " 5.75597530321277", " 5.15305944643581", "1.069", " 1.015", " 0.959", " 0.973", " 0.945", "0.10", " 0.02", " -0.06", " -0.04", " -0.08", "0.926053898017331", " 0.995403676959192", " 0.960262956407103", " 0.427638032856521", " 0.827593977442362", "0.999999999946231", " 1", " 1", " 0.999999999996915", " 1", "8.6", "8.3", " 8.6", " 8.6", " 7.9", " 8.6", " 8.6", " 8.3", " 8.6", " 5.9", " 4.7", " 1.8", " 6.2", " 5.9", " 6.2", " 5.5", " 6.2", " 5.9", " 7.4", " 6.6", " 6.6", " 7.8", " 7.8", " 7.4", " 8.1", " 7.8", " 7.4", " 8.1", " 7.8", " 7.8", " 7.8", " 7.4", " 8.1", " 7.0", " 7.8", " 7.8", " 8.1", " 6.6", " 5.9", " 7.8", " 7.0"
"693", "", "False", "LMST04010145", "C24 H38 O5", "Not the top hit", " No results", " No results", " Not the top hit", " Full match", "1.50", "406.27253", "405.26524", "4.332", "5732449.90824533", "43", "0", "0", "", "", "", "No matches found", " No matches found", " No matches found", " No matches found", " No matches found", "", "Multiple matches found", "PreferredDDA", "", "[M-H]-1", "1060328.25537347", " 2052009.8387721", " 2049500.05251438", " 4107671.73624107", " 2187658.44219687", "57.5049884026735", " 36.6038394915741", " 51.8336738446757", " 42.6421819398921", " 42.9692170641427", "0.517", " 2.004", " 1.067", " 0.500", " 0.533", "-0.95", " 1.00", " 0.09", " -1.00", " -0.91", "0.194654925777613", " 0.339853535114084", " 0.999997505276893", " 0.30246658386314", " 0.2784384914097", "0.999999999946231", " 1", " 1", " 0.999999999996915", " 1", "5.8", "1.1", " 0.0", " 1.4", " ", " 1.4", " 2.5", " 2.0", " ", " 3.4", " 4.4", " 2.6", " 3.6", " 3.6", " 4.0", " 3.0", " 3.0", " ", " 5.0", " 4.5", " ", " 2.9", " 4.8", " 1.0", " 2.0", " ", " ", " 5.0", " 2.5", " 4.5", " 4.5", " 4.5", " 2.3", " 5.8", " 1.1", " 4.6", " ", " 4.6", " 3.1", " 2.0", " 5.2"
"728", "", "False", "", "C9 H20 O S3", "Full match", " No results", " No results", " No results", " No results", "-2.76", "240.06696", "239.05969", "3.870", "5726034.66783564", "0", "0", "0", "", "", "", "No matches found", " No matches found", " No matches found", " No matches found", " No matches found", "", "No matches found", "PreferredDDA", "", "[M-H]-1", "2415926.69234997", " 2560041.36350227", " 2801049.7839619", " 2873468.41110554", " 2492170.26133433", "13.6968634747724", " 37.1053711252527", " 9.88911723585197", " 31.4559014538405", " 51.6345234986353", "0.863", " 1.026", " 0.890", " 0.891", " 0.867", "-0.21", " 0.04", " -0.17", " -0.17", " -0.21", "0.959351944580675", " 0.999750105338796", " 0.971321353791549", " 0.995343979200116", " 0.927798968375398", "0.999999999946231", " 1", " 1", " 0.999999999996915", " 1", "7.8", "5.1", " 5.5", " ", " 7.8", " 7.4", " 5.5", " ", " 7.0", " 4.6", " 3.2", " ", " 4.7", " 2.5", " 5.0", " 5.5", " 4.0", " 6.8", " 6.4", " 5.3", " 5.3", " 7.5", " 4.9", " 4.9", " ", " 6.5", " 5.9", " 4.7", " 5.5", " ", " 4.4", " 4.0", " 2.6", " 3.1", " 5.2", " 3.5", " 4.0", " 2.7", " 2.1", " 3.9", " 5.8"
"879", "", "False", "", "C20 H24 N4 O", "Full match", " No results", " No results", " No results", " No results", "-1.52", "336.19450", "335.18722", "4.024", "5720966.19901083", "0", "0", "0", "", "", "", "No matches found", " No matches found", " No matches found", " No matches found", " No matches found", "", "No matches found", "PreferredDDA", "", "[M-H]-1", "2312978.93495393", " 2684847.2892403", " 2945921.22958816", " 1897671.01148538", " 1909742.08749499", "48.4442327046322", " 37.0423215165983", " 26.410049729942", " 43.8733739942743", " 72.4412282475428", "0.785", " 0.644", " 0.648", " 1.415", " 1.006", "-0.35", " -0.63", " -0.63", " 0.50", " 0.01", "0.663949396532173", " 0.710927334271066", " 0.76042339104697", " 0.997087450416074", " 0.99998605052545", "0.999999999946231", " 1", " 1", " 0.999999999996915", " 1", "5.0", "", " 2.1", " 3.9", " 2.5", " 3.9", " 3.5", " 5.0", " 1.5", " 3.0", " 1.3", " ", " 4.7", " 2.1", " ", " 0.7", " ", " ", " ", " 2.6", " 4.9", " 2.0", " 3.7", " 3.4", " 3.0", " 1.4", " 2.5", " ", " 1.4", " ", " 2.3", " 1.2", " 1.0", " ", " 4.4", " 0.6", " ", " 1.2", " 2.2", " 1.2", " 1.7"
"555", "", "False", "", "C9 H24 N2 O6 P2 S", "Full match", " No results", " No results", " No results", " No results", "3.65", "350.08431", "349.07703", "0.557", "5692111.45775878", "0", "0", "0", "", "", "", "No matches found", " No matches found", " No matches found", " No matches found", " No matches found", "", "No matches found", "PreferredDDA", "", "[M-H]-1", "2188897.02129982", " 954766.543543333", " 2234307.32773419", " 1084556.14989336", " 778397.058016783", "58.8748390756208", " 38.4943291892198", " 30.32938795178", " 19.574395810564", " 42.680828557454", "0.980", " 0.485", " 0.348", " 0.880", " 0.718", "-0.03", " -1.04", " -1.52", " -0.18", " -0.48", "0.990414748845774", " 0.0333451518420038", " 0.000917135850718731", " 0.9944440667982", " 0.691233135799125", "0.999999999946231", " 0.320162053481336", " 0.0179690690751929", " 0.999999999996915", " 1", "6.3", "", " 4.8", " 4.6", " 3.3", " 3.5", " 5.4", " 5.4", " 6.0", " 5.1", " 3.4", " 4.5", " 2.8", " 5.3", " 4.9", " 5.4", " 3.5", " 3.4", " 5.5", " 5.5", " 5.3", " 5.5", " 5.9", " 5.5", " 4.0", " 4.8", " 5.2", " 6.3", " 6.3", " 6.1", " 6.3", " ", " ", " 4.5", " 4.5", " 2.3", " ", " ", " 2.3", " 1.9", " 2.5"
"649", "", "False", "Cer 18:1;2O/2:0", "C20 H39 N O3", "Full match", " No results", " Full match", " Partial match", " Partial match", "1.47", "341.29350", "400.30736", "6.508", "5655601.11878418", "3", "0", "11", "", "", "86.2", "No matches found", " No matches found", " No matches found", " Multiple matches found", " No matches found", "", "Multiple matches found", "PreferredDDA", "", "[M-H+HAc]-1", "669994.84501207", " 1127976.99799518", " 2397205.11988861", " 1300215.43920462", " 787418.727336494", "", " 50.6792041875567", " ", " 97.6907427386332", " 8.75823641928374", "0.279", " 0.542", " 0.328", " 0.868", " 0.606", "-1.84", " -0.88", " -1.61", " -0.21", " -0.72", "", " ", " ", " 0.879671877894773", " 0.612336804322694", "", " ", " ", " 0.999999999996915", " 1", "7.4", "", " ", " ", " ", " ", " ", " ", " 3.8", " ", " 5.4", " ", " 2.7", " ", " ", " 4.9", " 5.5", " ", " 5.0", " ", " ", " ", " ", " ", " ", " 5.2", " 4.9", " ", " ", " 6.0", " 3.3", " ", " ", " ", " ", " ", " ", " 7.4", " 7.1", " ", " "
"587", "", "False", "", "C24 H36 N4 O2", "Full match", " No results", " No results", " No results", " No results", "-1.52", "412.28320", "411.27593", "2.879", "5616129.84010673", "0", "0", "0", "", "", "", "No matches found", " No matches found", " No matches found", " No matches found", " No matches found", "", "No matches found", "PreferredDDA", "", "[M-H]-1", "", " 1686489.1347019", " ", " 1222789.94077148", " 1309627.64606758", "", " 32.7942239278199", " ", " 50.9994878209367", " 84.700975458792", "", " Infinity", " Infinity", " 1.379", " 1.071", "", " Infinity", " Infinity", " 0.46", " 0.10", "", " ", " ", " 0.354641589871909", " 0.522340520523318", "", " ", " ", " 0.999999999996915", " 1", "4.9", "", " ", " ", " ", " ", " ", " ", " ", " 2.6", " 4.9", " ", " 1.9", " 3.6", " 3.8", " 2.4", " 3.6", " ", " ", " ", " ", " ", " ", " ", " ", " 1.4", " 2.3", " 1.9", " 0.6", " 3.6", " 3.0", " 3.8", " 2.7", " 3.4", " 2.5", " 3.0", " 3.6", " 3.5", " 2.2", " 2.1", " 1.4"
"479", "", "False", "PA(O-16:0/18:4(6Z,9Z,12Z,15Z))", "C37 H67 O7 P", "No match", " No results", " No results", " Not the top hit", " Full match", "0.66", "654.46287", "653.45560", "7.543", "5579352.91691684", "4", "0", "0", "", "", "", "No matches found", " No matches found", " No matches found", " No matches found", " No matches found", "", "Multiple matches found", "PreferredDDA", "", "[M-H]-1", "", " 2903386.70166282", " 3964715.25308654", " 3491700.48218864", " 1937408.85377345", "", " 55.6429822130136", " 16.3862253285467", " 31.2847556798922", " 49.6530816198299", "0.000", " 0.881", " 0.489", " 0.832", " 0.555", "-Infinity", " -0.18", " -1.03", " -0.27", " -0.85", "", " 0.99854375035177", " 0.344765439628228", " 0.779507467623119", " 0.297079610649262", "", " 1", " 1", " 0.999999999996915", " 1", "4.5", "", " ", " ", " ", " ", " ", " ", " ", " ", " 4.5", " ", " 2.1", " ", " 2.0", " ", " ", " 4.1", " ", " ", " ", " ", " ", " 3.9", " ", " ", " 2.1", " 4.0", " 1.9", " ", " 1.7", " ", " ", " ", " ", " ", " 1.7", " ", " ", " 2.3", " "
"530", "", "False", "Ethyl-(5R,12S)-diacetoxy-(6E,8E,10E,14Z)-eicosatetraenoate", "C26 H40 O6", "Not the top hit", " No results", " No results", " Not the top hit", " Full match", "1.52", "448.28317", "447.27589", "6.907", "5562943.29352322", "3", "0", "0", "", "", "", "No matches found", " No matches found", " No matches found", " No matches found", " No matches found", "", "Multiple matches found", "PreferredDDA", "", "[M-H]-1", "373880.329963667", " 654617.699624141", " 1340170.03815131", " 1047536.1951303", " 367692.187390145", "40.6653197890694", " 144.039834601444", " 62.5514314977728", " 45.2238177110085", " ", "0.279", " 0.782", " 0.274", " 0.625", " 0.351", "-1.84", " -0.36", " -1.87", " -0.68", " -1.51", "0.592084871941902", " 0.988035709354268", " ", " 0.999991618285703", " ", "0.999999999946231", " 1", " ", " 0.999999999996915", " ", "4.5", "", " 0.0", " 0.8", " ", " ", " ", " ", " ", " 1.5", " 2.7", " 4.1", " 1.5", " ", " 2.3", " ", " 3.4", " ", " 3.5", " 2.5", " ", " ", " ", " 4.5", " ", " ", " ", " ", " 2.7", " ", " 2.9", " 2.1", " 2.5", " 2.3", " ", " ", " ", " ", " ", " ", " "
"711", "", "False", "threo-9,10-Dihydroxystearic acid", "C18 H36 O4", "Full match", " No results", " No results", " Full match", " Full match", "1.24", "316.26175", "315.25447", "5.158", "5562287.77210914", "22", "0", "0", "", "", "", "No matches found", " No matches found", " No matches found", " No matches found", " No matches found", "", "Multiple matches found", "PreferredDDA", "", "[M-H]-1", "1985788.00255139", " 2799995.73231627", " 1969521.48744691", " 2298123.39879149", " 1940171.06720711", "16.6474133436457", " 38.0915949451068", " 20.3616542852118", " 26.3887404347219", " 15.9181996134352", "1.008", " 1.167", " 0.985", " 1.218", " 0.844", "0.01", " 0.22", " -0.02", " 0.28", " -0.24", "0.999667804723541", " 0.655998176933907", " 0.97529432434392", " 0.263169098014844", " 0.927726206714537", "0.999999999946231", " 1", " 1", " 0.999999999996915", " 1", "6.3", "6.3", " 5.8", " ", " 3.6", " 4.0", " 5.9", " 5.2", " ", " 4.4", " 5.0", " ", " 4.4", " 4.7", " 4.0", " 1.9", " 4.2", " ", " 4.1", " 5.8", " ", " 3.9", " 5.0", " 5.3", " 2.8", " 5.6", " 4.1", " 4.9", " 6.0", " 4.1", " 2.6", " ", " 5.8", " 4.4", " 4.0", " 4.8", " 4.0", " ", " 6.1", " 4.6", " 5.0"
"2487", "", "False", "", "C6 H6 N3 O4 P", "Full match", " No results", " No results", " No results", " No results", "0.91", "215.00979", "214.00251", "9.531", "5551038.27496386", "0", "0", "0", "", "", "", "No matches found", " No matches found", " No matches found", " No matches found", " No matches found", "", "No matches found", "PreferredDDA", "", "[M-H]-1", "4633970.89567787", " 5442721.68518831", " 4561066.37695435", " 5153302.76224975", " 5085174.53917084", "32.1336574563847", " 18.7578590672034", " ", " 6.14453788732899", " 2.52467765897255", "1.016", " 1.130", " 1.115", " 1.056", " 0.987", "0.02", " 0.18", " 0.16", " 0.08", " -0.02", "", " ", " ", " 0.999360991849543", " 0.999999707059426", "", " ", " ", " 0.999999999996915", " 1", "4.1", "", " ", " 2.5", " 1.6", " ", " 1.6", " ", " 1.6", " ", " 2.2", " ", " 2.6", " 2.7", " 3.0", " ", " 2.2", " ", " ", " ", " ", " ", " 1.1", " ", " ", " 3.6", " 3.6", " 3.2", " 3.6", " 3.6", " 3.6", " 4.0", " 3.6", " 4.1", " 4.1", " ", " 4.1", " 4.1", " ", " ", " "
"1093", "", "False", "9-oxo-7E-hexadecenoic acid", "C16 H28 O3", "Full match", " No results", " No results", " Not the top hit", " Full match", "1.85", "268.20434", "267.19706", "4.992", "5524031.50804911", "9", "0", "0", "", "", "", "No matches found", " No matches found", " No matches found", " No matches found", " No matches found", "", "Multiple matches found", "PreferredDDA", "CO2", "[M-H]-1", "3238572.67047756", " 5524031.50804911", " 1787703.98332663", " 2218482.22999428", " ", "29.8361253202112", " ", " ", " 10.1663085345121", " ", "1.812", " 1.241", " 0.000", " 2.490", " 0.000", "0.86", " 0.31", " -Infinity", " 1.32", " -Infinity", "", " ", " ", " ", " ", "", " ", " ", " ", " ", "6.4", "3.1", " 4.9", " 5.6", " ", " 6.4", " ", " 4.1", " ", " ", " 1.8", " ", " ", " ", " ", " ", " ", " ", " ", " ", " ", " ", " ", " 1.0", " ", " ", " 3.6", " 2.5", " ", " ", " ", " ", " ", " ", " ", " ", " ", " ", " ", " ", " "
"680", "", "False", "Arachidic acid", "C20 H40 O2", "Full match", " Full match", " No results", " Full match", " Full match", "1.73", "312.30337", "311.29609", "9.385", "5520668.72281402", "26", "2", "0", "99.9", "10.0", "", "No matches found", " No matches found", " No matches found", " No matches found", " No matches found", "", "Multiple matches found", "PreferredDDA", "", "[M-H]-1", "1625986.96643445", " 1832855.32948523", " 1243011.93812211", " 1618085.17723077", " 890608.299476055", "71.4486510100136", " 59.7500120175335", " 87.3282412021527", " 61.7522548652106", " 92.6749569720504", "1.308", " 1.302", " 0.716", " 1.133", " 0.550", "0.39", " 0.38", " -0.48", " 0.18", " -0.86", "0.921048736958525", " 0.999662046997897", " 0.863142253575109", " 0.732872426730288", " 0.766348939488723", "0.999999999946231", " 1", " 1", " 0.999999999996915", " 1", "5.5", "4.8", " 4.0", " 4.2", " 3.3", " 4.8", " 3.6", " 5.4", " 4.2", " 5.2", " 4.6", " 4.8", " 4.4", " 5.2", " 5.4", " 3.3", " 5.2", " 3.4", " 3.3", " 5.2", " 2.7", " 4.0", " 4.2", " 4.6", " 4.2", " 4.9", " 2.7", " 4.6", " 5.0", " 4.4", " 5.0", " 4.5", " 4.0", " 5.2", " 3.0", " 4.5", " 3.0", " 4.2", " 5.5", " 5.2", " 4.6"
"1000", "", "False", "Ambrettolic acid", "C16 H30 O3", "Full match", " No results", " No results", " Not the top hit", " Full match", "1.42", "270.21988", "269.21260", "5.255", "5503818.14267769", "20", "0", "0", "", "", "", "No matches found", " No matches found", " No matches found", " No matches found", " No matches found", "", "Multiple matches found", "PreferredDDA", "", "[M-H]-1", "4413361.7485606", " 3692759.16422772", " 3798154.4685955", " 3446975.79606862", " 3511211.09985021", "23.8345087201443", " 29.0939085991485", " 41.3507198846161", " 20.8651463311192", " 25.6099548787996", "1.162", " 0.908", " 0.924", " 1.071", " 1.019", "0.22", " -0.14", " -0.11", " 0.10", " 0.03", "0.882832990473698", " 0.99804665264693", " 0.999259825917902", " 0.989669105038223", " 0.985474758341743", "0.999999999946231", " 1", " 1", " 0.999999999996915", " 1", "5.9", "4.5", " 4.5", " 4.0", " 4.9", " 4.7", " 5.1", " 4.7", " 2.6", " 3.7", " 5.9", " ", " ", " 3.2", " 1.5", " 5.4", " ", " 2.2", " 1.1", " 3.0", " 1.2", " 1.6", " 1.1", " 1.8", " 0.5", " 3.0", " 2.4", " 2.8", " 2.4", " 1.5", " 2.6", " ", " 3.0", " 1.8", " ", " 2.2", " 2.6", " 1.5", " 5.5", " ", " 2.1"
"764", "", "False", "HexCer 14:3;2O/2:0", "C22 H37 N O8", "No match", " No results", " Invalid mass", " No results", " No results", "103786.89", "489.25565", "488.24838", "6.212", "5439061.23803976", "0", "0", "1", "", "", "0.2", "No matches found", " No matches found", " No matches found", " Single match found", " No matches found", "", "No matches found", "PreferredDDA", "", "[M-H]-1", "", " 3277040.14449027", " ", " 1220345.86386742", " 1249624.16979823", "", " 78.2616588009018", " ", " 18.521678582345", " 22.8137886376483", "", " Infinity", " Infinity", " 2.685", " 1.024", "", " Infinity", " Infinity", " 1.43", " 0.03", "", " ", " ", " 0.516215718076342", " 0.99980886434521", "", " ", " ", " 0.999999999996915", " 1", "4.6", "", " ", " ", " ", " ", " ", " ", " ", " 1.5", " ", " ", " ", " 4.1", " 4.5", " ", " 2.9", " ", " ", " ", " ", " ", " ", " ", " ", " ", " ", " 2.1", " ", " 3.3", " ", " ", " 2.9", " ", " ", " 4.6", " ", " ", " 2.8", " ", " 3.9"
"705", "", "False", "17,18-dehydro-clavulone I", "C25 H32 O7", "Not the top hit", " No results", " No results", " Full match", " Full match", "-4.31", "444.21289", "443.20561", "2.871", "5402744.5158569", "2", "0", "0", "", "", "", "No matches found", " No matches found", " No matches found", " No matches found", " No matches found", "", "Multiple matches found", "PreferredDDA", "", "[M-H]-1", "", " 2877188.54384876", " ", " 1543068.64447742", " 2483748.87518562", "", " 31.6282594691466", " ", " 50.2398542205239", " 45.2819914765689", "", " Infinity", " Infinity", " 1.865", " 1.610", "", " Infinity", " Infinity", " 0.90", " 0.69", "", " ", " ", " 0.0138595761771589", " 0.0176597496718347", "", " ", " ", " 0.624205466550356", " 0.853101753377861", "6.1", "", " ", " ", " ", " ", " ", " ", " ", " 5.1", " 4.7", " 2.9", " 3.8", " 5.9", " 6.1", " 5.3", " 4.0", " ", " ", " ", " ", " ", " ", " ", " ", " 3.0", " 3.4", " 4.8", " 3.6", " 4.2", " 4.4", " 5.0", " 3.6", " 4.5", " 4.0", " 5.0", " ", " 3.9", " 4.5", " 5.4", " 3.1"
"1169", "", "False", "12-Hydroxydodecanoic acid", "C12 H24 O3", "Full match", " Full match", " No results", " Full match", " Not the top hit", "-1.70", "216.17218", "215.16490", "3.557", "5368920.57745991", "15", "1", "0", "96.0", "9.8", "", "No matches found", " No matches found", " No matches found", " No matches found", " No matches found", "", "Multiple matches found", "PreferredDDA", "", "[M-H]-1", "3895235.48715562", " 4749930.84626897", " ", " 5324380.18510076", " 4289246.32331918", "", " ", " ", " 1.18304149512215", " ", "Infinity", " Infinity", " Infinity", " 0.892", " 0.806", "Infinity", " Infinity", " Infinity", " -0.16", " -0.31", "", " ", " ", " ", " ", "", " ", " ", " ", " ", "6.0", "", " ", " ", " ", " ", " ", " ", " 3.9", " 3.7", " ", " ", " ", " ", " ", " ", " ", " ", " ", " ", " ", " ", " ", " ", " ", " 6.0", " 4.8", " ", " ", " ", " ", " ", " ", " ", " ", " ", " 4.5", " ", " ", " ", " "
"908", "", "False", "9-oxo-7E-hexadecenoic acid", "C16 H28 O3", "Full match", " No results", " No results", " Not the top hit", " Full match", "1.43", "268.20423", "267.19695", "4.673", "5352592.14746291", "9", "0", "0", "", "", "", "No matches found", " No matches found", " No matches found", " No matches found", " No matches found", "", "Multiple matches found", "PreferredDDA", "", "[M-H]-1", "1789112.04209601", " 3489530.65483496", " 1693533.15405287", " 3886324.04137126", " 2778670.99518751", "40.7343503571931", " 28.3368531450327", " 21.4897854153037", " 29.5430040631305", " 22.1833216237811", "1.056", " 2.295", " 1.641", " 0.898", " 0.715", "0.08", " 1.20", " 0.71", " -0.16", " -0.48", "0.982698607333332", " 0.000803884827986878", " 0.0675670866450384", " 0.80562965440488", " 0.408974638609161", "0.999999999946231", " 0.0162861111447712", " 0.458243446605453", " 0.999999999996915", " 1", "6.8", "2.9", " ", " 3.6", " 1.4", " 1.7", " 3.5", " 4.6", " ", " 4.9", " 5.1", " ", " 4.9", " 4.9", " 4.9", " 2.8", " 4.5", " ", " 5.0", " 5.3", " 2.4", " 3.5", " 3.9", " 4.9", " 3.5", " 3.0", " ", " 6.8", " 5.1", " 5.3", " 6.2", " 6.2", " 6.0", " 5.4", " 4.9", " 5.6", " ", " 6.4", " 4.5", " 6.0", " 5.6"
"788", "", "False", "(+/-)12(13)-DiHOME", "C18 H34 O4", "No match", " Invalid mass", " No results", " No match", " No match", "-57312.71", "296.23543", "295.22816", "6.931", "5337614.44445864", "55", "9", "0", "89.9", "9.5", "", "No matches found", " No matches found", " No matches found", " No matches found", " No matches found", "", "Multiple matches found", "PreferredDDA", "", "[M-H]-1", "767248.098310568", " 3676982.93958884", " 1355390.71076739", " 1721127.9030217", " 1564075.14250272", "28.1989903694247", " 49.7107401679732", " 36.4278075139536", " 55.5983612965081", " 35.1903793246835", "0.566", " 1.270", " 1.154", " 2.136", " 0.909", "-0.82", " 0.34", " 0.21", " 1.10", " -0.14", "0.331734657988375", " 0.384043980146987", " 0.998904583040685", " 0.766587626475479", " 0.545208419765828", "0.999999999946231", " 1", " 1", " 0.999999999996915", " 1", "5.3", "", " 1.8", " 2.5", " ", " 1.4", " ", " 2.4", " ", " ", " 2.0", " ", " ", " 1.8", " 1.2", " 1.4", " 1.0", " 2.6", " ", " 2.1", " ", " 1.9", " 1.3", " 3.0", " 4.9", " 2.5", " 5.2", " 4.8", " 4.8", " 0.8", " 0.5", " 2.9", " 0.6", " 2.6", " ", " 5.1", " ", " 3.0", " 5.3", " 5.1", " 2.6"
"1057", "", "False", "(±)11(12)-DiHET", "C20 H34 O4", "Full match", " Full match", " Full match", " Not the top hit", " Not the top hit", "0.72", "338.24595", "337.23868", "5.190", "5331794.05748271", "20", "13", "2", "80.3", "48.7", "1.2", "No matches found", " No matches found", " No matches found", " Multiple matches found", " No matches found", "", "Multiple matches found", "PreferredDDA", "", "[M-H]-1", "3106112.61195241", " 3959310.55483242", " 4105179.63331163", " 3003921.58891517", " 3000882.10791494", "5.65201225259587", " 33.8503852422152", " ", " 12.802644187307", " 8.05007181885771", "0.757", " 0.732", " 0.731", " 1.318", " 0.999", "-0.40", " -0.45", " -0.45", " 0.40", " 0.00", "", " ", " ", " 0.946221761692235", " 0.999961350568528", "", " ", " ", " 0.999999999996915", " 1", "4.5", "", " ", " 3.7", " ", " 4.5", " ", " ", " ", " 2.9", " 3.5", " ", " ", " 1.9", " 2.5", " 1.1", " ", " ", " ", " ", " ", " 2.2", " ", " ", " ", " ", " ", " ", " ", " 4.0", " ", " 3.6", " ", " 4.5", " ", " 4.1", " ", " ", " ", " ", " 4.1"
"840", "", "False", "Tridecylic acid", "C13 H26 O2", "Full match", " Full match", " No results", " Not the top hit", " Full match", "-1.44", "214.19297", "213.18569", "6.735", "5322050.96399071", "27", "1", "0", "99.5", "10.0", "", "No matches found", " No matches found", " No matches found", " No matches found", " No matches found", "", "Multiple matches found", "PreferredDDA", "", "[M-H]-1", "3896151.2351723", " 3505346.81587224", " 3107438.05741392", " 3857375.6271869", " 3904471.80720456", "19.1022131457242", " 12.4572048011226", " 8.34900664705642", " 5.76853134706426", " 6.8262714407039", "1.254", " 1.241", " 1.256", " 0.909", " 1.012", "0.33", " 0.31", " 0.33", " -0.14", " 0.02", "0.268731410278883", " 0.357565927766386", " 0.299166386156242", " 0.889443032396256", " 0.999268782695991", "0.999999999946231", " 1", " 1", " 0.999999999996915", " 1", "7.5", "5.0", " 5.8", " 6.7", " 4.6", " 5.2", " ", " 4.8", " 4.6", " ", " 5.4", " ", " 5.5", " ", " 7.0", " 5.9", " 4.0", " ", " ", " ", " 4.1", " 7.1", " ", " ", " 6.4", " 6.0", " 6.4", " 4.1", " ", " ", " ", " 4.7", " 3.6", " 7.5", " ", " 5.3", " ", " 5.5", " ", " 5.5", " "
"930", "", "False", "8(S)-Hydroxy-(5Z,9E,11Z,14Z)-eicosatetraenoic acid", "C20 H32 O3", "Not the top hit", " Full match", " Full match", " Not the top hit", " Not the top hit", "2.28", "320.23587", "319.22860", "5.635", "5303500.66696571", "72", "8", "3", "85.0", "50.0", "34.5", "Multiple matches found", " No matches found", " No matches found", " No matches found", " No matches found", "", "Multiple matches found", "PreferredDDA", "", "[M-H]-1", "1866505.99241488", " 2926289.82986552", " 2089096.25420698", " 2211427.2760269", " 3095784.14771085", "26.983064030955", " 40.5664853368151", " 26.157679075931", " 41.778509529906", " 29.8214428345425", "0.893", " 1.059", " 1.482", " 1.323", " 1.400", "-0.16", " 0.08", " 0.57", " 0.40", " 0.49", "0.948459461337067", " 0.784471578073548", " 0.573460363938247", " 0.924669130266361", " 0.993329261888452", "0.999999999946231", " 1", " 1", " 0.999999999996915", " 1", "6.0", "", " ", " 2.4", " 1.6", " ", " 1.8", " ", " ", " 2.3", " 0.8", " ", " 5.0", " 3.3", " 3.7", " 2.9", " 3.1", " 2.4", " ", " 2.2", " ", " 2.2", " 2.6", " 4.1", " 3.1", " 1.6", " 2.0", " 2.7", " 3.7", " 0.8", " 3.5", " 4.4", " ", " 4.5", " ", " 6.0", " ", " 3.9", " 3.0", " 3.9", " 4.5"
"2626", "", "False", "", "C3 H4 Cl N3 O3 P2", "Full match", " No results", " No results", " No results", " No results", "-4.38", "226.94065", "225.93337", "11.217", "5303281.36209481", "0", "0", "0", "", "", "", "No matches found", " No matches found", " No matches found", " No matches found", " No matches found", "", "No matches found", "PreferredDDA", "", "[M-H]-1", "5121934.85646867", " ", " ", " 5253361.67367006", " 5237229.18788611", "0.995455253168636", " ", " ", " 4.36848610286197", " 1.78361261726385", "Infinity", " Infinity", " Infinity", " 0.000", " 0.997", "Infinity", " Infinity", " Infinity", " -Infinity", " 0.00", "", " ", " ", " ", " 0.809215050412986", "", " ", " ", " ", " 1", "4.8", "", " ", " ", " 4.8", " ", " ", " ", " 4.8", " ", " ", " ", " ", " ", " ", " ", " ", " ", " ", " ", " ", " ", " ", " ", " ", " ", " ", " ", " 4.1", " 4.8", " ", " ", " 4.8", " ", " 4.5", " ", " 4.8", " ", " ", " ", " "
"599", "", "False", "18:2(5Z,9Z)(16Me)", "C19 H34 O2", "Full match", " No results", " No results", " Not the top hit", " Full match", "1.20", "294.25623", "293.24896", "8.009", "5244968.16968352", "11", "0", "0", "", "", "", "No matches found", " No matches found", " No matches found", " No matches found", " No matches found", "", "Multiple matches found", "PreferredDDA", "", "[M-H]-1", "1810162.02544225", " 1765676.71300536", " 1736863.52270488", " 1772723.70579411", " 1022778.54002605", "52.4579096637365", " 60.6253066931207", " 73.4627242546399", " 65.7396507467471", " 80.4429594581524", "1.042", " 1.021", " 0.589", " 0.996", " 0.577", "0.06", " 0.03", " -0.76", " -0.01", " -0.79", "0.951281164975786", " 0.999422044118413", " 0.874122238850244", " 0.999960252121103", " 0.965866568882919", "0.999999999946231", " 1", " 1", " 0.999999999996915", " 1", "6.0", "1.7", " ", " 1.4", " ", " 1.6", " 2.1", " ", " 2.3", " 5.3", " 3.1", " 2.2", " 3.3", " ", " 0.8", " 4.8", " 4.8", " 3.3", " 2.3", " 1.4", " ", " 2.1", " 1.5", " 2.6", " 3.0", " 1.5", " 0.8", " ", " 3.9", " 1.7", " 2.0", " ", " ", " 4.8", " 3.4", " 4.5", " ", " 2.3", " 1.0", " 1.0", " 6.0"
"735", "", "False", "", "C19 H38 N10 O2 S2", "Full match", " No results", " No results", " No results", " No results", "-3.03", "502.26054", "501.25326", "3.900", "5199870.78604552", "0", "0", "0", "", "", "", "No matches found", " No matches found", " No matches found", " No matches found", " No matches found", "", "No matches found", "PreferredDDA", "", "[M-H]-1", "1745247.00765031", " 3773626.8073028", " 1771538.93438819", " 3665374.38365567", " 3127163.73811314", "61.1392445531362", " 44.9485931214046", " 57.0229594499992", " 28.6669754422048", " 34.5758545857978", "0.985", " 2.069", " 1.765", " 1.030", " 0.853", "-0.02", " 1.05", " 0.82", " 0.04", " -0.23", "0.998387998520168", " 0.545653008137477", " 0.909660815075746", " 0.999999825066735", " 0.964851803315343", "0.999999999946231", " 1", " 1", " 0.999999999996915", " 1", "5.8", "4.8", " ", " 3.3", " 3.4", " 3.1", " 1.4", " 3.1", " ", " 4.8", " 2.0", " ", " 4.5", " 1.4", " 4.5", " 4.2", " 0.6", " ", " 1.4", " ", " 2.5", " 5.2", " 2.9", " 2.0", " 3.7", " ", " 5.8", " 4.1", " 5.6", " 5.3", " 3.0", " 2.2", " 3.4", " 4.4", " ", " 3.6", " ", " 1.0", " 5.5", " 4.0", " 2.0"
"1079", "", "False", "", "C14 H24 O5", "Full match", " No results", " No results", " No results", " No results", "1.34", "272.16274", "271.15546", "2.639", "5194143.96652077", "0", "0", "0", "", "", "", "No matches found", " No matches found", " No matches found", " No matches found", " No matches found", "", "No matches found", "PreferredDDA", "CO2", "[M-H]-1", "3604775.87173838", " 2894447.20614703", " ", " 3613983.79630397", " 4642901.39125307", "5.38041958004386", " 31.1575994048798", " ", " 26.8334697357677", " 11.3536415440825", "Infinity", " Infinity", " Infinity", " 0.801", " 1.285", "Infinity", " Infinity", " Infinity", " -0.32", " 0.36", "", " ", " ", " 0.999880845497919", " 0.224993706963913", "", " ", " ", " 0.999999999996915", " 1", "5.7", "", " ", " ", " 3.7", " ", " ", " 3.7", " ", " 2.7", " 1.7", " ", " 1.0", " ", " ", " ", " ", " ", " ", " ", " ", " ", " ", " ", " ", " ", " ", " ", " 3.0", " ", " 2.6", " 3.7", " ", " ", " 5.7", " ", " ", " 5.7", " 4.6", " ", " "
"982", "", "False", "(S)-3-hydroxystearic acid", "C18 H36 O3", "Full match", " No results", " No results", " Not the top hit", " Full match", "1.21", "300.26681", "299.25953", "6.402", "5180542.92447091", "29", "0", "0", "", "", "", "No matches found", " No matches found", " No matches found", " No matches found", " No matches found", "", "Multiple matches found", "PreferredDDA", "", "[M-H]-1", "2015901.96981682", " 3096017.97721737", " 3400721.87453097", " 2212188.32128294", " 2409780.37121204", "51.1872513600959", " 33.0090405598036", " 39.0025669937733", " 47.636230803686", " 24.5310220050609", "0.593", " 0.651", " 0.709", " 1.400", " 1.089", "-0.75", " -0.62", " -0.50", " 0.48", " 0.12", "0.5695363675845", " 0.885507079723029", " 0.704906439856994", " 0.9998590629069", " 0.993140855786227", "0.999999999946231", " 1", " 1", " 0.999999999996915", " 1", "4.1", "", " ", " 1.6", " 0.5", " 1.4", " ", " 3.6", " ", " 3.6", " 2.1", " ", " 2.9", " 2.5", " 1.7", " 3.2", " 3.4", " ", " ", " ", " ", " 1.2", " 1.3", " ", " 1.0", " ", " 3.1", " 1.6", " 2.6", " ", " 0.5", " 0.2", " 1.0", " 2.2", " 2.2", " 3.1", " ", " 3.5", " 4.1", " 1.8", " 3.4"
"1219", "", "False", "2-glyceryl-PGD2", "C23 H38 O7", "Not the top hit", " No results", " No results", " Partial match", " Full match", "2.22", "426.26270", "425.25544", "0.669", "5156578.50589375", "6", "0", "0", "", "", "", "No matches found", " No matches found", " No matches found", " No matches found", " No matches found", "", "Multiple matches found", "PreferredDDA", "", "[M-H]-1", "701449.920352334", " 2075020.03912488", " ", " 1826885.31212806", " 1775319.8414844", "", " 52.7460782621044", " ", " 51.96968125854", " 63.506851589213", "Infinity", " Infinity", " Infinity", " 1.136", " 0.972", "Infinity", " Infinity", " Infinity", " 0.18", " -0.04", "", " ", " ", " 0.999983487741213", " 0.990499064936741", "", " ", " ", " 0.999999999996915", " 1", "4.4", "", " ", " ", " ", " ", " 0.0", " ", " ", " 3.1", " 2.0", " ", " 3.0", " 1.0", " 2.9", " ", " 1.7", " ", " ", " ", " ", " ", " ", " ", " ", " 4.4", " 2.7", " 2.5", " 3.5", " 1.7", " ", " 3.5", " ", " 3.6", " 3.9", " 3.3", " 2.3", " 2.6", " 2.6", " 3.6", " 1.7"
"566", "", "False", "FAHFA 20:3/22:5", "C42 H66 O4", "Not the top hit", " No results", " Full match", " No match", " No match", "-1.09", "634.49542", "633.48814", "7.868", "5153229.83654654", "3", "0", "2", "", "", "72.8", "No matches found", " No matches found", " No matches found", " Multiple matches found", " No matches found", "", "Multiple matches found", "PreferredDDA", "Fatty_Acid_22:6", "[M-H]-1", "1543553.49966138", " 1615214.27198561", " 1668791.67461677", " 1507130.59657699", " 1014776.25457492", "45.0132615295111", " 78.6456022431884", " 98.9183808095967", " 32.0242764123957", " 39.7132269461765", "0.925", " 0.903", " 0.608", " 1.072", " 0.673", "-0.11", " -0.15", " -0.72", " 0.10", " -0.57", "0.971331767005672", " 0.983539385401955", " 0.999999913650655", " 0.984177925837693", " 0.989232256530229", "0.999999999946231", " 1", " 1", " 0.999999999996915", " 1", "6.3", "0.2", " ", " 1.4", " 3.4", " 1.7", " 1.1", " 2.3", " ", " 2.9", " 1.2", " ", " 1.9", " 4.8", " 2.6", " ", " 6.3", " ", " 1.2", " 1.2", " 1.9", " ", " 4.5", " ", " ", " 2.8", " ", " ", " ", " 2.2", " 0.7", " ", " ", " ", " ", " 5.4", " ", " ", " 1.5", " 1.1", " "
"817", "", "False", "", "C30 H46 N4 O3", "Full match", " No results", " No results", " No results", " No results", "-1.71", "510.35612", "509.34885", "3.738", "5137994.08935372", "0", "0", "0", "", "", "", "No matches found", " No matches found", " No matches found", " No matches found", " No matches found", "", "No matches found", "PreferredDDA", "", "[M-H]-1", "477798.018739523", " 2530598.68272007", " ", " 2513998.78913841", " 2150544.45802359", "", " 46.2205226825356", " ", " 39.340021022614", " 73.2420542745942", "Infinity", " Infinity", " Infinity", " 1.007", " 0.855", "Infinity", " Infinity", " Infinity", " 0.01", " -0.23", "", " ", " ", " 0.976569508729373", " 0.64959610114177", "", " ", " ", " 0.999999999996915", " 1", "5.4", "", " ", " ", " ", " 0.4", " ", " ", " ", " 5.0", " 2.6", " ", " 3.1", " 3.7", " 3.9", " 0.6", " 2.1", " ", " ", " ", " ", " ", " ", " ", " ", " 1.7", " ", " 3.8", " 2.1", " 1.1", " 1.1", " 5.4", " 2.9", " 2.5", " 1.5", " 2.3", " 2.7", " 2.0", " 3.3", " 2.0", " 2.7"
"687", "", "False", "", "C21 H47 N4 O6 P", "Full match", " No results", " No results", " No results", " No results", "3.39", "482.32496", "481.31762", "4.402", "5129449.03706026", "0", "0", "0", "", "", "", "No matches found", " No matches found", " No matches found", " No matches found", " No matches found", "", "No matches found", "PreferredDDA", "", "[M-H]-1", "3170475.57096705", " 3503137.42667112", " 1679902.92319466", " 1521603.70606437", " 1046982.8190621", "65.3562091280478", " 44.0684545717462", " 42.4514176174785", " 70.0453548011317", " 40.2730904868436", "1.887", " 0.906", " 0.623", " 2.302", " 0.688", "0.92", " -0.14", " -0.68", " 1.20", " -0.54", "0.724247751038064", " 0.999989180015018", " 0.934007434819518", " 0.447388581848388", " 0.963793022518161", "0.999999999946231", " 1", " 1", " 0.999999999996915", " 1", "5.2", "", " ", " 4.8", " ", " ", " ", " 5.2", " ", " 4.8", " ", " 5.2", " 3.5", " ", " ", " ", " ", " ", " 1.5", " ", " 4.8", " ", " ", " 4.6", " 4.8", " ", " 1.9", " ", " 4.8", " 5.0", " ", " ", " ", " ", " 4.2", " 4.8", " ", " ", " ", " ", " 4.8"
"800", "", "False", "Crocetin", "C20 H24 O4", "Not the top hit", " No results", " No results", " Full match", " Full match", "2.21", "328.16818", "327.16091", "3.161", "5121140.31948934", "5", "0", "0", "", "", "", "No matches found", " No matches found", " No matches found", " No matches found", " No matches found", "", "Single match found", "PreferredDDA", "CO2", "[M-H]-1", "1075721.99053984", " 625339.384756008", " 1147070.36377711", " 844904.11828888", " 555059.567472", "44.0156271365764", " 33.4308091996104", " 96.2126198946256", " 33.8748962112845", " 41.3107371421654", "0.938", " 0.737", " 0.484", " 0.740", " 0.657", "-0.09", " -0.44", " -1.05", " -0.43", " -0.61", "0.981022711877934", " 0.672405012824097", " 0.43604794578783", " 0.996543903777668", " 0.995925157802517", "0.999999999946231", " 1", " 1", " 0.999999999996915", " 1", "4.5", "", " 0.8", " 3.4", " ", " 1.4", " ", " 3.6", " ", " ", " ", " ", " ", " ", " 2.0", " 1.3", " ", " 3.8", " ", " 4.5", " 1.1", " 4.2", " ", " 1.1", " 2.5", " ", " ", " ", " 0.9", " ", " 2.4", " 1.5", " ", " 4.5", " ", " ", " ", " 1.5", " ", " 4.2", " "
"919", "", "False", "N-palmitoyl glutamine", "C21 H40 N2 O4", "Full match", " No results", " No results", " Full match", " Full match", "1.84", "384.29952", "383.29224", "4.101", "5074533.97387911", "1", "0", "0", "", "", "", "No matches found", " No matches found", " No matches found", " No matches found", " No matches found", "", "Single match found", "PreferredDDA", "", "[M-H]-1", "4652117.99015784", " 4490995.17307036", " 4433731.23300132", " 4465093.07787563", " 4786476.61285888", "3.93647092991546", " 7.31634913531331", " 4.61676251288621", " 5.03322683942675", " 5.67956551888683", "1.049", " 1.007", " 1.080", " 1.006", " 1.072", "0.07", " 0.01", " 0.11", " 0.01", " 0.10", "0.70086600359322", " 0.913580862695281", " 0.226968994321542", " 0.996649119661035", " 0.696193921292559", "0.999999999946231", " 1", " 1", " 0.999999999996915", " 1", "8.5", "7.1", " 8.3", " 6.7", " 6.7", " ", " 6.7", " 6.4", " 6.7", " 7.0", " 4.7", " ", " 5.1", " 5.3", " 6.2", " 6.6", " 6.6", " 6.7", " 6.7", " 5.2", " 6.7", " 6.0", " 6.7", " 6.4", " 6.4", " 7.0", " 6.6", " 6.2", " 8.5", " 6.2", " 7.0", " 8.1", " 5.9", " 6.6", " 7.0", " 6.6", " 7.4", " 4.3", " 4.7", " 5.9", " 6.6"
"917", "", "False", "Dracocephalumoid A", "C20 H24 O5", "Not the top hit", " No results", " No results", " Full match", " Full match", "2.32", "344.16317", "343.15590", "3.110", "5064284.16521043", "1", "0", "0", "", "", "", "No matches found", " No matches found", " No matches found", " No matches found", " No matches found", "", "Single match found", "PreferredDDA", "CO2", "[M-H]-1", "1115843.73441972", " 1574950.58426238", " 1562934.60657807", " 1615116.41868128", " 1467812.51649938", "10.9797137754171", " 65.0281153618176", " 62.2810092579473", " 65.0537188180579", " 75.5376395126814", "0.714", " 1.033", " 0.939", " 0.975", " 0.909", "-0.49", " 0.05", " -0.09", " -0.04", " -0.14", "0.974709672446754", " 0.985608757497457", " 0.998063858506821", " 0.999866182397418", " 0.99896344466175", "0.999999999946231", " 1", " 1", " 0.999999999996915", " 1", "5.4", "", " ", " ", " ", " ", " 3.4", " 3.8", " ", " 1.4", " ", " ", " 2.5", " 5.4", " 2.5", " ", " ", " ", " ", " 1.2", " 1.0", " ", " 1.6", " ", " 0.4", " ", " ", " ", " 3.3", " ", " 1.0", " 1.0", " 4.1", " 3.7", " ", " 0.6", " ", " 1.0", " 3.9", " 1.0", " 0.8"
"644", "", "False", "bhas#30", "C23 H44 O7", "No results", " No results", " No results", " Full match", " Full match", "0.78", "432.30904", "431.30177", "7.713", "5054724.74827642", "2", "0", "0", "", "", "", "No matches found", " No matches found", " No matches found", " No matches found", " No matches found", "", "Multiple matches found", "PreferredDDA", "Fatty_Acid_18:2", "[M-H]-1", "2924461.47429601", " ", " 2443373.69243566", " ", " 4454635.98431779", "", " ", " ", " ", " 13.6362632999282", "1.197", " 0.000", " 1.823", " ", " Infinity", "0.26", " -Infinity", " 0.87", " ", " Infinity", "", " ", " ", " ", " ", "", " ", " ", " ", " ", "5.5", "", " ", " ", " ", " ", " ", " ", " 4.2", " ", " ", " ", " ", " ", " ", " ", " ", " ", " ", " ", " ", " ", " 2.0", " ", " ", " ", " ", " ", " ", " ", " ", " ", " ", " 5.0", " 4.6", " ", " 5.5", " 4.6", " ", " ", " "
"519", "", "False", "FAHFA 18:5/16:1", "C34 H54 O4", "Full match", " No results", " Full match", " No results", " No results", "-3.62", "526.40030", "525.39303", "6.972", "5013069.34847281", "0", "0", "1", "", "", "3.5", "No matches found", " No matches found", " No matches found", " Single match found", " No matches found", "", "No matches found", "PreferredDDA", "", "[M-H]-1", "452507.712544649", " 1550319.94918248", " 919516.534036765", " 2536259.43783934", " 1265845.71618823", "26.370997438612", " 63.8794923710242", " ", " 59.3506347785283", " 49.9529399626844", "0.492", " 2.758", " 1.377", " 0.611", " 0.499", "-1.02", " 1.46", " 0.46", " -0.71", " -1.00", "", " ", " ", " 0.485231757170444", " 0.343841058214104", "", " ", " ", " 0.999999999996915", " 1", "6.1", "1.4", " ", " 2.9", " ", " 1.4", " ", " ", " ", " 4.2", " 2.7", " ", " 4.5", " 5.0", " 3.9", " ", " 3.8", " ", " ", " 3.0", " ", " ", " ", " ", " ", " 5.3", " ", " 3.5", " 6.0", " 2.7", " 3.7", " 6.1", " 3.3", " ", " 1.9", " ", " ", " 5.3", " 4.0", " 5.5", " 5.2"
"972", "", "False", "", "C23 H53 N4 O5 P", "Full match", " No results", " No results", " No match", " No results", "3.73", "496.37721", "495.36993", "4.657", "5005793.64208117", "1", "0", "0", "", "", "", "No matches found", " No matches found", " No matches found", " No matches found", " No matches found", "", "No matches found", "PreferredDDA", "", "[M-H]-1", "1154339.10079162", " 2820375.40494273", " 1131687.4457076", " 1848923.25593421", " 2564809.03399739", "39.1805373273869", " 36.4273258373569", " 67.809042838859", " 27.9313390585322", " 48.1918062038271", "1.020", " 1.634", " 2.266", " 1.525", " 1.387", "0.03", " 0.71", " 1.18", " 0.61", " 0.47", "0.999999964511003", " 0.507556452936248", " 0.633835606524742", " 0.584373538505596", " 0.997759653218868", "0.999999999946231", " 1", " 1", " 0.999999999996915", " 1", "5.9", "1.3", " ", " 0.7", " ", " ", " 1.1", " ", " ", " 4.0", " 5.7", " 3.2", " 4.7", " 3.8", " 3.8", " 2.2", " 5.9", " ", " ", " ", " ", " ", " ", " 1.0", " 0.4", " 1.6", " 1.6", " 3.7", " 4.1", " 4.6", " ", " 3.0", " 2.8", " 1.7", " 1.4", " 2.7", " 0.4", " 2.3", " ", " 2.7", " 5.8"
"762", "", "False", "2-deoxyecdysone", "C27 H44 O5", "Full match", " No results", " No results", " Not the top hit", " Full match", "1.46", "448.31953", "447.31225", "5.395", "5004993.4011557", "37", "0", "0", "", "", "", "No matches found", " No matches found", " No matches found", " No matches found", " No matches found", "", "Multiple matches found", "PreferredDDA", "CO2", "[M-H]-1", "311395.784915488", " 1935377.65295975", " 2578924.35737057", " 3038354.33752436", " 1646967.14246428", "94.1283917970287", " 52.9005922396116", " 10.0329312686875", " 47.1159403072545", " 52.7877502787627", "0.121", " 1.178", " 0.639", " 0.637", " 0.542", "-3.05", " 0.24", " -0.65", " -0.65", " -0.88", "0.0219148016545556", " 0.999990588480833", " 0.816141019858217", " 0.817149470275684", " 0.523319160457727", "0.993193243249472", " 1", " 1", " 0.999999999996915", " 1", "6.6", "", " ", " ", " ", " ", " 1.1", " 3.3", " 4.9", " 1.1", " 3.9", " ", " 3.3", " 5.4", " 2.5", " 3.3", " 4.8", " ", " 6.3", " 6.6", " ", " ", " ", " ", " ", " ", " ", " 3.3", " ", " 3.5", " 4.2", " 5.6", " 4.6", " 2.0", " 4.9", " 2.9", " ", " 3.3", " 2.7", " 5.2", " 1.7"
"860", "", "False", "strophanthidin", "C23 H32 O6", "Not the top hit", " No results", " No results", " Not the top hit", " Full match", "2.85", "404.22104", "403.21376", "3.035", "4944540.21554881", "6", "0", "0", "", "", "", "No matches found", " No matches found", " No matches found", " No matches found", " No matches found", "", "Multiple matches found", "PreferredDDA", "", "[M-H]-1", "1268119.27608536", " 4944540.21554881", " 971008.444697844", " 1741517.01608081", " 4299587.58183336", "80.1239669349484", " ", " 2.06733643860009", " 28.4739176177291", " ", "1.306", " 1.794", " 4.428", " 2.839", " 2.469", "0.39", " 0.84", " 2.15", " 1.51", " 1.30", "0.999834591365938", " 0.550623119122726", " ", " ", " ", "0.999999999946231", " 1", " ", " ", " ", "5.5", "", " ", " 0.4", " ", " ", " 2.9", " ", " ", " 4.1", " ", " ", " ", " ", " ", " ", " ", " ", " ", " ", " ", " ", " ", " 5.5", " 4.2", " 3.9", " 4.6", " ", " ", " 3.4", " ", " ", " ", " ", " ", " ", " ", " 4.8", " ", " ", " "
"320", "", "False", "", "", "No results", " No results", " No results", " No results", " No results", "", "223.92520", "260.87384", "10.869", "4937824.62246687", "0", "0", "0", "", "", "", "No matches found", " No matches found", " No matches found", " No matches found", " No matches found", "", "No matches found", "OtherDDA", "", "[M-2H+K]-1", "4829717.45445238", " ", " ", " 4232925.72822183", " ", "3.16553969538885", " ", " ", " 6.07747765334544", " ", "Infinity", " Infinity", " ", " 0.000", " 0.000", "Infinity", " Infinity", " ", " -Infinity", " -Infinity", "", " ", " ", " ", " ", "", " ", " ", " ", " ", "9.8", "", " ", " 9.8", " ", " ", " ", " 9.0", " ", " ", " ", " ", " ", " ", " ", " ", " ", " ", " ", " ", " ", " ", " ", " ", " ", " ", " ", " ", " 8.1", " ", " 9.3", " ", " ", " ", " ", " ", " ", " ", " ", " ", " "
"887", "", "False", "(±)10(11)-EpDPA", "C22 H32 O3", "Full match", " Full match", " Full match", " Not the top hit", " Not the top hit", "1.62", "344.23570", "343.22842", "6.530", "4929799.60034444", "34", "1", "1", "64.5", "65.9", "32.7", "Single match found", " No matches found", " No matches found", " No matches found", " No matches found", "", "Multiple matches found", "PreferredDDA", "CO2", "[M-H]-1", "", " 2852306.64984555", " 1031174.6531901", " 3189724.12560236", " 1102468.05620172", "", " 19.0267848972417", " 61.1685066342952", " 50.3115059510703", " 93.2491031364017", "0.000", " 3.093", " 1.069", " 0.894", " 0.346", "-Infinity", " 1.63", " 0.10", " -0.16", " -1.53", "", " 0.656477983044675", " 0.923279952483363", " 0.957724229977972", " 0.845402728781977", "", " 1", " 1", " 0.999999999996915", " 1", "6.5", "", " ", " ", " ", " ", " ", " ", " ", " ", " 5.4", " 4.6", " 6.5", " ", " ", " ", " ", " ", " 0.2", " ", " ", " ", " 0.4", " ", " ", " ", " 5.0", " ", " ", " 3.5", " 3.6", " 1.2", " 0.0", " 3.6", " 1.8", " 0.8", " 4.1", " 3.3", " ", " 2.7", " 0.4"
"526", "", "False", "", "C6 H8 N4 O5 S", "Full match", " No results", " No results", " No results", " No results", "-1.71", "248.02112", "247.01375", "0.688", "4902800.19824984", "0", "0", "0", "", "", "", "No matches found", " No matches found", " No matches found", " No matches found", " No matches found", "", "No matches found", "PreferredDDA", "", "[M-H]-1", "4166196.05070249", " 3110659.12163525", " 3943942.02284967", " 2314113.76147255", " 2296405.9178512", "10.8025252241662", " 13.1297079271584", " 10.7182661019177", " 9.75593465858728", " 31.1674711760817", "1.056", " 0.587", " 0.582", " 1.344", " 0.992", "0.08", " -0.77", " -0.78", " 0.43", " -0.01", "0.84827201271312", " 7.55952763276113E-07", " 1.89370210015305E-05", " 0.005541374568243", " 0.90346886439291", "0.999999999946231", " 4.12571746793282E-05", " 0.000565473765619532", " 0.44209853876293", " 1", "7.6", "6.5", " 6.9", " 7.6", " 6.5", " 4.0", " 5.7", " 5.4", " 6.9", " 7.0", " 5.5", " ", " 6.3", " 7.0", " 7.0", " 7.0", " 6.6", " 6.6", " 6.3", " 6.1", " 6.9", " 6.5", " 5.0", " 5.9", " 4.4", " 6.4", " 7.1", " 5.6", " 7.1", " 6.4", " 6.8", " 5.8", " 6.8", " 4.4", " 5.1", " 4.9", " ", " 6.1", " 5.5", " 3.0", " 5.5"
"397", "", "False", "", "C13 H21 N4 O16 P S", "Full match", " No results", " No results", " No results", " No results", "-0.93", "552.04058", "551.03330", "0.505", "4898588.70192664", "0", "0", "0", "", "", "", "No matches found", " No matches found", " No matches found", " No matches found", " No matches found", "", "No matches found", "PreferredDDA", "", "[M-H]-1", "687768.509730951", " 410344.791603068", " ", " 673310.636350798", " 568657.193676883", "31.5929941120659", " 149.597607794645", " ", " 86.0234336984359", " 49.9079685003327", "Infinity", " Infinity", " Infinity", " 0.609", " 0.845", "Infinity", " Infinity", " Infinity", " -0.71", " -0.24", "", " ", " ", " 0.979732512776081", " 0.999915428535521", "", " ", " ", " 0.999999999996915", " 1", "6.0", "", " ", " ", " 5.4", " ", " 5.8", " ", " 5.8", " 5.3", " ", " 6.0", " ", " ", " 3.0", " 5.3", " ", " ", " ", " ", " ", " ", " ", " ", " ", " ", " ", " ", " ", " ", " 4.9", " 5.2", " ", " ", " 5.3", " 5.3", " ", " 4.9", " ", " ", " 4.9"
"824", "", "False", "19(R)-Hydroxy prostaglandin F1a", "C20 H36 O6", "Not the top hit", " Full match", " No results", " Full match", " Full match", "1.10", "372.25160", "371.24432", "4.327", "4887231.687914", "6", "2", "0", "73.9", "8.7", "", "No matches found", " No matches found", " No matches found", " No matches found", " No matches found", "", "Multiple matches found", "PreferredDDA", "", "[M-H]-1", "2408218.06800405", " 3129815.63890638", " 2944464.14985906", " 3113315.68019489", " 3273619.29275288", "34.0082272933799", " 23.8091265180483", " 33.7817600566363", " 28.1465806548278", " 24.1176465018726", "0.818", " 1.057", " 1.112", " 1.005", " 1.051", "-0.29", " 0.08", " 0.15", " 0.01", " 0.07", "0.992233642783052", " 0.999972442023338", " 0.834852644816569", " 0.994141660237887", " 0.810278756181018", "0.999999999946231", " 1", " 1", " 0.999999999996915", " 1", "7.0", "3.8", " 4.7", " 5.7", " 4.5", " 4.0", " ", " 4.0", " ", " 5.3", " 5.3", " 4.1", " 4.9", " ", " 6.2", " 6.2", " 3.7", " 4.1", " ", " ", " 6.3", " 4.7", " ", " 4.7", " ", " 4.5", " 4.9", " ", " 6.4", " 2.8", " 4.5", " 6.4", " 6.4", " 5.6", " 4.9", " 4.5", " ", " 5.3", " 5.9", " ", " 7.0"
"576", "", "False", "", "C11 H10 N4 O7", "Full match", " No results", " No results", " No results", " No results", "-2.25", "310.05425", "309.04697", "0.580", "4855837.9018109", "0", "0", "0", "", "", "", "No matches found", " No matches found", " No matches found", " No matches found", " No matches found", "", "No matches found", "PreferredDDA", "", "[M-H]-1", "1101611.68507175", " 2636594.18679287", " 1740253.30241945", " 956340.955534189", " 1509833.33053022", "37.7986902683717", " 65.9134935498204", " 41.3944120278517", " 48.3795248410417", " 40.5526102564577", "0.633", " 0.550", " 0.868", " 2.757", " 1.579", "-0.66", " -0.86", " -0.20", " 1.46", " 0.66", "0.999099307608408", " 0.840095932670024", " 0.999999930631817", " 0.282618709158864", " 0.87814879307294", "0.999999999946231", " 1", " 1", " 0.999999999996915", " 1", "5.7", "5.7", " ", " 5.3", " ", " ", " 5.7", " 5.7", " ", " 4.9", " 5.4", " 5.6", " 4.9", " 5.4", " 5.4", " ", " ", " ", " ", " 3.3", " 4.5", " ", " 5.2", " 4.4", " 5.2", " ", " 4.2", " 5.2", " 4.5", " 5.2", " 5.2", " 4.9", " ", " ", " ", " 4.9", " ", " 5.2", " 5.2", " ", " 4.8"
"1312", "", "False", "", "C9 H19 N2 O4 P3 S2", "Full match", " No results", " No results", " No results", " No results", "-0.31", "375.99979", "374.99252", "10.986", "4836058.05687844", "0", "0", "0", "", "", "", "No matches found", " No matches found", " No matches found", " No matches found", " No matches found", "", "No matches found", "PreferredDDA", "", "[M-H]-1", "4265654.40120278", " 4446589.81283405", " ", " 4076247.02048777", " 4622925.01399171", "0.125609387192439", " 5.66521529501982", " ", " 7.78775412532656", " 7.0096599484023", "Infinity", " Infinity", " Infinity", " 1.091", " 1.134", "Infinity", " Infinity", " Infinity", " 0.13", " 0.18", "", " ", " ", " 0.33682595797356", " 0.0867025961384532", "", " ", " ", " 0.999999999996915", " 1", "6.6", "", " ", " 5.2", " ", " ", " ", " ", " 5.6", " ", " 5.9", " ", " 6.6", " ", " ", " ", " ", " ", " ", " ", " ", " ", " ", " ", " ", " ", " 5.5", " 4.3", " ", " 5.5", " ", " 4.5", " ", " ", " 6.2", " 6.2", " ", " 5.1", " 5.9", " 4.3", " "
"798", "", "False", "", "C24 H38 N6 O4", "Full match", " No results", " No results", " No match", " No results", "2.10", "474.29645", "473.28917", "4.941", "4830191.48540005", "1", "0", "0", "", "", "", "No matches found", " No matches found", " No matches found", " No matches found", " No matches found", "", "No matches found", "PreferredDDA", "", "[M-H]-1", "753824.206215137", " 1404514.94644461", " 1156226.4990458", " 1857127.08455409", " 1952070.2759807", "56.4307079003736", " 36.2947691516412", " 80.788567250298", " 37.617668706239", " 39.2914100012222", "0.652", " 1.606", " 1.688", " 0.756", " 1.051", "-0.62", " 0.68", " 0.76", " -0.40", " 0.07", "0.443873675378006", " 0.976826160539859", " 0.992077068417822", " 0.990229047005843", " 0.999907657933225", "0.999999999946231", " 1", " 1", " 0.999999999996915", " 1", "5.5", "", " 0.0", " 1.1", " ", " 2.3", " 1.4", " 2.5", " ", " ", " 2.2", " ", " 3.4", " 2.5", " ", " 3.8", " 5.1", " 2.1", " 2.9", " 4.5", " ", " 1.7", " 2.9", " 3.3", " 5.2", " ", " ", " 3.8", " 3.2", " 4.5", " 4.7", " 5.1", " 2.2", " 4.7", " ", " 5.5", " ", " 3.0", " 2.6", " 5.5", " 2.8"
"544", "", "False", "", "C13 H34 N8 O2", "Full match", " No results", " No results", " No results", " No results", "-3.73", "334.27923", "333.27195", "7.320", "4791767.91068519", "0", "0", "0", "", "", "", "No matches found", " No matches found", " No matches found", " No matches found", " No matches found", "", "No matches found", "PreferredDDA", "", "[M-H]-1", "2612886.46548387", " 2670391.2242759", " 2325580.79405475", " 2052022.06078946", " 2173494.31876495", "17.6053360771128", " 37.6222153963996", " 29.9959269685584", " 51.1464100800201", " 35.0498473341958", "1.124", " 0.882", " 0.935", " 1.301", " 1.059", "0.17", " -0.18", " -0.10", " 0.38", " 0.08", "0.798221161461735", " 0.9998786277075", " 0.888771193709269", " 0.728475257459898", " 0.920140566808735", "0.999999999946231", " 1", " 1", " 0.999999999996915", " 1", "7.3", "", " ", " 6.5", " 6.9", " ", " ", " 7.3", " ", " 5.5", " 6.4", " ", " 5.9", " 3.8", " 4.0", " ", " ", " 5.6", " ", " ", " ", " 4.5", " 5.8", " ", " ", " 6.5", " 5.2", " ", " ", " 3.5", " 3.6", " ", " ", " ", " 4.0", " 3.4", " 6.4", " 4.4", " 3.2", " 3.2", " 3.8"
"1004", "", "False", "", "C14 H24 O4", "Full match", " No results", " No results", " No results", " No results", "0.81", "256.16767", "255.16039", "4.007", "4735995.48283409", "0", "0", "0", "", "", "", "No matches found", " No matches found", " No matches found", " No matches found", " No matches found", "", "No matches found", "PreferredDDA", "CO2", "[M-H]-1", "3188531.70102414", " 4698259.24081543", " ", " 3327142.77183375", " 3124506.44259228", "", " 1.13589102943008", " ", " 5.47431294148188", " 45.9688292333767", "Infinity", " Infinity", " Infinity", " 1.412", " 0.939", "Infinity", " Infinity", " Infinity", " 0.50", " -0.09", "", " ", " ", " 0.387784819582763", " 0.891073978600746", "", " ", " ", " 0.999999999996915", " 1", "6.0", "", " 0.8", " ", " ", " ", " ", " ", " ", " ", " 6.0", " ", " ", " ", " ", " ", " 3.7", " ", " ", " ", " ", " ", " ", " ", " ", " 4.9", " 6.0", " ", " ", " ", " 3.7", " 4.1", " ", " 2.3", " ", " ", " ", " ", " 2.6", " ", " "
"1015", "", "False", "", "C26 H52 N2 O10 P2", "Full match", " No results", " No results", " No results", " No results", "-1.42", "614.30885", "613.30158", "0.628", "4689999.88926334", "0", "0", "0", "", "", "", "No matches found", " No matches found", " No matches found", " No matches found", " No matches found", "", "No matches found", "PreferredDDA", "CO2", "[M-H]-1", "", " 959543.351785168", " ", " 1733003.03520224", " 1350708.3560885", "", " 32.15798782186", " ", " 62.7491308677478", " 79.8223998014997", "", " Infinity", " Infinity", " 0.554", " 0.779", "", " Infinity", " Infinity", " -0.85", " -0.36", "", " ", " ", " 0.601900943448894", " 0.945135876459307", "", " ", " ", " 0.999999999996915", " 1", "5.4", "", " ", " ", " ", " ", " ", " ", " ", " ", " 0.9", " ", " 3.2", " 2.6", " 3.2", " 3.0", " 3.0", " ", " ", " ", " ", " ", " ", " ", " ", " ", " ", " 0.0", " 0.4", " 0.6", " ", " 1.4", " 3.5", " 1.5", " ", " 1.9", " ", " 3.3", " 3.3", " 5.4", " 1.7"
"507", "", "False", "FAHFA 20:2/18:0", "C38 H70 O4", "Not the top hit", " No results", " Full match", " Partial match", " No results", "1.95", "590.52856", "589.52128", "8.296", "4657173.67288116", "1", "0", "2", "", "", "45.5", "No matches found", " No matches found", " No matches found", " Multiple matches found", " No matches found", "", "No matches found", "PreferredDDA", "Fatty_Acid_18:1", "[M-H]-1", "1381432.87046464", " 2702054.03122813", " 1678398.89008499", " 1975063.69881921", " 864821.543942661", "40.2557261586744", " 45.6728920454875", " 81.8590497702589", " 58.2759678527374", " 71.3603614271764", "0.823", " 1.177", " 0.515", " 1.368", " 0.438", "-0.28", " 0.23", " -0.96", " 0.45", " -1.19", "0.880502790875584", " 0.999937285100856", " 0.810394537366962", " 0.600625941043418", " 0.865673532671509", "0.999999999946231", " 1", " 1", " 0.999999999996915", " 1", "6.1", "3.3", " 2.3", " 1.7", " 1.5", " 5.5", " ", " 1.4", " ", " ", " 2.3", " 3.0", " ", " 3.7", " 3.9", " ", " 2.5", " 3.0", " 1.7", " 3.3", " ", " 1.5", " ", " 6.1", " ", " 3.0", " ", " 4.2", " 3.6", " 3.3", " 3.1", " ", " ", " 1.5", " ", " ", " ", " ", " 1.1", " 2.7", " 3.9"
"1008", "", "False", "3,4-dimethyl-5-carboxyethylene-2-furanpentanoic acid", "C14 H18 O5", "Not the top hit", " No results", " No results", " Not the top hit", " Full match", "1.08", "266.11571", "265.10844", "2.902", "4647309.62514881", "3", "0", "0", "", "", "", "No matches found", " No matches found", " No matches found", " No matches found", " No matches found", "", "Single match found", "PreferredDDA", "CO2", "[M-H]-1", "1487879.909907", " 2870083.51681368", " ", " ", " ", "31.5430646190822", " 32.4170468192482", " ", " ", " ", "Infinity", " ", " ", " Infinity", " ", "Infinity", " ", " ", " Infinity", " ", "", " ", " ", " ", " ", "", " ", " ", " ", " ", "5.7", "", " ", " 3.8", " ", " 1.6", " ", " 1.9", " ", " 3.2", " 3.2", " ", " 3.2", " 5.7", " 5.4", " ", " 4.4", " ", " ", " ", " ", " ", " ", " ", " ", " ", " ", " ", " ", " ", " ", " ", " ", " ", " ", " ", " ", " ", " ", " ", " "
"863", "", "False", "2-(8-Hydroxy-4a,8-dimethyldecahydro-2-naphthalenyl)acrylic acid", "C15 H24 O3", "Not the top hit", " Full match", " No results", " Partial match", " Partial match", "0.47", "252.17266", "251.16539", "4.366", "4641146.09074589", "14", "2", "0", "84.8", "9.2", "", "No matches found", " No matches found", " No matches found", " No matches found", " No matches found", "", "Multiple matches found", "PreferredDDA", "CO2", "[M-H]-1", "1990634.86433377", " 2786160.53491173", " 1759066.90639351", " 2059133.59874694", " 2095746.78840145", "", " 36.0453396655588", " 14.8896555296385", " 29.8396225946886", " 27.9462190940195", "1.132", " 1.171", " 1.191", " 1.353", " 1.018", "0.18", " 0.23", " 0.25", " 0.44", " 0.03", "", " 0.605023582326771", " 0.966363601035266", " 0.959109026196214", " 0.77485098842591", "", " 1", " 1", " 0.999999999996915", " 1", "6.4", "", " ", " ", " ", " ", " 3.3", " ", " ", " 4.1", " 4.2", " ", " 4.7", " 4.4", " 4.7", " ", " ", " ", " ", " ", " ", " ", " 4.5", " 4.9", " ", " 6.4", " 5.0", " 3.4", " 6.0", " 6.0", " 2.8", " ", " 3.5", " 5.3", " 4.3", " 4.9", " 4.3", " ", " ", " 5.0", " 5.6"
"814", "", "False", "", "C23 H50 Cl N3 O6 S", "Full match", " No results", " No results", " No results", " No results", "-1.68", "531.30999", "530.30272", "5.658", "4604655.02171073", "0", "0", "0", "", "", "", "No matches found", " No matches found", " No matches found", " No matches found", " No matches found", "", "No matches found", "PreferredDDA", "", "[M-H]-1", "906210.701845625", " 553759.836395258", " 1910519.06338523", " 709162.686773543", " 389300.307579812", "32.0194088916311", " 41.475935495565", " 58.0755570730954", " 61.5115848529307", " 56.402899065731", "0.474", " 0.371", " 0.204", " 0.781", " 0.549", "-1.08", " -1.43", " -2.30", " -0.36", " -0.87", "0.0227788315441418", " 0.0158808735168389", " 8.42574923831663E-06", " 0.656158671440707", " 0.109671337059101", "0.993193243249472", " 0.193040840304686", " 0.000278576334191843", " 0.999999999996915", " 1", "5.7", "3.2", " 2.8", " 5.7", " 5.7", " 4.3", " 2.8", " 3.4", " 4.1", " 2.3", " ", " ", " 5.2", " 3.0", " 1.5", " ", " 4.9", " 1.4", " 5.6", " 2.7", " 3.9", " 2.1", " 4.2", " 2.1", " 2.5", " 3.4", " 1.9", " 4.2", " ", " 3.9", " 3.4", " 2.7", " 1.9", " 1.9", " 0.0", " 4.5", " 1.9", " 4.9", " 3.6", " 4.2", " 4.2"
"1227", "", "False", "5-Methyl-2-[(3S)-1-(2-pyridinylmethyl)-3-pyrrolidinyl]-1H-benzimidazole", "C18 H20 N4", "Not the top hit", " Full match", " No results", " No match", " No results", "-3.47", "292.16778", "291.16051", "2.572", "4583520.91927038", "2", "2", "0", "93.4", "9.7", "", "No matches found", " No matches found", " No matches found", " No matches found", " No matches found", "", "No matches found", "PreferredDDA", "", "[M-H]-1", "2374370.40786634", " 1262782.82076181", " 1569541.35606311", " 1495034.7110217", " 3191601.68351897", "59.1016750688348", " ", " 63.8100381736652", " 47.5641618293171", " ", "1.513", " 0.953", " 2.033", " 0.845", " 2.135", "0.60", " -0.07", " 1.02", " -0.24", " 1.09", "0.99995794464521", " 0.943384084727131", " ", " ", " ", "0.999999999946231", " 1", " ", " ", " ", "4.5", "", " ", " ", " ", " 1.0", " 3.5", " ", " ", " ", " ", " ", " ", " 1.4", " ", " ", " ", " ", " ", " 3.1", " ", " 1.4", " 4.5", " 0.2", " 2.5", " ", " ", " ", " ", " ", " 0.6", " ", " 1.7", " 2.7", " ", " ", " ", " ", " ", " ", " "
"776", "", "False", "Porphobilinogen", "C10 H14 N2 O4", "No match", " Invalid mass", " No results", " No match", " No match", "17.32", "226.09927", "225.09200", "4.708", "4566155.91029686", "5", "2", "0", "82.8", "9.1", "", "No matches found", " No matches found", " No matches found", " No matches found", " No matches found", "", "Multiple matches found", "PreferredDDA", "", "[M-H]-1", "827546.015535412", " 823401.39409767", " 1105243.19913766", " 949583.63752255", " 1506795.57177253", "84.8083238005946", " 0.9867630217115", " 81.73195317463", " 84.4140999376941", " 63.1848462680712", "0.749", " 0.859", " 1.363", " 0.867", " 1.587", "-0.42", " -0.22", " 0.45", " -0.21", " 0.67", "0.988033533628678", " 0.974824939626815", " 0.999986682230688", " 0.994473903763029", " 0.965033903744016", "0.999999999946231", " 1", " 1", " 0.999999999996915", " 1", "7.2", "", " ", " 3.4", " 3.0", " 5.5", " 5.0", " 5.8", " 4.5", " ", " ", " ", " ", " 6.4", " 7.2", " ", " ", " 4.9", " ", " 5.2", " 2.7", " 4.2", " 3.3", " 5.2", " 4.5", " ", " ", " ", " 1.9", " ", " 5.8", " 3.8", " 3.3", " 6.1", " 5.4", " 5.8", " ", " ", " 4.9", " 3.0", " 3.0"
"607", "", "False", "", "C30 H53 Cl N6 O S", "Full match", " No results", " No results", " No results", " No results", "-0.57", "580.36868", "579.36140", "8.503", "4549804.03996197", "0", "0", "0", "", "", "", "No matches found", " No matches found", " No matches found", " No matches found", " No matches found", "", "No matches found", "PreferredDDA", "", "[M-H]-1", "657569.301758123", " 1976760.55574469", " 446554.683106914", " 1124392.23872122", " 1632956.6659418", "34.7844935664259", " 65.1610113482377", " 52.5542708398622", " 73.6655567512526", " 66.4440898801986", "1.473", " 2.518", " 3.657", " 1.758", " 1.452", "0.56", " 1.33", " 1.87", " 0.81", " 0.54", "0.92583788199372", " 0.0268513150942348", " 0.100359891804461", " 0.996984137629612", " 0.974090600820132", "0.999999999946231", " 0.279841988748316", " 0.610234284650112", " 0.999999999996915", " 1", "6.2", "4.1", " 3.2", " 3.5", " 3.5", " 5.1", " 6.2", " 3.2", " ", " 3.8", " 4.8", " ", " 2.5", " ", " ", " 4.8", " 4.6", " 1.5", " 4.5", " 5.2", " ", " 2.3", " 2.7", " 4.5", " 3.8", " 4.8", " 2.7", " 6.1", " 4.6", " 5.6", " ", " 2.1", " 2.9", " 5.8", " 3.4", " 4.4", " 5.3", " 3.0", " 5.8", " ", " 5.4"
"786", "", "False", "2-(8-Hydroxy-4a,8-dimethyldecahydro-2-naphthalenyl)acrylic acid", "C15 H24 O3", "No match", " Invalid mass", " No results", " No match", " No match", "-71421.87", "234.16191", "233.15463", "5.804", "4545440.55506166", "35", "2", "0", "95.7", "9.8", "", "No matches found", " No matches found", " No matches found", " No matches found", " No matches found", "", "Multiple matches found", "PreferredDDA", "", "[M-H]-1", "3352133.25204665", " 3799045.09086565", " 3796886.93106527", " 3624447.81272688", " 3809310.05876792", "9.9248137716818", " 16.3654394380132", " 10.2686599057515", " 8.83220607488479", " 14.8158866434192", "0.883", " 0.955", " 1.003", " 1.048", " 1.051", "-0.18", " -0.07", " 0.00", " 0.07", " 0.07", "0.662831450902767", " 0.973403247657607", " 0.912768510597159", " 0.973339111446712", " 0.999157474349257", "0.999999999946231", " 1", " 1", " 0.999999999996915", " 1", "8.1", "7.9", " 7.9", " 7.5", " 7.9", " 7.9", " 7.9", " 7.9", " 7.9", " 7.1", " 7.1", " 5.0", " 6.9", " 5.8", " 7.5", " 6.9", " 6.5", " 7.0", " 7.0", " 7.2", " 7.4", " 6.9", " 6.3", " 7.6", " 7.6", " 7.9", " 7.9", " 7.5", " 8.1", " 6.8", " 7.5", " 7.9", " 7.9", " 7.4", " 6.6", " 7.4", " 7.4", " 7.4", " 7.4", " 7.4", " 7.6"
"1224", "", "False", "NP-008993", "C18 H34 O4", "Full match", " Full match", " Full match", " Partial match", " Partial match", "1.83", "314.24628", "313.23901", "4.264", "4532530.46046798", "44", "5", "1", "94.2", "9.7", "1.3", "No matches found", " No matches found", " No matches found", " Single match found", " No matches found", "", "Multiple matches found", "PreferredDDA", "", "[M-H]-1", "3247183.46625659", " 3584817.54386575", " ", " 2512656.63725163", " 2538535.14937996", "18.8636183110519", " 29.8662713633715", " ", " ", " ", "Infinity", " Infinity", " Infinity", " 1.427", " 1.010", "Infinity", " Infinity", " Infinity", " 0.51", " 0.01", "", " ", " ", " ", " ", "", " ", " ", " ", " ", "5.0", "4.2", " 3.9", " 4.2", " 3.5", " 3.9", " 5.0", " 2.7", " ", " 3.4", " 3.2", " ", " 4.1", " 2.4", " 4.5", " 1.6", " 3.0", " ", " ", " ", " ", " ", " ", " ", " ", " ", " 1.2", " ", " ", " ", " ", " ", " ", " ", " ", " ", " ", " ", " ", " ", " 0.5"
"880", "", "False", "", "C12 H38 N10 O3 P2 S", "Full match", " No results", " No results", " No results", " No results", "-2.79", "464.23113", "463.22386", "3.904", "4514773.22406356", "0", "0", "0", "", "", "", "No matches found", " No matches found", " No matches found", " No matches found", " No matches found", "", "No matches found", "PreferredDDA", "", "[M-H]-1", "2998628.35183209", " 2869157.4588908", " 2019816.12721822", " 2589857.92960434", " 2558897.58251627", "55.1606552210611", " 51.7167237004451", " 41.6757601877251", " 17.6813522457575", " 11.5485276898126", "1.485", " 1.282", " 1.267", " 1.108", " 0.988", "0.57", " 0.36", " 0.34", " 0.15", " -0.02", "0.950516674759809", " 0.852999529886721", " 0.930354469315567", " 0.988998502743229", " 0.999995922722296", "0.999999999946231", " 1", " 1", " 0.999999999996915", " 1", "5.0", "3.3", " ", " 2.9", " ", " ", " ", " 5.0", " ", " ", " 0.6", " ", " 1.4", " ", " 3.1", " 0.8", " ", " ", " ", " 1.2", " 1.0", " 0.6", " 4.8", " 3.9", " 2.0", " ", " ", " 3.1", " ", " 4.2", " 2.3", " 2.3", " 2.7", " ", " ", " 3.6", " ", " ", " 2.5", " 2.9", " "
"2989", "", "False", "", "C H Cl N6 O P2", "Full match", " No results", " No results", " No results", " No results", "1.34", "209.93784", "208.93056", "0.840", "4496462.72237491", "0", "0", "0", "", "", "", "No matches found", " No matches found", " No matches found", " No matches found", " No matches found", "", "No matches found", "PreferredDDA", "CO2", "[M-H]-1", "3190343.8652983", " 645109.459952821", " 4202744.96400021", " ", " ", "4.0559332203858", " ", " 9.88353185742601", " ", " ", "0.759", " 0.000", " 0.000", " Infinity", " ", "-0.40", " -Infinity", " -Infinity", " Infinity", " ", "0.0490762698658345", " ", " ", " ", " ", "0.999999999946231", " ", " ", " ", " ", "5.0", "", " ", " 5.0", " 5.0", " 5.0", " ", " ", " ", " ", " ", " ", " ", " ", " ", " 1.5", " ", " ", " ", " ", " ", " 4.3", " ", " ", " 4.5", " ", " ", " ", " ", " ", " ", " ", " ", " ", " ", " ", " ", " ", " ", " ", " "
"939", "", "False", "LPA 18:0", "C21 H43 O7 P", "Not the top hit", " No results", " Full match", " Partial match", " Partial match", "0.97", "438.27506", "437.26779", "10.895", "4472667.50032839", "6", "0", "1", "", "", "91.4", "No matches found", " No matches found", " No matches found", " Single match found", " No matches found", "", "Multiple matches found", "PreferredDDA", "", "[M-H]-1", "2259085.02746128", " 1860328.56798448", " 2996825.61822322", " 1996876.7308125", " 1539042.35629266", "36.3823465866926", " 17.6152910653518", " 25.7361664697239", " 26.6894644023716", " 11.1190667598422", "0.754", " 0.666", " 0.514", " 0.932", " 0.771", "-0.41", " -0.59", " -0.96", " -0.10", " -0.38", "0.0562770678867148", " 0.108495076056661", " 0.0332125236115095", " 0.999999559338138", " 0.982861957460163", "0.999999999946231", " 0.723741543938948", " 0.288023360499812", " 0.999999999996915", " 1", "6.0", "2.1", " 3.2", " ", " 4.0", " 0.7", " 1.1", " 2.4", " 3.6", " 2.7", " ", " ", " 1.7", " ", " ", " 3.3", " ", " 3.0", " 4.3", " ", " 4.3", " 1.8", " 5.6", " 1.5", " 1.8", " ", " 2.2", " ", " 1.6", " 1.6", " ", " 2.6", " 1.6", " 2.6", " 4.5", " 3.4", " 6.0", " 4.9", " ", " ", " "
"876", "", "False", "13,14-Dihydro-15-keto Prostaglandin A2", "C20 H30 O4", "No match", " Invalid mass", " No results", " No match", " No match", "-53887.69", "316.20437", "315.19708", "5.004", "4463574.66532189", "53", "10", "0", "95.7", "9.8", "", "No matches found", " No matches found", " No matches found", " No matches found", " No matches found", "", "Multiple matches found", "PreferredDDA", "CO2", "[M-H]-1", "1179523.43223962", " 1354940.30380747", " 1648447.7489415", " 507879.344415633", " ", "68.1953572317595", " ", " 79.9718240496648", " 55.6008793814203", " ", "0.716", " 0.308", " 0.000", " 2.668", " 0.000", "-0.48", " -1.70", " -Infinity", " 1.42", " -Infinity", "0.998560575666414", " 0.0893597903470332", " ", " ", " ", "0.999999999946231", " 0.634802666491262", " ", " ", " ", "5.4", "", " 3.4", " 2.7", " 2.3", " 2.7", " 5.4", " 4.8", " ", " ", " ", " ", " ", " 1.4", " ", " ", " ", " 1.5", " ", " 3.7", " 1.4", " ", " ", " 1.0", " 1.7", " ", " ", " ", " ", " 0.0", " 0.0", " 1.9", " ", " ", " ", " ", " ", " ", " ", " ", " "
"946", "", "False", "", "C34 H51 N3 O10", "Full match", " No results", " No results", " No match", " No results", "1.68", "661.35856", "660.35128", "5.204", "4462267.95315007", "1", "0", "0", "", "", "", "No matches found", " No matches found", " No matches found", " No matches found", " No matches found", "", "No matches found", "PreferredDDA", "", "[M-H]-1", "722477.591580483", " 553266.185078923", " 972995.425047822", " 740412.657122862", " 587035.35982543", "25.6429547710182", " 131.659653111722", " 33.1161210348522", " 39.267738998955", " 43.8406390281435", "0.743", " 0.761", " 0.603", " 0.747", " 0.793", "-0.43", " -0.39", " -0.73", " -0.42", " -0.33", "0.403934087099095", " 0.912304260927865", " 0.0880648699194311", " 0.999986573757619", " 0.576596841867783", "0.999999999946231", " 1", " 0.561280917920229", " 0.999999999996915", " 1", "4.3", "1.8", " ", " 1.4", " 2.5", " 2.5", " 1.8", " 2.9", " ", " 1.5", " 1.9", " 2.2", " ", " ", " 1.5", " ", " ", " 3.2", " 3.0", " 2.2", " ", " 2.0", " 3.8", " 2.8", " 2.2", " 4.1", " 0.9", " 1.3", " ", " ", " 4.3", " ", " ", " 4.2", " ", " 3.0", " 0.4", " 3.4", " ", " 2.3", " 1.9"
"950", "", "False", "10-Hydroxy-3,7-dimethyl-2E,6E-decadienoic acid", "C12 H20 O3", "Full match", " No results", " No results", " Not the top hit", " Full match", "-1.42", "212.14094", "211.13367", "4.560", "4454585.16165883", "17", "0", "0", "", "", "", "No matches found", " No matches found", " No matches found", " No matches found", " No matches found", "", "Multiple matches found", "PreferredDDA", "CO2", "[M-H]-1", "3530256.06248853", " 3914066.01996878", " 3481712.61624302", " 3593306.26648439", " 3604309.30128777", "9.50574797151689", " 12.8458567487346", " 8.0101482877609", " 6.14399295388367", " 9.6152224289489", "1.014", " 1.032", " 1.035", " 1.089", " 1.003", "0.02", " 0.05", " 0.05", " 0.12", " 0.00", "0.993853279884983", " 0.695759009214645", " 0.894067929782686", " 0.88458600001513", " 0.994725654616642", "0.999999999946231", " 1", " 1", " 0.999999999996915", " 1", "6.9", "4.9", " 4.5", " 5.6", " 5.6", " 4.5", " 4.5", " 6.0", " 5.6", " 6.1", " 4.7", " 5.0", " 6.9", " 5.1", " 4.2", " 4.7", " 4.0", " 4.5", " 4.5", " 4.1", " 5.6", " 5.3", " 4.9", " 3.7", " 5.6", " 5.6", " 6.8", " 5.9", " 4.9", " 5.3", " 6.0", " 4.9", " 5.3", " 5.3", " 6.8", " 5.3", " 5.3", " 5.3", " 5.5", " 6.0", " 4.5"
"754", "", "False", "", "C19 H38 N6 O5", "Invalid mass", " No results", " No results", " No results", " No results", "7.29", "430.29350", "429.28623", "7.225", "4447791.15191005", "0", "0", "0", "", "", "", "No matches found", " No matches found", " No matches found", " No matches found", " No matches found", "", "No matches found", "PreferredDDA", "Fatty_Acid_18:3", "[M-H]-1", "1763876.13990635", " 2556130.41276378", " 2683212.63979832", " 4390858.96251625", " 2987114.10201471", "63.5743732121702", " ", " ", " 10.6604210036925", " 10.2490446502737", "0.657", " 1.636", " 1.113", " 0.582", " 0.680", "-0.61", " 0.71", " 0.15", " -0.78", " -0.56", "", " ", " ", " ", " 0.539806649907183", "", " ", " ", " ", " 1", "5.1", "", " ", " ", " ", " ", " 1.6", " ", " 2.1", " ", " 2.0", " ", " ", " ", " ", " ", " ", " ", " ", " ", " ", " ", " ", " ", " 1.2", " ", " ", " ", " ", " 3.5", " ", " 2.9", " 3.5", " ", " 4.0", " 3.6", " ", " 4.4", " 5.1", " ", " "
"791", "", "False", "Erucic acid", "C22 H42 O2", "Full match", " Full match", " No results", " Full match", " Not the top hit", "1.87", "338.31911", "337.31184", "9.397", "4399374.38775469", "18", "1", "0", "97.2", "9.9", "", "No matches found", " No matches found", " No matches found", " No matches found", " No matches found", "", "Multiple matches found", "PreferredDDA", "", "[M-H]-1", "1113388.42620887", " 1275167.60338519", " 709563.221997087", " 1066042.20095858", " 613604.028087773", "61.2430011606591", " 64.642392862677", " 100.333895707331", " 49.7350116742655", " 65.1963824399418", "1.569", " 1.502", " 0.865", " 1.196", " 0.576", "0.65", " 0.59", " -0.21", " 0.26", " -0.80", "0.987790946082593", " 0.999988414244403", " 0.809044097373112", " 0.839090273396662", " 0.860942951041736", "0.999999999946231", " 1", " 1", " 0.999999999996915", " 1", "5.8", "4.4", " 3.4", " 4.0", " 2.3", " 5.4", " 1.9", " 5.2", " 4.5", " 4.5", " 4.2", " 2.7", " 4.9", " 5.8", " 5.8", " 3.3", " 5.5", " 3.4", " 1.1", " 4.8", " 2.7", " 3.3", " 3.4", " 4.6", " 3.8", " 3.8", " ", " 4.4", " 4.4", " 4.0", " 4.0", " 4.5", " 4.5", " 3.8", " ", " 1.9", " ", " 1.9", " 3.8", " 4.5", " 5.5"
"1508", "", "False", "", "C42 H68 N4 O3", "Full match", " No results", " No results", " No results", " No results", "0.66", "676.52959", "675.52231", "9.351", "4391606.91575559", "0", "0", "0", "", "", "", "No matches found", " No matches found", " No matches found", " No matches found", " No matches found", "", "No matches found", "PreferredDDA", "", "[M-H]-1", "709272.484928745", " 1078591.14293901", " 1051843.7915313", " 1723107.98175116", " 1738717.85206184", "65.4195035799899", " 48.7570079468846", " 45.9750087660573", " 57.5130902240132", " 40.6679992548874", "0.674", " 1.638", " 1.653", " 0.626", " 1.009", "-0.57", " 0.71", " 0.73", " -0.68", " 0.01", "0.91221941296621", " 0.252706015836406", " 0.477733888138648", " 0.411990767994397", " 0.9771842207451", "0.999999999946231", " 1", " 1", " 0.999999999996915", " 1", "4.0", "1.9", " ", " ", " ", " ", " 2.9", " 0.8", " 1.5", " 4.0", " 1.5", " 0.4", " 2.9", " 1.9", " 3.3", " 1.4", " 0.4", " ", " 0.0", " ", " 1.4", " ", " 2.3", " ", " 2.9", " ", " 1.7", " 1.1", " 2.5", " 2.3", " 2.3", " 3.0", " 2.9", " 2.1", " 2.5", " 2.5", " 3.5", " 1.1", " 2.9", " 2.7", " 3.5"
"1041", "", "False", "", "C25 H32 N4 O5", "Full match", " No results", " No results", " No results", " No results", "-1.99", "468.23634", "467.22906", "2.990", "4386588.06762553", "0", "0", "0", "", "", "", "No matches found", " No matches found", " No matches found", " No matches found", " No matches found", "", "No matches found", "PreferredDDA", "", "[M-H]-1", "", " 2413690.63636956", " ", " 3342585.45247517", " 2533374.06873219", "", " ", " ", " 33.654837664114", " 103.452561686882", "", " Infinity", " Infinity", " 0.722", " 0.758", "", " Infinity", " Infinity", " -0.47", " -0.40", "", " ", " ", " ", " 0.810757615558083", "", " ", " ", " ", " 1", "4.2", "", " ", " ", " ", " ", " ", " ", " ", " ", " ", " ", " ", " 4.2", " ", " ", " ", " ", " ", " ", " ", " ", " ", " ", " ", " ", " ", " ", " ", " ", " 3.6", " 3.6", " 0.7", " ", " ", " ", " ", " ", " 4.1", " 0.4", " "
"980", "", "False", "(±)9-HpODE", "C18 H32 O4", "Full match", " Full match", " No results", " Not the top hit", " Not the top hit", "1.71", "312.23059", "311.22333", "5.585", "4373701.7920994", "47", "1", "0", "77.8", "8.9", "", "No matches found", " No matches found", " No matches found", " No matches found", " No matches found", "", "Multiple matches found", "PreferredDDA", "CO2", "[M-H]-1", "1961191.98186708", " 2326478.47224302", " 2235266.23377041", " 2815458.94088743", " 3553656.99871677", "36.0968636269492", " 31.6316070768332", " 20.6883053240516", " 28.5302089334451", " 34.8049592337025", "0.877", " 1.260", " 1.590", " 0.826", " 1.262", "-0.19", " 0.33", " 0.67", " -0.28", " 0.34", "0.999997653583196", " 0.890035045124376", " 0.631584622605092", " 0.97567796158785", " 0.97047390030763", "0.999999999946231", " 1", " 1", " 0.999999999996915", " 1", "6.0", "2.6", " 2.2", " 1.7", " ", " 1.5", " ", " 1.0", " ", " 2.2", " 3.6", " ", " 4.5", " 4.0", " 2.9", " 1.5", " 3.2", " ", " 2.2", " 2.8", " ", " ", " 1.6", " 3.0", " ", " 6.0", " 4.9", " 3.9", " 3.4", " 4.1", " 3.7", " 4.9", " 2.0", " 3.2", " 4.7", " 1.2", " ", " 3.6", " 5.4", " 2.1", " 0.7"
"1359", "", "False", "", "C7 H7 Cl3 N8 O", "Full match", " No results", " No results", " No results", " No results", "-1.53", "323.98034", "322.97307", "10.932", "4365641.80770018", "0", "0", "0", "", "", "", "No matches found", " No matches found", " No matches found", " No matches found", " No matches found", "", "No matches found", "PreferredDDA", "", "[M-H]-1", "3818631.25395976", " 4060694.15069347", " 3438055.91480716", " 3755693.37241962", " 4042712.3786003", "5.75508343616527", " 9.42931819251966", " 9.98505283708056", " 3.77932875172923", " 5.78603523898714", "1.111", " 1.092", " 1.176", " 1.081", " 1.076", "0.15", " 0.13", " 0.23", " 0.11", " 0.11", "0.0875825175348326", " 0.104225184352588", " 0.000754489073973352", " 0.551906031861684", " 0.332963095623767", "0.999999999946231", " 0.703841677047721", " 0.015350950774304", " 0.999999999996915", " 1", "7.0", "5.3", " 4.9", " 4.5", " 4.9", " 4.9", " 5.5", " 5.5", " 5.3", " 4.9", " 5.3", " 4.5", " 5.5", " 5.1", " 5.9", " 5.9", " 4.9", " 5.3", " 5.3", " 6.0", " 5.6", " 4.9", " 4.5", " 6.0", " 6.4", " 5.8", " 5.8", " 5.8", " 5.6", " 5.0", " 5.8", " 5.4", " 5.4", " 5.5", " 7.0", " 5.1", " 5.6", " 5.3", " 5.6", " 5.1", " 5.5"
"1124", "", "False", "(±)11(12)-EET", "C20 H32 O3", "Full match", " Full match", " Full match", " Not the top hit", " Not the top hit", "1.31", "320.23556", "319.22829", "6.653", "4311141.4579114", "72", "8", "3", "89.3", "51.2", "34.4", "Multiple matches found", " No matches found", " No matches found", " No matches found", " No matches found", "", "Multiple matches found", "PreferredDDA", "", "[M-H]-1", "918143.867322079", " 1318002.09569771", " 699644.612784014", " 1802661.06199545", " 1368571.50358605", "15.6150448956201", " 47.5162515279908", " 45.8309392700962", " 54.3216318144519", " 73.6404394920489", "1.312", " 2.577", " 1.956", " 0.731", " 0.759", "0.39", " 1.37", " 0.97", " -0.45", " -0.40", "0.999030835915265", " 0.596557579951099", " 0.45187972783103", " 0.999986209649636", " 0.993322609383124", "0.999999999946231", " 1", " 1", " 0.999999999996915", " 1", "5.4", "1.9", " ", " 2.5", " ", " ", " ", " ", " ", " 3.0", " 3.5", " ", " 1.4", " ", " ", " ", " 3.3", " ", " 0.2", " ", " 0.8", " 2.3", " ", " ", " ", " 2.3", " 5.4", " 4.9", " ", " 1.7", " 3.3", " 0.8", " 3.0", " 3.6", " ", " 4.9", " 3.7", " ", " ", " 4.8", " 5.2"
"913", "", "False", "NP-021701", "C15 H22 O4", "Not the top hit", " Full match", " No results", " Partial match", " Partial match", "0.24", "266.15187", "265.14459", "3.920", "4281425.90814983", "5", "4", "0", "80.6", "48.7", "", "No matches found", " No matches found", " No matches found", " No matches found", " No matches found", "", "Multiple matches found", "PreferredDDA", "CO2", "[M-H]-1", "", " 3803727.38650722", " ", " 4141552.67457059", " 3084890.20657184", "", " 24.7459284297428", " ", " ", " 40.180146726647", "", " Infinity", " Infinity", " 0.918", " 0.745", "", " Infinity", " Infinity", " -0.12", " -0.42", "", " ", " ", " ", " ", "", " ", " ", " ", " ", "4.7", "", " ", " ", " ", " ", " ", " ", " ", " ", " 3.0", " ", " 3.0", " ", " 4.7", " ", " ", " ", " ", " ", " ", " ", " ", " ", " ", " ", " ", " ", " ", " ", " ", " 3.7", " ", " ", " 4.6", " ", " ", " ", " 1.2", " ", " "
"1383", "", "False", "", "C8 H4 Cl2 N4 O", "Full match", " No results", " No results", " No results", " No results", "3.07", "241.97696", "240.96968", "0.748", "4240612.33868457", "0", "0", "0", "", "", "", "No matches found", " No matches found", " No matches found", " No matches found", " No matches found", "", "No matches found", "PreferredDDA", "CO2", "[M-H]-1", "3822390.38981803", " ", " 4113736.1422653", " 3577751.31872862", " ", "2.38830346575558", " ", " 4.36172937478759", " ", " ", "0.929", " 0.870", " 0.000", " 0.000", " 0.000", "-0.11", " -0.20", " -Infinity", " -Infinity", " -Infinity", "0.296682671073486", " ", " ", " ", " ", "0.999999999946231", " ", " ", " ", " ", "6.1", "", " ", " 6.1", " ", " 4.6", " ", " ", " ", " ", " ", " ", " ", " ", " ", " ", " ", " ", " ", " ", " ", " 4.1", " ", " ", " 3.7", " 1.6", " ", " ", " ", " ", " ", " ", " ", " ", " ", " ", " ", " ", " ", " ", " "
"839", "", "False", "", "C H2 N3 O4 P S2", "Full match", " No results", " No results", " No results", " No results", "-1.51", "214.92211", "213.91483", "7.195", "4224691.21618215", "0", "0", "0", "", "", "", "No matches found", " No matches found", " No matches found", " No matches found", " No matches found", "", "No matches found", "PreferredDDA", "", "[M-H]-1", "1573058.84153791", " ", " 3280806.85100211", " 3575056.7977263", " ", "3.25901073353365", " ", " 2.81570147623838", " 25.6981037545732", " ", "0.479", " 1.090", " 0.000", " 0.000", " 0.000", "-1.06", " 0.12", " -Infinity", " -Infinity", " -Infinity", "0.0340515325484718", " 0.895607663467706", " ", " ", " ", "0.999999999946231", " 1", " ", " ", " ", "8.0", "", " ", " ", " ", " ", " 4.8", " 4.8", " ", " ", " ", " ", " ", " ", " ", " ", " ", " ", " ", " 7.3", " ", " ", " ", " 8.0", " ", " ", " ", " 3.2", " ", " 6.0", " ", " ", " ", " ", " ", " ", " ", " ", " ", " ", " "
"1096", "", "False", "4-keto pentadecanoic acid", "C15 H28 O3", "Full match", " No results", " No results", " Partial match", " Full match", "1.18", "256.20415", "255.19687", "4.823", "4223247.19659748", "6", "0", "0", "", "", "", "No matches found", " No matches found", " No matches found", " No matches found", " No matches found", "", "Multiple matches found", "PreferredDDA", "", "[M-H]-1", "3797777.4316591", " 3925214.62857595", " 3873312.14276221", " 3898018.06485243", " 3549604.09016735", "4.31247695040021", " 6.50965079835174", " 7.03386043261491", " 3.86222435793984", " 3.44074690090552", "0.980", " 1.006", " 0.916", " 1.007", " 0.911", "-0.03", " 0.01", " -0.13", " 0.01", " -0.14", "0.999713570538414", " 0.965008342033384", " 0.0377787245349845", " 0.999966039625481", " 0.00724620053295233", "0.999999999946231", " 1", " 0.306302996429058", " 0.999999999996915", " 0.568826741836758", "7.5", "4.6", " 6.1", " 6.0", " 5.4", " 5.4", " 6.4", " 6.5", " 5.8", " 6.8", " 4.7", " ", " 6.0", " 5.3", " 5.9", " 5.6", " 5.3", " 5.3", " 5.1", " 4.9", " 5.3", " 5.5", " 5.9", " 6.4", " 5.3", " 7.5", " 6.9", " 7.3", " 5.8", " 6.1", " 6.0", " 6.0", " 5.8", " 6.9", " 6.1", " 6.1", " 6.1", " 6.9", " 6.9", " 6.5", " 6.9"
"787", "", "False", "", "C21 H42 N6 O4 P2", "Full match", " No results", " No results", " No results", " No results", "4.66", "504.27663", "503.26935", "3.976", "4194988.73995786", "0", "0", "0", "", "", "", "No matches found", " No matches found", " No matches found", " No matches found", " No matches found", "", "No matches found", "PreferredDDA", "", "[M-H]-1", "1172306.398735", " 687670.398542483", " 1618343.64570988", " 1048871.75972072", " 1450987.54906361", "73.5821344086654", " 65.5050149316476", " 75.3558419554895", " 63.5524970962617", " 73.8490913780667", "0.724", " 0.648", " 0.897", " 0.656", " 1.383", "-0.47", " -0.63", " -0.16", " -0.61", " 0.47", "0.940216780705343", " 0.903460147459475", " 0.998512390580209", " 0.889012626457043", " 0.991334541532698", "0.999999999946231", " 1", " 1", " 0.999999999996915", " 1", "4.5", "", " 3.3", " 4.5", " 0.0", " ", " 1.2", " 1.2", " 0.4", " ", " ", " ", " ", " 4.5", " ", " 1.5", " 4.5", " ", " 3.1", " 2.6", " 1.7", " ", " 0.2", " 0.0", " ", " ", " ", " ", " ", " 0.0", " 1.7", " 2.9", " ", " 2.0", " ", " 1.5", " ", " ", " ", " ", " "
"498", "", "False", "FAHFA 16:0/22:3", "C38 H68 O4", "Not the top hit", " No results", " Full match", " Partial match", " Partial match", "0.81", "588.51224", "587.50496", "8.088", "4194140.1628409", "1", "0", "1", "", "", "20.0", "No matches found", " No matches found", " No matches found", " Single match found", " No matches found", "", "Single match found", "PreferredDDA", "", "[M-H]-1", "", " 3014569.0770345", " 1508928.62942517", " 2547534.37655521", " 1191181.6926527", "", " 37.434815911931", " ", " 5.41380714529784", " ", "0.000", " 1.688", " 0.789", " 1.183", " 0.468", "-Infinity", " 0.76", " -0.34", " 0.24", " -1.10", "", " ", " ", " 0.972828728735593", " ", "", " ", " ", " 0.999999999996915", " ", "5.6", "", " ", " ", " ", " ", " ", " ", " ", " ", " ", " 5.1", " ", " 3.8", " 2.5", " ", " 4.9", " ", " 2.1", " ", " ", " ", " ", " ", " ", " ", " ", " 5.6", " 5.3", " 4.9", " ", " ", " ", " ", " ", " ", " ", " ", " 4.4", " ", " "
"726", "", "False", "", "C24 H42 N4 O2", "Full match", " No results", " No results", " No results", " No results", "-1.50", "418.33015", "417.32287", "8.385", "4166510.26557929", "0", "0", "0", "", "", "", "No matches found", " No matches found", " No matches found", " No matches found", " No matches found", "", "No matches found", "PreferredDDA", "", "[M-H]-1", "551130.856516882", " 571430.238663626", " 1200224.15435098", " 680702.017225194", " 1446872.76639885", "25.7937921908544", " 13.5673903099628", " 41.7896359230571", " 34.0364709201349", " 69.3121594462843", "0.459", " 0.567", " 1.206", " 0.839", " 2.126", "-1.12", " -0.82", " 0.27", " -0.25", " 1.09", "0.0512392782481621", " 0.0732031080976145", " 0.994113508458595", " 0.996306470759", " 0.0326416961604947", "0.999999999946231", " 0.56555178132841", " 1", " 0.999999999996915", " 1", "6.7", "6.7", " 4.4", " 4.8", " 2.9", " ", " ", " ", " ", " 3.9", " ", " ", " 4.3", " ", " 3.5", " 6.6", " ", " 3.8", " 5.5", " 5.2", " 5.5", " 6.1", " 4.8", " 2.5", " 5.2", " 4.3", " 2.8", " ", " 6.2", " 5.7", " ", " 3.5", " 2.8", " 4.2", " 3.4", " 4.5", " 3.4", " 5.2", " 3.3", " 4.4", " 4.8"
"691", "", "False", "", "C41 H68 N4 O3", "Full match", " No results", " No results", " No results", " No results", "0.00", "664.52914", "663.52187", "10.893", "4119300.08550881", "0", "0", "0", "", "", "", "No matches found", " No matches found", " No matches found", " No matches found", " No matches found", "", "No matches found", "PreferredDDA", "", "[M-H]-1", "1600986.26372654", " 2401761.57007047", " 1502914.65516176", " 1676203.93946506", " 1058071.36543547", "49.4766369675186", " 43.5265648913812", " 45.2491261936065", " 60.6186419714756", " 38.2152809327428", "1.065", " 1.115", " 0.704", " 1.433", " 0.631", "0.09", " 0.16", " -0.51", " 0.52", " -0.66", "0.6832434479696", " 0.978729272711657", " 0.220349658813636", " 0.966529500103043", " 0.458793107840035", "0.999999999946231", " 1", " 1", " 0.999999999996915", " 1", "6.5", "0.4", " 4.6", " 5.9", " 2.9", " 3.0", " 6.1", " ", " 5.2", " 3.6", " ", " 4.2", " 4.6", " 1.7", " 3.5", " 6.5", " 4.8", " ", " 2.9", " 2.1", " 5.0", " ", " 3.3", " ", " 4.6", " ", " 3.3", " ", " 4.8", " 3.3", " 3.3", " 5.6", " 2.3", " 4.1", " 4.7", " 2.0", " 4.9", " ", " ", " 4.5", " 3.8"
"829", "", "False", "(±)17-HDoHE", "C22 H32 O3", "Not the top hit", " No results", " Full match", " Partial match", " Partial match", "1.66", "344.23572", "343.22844", "5.765", "4062416.91041512", "34", "0", "1", "", "", "31.5", "Single match found", " No matches found", " No matches found", " No matches found", " No matches found", "", "Multiple matches found", "PreferredDDA", "CO2", "[M-H]-1", "1069224.42392262", " 2954308.51561274", " 2053995.56277741", " 2398229.14351404", " 1465350.29529211", "", " 53.044626592899", " 12.5532712486156", " 24.3259592897996", " 49.9774168856042", "0.521", " 1.168", " 0.713", " 1.232", " 0.611", "-0.94", " 0.22", " -0.49", " 0.30", " -0.71", "", " 0.9991897802918", " 0.952168617990102", " 0.972373458263015", " 0.871444986671665", "", " 1", " 1", " 0.999999999996915", " 1", "6.8", "", " ", " ", " ", " ", " ", " 4.0", " ", " ", " ", " ", " ", " ", " 5.2", " ", " 3.6", " 4.4", " 3.8", " ", " ", " 3.2", " ", " 6.8", " ", " ", " 5.6", " ", " 6.0", " ", " 3.0", " ", " 3.1", " ", " ", " ", " 4.5", " 4.0", " 2.0", " 2.1", " 5.0"
"688", "", "False", "", "C10 H10 N2 O8", "Full match", " No results", " No results", " No results", " No results", "-2.27", "286.04307", "285.03579", "0.576", "4041808.2642631", "0", "0", "0", "", "", "", "No matches found", " No matches found", " No matches found", " No matches found", " No matches found", "", "No matches found", "PreferredDDA", "", "[M-H]-1", "", " 2701206.30857243", " ", " 1708062.43892413", " 1514559.73003252", "", " 50.6416851265382", " ", " 19.3176794325212", " 26.1324534258054", "", " Infinity", " Infinity", " 1.581", " 0.887", "", " Infinity", " Infinity", " 0.66", " -0.17", "", " ", " ", " 0.365114237456469", " 0.758912030798272", "", " ", " ", " 0.999999999996915", " 1", "6.9", "", " ", " ", " ", " ", " ", " ", " ", " 5.2", " 4.5", " 5.4", " ", " 5.4", " 5.4", " ", " 4.9", " ", " ", " ", " ", " ", " ", " ", " ", " ", " 6.7", " 6.7", " 6.7", " 6.3", " 6.9", " 6.7", " 6.7", " 5.6", " 6.2", " 6.2", " ", " 6.2", " 6.2", " 5.8", " 5.8"
"2038", "", "False", "", "C14 H32 O3 P2", "Full match", " No results", " No results", " No results", " No results", "-2.67", "310.18184", "309.17456", "10.158", "3977954.5567019", "0", "0", "0", "", "", "", "No matches found", " No matches found", " No matches found", " No matches found", " No matches found", "", "No matches found", "PreferredDDA", "", "[M-H]-1", "1682651.10058611", " 3441418.26643485", " 1670775.02696079", " 2642139.51944921", " 3251224.14561812", "9.30862133642845", " 15.5893531528726", " 8.84505228089533", " 7.16554963639186", " 9.60736920104583", "1.007", " 1.581", " 1.946", " 1.303", " 1.231", "0.01", " 0.66", " 0.96", " 0.38", " 0.30", "0.978412939600772", " 8.07508970801507E-08", " 3.24429372255963E-12", " 0.00371653323664911", " 0.00195859348761063", "0.999999999946231", " 6.31010581469178E-06", " 8.58115689617023E-10", " 0.44209853876293", " 0.245999342043895", "4.6", "3.5", " 2.8", " 3.5", " 3.5", " 2.8", " 4.3", " 3.1", " 4.6", " 2.7", " 2.3", " ", " 3.5", " 2.7", " 2.3", " 2.7", " 2.7", " ", " ", " 3.9", " 3.5", " 3.9", " 2.8", " 3.9", " 2.8", " ", " 3.0", " 3.4", " 3.7", " 3.7", " 4.1", " 3.0", " 3.0", " 3.7", " 3.4", " 3.4", " 4.1", " 3.4", " 3.4", " 4.1", " 3.4"
"586", "", "False", "5-[(2Z,8Z)-2,8-Pentadecadien-1-yl]-1,3-benzenediol", "C21 H32 O2", "No results", " Full match", " No results", " Partial match", " Partial match", "1.46", "316.24069", "315.23341", "7.374", "3970998.33908678", "28", "2", "0", "71.0", "8.5", "", "No matches found", " No matches found", " No matches found", " No matches found", " No matches found", "", "Multiple matches found", "PreferredDDA", "CO2", "[M-H]-1", "", " 3970998.33908678", " 2355737.10995172", " 2057439.8719249", " 1201073.47962302", "", " ", " 10.8345454707803", " 18.5046081764356", " 13.016992110578", "0.000", " 0.873", " 0.510", " 1.930", " 0.584", "-Infinity", " -0.20", " -0.97", " 0.95", " -0.78", "", " 0.517250403022487", " 0.017281633064688", " ", " 0.0402759449690033", "", " 1", " 0.183646864827034", " ", " 1", "7.4", "", " ", " ", " ", " ", " ", " ", " ", " ", " ", " 2.7", " ", " ", " ", " ", " ", " 6.3", " ", " 7.4", " ", " ", " ", " ", " ", " ", " 4.8", " 6.5", " 6.3", " ", " 3.9", " ", " ", " ", " ", " 6.8", " ", " ", " 3.8", " 4.5", " "
"821", "", "False", "(+/-)12(13)-DiHOME", "C18 H34 O4", "No match", " Invalid mass", " No results", " No match", " No match", "-57312.25", "296.23558", "295.22830", "6.282", "3963392.40736587", "55", "9", "0", "79.0", "8.9", "", "No matches found", " No matches found", " No matches found", " No matches found", " No matches found", "", "Multiple matches found", "PreferredDDA", "", "[M-H]-1", "1325097.08154416", " 3190789.73184889", " 2437274.6714795", " 2244245.57314326", " 1549651.29554201", "20.6442825873077", " 29.971130795931", " 28.0394779912461", " 33.8526973799439", " 58.3065153341051", "0.544", " 0.921", " 0.636", " 1.422", " 0.690", "-0.88", " -0.12", " -0.65", " 0.51", " -0.53", "0.625048733602858", " 0.999403476448878", " 0.977827468366087", " 0.887817437160109", " 0.926167557912355", "0.999999999946231", " 1", " 1", " 0.999999999996915", " 1", "6.0", "1.6", " ", " ", " ", " 4.3", " ", " 3.5", " ", " ", " 6.0", " ", " 2.0", " 4.9", " 2.6", " ", " 4.1", " 4.5", " ", " ", " ", " 6.0", " 4.6", " 5.6", " ", " 3.4", " ", " 5.1", " 5.5", " ", " ", " ", " 1.9", " 3.3", " ", " 3.3", " ", " 1.7", " 4.6", " ", " 5.4"
"253", "", "False", "D-a-Tocopherol", "C29 H50 O2", "Not the top hit", " Full match", " Full match", " Full match", " Not the top hit", "0.99", "430.38151", "429.37423", "10.851", "3960957.91186589", "15", "1", "1", "94.2", "9.7", "53.8", "No matches found", " No matches found", " No matches found", " Single match found", " No matches found", "", "Multiple matches found", "PreferredDDA", "", "[M-H]-1", "992297.975671122", " 938630.074673853", " 798436.414406483", " ", " 539021.188908222", "34.6043850793439", " 104.904005305696", " 13.2359339543372", " ", " ", "1.243", " 0.000", " 0.675", " Infinity", " Infinity", "0.31", " -Infinity", " -0.57", " Infinity", " Infinity", "0.873156892507365", " ", " ", " ", " ", "0.999999999946231", " ", " ", " ", " ", "7.3", "5.8", " 3.8", " 6.2", " ", " 3.4", " ", " 4.5", " ", " ", " 6.1", " ", " ", " 6.1", " 3.8", " ", " 2.1", " 7.3", " ", " 3.5", " ", " 6.2", " ", " 4.7", " ", " ", " ", " ", " ", " ", " ", " ", " ", " ", " ", " ", " ", " ", " 2.3", " ", " "
"952", "", "False", "24beta-Methoxydihydrocucurbitacin D", "C31 H48 O8", "Not the top hit", " No results", " No results", " Full match", " Full match", "1.66", "548.33583", "547.32855", "3.777", "3950583.04221234", "2", "0", "0", "", "", "", "No matches found", " No matches found", " No matches found", " No matches found", " No matches found", "", "Multiple matches found", "PreferredDDA", "", "[M-H]-1", "1055097.38476466", " 1874730.58307353", " 1688218.76007818", " 1553277.27648088", " 1581355.26189011", "22.7744019755501", " 44.2477041476845", " 54.1433751276516", " 52.7190066057557", " 49.134629965733", "0.625", " 0.920", " 0.937", " 1.207", " 1.018", "-0.68", " -0.12", " -0.09", " 0.27", " 0.03", "0.94538365984476", " 0.89423874402453", " 0.986777578726365", " 0.976281532989823", " 0.993984288839075", "0.999999999946231", " 1", " 1", " 0.999999999996915", " 1", "5.8", "2.8", " 3.5", " 5.8", " ", " 3.3", " ", " 1.8", " ", " 1.4", " 2.0", " 2.3", " 0.2", " ", " ", " 3.6", " ", " 3.3", " ", " ", " ", " 3.3", " 3.8", " 3.1", " ", " ", " ", " 0.6", " 0.2", " 0.6", " 2.3", " ", " ", " 4.2", " 0.6", " ", " ", " 1.7", " 0.8", " ", " "
"1065", "", "False", "Cer 18:1;2O/16:0", "C34 H67 N O3", "No match", " No results", " Invalid mass", " No match", " No match", "111667.13", "597.53453", "596.52725", "9.138", "3948723.31287563", "2", "0", "30", "", "", "74.6", "No matches found", " No matches found", " No matches found", " Multiple matches found", " No matches found", "", "Multiple matches found", "PreferredDDA", "", "[M-H]-1", "1329506.69226108", " 1003822.31402217", " 857223.950847393", " 3362923.3504119", " 1102540.6531499", "35.729091697991", " 35.6312577670108", " 40.4959668445488", " 24.634705148792", " 37.2513978445976", "1.551", " 3.923", " 1.286", " 0.298", " 0.328", "0.63", " 1.97", " 0.36", " -1.74", " -1.61", "0.637479913877404", " 0.0163907822340071", " 0.981279665333539", " 0.0142792100191258", " 0.025560083366594", "0.999999999946231", " 0.19490778004352", " 1", " 0.624205466550356", " 1", "6.0", "", " 3.4", " 3.0", " 3.0", " 2.4", " 3.4", " 2.2", " 1.9", " 3.0", " 3.5", " 1.5", " ", " 2.8", " ", " ", " ", " ", " 1.5", " 3.0", " 1.7", " ", " 2.5", " ", " ", " ", " ", " ", " ", " 4.1", " ", " 3.4", " ", " 6.0", " 4.5", " 2.4", " 2.6", " 2.4", " 3.0", " ", " "
"1055", "", "False", "Prostaglandin B1", "C20 H32 O4", "Full match", " Full match", " Full match", " Partial match", " Not the top hit", "1.81", "336.23067", "335.22339", "4.540", "3917380.94565735", "78", "22", "6", "78.4", "8.9", "19.0", "Multiple matches found", " No matches found", " No matches found", " Multiple matches found", " No matches found", "", "Multiple matches found", "PreferredDDA", "", "[M-H]-1", "1969379.50468054", " 2103719.56824407", " 2856269.2087436", " 2386832.70996632", " 2263706.59870481", "16.6653907458011", " 19.8739493764205", " 25.7452447190796", " 31.1595335257177", " 28.2206196679088", "0.689", " 0.836", " 0.793", " 0.881", " 0.948", "-0.54", " -0.26", " -0.34", " -0.18", " -0.08", "0.096857096523182", " 0.84319098782051", " 0.54276730658243", " 0.982496798159672", " 0.977981370529772", "0.999999999946231", " 1", " 1", " 0.999999999996915", " 1", "6.5", "2.5", " 2.9", " 2.9", " 2.9", " 3.9", " 2.5", " 3.5", " ", " 6.3", " 2.7", " ", " 6.5", " 5.9", " 4.2", " ", " 3.9", " 2.4", " 2.4", " ", " 3.7", " 3.7", " 2.6", " 3.4", " 3.7", " 2.9", " 2.1", " 4.9", " 4.7", " 2.5", " 1.9", " 1.1", " 2.5", " 5.4", " 2.0", " 5.8", " ", " 3.0", " 2.2", " 3.4", " 3.4"
"1252", "", "False", "Certonardosterol A", "C28 H48 O6", "Not the top hit", " No results", " No results", " Not the top hit", " Full match", "1.18", "480.34565", "479.33838", "5.196", "3878829.5395239", "6", "0", "0", "", "", "", "No matches found", " No matches found", " No matches found", " No matches found", " No matches found", "", "Multiple matches found", "PreferredDDA", "", "[M-H]-1", "", " 2255598.31565491", " 1077019.2315097", " 1927788.81968034", " 1189544.66260382", "", " 48.4558054521032", " ", " 66.599405281887", " 36.1043607147851", "0.000", " 1.790", " 1.104", " 1.170", " 0.617", "-Infinity", " 0.84", " 0.14", " 0.23", " -0.70", "", " ", " ", " 0.671509426529434", " 0.999223027424983", "", " ", " ", " 0.999999999996915", " 1", "4.6", "", " ", " ", " ", " ", " ", " ", " ", " ", " 2.3", " ", " 3.5", " 1.6", " 0.8", " 2.7", " ", " ", " ", " 1.0", " ", " ", " ", " ", " ", " ", " ", " 1.0", " 2.7", " ", " ", " ", " 4.6", " ", " 4.1", " ", " ", " 3.4", " ", " ", " 1.3"
"940", "", "False", "LMST04010365", "C24 H30 O5", "Full match", " No results", " No results", " Full match", " Full match", "-4.04", "398.20772", "397.20044", "4.395", "3878480.58130283", "2", "0", "0", "", "", "", "No matches found", " No matches found", " No matches found", " No matches found", " No matches found", "", "Multiple matches found", "PreferredDDA", "", "[M-H]-1", "1207135.1240826", " 849038.057863608", " 1472570.26096778", " 903386.594195254", " 959083.247191532", "74.3431534371957", " 32.5925311576064", " 57.4690604861777", " 17.2214077190806", " 10.8697957931235", "0.820", " 0.613", " 0.651", " 0.940", " 1.062", "-0.29", " -0.70", " -0.62", " -0.09", " 0.09", "0.901222768658182", " 0.70679108737849", " 0.784712987812547", " 0.999966053673476", " 0.99995862427745", "0.999999999946231", " 1", " 1", " 0.999999999996915", " 1", "7.2", "", " 4.8", " 4.5", " 2.5", " 2.9", " 4.6", " 5.2", " 0.0", " ", " ", " ", " ", " 2.2", " 2.0", " 4.3", " 4.7", " ", " 3.0", " 4.2", " 3.3", " 2.1", " 4.2", " 2.9", " 2.5", " ", " ", " ", " ", " ", " 3.0", " ", " 5.5", " 7.2", " ", " 3.9", " ", " ", " ", " ", " "
"1029", "", "False", "LPA 20:4", "C23 H39 O7 P", "Not the top hit", " No results", " Full match", " Partial match", " Partial match", "1.53", "458.24404", "457.23677", "10.895", "3859496.57205931", "5", "0", "1", "", "", "80.7", "No matches found", " No matches found", " No matches found", " Single match found", " No matches found", "", "Multiple matches found", "PreferredDDA", "", "[M-H]-1", "1454448.08565932", " ", " 3149581.3474095", " ", " ", "", " ", " 18.8556162272627", " ", " ", "0.462", " 0.000", " 0.000", " ", " ", "-1.11", " -Infinity", " -Infinity", " ", " ", "", " ", " ", " ", " ", "", " ", " ", " ", " ", "6.5", "3.3", " ", " ", " ", " ", " ", " ", " ", " ", " ", " ", " ", " ", " ", " ", " ", " 4.2", " 5.4", " 5.0", " 6.5", " 3.5", " ", " ", " ", " ", " ", " ", " ", " ", " ", " ", " ", " ", " ", " ", " ", " ", " ", " ", " "
"851", "", "False", "D-PANTOTHENIC ACID", "C9 H17 N O5", "Full match", " No results", " No results", " Full match", " No results", "-1.04", "219.11044", "218.10317", "0.636", "3850163.80178499", "1", "0", "0", "", "", "", "No matches found", " No matches found", " No matches found", " No matches found", " No matches found", "", "No matches found", "PreferredDDA", "", "[M-H]-1", "1000878.50126588", " 2743410.94884723", " ", " 1381041.00166266", " 1554357.58180887", "", " 36.1539474949439", " ", " 25.3213119833994", " 62.4657488916617", "Infinity", " Infinity", " Infinity", " 1.986", " 1.125", "Infinity", " Infinity", " Infinity", " 0.99", " 0.17", "", " ", " ", " 0.0933416034268182", " 0.991115988612942", "", " ", " ", " 0.999999999996915", " 1", "6.3", "", " ", " ", " ", " 4.4", " ", " ", " ", " ", " ", " ", " 5.7", " 6.3", " 6.3", " 5.3", " 6.3", " ", " ", " ", " ", " ", " ", " ", " ", " 6.2", " 5.2", " 6.2", " 5.8", " 6.2", " ", " 6.2", " 5.0", " 5.9", " 2.7", " ", " ", " 5.5", " 4.6", " 4.0", " "
"647", "", "False", "FAHFA 18:3/16:2", "C34 H56 O4", "Not the top hit", " No results", " Full match", " Partial match", " Partial match", "-3.01", "528.41627", "527.40899", "7.304", "3847966.71969432", "1", "0", "2", "", "", "47.0", "No matches found", " No matches found", " No matches found", " Multiple matches found", " No matches found", "", "Single match found", "PreferredDDA", "", "[M-H]-1", "1668914.58235371", " 1037384.41900926", " 2870710.80243129", " 2322405.80362861", " 1355709.40606368", "31.2496608116814", " 44.7239874852434", " 38.1831432500388", " 34.7989849367528", " 39.2391040940317", "0.581", " 0.809", " 0.472", " 0.447", " 0.584", "-0.78", " -0.31", " -1.08", " -1.16", " -0.78", "0.346195532075551", " 0.939905694538817", " 0.128178140362251", " 0.154046172477324", " 0.313961911352094", "0.999999999946231", " 1", " 0.728846342220831", " 0.999999999996915", " 1", "6.0", "2.6", " ", " 4.7", " 3.5", " 4.0", " 5.3", " 3.0", " ", " ", " 2.9", " ", " 2.7", " ", " ", " 2.3", " 4.8", " 3.4", " 5.1", " 3.6", " ", " 5.3", " ", " 5.9", " ", " 3.4", " ", " 3.2", " 4.5", " 5.9", " 4.7", " 5.3", " 4.0", " ", " ", " 2.4", " ", " 6.0", " 2.2", " 2.2", " "
"1176", "", "False", "N-[3-(2,6-dimethylmorpholino)propyl]-2,3,4,5,6-pentamethylbenzenesulfonamide", "C20 H34 N2 O3 S", "No match", " Invalid mass", " No results", " No match", " No results", "19.24", "382.23637", "441.25016", "0.645", "3843238.38914879", "1", "1", "0", "84.7", "9.2", "", "No matches found", " No matches found", " No matches found", " No matches found", " No matches found", "", "No matches found", "PreferredDDA", "", "[M-H+HAc]-1", "", " ", " ", " 3017480.9372761", " 2718460.74097364", "", " ", " ", " ", " 26.0029960142221", "", " Infinity", " Infinity", " 0.000", " 0.901", "", " Infinity", " Infinity", " -Infinity", " -0.15", "", " ", " ", " ", " ", "", " ", " ", " ", " ", "6.0", "", " ", " ", " ", " ", " ", " ", " ", " ", " ", " ", " ", " ", " ", " ", " ", " ", " ", " ", " ", " ", " ", " ", " ", " ", " ", " ", " ", " ", " ", " 5.0", " ", " ", " 5.6", " ", " ", " 6.0", " 6.0", " ", " "
"1381", "", "False", "2-methyl-2-dodecenoic acid", "C13 H24 O2", "Full match", " No results", " No results", " Not the top hit", " Full match", "-1.74", "212.17726", "211.16998", "6.396", "3839566.71980779", "36", "0", "0", "", "", "", "No matches found", " No matches found", " No matches found", " No matches found", " No matches found", "", "Multiple matches found", "PreferredDDA", "", "[M-H]-1", "", " 1135705.13449483", " 956773.367679138", " 2862867.89762009", " 1785817.33387431", "", " 9.57152778196483", " 22.9417929293601", " 56.6420670816173", " 47.3906345368275", "0.000", " 2.992", " 1.866", " 0.397", " 0.624", "-Infinity", " 1.58", " 0.90", " -1.33", " -0.68", "", " 0.477189797686783", " 0.642973662515163", " 0.57331729796681", " 0.979991297401591", "", " 1", " 1", " 0.999999999996915", " 1", "6.5", "", " ", " ", " ", " ", " ", " ", " ", " ", " 6.2", " ", " 3.5", " ", " 6.5", " ", " 3.5", " ", " ", " 2.1", " ", " ", " ", " 2.4", " ", " ", " 2.7", " 2.0", " 3.5", " ", " ", " 2.0", " 1.4", " ", " 1.4", " ", " ", " 2.1", " 2.0", " 4.0", " 1.9"
"899", "", "False", "Tretinoin", "C20 H28 O2", "Full match", " Full match", " No results", " Full match", " Not the top hit", "0.91", "300.20920", "299.20195", "6.638", "3835168.71345129", "31", "1", "0", "68.8", "8.4", "", "No matches found", " No matches found", " No matches found", " No matches found", " No matches found", "", "Multiple matches found", "PreferredDDA", "", "[M-H]-1", "894941.132449584", " 1273100.08785307", " 1528269.67380082", " 792914.800049154", " 564418.763304915", "87.286579122434", " 27.7460553712647", " 61.6133859967946", " 74.5422254549407", " 8.60117727753657", "0.586", " 0.519", " 0.369", " 1.606", " 0.712", "-0.77", " -0.95", " -1.44", " 0.68", " -0.49", "0.998777641311154", " 0.949645568883099", " 0.276624939145307", " 0.959963405115515", " 0.759154827525702", "0.999999999946231", " 1", " 1", " 0.999999999996915", " 1", "6.7", "", " ", " 5.4", " 1.9", " 4.5", " 3.3", " 4.8", " 2.7", " ", " ", " ", " ", " 6.2", " 5.8", " 3.7", " 3.9", " ", " 4.0", " 5.0", " 4.5", " 4.0", " 4.5", " 1.2", " 4.5", " 3.8", " ", " 3.1", " ", " 3.4", " 2.3", " ", " ", " 6.7", " 5.9", " ", " ", " ", " 5.2", " ", " 5.9"
"1134", "", "False", "", "C22 H38 N6 O", "Full match", " No results", " No results", " No results", " No results", "-1.93", "402.30993", "401.30266", "3.818", "3833476.75793925", "0", "0", "0", "", "", "", "No matches found", " No matches found", " No matches found", " No matches found", " No matches found", "", "No matches found", "PreferredDDA", "", "[M-H]-1", "3315555.61865157", " 3476658.10993141", " 3271181.91931362", " 3547709.37782465", " 3509516.2369156", "8.89535550419385", " 6.28823156267269", " 8.43292859749668", " 9.02638378393622", " 4.44029544254195", "1.014", " 1.085", " 1.073", " 0.980", " 0.989", "0.02", " 0.12", " 0.10", " -0.03", " -0.02", "0.953072496938806", " 0.952363287842929", " 0.298755747195173", " 0.943682180823607", " 0.751777661610074", "0.999999999946231", " 1", " 1", " 0.999999999996915", " 1", "7.5", "6.0", " 6.8", " 6.0", " 6.4", " 4.9", " 5.6", " 5.6", " 6.0", " 6.0", " 4.9", " ", " 4.9", " 3.4", " 4.5", " 5.3", " 6.8", " 6.4", " 4.5", " 4.9", " 4.9", " 4.9", " 5.3", " 7.5", " 4.1", " 5.6", " 6.4", " 5.6", " 6.0", " 4.9", " 5.6", " ", " 3.7", " 5.8", " 5.8", " 6.1", " 7.3", " 5.8", " 6.5", " 5.0", " 6.1"
"309", "", "False", "2-Methoxyestradiol", "C19 H26 O3", "Full match", " Full match", " No results", " Full match", " Full match", "1.90", "302.18877", "301.18145", "2.546", "3814943.71913943", "32", "2", "0", "95.5", "9.8", "", "No matches found", " No matches found", " No matches found", " No matches found", " No matches found", "", "Multiple matches found", "PreferredDDA", "", "[M-H]-1", "438020.821219506", " 708880.919678899", " 1355125.84323838", " 619700.51769256", " 1071421.22823751", "", " 27.7098645907412", " 83.1503547192539", " 86.6030261770463", " 67.2914198445542", "0.323", " 0.457", " 0.791", " 1.144", " 1.729", "-1.63", " -1.13", " -0.34", " 0.19", " 0.79", "", " 0.856435588821556", " 0.960873491842189", " 0.995477024527957", " 0.995134761467314", "", " 1", " 1", " 0.999999999996915", " 1", "4.4", "", " ", " ", " ", " ", " 4.2", " ", " ", " ", " 1.8", " ", " ", " ", " 4.4", " ", " 2.9", " ", " ", " 4.2", " ", " 3.0", " 4.0", " 2.7", " ", " ", " ", " ", " ", " 2.3", " ", " 2.3", " 3.6", " 4.0", " ", " 1.9", " ", " ", " 2.7", " 1.5", " "
"985", "", "False", "Aldosterone", "C21 H28 O5", "Not the top hit", " Full match", " No results", " Partial match", " Full match", "4.02", "360.19512", "359.18784", "2.719", "3809410.94580005", "9", "3", "0", "96.4", "9.8", "", "No matches found", " No matches found", " No matches found", " No matches found", " No matches found", "", "Multiple matches found", "PreferredDDA", "", "[M-H]-1", "", " 1688725.17889009", " ", " 1431267.73971729", " 1719119.22084223", "", " 64.7661636129646", " ", " 35.708284146559", " 59.7597305444508", "", " Infinity", " Infinity", " 1.180", " 1.201", "", " Infinity", " Infinity", " 0.24", " 0.26", "", " ", " ", " 0.991347811078501", " 0.841109149742037", "", " ", " ", " 0.999999999996915", " 1", "5.3", "", " ", " ", " ", " ", " ", " ", " ", " ", " ", " ", " 0.4", " 3.5", " 0.8", " 2.5", " 4.8", " ", " ", " ", " ", " ", " ", " ", " ", " ", " 2.8", " ", " 1.1", " 3.8", " 2.2", " 5.3", " 3.4", " 2.9", " ", " 1.4", " ", " 1.9", " 4.2", " 2.1", " 0.6"
"827", "", "False", "", "C14 H29 N4 O3 P", "Full match", " No results", " No results", " No results", " No results", "-2.22", "332.19699", "331.18971", "6.649", "3806630.2747616", "0", "0", "0", "", "", "", "No matches found", " No matches found", " No matches found", " No matches found", " No matches found", "", "No matches found", "PreferredDDA", "", "[M-H]-1", "1517002.13997567", " 2146683.21549164", " 469714.083450804", " 3325606.69771092", " 1461377.35322765", "24.511624955939", " 40.8625370964875", " 74.8762604158699", " 32.7924589495869", " 40.3303069140791", "3.230", " 7.080", " 3.111", " 0.646", " 0.439", "1.69", " 2.82", " 1.64", " -0.63", " -1.19", "0.0772388971786093", " 0.000148570371499179", " 0.0249913534177973", " 0.400755444135433", " 0.0829147130133484", "0.999999999946231", " 0.00369399969136596", " 0.249441999207826", " 0.999999999996915", " 1", "6.0", "3.5", " 1.6", " 2.8", " 1.4", " 3.9", " 5.4", " 2.0", " ", " 4.4", " 2.7", " ", " 4.4", " 3.5", " 5.4", " 5.3", " 3.9", " 4.5", " ", " 1.7", " ", " ", " ", " ", " 2.7", " 5.7", " 5.7", " 4.7", " 5.9", " 5.9", " 4.0", " 4.7", " 6.0", " 5.2", " 3.6", " 2.5", " 3.3", " 5.5", " 3.9", " 3.6", " 5.2"
"1361", "", "False", "bhas#20", "C18 H34 O7", "Full match", " No results", " No results", " Full match", " Full match", "1.23", "362.23090", "361.22362", "0.674", "3790062.83237143", "2", "0", "0", "", "", "", "No matches found", " No matches found", " No matches found", " No matches found", " No matches found", "", "Multiple matches found", "PreferredDDA", "", "[M-H]-1", "1746381.59087077", " 2403461.49369059", " 2690716.57632771", " 2038345.74311606", " ", "66.5639827394359", " 20.39994854023", " 48.0743314805755", " 15.1464273517028", " ", "0.649", " 0.758", " 0.000", " 1.179", " 0.000", "-0.62", " -0.40", " -Infinity", " 0.24", " -Infinity", "0.692398509248595", " 0.987099889631241", " ", " 0.868273587741401", " ", "0.999999999946231", " 1", " ", " 0.999999999996915", " ", "6.0", "2.7", " ", " ", " 4.5", " ", " ", " 1.7", " ", " 3.7", " 6.0", " ", " 4.9", " ", " ", " ", " ", " ", " 2.3", " ", " 2.5", " ", " ", " 5.0", " 2.0", " 3.5", " 4.6", " 4.0", " 4.4", " 3.5", " ", " ", " 3.6", " ", " ", " ", " ", " ", " ", " ", " "
"618", "", "False", "", "C39 H66 N4 O3", "Full match", " No results", " No results", " No results", " No results", "-0.62", "638.51309", "637.50582", "10.890", "3788640.05450413", "0", "0", "0", "", "", "", "No matches found", " No matches found", " No matches found", " No matches found", " No matches found", "", "No matches found", "PreferredDDA", "", "[M-H]-1", "2624280.29407981", " 2058752.82313744", " 2373871.07741848", " 1711076.31395661", " 1221201.951111", "49.4972478647244", " 49.1668376808693", " 36.0201566337448", " 60.2813516489284", " 52.4051687793378", "1.105", " 0.721", " 0.514", " 1.203", " 0.714", "0.14", " -0.47", " -0.96", " 0.27", " -0.49", "0.999988367572802", " 0.911958355875771", " 0.483384124817303", " 0.961444815328473", " 0.874244213029532", "0.999999999946231", " 1", " 1", " 0.999999999996915", " 1", "6.1", "1.5", " 4.6", " 5.8", " 5.4", " ", " 5.0", " 1.7", " 4.6", " 2.9", " ", " 5.4", " 5.4", " 3.0", " 6.1", " 4.6", " 5.5", " ", " 2.6", " ", " 4.4", " ", " 4.1", " ", " 4.7", " 1.9", " 4.4", " ", " 5.5", " 2.9", " 5.5", " 5.0", " 1.9", " 4.8", " 2.5", " 0.8", " 4.0", " ", " 1.5", " 4.2", " "
"260", "", "False", "Myristyl sulfate", "C14 H30 O4 S", "Full match", " Full match", " No results", " No results", " No results", "1.83", "294.18702", "293.17975", "10.848", "3769957.38658138", "0", "2", "0", "97.5", "9.9", "", "No matches found", " No matches found", " No matches found", " No matches found", " No matches found", "", "No matches found", "PreferredDDA", "", "[M-H]-1", "2678576.52759842", " 2702792.40477638", " 3190164.17142497", " 2478709.03105447", " 2750326.44573292", "18.8563604156216", " 35.183652459426", " 21.4594374190895", " 30.4036504199308", " 15.8734694225481", "0.840", " 0.777", " 0.862", " 1.090", " 1.110", "-0.25", " -0.36", " -0.21", " 0.12", " 0.15", "0.920550588331453", " 0.776698461202964", " 0.994591868714", " 0.935279019117627", " 0.940547934034655", "0.999999999946231", " 1", " 1", " 0.999999999996915", " 1", "8.0", "8.0", " 6.5", " 8.0", " 6.9", " 7.7", " 6.9", " 7.7", " 6.7", " 6.6", " 5.9", " ", " 6.3", " 6.3", " 5.3", " 6.4", " 5.9", " 6.8", " 6.8", " 6.4", " 6.0", " 6.8", " 7.1", " 7.5", " 6.4", " 5.9", " 6.6", " 6.3", " 6.3", " 6.6", " 6.8", " 5.7", " 5.3", " 6.5", " 8.0", " 7.7", " 6.9", " 7.7", " 7.3", " 6.3", " 6.5"
"877", "", "False", "FAHFA 2:0/18:2", "C20 H34 O4", "Full match", " No results", " Full match", " Partial match", " Partial match", "0.94", "338.24603", "337.23875", "6.822", "3766084.20155804", "20", "0", "2", "", "", "43.6", "No matches found", " No matches found", " No matches found", " Multiple matches found", " No matches found", "", "Multiple matches found", "PreferredDDA", "", "[M-H]-1", "1224199.64718375", " 1604906.31149034", " 2515394.93435095", " 1417967.40298342", " 1302894.06116053", "8.47626462784188", " 48.6879225374597", " 41.2905354845204", " 61.4824086696014", " 66.16717535704", "0.487", " 0.564", " 0.518", " 1.132", " 0.919", "-1.04", " -0.83", " -0.95", " 0.18", " -0.12", "0.276815870273146", " 0.13471408173328", " 0.399851344332216", " 0.512450072112436", " 0.970005503790102", "0.999999999946231", " 0.827961828180946", " 1", " 0.999999999996915", " 1", "5.4", "3.5", " 4.6", " 3.5", " 3.9", " 4.3", " 5.4", " 3.9", " ", " 2.9", " 2.1", " ", " 1.7", " 5.4", " 3.1", " ", " 4.4", " 2.3", " 1.6", " 4.2", " 1.7", " 3.5", " 3.6", " 3.1", " 4.2", " 0.8", " 2.9", " ", " 3.1", " 1.2", " 4.4", " 2.5", " 0.4", " 2.9", " 2.3", " 1.0", " 2.3", " 3.1", " ", " 3.6", " 4.2"
"1092", "", "False", "", "C21 H36 N4 O", "Full match", " No results", " No results", " No results", " No results", "-1.99", "360.28819", "359.28092", "5.519", "3766071.18792257", "0", "0", "0", "", "", "", "No matches found", " No matches found", " No matches found", " No matches found", " No matches found", "", "No matches found", "PreferredDDA", "", "[M-H]-1", "1254126.469106", " 1256054.73648315", " 1513097.91079237", " 1179529.53231453", " 903448.983098285", "30.5770813825891", " 28.9634772398272", " 62.6132571907033", " 30.1445334986921", " 28.279788264025", "0.829", " 0.780", " 0.597", " 1.065", " 0.766", "-0.27", " -0.36", " -0.74", " 0.09", " -0.38", "0.977690504066379", " 0.956469611899002", " 0.220934873329651", " 0.974715663518379", " 0.542114715776591", "0.999999999946231", " 1", " 1", " 0.999999999996915", " 1", "6.2", "2.2", " ", " 2.2", " 2.8", " 3.8", " 5.3", " 3.4", " ", " ", " 1.8", " ", " 2.4", " 4.6", " 2.4", " ", " ", " ", " 1.1", " 4.6", " 1.5", " 2.5", " 2.9", " 3.6", " 3.9", " 3.8", " 2.6", " 4.5", " 3.2", " 3.4", " 3.4", " 2.6", " ", " 2.5", " ", " 1.4", " ", " 4.8", " 3.5", " ", " 6.2"
"596", "", "False", "FAHFA 14:0/16:2", "C30 H54 O4", "Not the top hit", " No results", " Full match", " No results", " No results", "-3.94", "478.40033", "477.39305", "7.324", "3748358.68038216", "0", "0", "1", "", "", "73.8", "No matches found", " No matches found", " No matches found", " Single match found", " No matches found", "", "No matches found", "PreferredDDA", "", "[M-H]-1", "798120.447424071", " 910599.68542384", " 1994524.80751052", " 1560189.48699319", " 1141624.95262624", "4.90209259689604", " 38.3291743744694", " 47.2156741491065", " 25.8682417077592", " ", "0.400", " 0.782", " 0.572", " 0.584", " 0.732", "-1.32", " -0.35", " -0.80", " -0.78", " -0.45", "0.0723485333217783", " 0.946712665375729", " ", " 0.186464139667436", " ", "0.999999999946231", " 1", " ", " 0.999999999996915", " ", "7.6", "", " 7.6", " ", " ", " ", " ", " 7.6", " ", " ", " 5.3", " ", " 5.1", " 3.0", " ", " 4.7", " 6.2", " 5.9", " 3.5", " 4.8", " ", " ", " ", " 2.7", " ", " ", " ", " 3.4", " 3.5", " ", " 5.8", " ", " ", " ", " ", " ", " ", " ", " ", " 5.2", " "
"760", "", "False", "FAHFA 20:3/18:1", "C38 H66 O4", "Not the top hit", " No results", " Full match", " No results", " No results", "0.40", "586.49635", "585.48907", "7.870", "3731770.61503214", "0", "0", "3", "", "", "30.3", "No matches found", " No matches found", " No matches found", " Multiple matches found", " No matches found", "", "No matches found", "PreferredDDA", "Fatty_Acid_18:2", "[M-H]-1", "1180268.79408575", " 1663879.72882098", " 2089865.14391095", " 2712425.5938889", " 1838233.36341326", "2.30476183888803", " ", " 50.7234201704466", " 22.4260001809173", " ", "0.565", " 1.298", " 0.880", " 0.613", " 0.678", "-0.82", " 0.38", " -0.19", " -0.71", " -0.56", "0.889584308902874", " 0.517127956657186", " ", " ", " ", "0.999999999946231", " 1", " ", " ", " ", "5.5", "", " ", " ", " ", " 4.8", " ", " 5.5", " ", " ", " 4.4", " ", " ", " ", " ", " ", " ", " ", " ", " 2.7", " ", " 1.1", " ", " 2.0", " ", " ", " ", " 4.5", " 3.4", " ", " 3.4", " ", " ", " ", " ", " ", " ", " ", " ", " ", " 5.2"
"905", "", "False", "Hexanorisocucurbitacin D", "C24 H34 O5", "Full match", " No results", " No results", " Not the top hit", " Full match", "-3.77", "402.23911", "401.23183", "6.083", "3706659.98819258", "15", "0", "0", "", "", "", "No matches found", " No matches found", " No matches found", " No matches found", " No matches found", "", "Multiple matches found", "PreferredDDA", "", "[M-H]-1", "", " 1227174.58228065", " 554221.685021649", " 1050867.7459014", " 655752.786033823", "", " 77.9867839241092", " 21.1724384916421", " 57.3411351248913", " 17.7609954123203", "0.000", " 1.896", " 1.183", " 1.168", " 0.624", "-Infinity", " 0.92", " 0.24", " 0.22", " -0.68", "", " 0.557759424088033", " 0.99705796234837", " 0.982992685636702", " 0.588822211003913", "", " 1", " 1", " 0.999999999996915", " 1", "5.8", "", " ", " ", " ", " ", " ", " ", " ", " ", " 4.6", " ", " 4.5", " 4.8", " 4.4", " 4.5", " 1.1", " 3.3", " 1.4", " ", " ", " ", " ", " ", " ", " 0.8", " 3.3", " ", " 5.8", " 0.4", " 1.4", " ", " ", " ", " ", " ", " ", " ", " 3.4", " 2.7", " 1.9"
"944", "", "False", "Ambrettolic acid", "C16 H30 O3", "Full match", " No results", " No results", " Not the top hit", " Full match", "1.62", "270.21993", "269.21265", "5.650", "3700816.87769885", "20", "0", "0", "", "", "", "No matches found", " No matches found", " No matches found", " No matches found", " No matches found", "", "Multiple matches found", "PreferredDDA", "CO2", "[M-H]-1", "2565547.37863028", " 2674187.73198988", " 2344157.71481169", " 2570664.28725023", " 2337674.94740405", "18.7201349182833", " 23.2605940014799", " 5.99640712479779", " ", " ", "1.094", " 1.097", " 0.997", " 1.040", " 0.909", "0.13", " 0.13", " 0.00", " 0.06", " -0.14", "0.99130233005339", " ", " ", " ", " ", "0.999999999946231", " ", " ", " ", " ", "6.8", "", " ", " 6.5", " 6.1", " ", " ", " ", " ", " 6.0", " ", " ", " 4.1", " ", " 4.1", " 4.9", " ", " ", " 6.8", " ", " ", " ", " 6.8", " ", " ", " ", " 4.6", " ", " ", " ", " ", " ", " ", " ", " ", " ", " ", " 4.2", " ", " ", " "
"1003", "", "False", "12S-hydroxy-16-heptadecynoic acid", "C17 H30 O3", "Full match", " No results", " No results", " Full match", " Full match", "1.85", "282.22002", "281.21274", "5.369", "3697085.45607649", "5", "0", "0", "", "", "", "No matches found", " No matches found", " No matches found", " No matches found", " No matches found", "", "Multiple matches found", "PreferredDDA", "", "[M-H]-1", "878061.807272007", " 1446905.16091653", " 1330242.77015868", " 1319807.87287625", " 1200451.80154656", "50.6512126071088", " 47.6354467419246", " 17.4928144242322", " 63.0926834953913", " 29.9993380631246", "0.660", " 0.992", " 0.902", " 1.096", " 0.910", "-0.60", " -0.01", " -0.15", " 0.13", " -0.14", "0.512184962823981", " 0.994434606913026", " 0.99999166892179", " 0.922172450725173", " 0.997741329811176", "0.999999999946231", " 1", " 1", " 0.999999999996915", " 1", "5.8", "", " ", " ", " 0.8", " ", " 2.5", " 0.4", " ", " 2.5", " 4.2", " ", " 5.5", " 5.4", " 2.9", " 2.1", " 3.3", " ", " ", " 5.2", " 2.9", " 4.0", " 4.0", " 5.2", " ", " 3.4", " 5.2", " 3.3", " 4.2", " 2.5", " 3.3", " ", " 4.2", " 3.9", " ", " ", " ", " 3.1", " 4.3", " 3.1", " 5.8"
"810", "", "False", "", "C23 H48 Cl N9 O2 P2", "Full match", " No results", " No results", " No results", " No results", "1.29", "579.31022", "578.30294", "5.248", "3682303.10679667", "0", "0", "0", "", "", "", "No matches found", " No matches found", " No matches found", " No matches found", " No matches found", "", "No matches found", "PreferredDDA", "", "[M-H]-1", "907080.943861285", " 365742.360157954", " 1377962.749362", " 885415.144707556", " 199925.322219627", "21.8460265846266", " 16.7312679416139", " 53.2046891202863", " 57.4811535299075", " 40.9179790094819", "0.658", " 0.643", " 0.145", " 0.413", " 0.226", "-0.60", " -0.64", " -2.79", " -1.28", " -2.15", "0.139135270226845", " 0.0130994634360329", " 1.6752074116777E-07", " 0.1364755590066", " 0.00172375696889959", "0.999999999946231", " 0.170604916654999", " 1.31908736091654E-05", " 0.999999999996915", " 0.245999342043895", "6.8", "4.0", " 5.2", " 3.9", " 5.0", " 4.0", " 3.7", " 5.0", " 3.3", " 1.9", " 3.8", " ", " 3.0", " ", " 3.8", " 6.1", " 6.8", " 4.8", " 5.4", " 4.2", " 1.4", " 0.4", " 3.6", " 5.2", " 3.3", " 5.2", " 3.0", " ", " ", " 3.3", " ", " 2.3", " 5.3", " ", " ", " ", " 1.5", " 0.8", " ", " 4.5", " 5.3"
"882", "", "False", "NP-001134", "C16 H22 N4 O2", "Not the top hit", " Full match", " No results", " Not the top hit", " No match", "-1.58", "302.17380", "301.16650", "6.348", "3553941.37659086", "4", "1", "0", "92.0", "9.6", "", "No matches found", " No matches found", " No matches found", " No matches found", " No matches found", "", "Multiple matches found", "PreferredDDA", "", "[M-H]-1", "713503.617854253", " 844698.755739719", " 1104612.14462733", " 822691.387983615", " 851466.973704769", "31.4814798378163", " 43.1088660424793", " 91.6497952359673", " 32.2364033652196", " 38.6109405359195", "0.646", " 0.745", " 0.771", " 1.027", " 1.035", "-0.63", " -0.43", " -0.38", " 0.04", " 0.05", "0.670133173423047", " 0.845339851553077", " 0.555258990650504", " 0.999985278255028", " 0.999774655287451", "0.999999999946231", " 1", " 1", " 0.999999999996915", " 1", "5.4", "", " 2.4", " 0.9", " ", " 3.9", " 4.5", " ", " ", " ", " ", " ", " ", " 2.1", " 1.5", " ", " 2.3", " ", " ", " 1.5", " ", " 3.6", " 5.4", " ", " ", " ", " ", " ", " ", " 5.3", " 2.4", " ", " ", " 3.4", " 5.4", " 3.4", " 2.0", " 3.2", " ", " 2.0", " 5.1"
"1030", "", "False", "10,11-epoxy-3,7,11-trimethyl-2E,6E-tridecadienoic acid", "C16 H26 O3", "Not the top hit", " No results", " No results", " Not the top hit", " Full match", "1.31", "266.18854", "265.18129", "5.175", "3550524.47591871", "15", "0", "0", "", "", "", "No matches found", " No matches found", " No matches found", " No matches found", " No matches found", "", "Multiple matches found", "PreferredDDA", "", "[M-H]-1", "947227.264144746", " 1545879.55800844", " ", " 2176520.1948622", " 1217030.73873253", "15.5666930456555", " 25.7010245687131", " ", " 36.6376372962065", " 53.5158838396321", "Infinity", " Infinity", " Infinity", " 0.710", " 0.559", "Infinity", " Infinity", " Infinity", " -0.49", " -0.84", "", " ", " ", " 0.307437281945383", " 0.234793608153269", "", " ", " ", " 0.999999999996915", " 1", "6.3", "", " 2.7", " 3.6", " ", " ", " ", " ", " ", " ", " 4.3", " 2.8", " 1.0", " ", " ", " ", " ", " ", " ", " ", " ", " ", " ", " ", " ", " 5.5", " 4.7", " ", " 6.3", " ", " 4.1", " 4.5", " ", " 4.2", " 2.1", " 3.6", " ", " 4.4", " 3.1", " 5.2", " 4.0"
"1503", "", "False", "", "C4 H16 N8 O5 P2 S2", "Full match", " No results", " No results", " No results", " No results", "2.30", "382.01691", "381.00963", "10.908", "3548439.90325595", "0", "0", "0", "", "", "", "No matches found", " No matches found", " No matches found", " No matches found", " No matches found", "", "No matches found", "PreferredDDA", "", "[M-H]-1", "", " 3097749.74304949", " ", " 2624130.35470887", " 3249960.30714704", "", " 0.0779099883126105", " ", " ", " 12.9882784100652", "", " Infinity", " Infinity", " 1.180", " 1.238", "", " Infinity", " Infinity", " 0.24", " 0.31", "", " ", " ", " ", " ", "", " ", " ", " ", " ", "6.1", "", " ", " ", " ", " ", " ", " ", " ", " ", " 5.4", " ", " ", " ", " ", " ", " 6.1", " ", " ", " ", " ", " ", " ", " ", " ", " ", " ", " ", " 2.7", " ", " ", " ", " ", " 5.1", " ", " ", " ", " ", " ", " ", " 4.4"
"966", "", "False", "NP-014641", "C17 H28 O2", "Full match", " Full match", " No results", " Not the top hit", " Not the top hit", "0.93", "264.20918", "263.20190", "6.828", "3541558.1028299", "9", "1", "0", "94.4", "9.7", "", "No matches found", " No matches found", " No matches found", " No matches found", " No matches found", "", "Multiple matches found", "PreferredDDA", "", "[M-H]-1", "767989.714883461", " 853831.285984479", " 1186418.29766635", " 1659584.29615258", " 1205585.96516053", "35.8398120951555", " 30.0550291175648", " 65.8492886941311", " 48.7426538627465", " 43.3651255503914", "0.647", " 1.399", " 1.016", " 0.514", " 0.726", "-0.63", " 0.48", " 0.02", " -0.96", " -0.46", "0.614880364430384", " 0.64327221128276", " 0.999999173360419", " 0.0490285853952682", " 0.615163055604396", "0.999999999946231", " 1", " 1", " 0.999999999996915", " 1", "5.8", "0.7", " 1.3", " 5.8", " ", " 2.2", " 5.1", " ", " ", " 1.3", " 2.2", " ", " 2.8", " 2.6", " 3.2", " ", " 1.6", " 4.4", " 0.4", " 5.4", " ", " 3.6", " 4.5", " 4.6", " ", " 4.8", " 1.4", " 5.0", " 2.3", " 0.6", " 5.0", " 5.2", " 5.2", " 4.9", " ", " 0.8", " ", " 4.5", " 2.9", " 5.2", " 5.2"
"615", "", "False", "", "C20 H34 N4 O2", "Full match", " No results", " No results", " No results", " No results", "-2.07", "362.26743", "361.26015", "6.592", "3536835.9475067", "0", "0", "0", "", "", "", "No matches found", " No matches found", " No matches found", " No matches found", " No matches found", "", "No matches found", "PreferredDDA", "", "[M-H]-1", "711988.806990071", " 3536835.9475067", " 1349237.75578136", " 1096465.39345736", " 1007010.67672905", "", " ", " 49.1324682098463", " 61.3621184734899", " ", "0.528", " 0.813", " 0.746", " 3.226", " 0.918", "-0.92", " -0.30", " -0.42", " 1.69", " -0.12", "", " 0.892085947600443", " ", " ", " ", "", " 1", " ", " ", " ", "5.4", "", " ", " ", " ", " 0.8", " ", " ", " ", " ", " ", " 4.2", " ", " ", " ", " ", " ", " ", " 4.2", " 4.8", " ", " ", " ", " 4.5", " ", " ", " ", " 5.4", " 0.8", " ", " 1.7", " 1.1", " 2.9", " ", " ", " ", " ", " ", " ", " ", " 3.6"
"1006", "", "False", "16-Hydroxyhexadecanoic acid", "C16 H32 O3", "Full match", " Full match", " No results", " Full match", " Not the top hit", "1.83", "272.23564", "271.22837", "5.914", "3527759.45346238", "21", "1", "0", "92.3", "9.6", "", "No matches found", " No matches found", " No matches found", " No matches found", " No matches found", "", "Multiple matches found", "PreferredDDA", "", "[M-H]-1", "2294872.88779676", " ", " 2761104.18535828", " 2419052.13309793", " ", "51.7690443519483", " ", " 13.6444080658006", " ", " ", "0.831", " 0.876", " 0.000", " 0.000", " 0.000", "-0.27", " -0.19", " -Infinity", " -Infinity", " -Infinity", "0.438933891263552", " ", " ", " ", " ", "0.999999999946231", " ", " ", " ", " ", "7.0", "", " ", " 1.6", " ", " ", " ", " 1.7", " ", " ", " ", " ", " ", " ", " ", " ", " ", " ", " 7.0", " 7.0", " ", " 5.5", " 7.0", " 5.5", " ", " ", " ", " ", " 4.6", " ", " ", " ", " ", " ", " ", " ", " ", " ", " ", " ", " "
"1154", "", "False", "Aldosterone", "C21 H28 O5", "Not the top hit", " Full match", " No results", " Partial match", " Full match", "4.15", "360.19517", "359.18789", "2.902", "3503767.70188957", "9", "3", "0", "96.3", "9.8", "", "No matches found", " No matches found", " No matches found", " No matches found", " No matches found", "", "Multiple matches found", "PreferredDDA", "", "[M-H]-1", "", " 2177335.18038387", " ", " 1333956.6633065", " 1217963.71738655", "", " 44.3087320551353", " ", " 24.2195510699147", " 36.331993536532", "", " Infinity", " Infinity", " 1.632", " 0.913", "", " Infinity", " Infinity", " 0.71", " -0.13", "", " ", " ", " 0.67157288191883", " 0.955864948898526", "", " ", " ", " 0.999999999996915", " 1", "4.9", "", " ", " ", " ", " ", " ", " ", " ", " ", " 2.1", " 3.1", " 4.8", " 1.2", " 2.3", " 3.0", " 3.1", " ", " ", " ", " ", " ", " ", " ", " ", " ", " ", " ", " 3.9", " 3.1", " ", " 2.8", " ", " ", " ", " 2.2", " ", " 2.2", " 2.9", " 1.1", " 4.9"
"1130", "", "False", "LPA 18:2", "C21 H39 O7 P", "No match", " No results", " Full match", " Not the top hit", " Partial match", "1.53", "434.24400", "433.23673", "10.890", "3484028.49294086", "4", "0", "1", "", "", "91.7", "No matches found", " No matches found", " No matches found", " Single match found", " No matches found", "", "Multiple matches found", "PreferredDDA", "", "[M-H]-1", "1337369.47491387", " 351812.405019403", " 2707331.08217027", " 755284.456080823", " 436494.14363988", "18.3360700769754", " ", " 23.8192904852376", " 19.4630375881338", " ", "0.494", " 0.279", " 0.161", " 0.466", " 0.578", "-1.02", " -1.84", " -2.63", " -1.10", " -0.79", "0.00240422496854431", " 7.06638033920459E-06", " ", " ", " ", "0.446852900466294", " 0.000297331541964993", " ", " ", " ", "4.9", "1.7", " 2.5", " ", " ", " 3.6", " ", " ", " ", " ", " ", " ", " ", " ", " ", " ", " 1.5", " 4.1", " 3.7", " 2.6", " 4.9", " 3.0", " 3.0", " ", " 3.1", " 4.2", " ", " ", " ", " 3.0", " 2.7", " 4.0", " 4.5", " ", " ", " ", " ", " 4.5", " ", " ", " "
"1203", "", "False", "3,12-dihydroxy palmitic acid", "C16 H32 O4", "Full match", " No results", " No results", " Partial match", " Full match", "1.33", "288.23044", "287.22317", "4.628", "3466395.63610398", "7", "0", "0", "", "", "", "No matches found", " No matches found", " No matches found", " No matches found", " No matches found", "", "Multiple matches found", "PreferredDDA", "", "[M-H]-1", "1690982.17562939", " 1876332.84309312", " 1657366.45077915", " 1795771.91066149", " 1558763.78930831", "3.42683401994676", " 30.7878867607451", " 49.5647682571815", " 17.688077859477", " 21.0839756200356", "1.020", " 1.084", " 0.941", " 1.045", " 0.868", "0.03", " 0.12", " -0.09", " 0.06", " -0.20", "0.98072940503284", " 0.985187009930099", " 0.993546844850864", " 0.73671820180644", " 0.825964942240819", "0.999999999946231", " 1", " 1", " 0.999999999996915", " 1", "5.2", "4.8", " 4.8", " 5.2", " 4.0", " ", " 3.6", " 4.4", " 4.0", " 2.2", " 5.1", " ", " 1.5", " 3.0", " 1.9", " 2.2", " 2.2", " ", " 2.7", " ", " ", " 1.0", " 2.7", " 1.7", " ", " 3.3", " 3.6", " 2.9", " 3.6", " 4.4", " 2.5", " ", " 3.3", " 2.0", " 2.0", " ", " 2.0", " 2.0", " 2.9", " ", " 2.8"
"889", "", "False", "20-Hydroxy-(5Z,8Z,11Z,14Z)-eicosatetraenoic acid", "C20 H32 O3", "Not the top hit", " Full match", " Full match", " Partial match", " Not the top hit", "1.36", "320.23558", "319.22830", "6.421", "3454338.92822482", "72", "4", "3", "62.4", "8.1", "3.8", "Multiple matches found", " No matches found", " No matches found", " No matches found", " No matches found", "", "Multiple matches found", "PreferredDDA", "", "[M-H]-1", "641157.662350898", " 1738449.24733282", " 787179.854362527", " 1901401.85292319", " 1503678.06173032", "17.1759718301046", " 38.368221967719", " 58.354531643629", " 29.0110731503975", " 61.3467362188636", "0.814", " 2.415", " 1.910", " 0.914", " 0.791", "-0.30", " 1.27", " 0.93", " -0.13", " -0.34", "0.999443799954278", " 0.451897097034946", " 0.361461403791621", " 0.999970997570072", " 0.999999900162646", "0.999999999946231", " 1", " 1", " 0.999999999996915", " 1", "6.1", "", " 6.1", " 3.0", " ", " ", " ", " ", " 4.5", " ", " ", " ", " 4.9", " 3.2", " ", " ", " ", " ", " 2.5", " ", " 2.7", " ", " ", " ", " ", " ", " 5.8", " 3.5", " ", " ", " ", " 3.9", " ", " 1.5", " 5.0", " ", " 5.0", " 2.9", " 3.3", " 2.3", " "
"655", "", "False", "", "C2 H8 N8 O S2", "Full match", " No results", " No results", " No results", " No results", "3.76", "224.02709", "223.01979", "0.505", "3452993.43716399", "0", "0", "0", "", "", "", "No matches found", " No matches found", " No matches found", " No matches found", " No matches found", "", "No matches found", "PreferredDDA", "", "[M-H]-1", "1260345.83644754", " 1081285.87066885", " 1622266.31493652", " 1119860.20701619", " 1319127.02038259", "20.1456504882671", " 75.1674488960476", " 11.6463727105791", " 18.4546030280428", " 16.3621191071968", "0.777", " 0.690", " 0.813", " 0.966", " 1.178", "-0.36", " -0.53", " -0.30", " -0.05", " 0.24", "0.746435072396552", " 0.59457468296608", " 0.789936794074221", " 0.9995758719496", " 0.996593688991805", "0.999999999946231", " 1", " 1", " 0.999999999996915", " 1", "7.2", "", " 3.7", " 4.6", " 6.5", " 5.0", " 5.4", " 5.4", " 6.5", " 4.8", " 3.0", " 5.0", " 2.1", " 1.9", " 4.9", " 3.3", " ", " ", " ", " ", " ", " 5.7", " 5.3", " ", " 7.2", " 5.2", " 5.2", " 4.0", " 5.5", " ", " ", " 5.5", " 3.6", " ", " 6.3", " 4.8", " 5.2", " 5.9", " 5.5", " ", " "
"1506", "", "False", "14,16-dibromo-7E,9E,13E,15Z-hexadecatetraen-5-ynoic acid", "C16 H18 Br2 O2", "No match", " No results", " No results", " Full match", " Full match", "-2.03", "399.96654", "398.95927", "10.977", "3449151.2496363", "1", "0", "0", "", "", "", "No matches found", " No matches found", " No matches found", " No matches found", " No matches found", "", "Single match found", "PreferredDDA", "", "[M-H]-1", "2773777.77777343", " 2996777.90340209", " 2702073.19158161", " 2932512.25731364", " 3048782.1866536", "6.00498368250915", " 10.8294124615103", " 5.01994214322077", " 4.14696357416025", " 5.29124833528236", "1.027", " 1.085", " 1.128", " 1.022", " 1.040", "0.04", " 0.12", " 0.17", " 0.03", " 0.06", "0.94676692646093", " 0.179723218332356", " 0.00208885712082152", " 0.997187374494256", " 0.336177486628474", "0.999999999946231", " 0.958813836137332", " 0.0334850126337753", " 0.999999999996915", " 1", "6.1", "4.1", " 4.9", " 4.1", " 4.9", " 5.3", " 5.3", " 5.3", " 5.3", " 4.7", " 4.7", " 2.9", " 3.2", " 4.4", " 5.1", " 4.7", " 4.0", " 4.5", " 4.5", " 5.3", " ", " 5.6", " 4.5", " 4.9", " 4.1", " 6.1", " 6.1", " 5.0", " 5.0", " 4.6", " 5.4", " 5.4", " 5.8", " 5.3", " 5.6", " 5.3", " 4.5", " 5.6", " 5.3", " 5.3", " 6.0"
"864", "", "False", "Xanthosine", "C10 H12 N4 O6", "Full match", " No results", " Full match", " Full match", " No results", "0.68", "284.07588", "283.06860", "0.594", "3416201.5897806", "1", "0", "1", "", "", "75.6", "No matches found", " Single match found", " No matches found", " No matches found", " No matches found", "", "No matches found", "PreferredDDA", "", "[M-H]-1", "875151.580669555", " 2083935.41987885", " 1376700.84096566", " 1121972.0923859", " 1434159.79662841", "", " 70.5599445566121", " ", " 42.1111093160235", " 45.1826530009598", "0.636", " 0.815", " 1.042", " 1.857", " 1.278", "-0.65", " -0.30", " 0.06", " 0.89", " 0.35", "", " ", " ", " 0.679081646659197", " 0.659047704485195", "", " ", " ", " 0.999999999996915", " 1", "6.1", "3.8", " ", " ", " ", " ", " ", " ", " ", " ", " 5.8", " ", " ", " 5.4", " ", " 3.8", " 4.4", " ", " ", " 4.0", " ", " ", " ", " ", " ", " 2.7", " 4.2", " 4.9", " 3.6", " 4.4", " 5.2", " ", " ", " ", " ", " ", " ", " 5.5", " 6.1", " ", " 5.5"
"848", "", "False", "Heterofibrin A3", "C24 H34 O6", "Full match", " No results", " No results", " Not the top hit", " Full match", "2.23", "418.23647", "417.22919", "6.138", "3380900.80958115", "7", "0", "0", "", "", "", "No matches found", " No matches found", " No matches found", " No matches found", " No matches found", "", "Multiple matches found", "PreferredDDA", "", "[M-H]-1", "647159.218790504", " 1731586.29145418", " 593769.640084886", " 1461799.82128742", " 1144284.1370964", "41.9302795830929", " 51.8138068970601", " 13.9970963299162", " 55.1630350570457", " 44.3731353029036", "1.090", " 2.462", " 1.927", " 1.185", " 0.783", "0.12", " 1.30", " 0.95", " 0.24", " -0.35", "0.999916707176815", " 0.0279681293411572", " 0.443770789232061", " 0.965427536892685", " 0.578891972472994", "0.999999999946231", " 0.2833067916595", " 1", " 0.999999999996915", " 1", "6.9", "4.9", " 4.5", " 2.7", " 4.9", " ", " 2.5", " 4.8", " ", " 5.2", " 1.7", " ", " 5.4", " 5.8", " 5.4", " 5.5", " 3.0", " 6.6", " ", " 6.6", " 6.9", " 5.1", " 2.0", " 3.5", " 3.9", " 5.0", " 5.0", " 1.5", " 3.3", " 2.3", " 4.2", " 5.2", " 3.3", " 3.3", " 4.9", " 5.2", " 3.0", " 4.4", " 3.6", " 3.3", " 3.0"
"464", "", "False", "", "C14 H32 O P2", "Full match", " No results", " No results", " No results", " No results", "-3.43", "278.19188", "277.18453", "10.853", "3369059.26259632", "0", "0", "0", "", "", "", "No matches found", " No matches found", " No matches found", " No matches found", " No matches found", "", "No matches found", "PreferredDDA", "", "[M-H]-1", "284492.019507502", " 707671.945689201", " 899414.956526497", " 472529.759402361", " 3304859.5430329", "44.6851887104238", " 0.472774138183651", " ", " 5.63096941032974", " 78.84332998234", "0.316", " 0.525", " 3.674", " 1.498", " 6.994", "-1.66", " -0.93", " 1.88", " 0.58", " 2.81", "", " ", " ", " 0.990028442919486", " 0.732232829965267", "", " ", " ", " 0.999999999996915", " 1", "7.8", "5.7", " ", " ", " ", " 4.9", " 1.9", " ", " 5.7", " ", " 7.2", " ", " ", " 5.7", " ", " ", " ", " ", " ", " 3.8", " ", " ", " ", " ", " ", " ", " 7.8", " ", " ", " ", " ", " ", " 5.2", " ", " ", " ", " ", " ", " 6.1", " 3.0", " 5.4"
"1119", "", "False", "", "C10 H18 N6 O2", "Full match", " No results", " No results", " No results", " No results", "2.32", "254.14971", "253.14244", "5.331", "3328076.52267281", "0", "0", "0", "", "", "", "No matches found", " No matches found", " No matches found", " No matches found", " No matches found", "", "No matches found", "PreferredDDA", "", "[M-H]-1", "2477678.80491488", " 2223384.53703191", " 2568810.11913711", " 2575353.08772746", " 2208648.36254698", "8.93197990907038", " 10.9628890400863", " 13.2871708449054", " 8.34532120079444", " 11.5547179402891", "0.965", " 1.003", " 0.860", " 0.863", " 0.858", "-0.05", " 0.00", " -0.22", " -0.21", " -0.22", "0.689692417910378", " 0.985932156076835", " 0.0110345383457832", " 0.0637571083704611", " 0.038903656736712", "0.999999999946231", " 1", " 0.132665245111802", " 0.999999999996915", " 1", "7.9", "6.0", " 7.1", " 7.9", " ", " 6.4", " 6.8", " 5.3", " 6.0", " 5.5", " 5.9", " ", " 5.1", " 4.5", " 4.7", " 5.7", " 5.5", " 6.3", " 6.6", " 5.5", " 6.6", " 4.7", " 5.1", " 7.0", " 5.5", " 7.1", " 7.1", " 7.5", " 6.0", " 6.8", " 6.0", " 6.8", " 6.4", " 6.3", " 6.8", " 5.5", " 6.6", " 6.8", " 6.3", " 5.5", " 5.5"
"1186", "", "False", "Sarcoehrendin E", "C23 H36 O7", "Not the top hit", " No results", " No results", " Not the top hit", " Full match", "2.74", "424.24726", "423.23999", "0.650", "3322542.00214464", "2", "0", "0", "", "", "", "No matches found", " No matches found", " No matches found", " No matches found", " No matches found", "", "Multiple matches found", "PreferredDDA", "", "[M-H]-1", "", " ", " ", " 2282546.87450742", " 2644679.2682111", "", " ", " ", " 64.4357069172517", " 17.5726897468389", "", " Infinity", " Infinity", " 0.000", " 1.159", "", " Infinity", " Infinity", " -Infinity", " 0.21", "", " ", " ", " ", " 0.698089377087317", "", " ", " ", " ", " 1", "5.9", "", " ", " ", " ", " ", " ", " ", " ", " ", " ", " ", " ", " ", " ", " ", " ", " ", " ", " ", " ", " ", " ", " ", " ", " ", " ", " ", " ", " 2.9", " ", " 5.4", " ", " ", " 5.9", " ", " ", " 5.8", " 4.6", " ", " "
"346", "", "False", "", "C40 H63 Cl N4 O", "Full match", " No results", " No results", " No results", " No results", "-0.25", "650.46888", "649.46160", "10.855", "3322250.35746664", "0", "0", "0", "", "", "", "No matches found", " No matches found", " No matches found", " No matches found", " No matches found", "", "No matches found", "PreferredDDA", "", "[M-H]-1", "", " 2942219.56092231", " 1074362.85243541", " 1963226.52319515", " 2133149.16320946", "", " ", " 74.740582682396", " 23.4527550058353", " 38.0763319683871", "0.000", " 1.827", " 1.986", " 1.499", " 1.087", "-Infinity", " 0.87", " 0.99", " 0.58", " 0.12", "", " 0.404560225962827", " 0.33629398354318", " ", " 0.998679192866972", "", " 1", " 1", " ", " 1", "7.3", "", " ", " ", " ", " ", " ", " ", " ", " ", " ", " ", " ", " 5.8", " ", " ", " ", " 5.3", " ", " 5.9", " ", " 3.8", " ", " 6.5", " ", " ", " ", " 7.1", " 7.3", " 6.5", " 4.9", " ", " ", " ", " ", " ", " ", " 4.5", " 5.9", " 4.9", " 5.9"
"935", "", "False", "Medroxyprogesterone", "C22 H32 O3", "Full match", " Full match", " Full match", " Not the top hit", " Not the top hit", "1.86", "344.23578", "343.22851", "6.728", "3291575.89923398", "34", "3", "1", "74.5", "8.7", "12.1", "Single match found", " No matches found", " No matches found", " No matches found", " No matches found", "", "Multiple matches found", "PreferredDDA", "CO2", "[M-H]-1", "909329.524499931", " 962905.349498402", " 834258.389765344", " 859931.635856161", " 1086807.49175417", "54.3071394767218", " 76.5460331302909", " 67.1434013554071", " 35.1364208235752", " 27.4541326091491", "1.090", " 1.031", " 1.303", " 1.120", " 1.264", "0.12", " 0.04", " 0.38", " 0.16", " 0.34", "0.998901461819525", " 0.999135349759297", " 0.852968419360484", " 0.929662544408925", " 0.948106296870243", "0.999999999946231", " 1", " 1", " 0.999999999996915", " 1", "5.0", "2.9", " 2.7", " ", " ", " ", " ", " ", " ", " 1.1", " ", " ", " ", " 4.6", " 2.1", " 0.4", " 2.5", " 1.5", " 3.6", " ", " ", " ", " ", " ", " ", " ", " ", " ", " ", " ", " 2.2", " ", " 1.6", " 5.0", " ", " 3.1", " ", " ", " 1.8", " ", " 5.0"
"974", "", "False", "", "C27 H55 Cl N O2 P S2", "Full match", " No results", " No results", " No results", " No results", "-0.33", "555.30985", "554.30258", "5.209", "3240348.33381735", "0", "0", "0", "", "", "", "No matches found", " No matches found", " No matches found", " No matches found", " No matches found", "", "No matches found", "PreferredDDA", "", "[M-H]-1", "936143.823125496", " 682242.033558498", " 1723389.63592488", " 1004577.75447507", " 470072.399034304", "30.7617392122698", " 94.7647144446519", " 31.7504688739963", " 41.9856392836512", " 33.8337458647914", "0.543", " 0.583", " 0.273", " 0.679", " 0.468", "-0.88", " -0.78", " -1.87", " -0.56", " -1.10", "0.00452210268850894", " 0.163856979650994", " 3.4982384477189E-05", " 0.906987668278885", " 0.0175949554480606", "0.50782412465699", " 0.924018225454576", " 0.000973983230970158", " 0.999999999996915", " 0.853101753377861", "5.3", "1.3", " 2.4", " 2.2", " 1.5", " 4.1", " 0.9", " 2.2", " 4.7", " ", " 1.9", " 2.0", " 1.7", " 1.9", " 1.1", " ", " ", " 2.6", " 2.5", " 4.7", " 5.3", " 2.2", " 3.6", " 4.1", " 3.4", " 3.6", " 0.4", " 1.5", " ", " 2.9", " 1.4", " 2.3", " 1.9", " 0.5", " 2.8", " 1.6", " ", " 2.8", " ", " 2.0", " 3.2"
"672", "", "False", "FAHFA 22:6/18:3", "C40 H60 O4", "Not the top hit", " No results", " Full match", " No match", " No match", "-2.84", "604.44744", "603.44017", "7.481", "3238434.01887609", "3", "0", "2", "", "", "31.0", "No matches found", " No matches found", " No matches found", " Multiple matches found", " No matches found", "", "Multiple matches found", "PreferredDDA", "", "[M-H]-1", "2690029.81054355", " 2155698.44479139", " 2236611.61531593", " 2240649.79387695", " 2267911.40824877", "", " 9.39104294432227", " 35.8027105633073", " ", " 15.69386837297", "1.203", " 1.002", " 1.014", " 0.962", " 1.012", "0.27", " 0.00", " 0.02", " -0.06", " 0.02", "", " ", " 0.999999994105526", " ", " ", "", " ", " 1", " ", " ", "7.0", "", " 0.8", " ", " ", " ", " ", " ", " ", " 5.0", " ", " ", " 6.0", " ", " ", " 4.5", " ", " 6.3", " ", " ", " 7.0", " ", " ", " ", " 3.0", " ", " ", " ", " ", " ", " ", " 2.0", " ", " ", " ", " ", " 2.1", " 5.4", " ", " ", " "
"185", "", "False", "", "C23 H55 N6 O4 P S", "Full match", " No results", " No results", " No results", " No results", "3.55", "542.37624", "541.36933", "7.914", "3237167.93222088", "0", "0", "0", "", "", "", "No matches found", " No matches found", " No matches found", " No matches found", " No matches found", "", "No matches found", "PreferredDDA", "Fatty_Acid_18:1", "[M-H]-1", "", " 1225637.21403842", " ", " 453429.902199642", " 736182.387096855", "", " 73.2368170703058", " ", " 67.0478991848064", " 25.4868777264423", "", " Infinity", " Infinity", " 2.703", " 1.624", "", " Infinity", " Infinity", " 1.43", " 0.70", "", " ", " ", " 0.0831862239250122", " 0.734366853430081", "", " ", " ", " 0.999999999996915", " 1", "5.6", "", " ", " ", " ", " ", " ", " ", " ", " 3.0", " 5.3", " ", " ", " 5.0", " ", " 1.7", " 3.6", " ", " ", " ", " ", " ", " ", " ", " ", " 2.7", " ", " ", " ", " 3.0", " 2.9", " 1.9", " 4.5", " 4.0", " ", " 2.9", " ", " 2.5", " 3.3", " 2.1", " 5.6"
"993", "", "False", "", "C7 H6 N3 O3 P", "Full match", " No results", " No results", " No results", " No results", "0.39", "211.01476", "210.00748", "0.919", "3191303.32982808", "0", "0", "0", "", "", "", "No matches found", " No matches found", " No matches found", " No matches found", " No matches found", "", "No matches found", "PreferredDDA", "", "[M-H]-1", "", " 495078.889243073", " ", " 627101.820877724", " 1510247.95629871", "", " ", " ", " ", " 57.810457001722", "", " Infinity", " Infinity", " 0.789", " 2.408", "", " Infinity", " Infinity", " -0.34", " 1.27", "", " ", " ", " ", " ", "", " ", " ", " ", " ", "5.5", "", " ", " ", " ", " ", " ", " ", " ", " ", " ", " ", " 4.9", " ", " ", " ", " ", " ", " ", " ", " ", " ", " ", " ", " ", " ", " ", " ", " ", " ", " ", " 2.7", " ", " 5.4", " 5.5", " 4.5", " ", " 5.0", " ", " 5.2", " "
"971", "", "False", "7-hydroxy-10E-Heptadecen-8-ynoic acid", "C17 H28 O3", "Full match", " No results", " No results", " Not the top hit", " Full match", "1.80", "280.20435", "279.19709", "5.582", "3171242.03468618", "12", "0", "0", "", "", "", "No matches found", " No matches found", " No matches found", " No matches found", " No matches found", "", "Multiple matches found", "PreferredDDA", "CO2", "[M-H]-1", "341113.949561664", " 571601.65094269", " 709503.576279702", " 3171242.03468618", " ", "", " 42.4921694004534", " ", " ", " ", "0.481", " 4.470", " 0.000", " 0.180", " 0.000", "-1.06", " 2.16", " -Infinity", " -2.47", " -Infinity", "", " ", " ", " ", " ", "", " ", " ", " ", " ", "3.9", "", " ", " ", " ", " ", " 2.3", " ", " ", " 1.1", " 3.6", " 1.0", " 0.4", " 2.5", " 1.1", " ", " 1.9", " ", " ", " ", " ", " ", " 3.4", " ", " ", " ", " ", " ", " 3.9", " ", " ", " ", " ", " ", " ", " ", " ", " ", " ", " ", " "
"1117", "", "False", "5-oxo-6E,8Z-tetradecadienoic acid", "C14 H22 O3", "Full match", " No results", " No results", " Not the top hit", " Full match", "-0.13", "238.15686", "237.14959", "4.445", "3170278.9907246", "8", "0", "0", "", "", "", "No matches found", " No matches found", " No matches found", " No matches found", " No matches found", "", "Multiple matches found", "PreferredDDA", "", "[M-H]-1", "", " 1295030.68361743", " ", " 1306260.06617565", " 1487127.11083883", "", " 43.5524823903657", " ", " 34.6806734138488", " 50.1161746330624", "", " Infinity", " Infinity", " 0.991", " 1.138", "", " Infinity", " Infinity", " -0.01", " 0.19", "", " ", " ", " 0.691390742076355", " 0.993684133953599", "", " ", " ", " 0.999999999996915", " 1", "5.7", "", " ", " ", " ", " ", " ", " ", " ", " 1.5", " 2.9", " ", " ", " 1.4", " ", " ", " ", " ", " ", " ", " ", " ", " ", " ", " ", " ", " 3.4", " ", " 4.4", " 4.5", " 5.7", " 2.6", " 3.8", " 1.9", " 3.1", " 0.8", " ", " 4.0", " 5.0", " 3.3", " 2.9"
"543", "", "False", "", "C13 H19 N10 O16 P S", "Full match", " No results", " No results", " No results", " No results", "0.07", "634.04392", "633.03665", "0.504", "3166759.24422067", "0", "0", "0", "", "", "", "No matches found", " No matches found", " No matches found", " No matches found", " No matches found", "", "No matches found", "PreferredDDA", "", "[M-H]-1", "", " 3166759.24422067", " 774499.691202188", " 637036.085441255", " 416573.905822964", "", " ", " ", " ", " 18.0870041415042", "0.000", " 0.823", " 0.538", " 4.971", " 0.654", "-Infinity", " -0.28", " -0.89", " 2.31", " -0.61", "", " ", " ", " ", " ", "", " ", " ", " ", " ", "6.8", "", " ", " ", " ", " ", " ", " ", " ", " ", " ", " 5.4", " ", " ", " ", " ", " ", " ", " ", " ", " ", " ", " ", " ", " 5.3", " ", " ", " ", " ", " ", " ", " 5.3", " ", " ", " 6.4", " ", " 6.8", " ", " ", " ", " "
"1137", "", "False", "", "C15 H32 Cl N4 O3 P", "Invalid mass", " No results", " No results", " No results", " No results", "5.09", "382.19200", "381.18473", "3.196", "3161376.53396623", "0", "0", "0", "", "", "", "No matches found", " No matches found", " No matches found", " No matches found", " No matches found", "", "No matches found", "PreferredDDA", "", "[M-H]-1", "1438073.09134303", " 2367281.10695623", " ", " 1953545.32676902", " 1369334.2435616", "", " 27.1745322151685", " ", " 25.0686818389546", " 40.3936269596374", "Infinity", " Infinity", " Infinity", " 1.212", " 0.701", "Infinity", " Infinity", " Infinity", " 0.28", " -0.51", "", " ", " ", " 0.931973896721316", " 0.076141144549338", "", " ", " ", " 0.999999999996915", " 1", "6.0", "", " ", " ", " ", " ", " 4.8", " ", " ", " 3.0", " 2.6", " ", " 1.8", " 6.0", " 1.8", " 4.3", " 4.5", " ", " ", " ", " ", " ", " ", " ", " ", " 3.1", " 3.0", " 2.4", " 3.7", " 3.9", " 3.9", " 2.2", " 1.2", " 4.0", " 2.9", " 2.9", " 2.7", " 2.9", " 3.9", " 3.4", " 2.1"
"664", "", "False", "FAHFA 18:1/24:4", "C42 H72 O4", "No results", " No results", " Full match", " No results", " No results", "0.69", "640.54350", "639.53623", "8.206", "3141543.79620763", "0", "0", "1", "", "", "36.5", "No matches found", " No matches found", " No matches found", " Single match found", " No matches found", "", "No matches found", "PreferredDDA", "Fatty_Acid_18:1", "[M-H]-1", "", " 2860520.86873122", " ", " 2574600.68200462", " 908508.029966206", "", " 13.8934988980244", " ", " ", " ", "", " Infinity", " Infinity", " 1.111", " 0.353", "", " Infinity", " Infinity", " 0.15", " -1.50", "", " ", " ", " ", " ", "", " ", " ", " ", " ", "7.4", "", " ", " ", " ", " ", " ", " ", " ", " ", " ", " ", " ", " 5.9", " 7.4", " ", " ", " ", " ", " ", " ", " ", " ", " ", " ", " ", " ", " ", " 5.4", " ", " ", " ", " ", " ", " ", " ", " ", " ", " 4.2", " ", " "
"1608", "", "False", "Lignoceric acid", "C24 H48 O2", "Full match", " Full match", " No results", " Full match", " Full match", "1.07", "368.36582", "367.35855", "8.459", "3137873.00076913", "14", "2", "0", "95.0", "9.8", "", "No matches found", " No matches found", " No matches found", " No matches found", " No matches found", "", "Multiple matches found", "PreferredDDA", "", "[M-H]-1", "965073.150667323", " 1479057.76480586", " 1764117.20139178", " 1021828.52024134", " 1119056.26786973", "39.5947985488092", " 38.1621990457271", " 54.8902128079184", " 41.6400548665706", " 15.5600883416531", "0.547", " 0.579", " 0.634", " 1.447", " 1.095", "-0.87", " -0.79", " -0.66", " 0.53", " 0.13", "0.81658030565892", " 0.480196921014941", " 0.725584168174259", " 0.658291619606258", " 0.987375710534514", "0.999999999946231", " 1", " 1", " 0.999999999996915", " 1", "4.4", "1.1", " 1.9", " 0.5", " 1.5", " 1.6", " 2.1", " 0.9", " 3.0", " 1.9", " 1.6", " ", " 3.4", " ", " 1.0", " 1.1", " 0.7", " 1.5", " 0.2", " ", " 2.0", " ", " 1.7", " ", " 0.8", " 1.1", " 1.4", " 0.0", " ", " 1.0", " 0.6", " 1.4", " 1.9", " 4.4", " 2.5", " 2.5", " 3.3", " 4.0", " 2.1", " 2.9", " 2.9"
"1048", "", "False", "", "C24 H42 N4 O3", "Full match", " No results", " No results", " No results", " No results", "-3.02", "434.32438", "433.31710", "8.209", "3083508.95347512", "0", "0", "0", "", "", "", "No matches found", " No matches found", " No matches found", " No matches found", " No matches found", "", "No matches found", "PreferredDDA", "", "[M-H]-1", "2851930.57144325", " 2281234.42641967", " 1175904.27624431", " 2279568.10548209", " 2326269.3478984", "11.4834944406152", " ", " 100.146678664966", " 29.16861659536", " 11.9571320009854", "2.425", " 1.939", " 1.978", " 1.001", " 1.020", "1.28", " 0.95", " 0.98", " 0.00", " 0.03", "0.260015701499121", " 0.426226438754605", " 0.293989462953657", " ", " 0.99999644415889", "0.999999999946231", " 1", " 1", " ", " 1", "5.5", "", " ", " ", " ", " ", " 3.2", " ", " 5.5", " 1.6", " ", " ", " ", " ", " ", " ", " ", " ", " ", " ", " 2.1", " ", " ", " 4.5", " ", " ", " ", " ", " ", " 1.6", " ", " ", " 2.2", " 3.8", " 4.7", " ", " ", " 5.5", " 3.6", " ", " "
"1318", "", "False", "", "C16 H34 N7 O4 P S", "Full match", " No results", " No results", " No match", " No results", "4.21", "451.21496", "450.20768", "3.045", "3083047.74703287", "1", "0", "0", "", "", "", "No matches found", " No matches found", " No matches found", " No matches found", " No matches found", "", "No matches found", "PreferredDDA", "", "[M-H]-1", "761334.418229083", " 2942844.65400333", " ", " 1697531.79508821", " 705853.878610427", "3.23238076508005", " 6.73760048391627", " ", " ", " 50.8921159220808", "Infinity", " Infinity", " Infinity", " 1.734", " 0.416", "Infinity", " Infinity", " Infinity", " 0.79", " -1.27", "", " ", " ", " ", " ", "", " ", " ", " ", " ", "6.0", "", " ", " ", " ", " ", " 3.8", " 3.8", " ", " ", " ", " ", " ", " 4.5", " 6.0", " ", " ", " ", " ", " ", " ", " ", " ", " ", " ", " ", " ", " ", " 3.3", " ", " ", " ", " ", " ", " ", " ", " ", " ", " 0.2", " ", " 0.0"
"106", "", "False", "13,14-Dihydro-15-keto Prostaglandin A2", "C20 H30 O4", "Full match", " Full match", " Full match", " Not the top hit", " Not the top hit", "1.14", "334.21479", "333.20792", "4.399", "3066311.43611895", "113", "20", "2", "93.8", "9.7", "0.2", "Multiple matches found", " No matches found", " No matches found", " No matches found", " No matches found", "", "Multiple matches found", "PreferredDDA", "", "[M-H]-1", "2022729.53306899", " 1278703.69856042", " 1697959.29889268", " 2213367.69373881", " 2416368.48537276", "55.9124258498035", " 28.9813766629749", " 34.3827517272713", " 39.6732567463452", " 8.70355952034707", "1.191", " 1.304", " 1.423", " 0.578", " 1.092", "0.25", " 0.38", " 0.51", " -0.79", " 0.13", "0.995407766845586", " 0.989159705187254", " 0.698124501862177", " 0.682556282624973", " 0.885358898365683", "0.999999999946231", " 1", " 1", " 0.999999999996915", " 1", "7.9", "", " 4.9", " ", " ", " 5.9", " 5.4", " 5.8", " ", " 6.5", " ", " ", " 5.8", " 5.8", " ", " 6.2", " 6.3", " ", " ", " ", " ", " ", " 6.0", " 5.7", " 5.5", " 5.1", " ", " ", " ", " ", " 1.3", " 2.1", " 6.3", " 7.9", " ", " 7.5", " ", " ", " 7.1", " ", " "
"628", "", "False", "4-Heptyloxyphenol", "C13 H20 O2", "Full match", " No results", " No results", " Full match", " No results", "-0.11", "208.14631", "207.13870", "4.059", "3049807.93527103", "1", "0", "0", "", "", "", "No matches found", " No matches found", " No matches found", " No matches found", " No matches found", "", "No matches found", "PreferredDDA", "", "[M-H]-1", "1166667.714297", " 2995905.31371212", " 1061259.92327264", " 2243033.84324989", " 1195977.54187112", "27.104978880499", " 2.54446687975032", " 33.3475566548442", " ", " 39.8136347882567", "1.099", " 2.114", " 1.127", " 1.336", " 0.533", "0.14", " 1.08", " 0.17", " 0.42", " -0.91", "0.826364073742136", " ", " 0.999999995759449", " ", " ", "0.999999999946231", " ", " 1", " ", " ", "7.3", "", " 3.5", " 5.8", " ", " ", " 2.0", " ", " ", " ", " ", " ", " ", " 4.6", " 7.3", " ", " ", " 3.0", " ", " 0.9", " ", " 4.9", " ", " ", " ", " ", " ", " ", " ", " 2.0", " ", " ", " ", " ", " ", " 1.9", " ", " ", " 5.3", " 2.0", " 3.4"
"1393", "", "False", "", "C34 H69 Cl N6 O3 S", "Full match", " No results", " No results", " No results", " No results", "0.53", "676.48440", "675.47712", "8.733", "3046973.16423628", "0", "0", "0", "", "", "", "No matches found", " No matches found", " No matches found", " No matches found", " No matches found", "", "No matches found", "PreferredDDA", "", "[M-H]-1", "917051.952367614", " 1124262.99161146", " 1803820.59764288", " 2093154.11375478", " 682688.724576354", "30.2544758446326", " 45.3738928113327", " 50.3520317109033", " 48.6951669839191", " 50.104253999172", "0.508", " 1.160", " 0.378", " 0.537", " 0.326", "-0.98", " 0.21", " -1.40", " -0.90", " -1.62", "0.587957153957565", " 0.99801147237503", " 0.0673196645234908", " 0.295951764385725", " 0.0242410185461994", "0.999999999946231", " 1", " 0.458243446605453", " 0.999999999996915", " 1", "3.8", "1.6", " 3.8", " 2.6", " 2.0", " ", " 3.4", " 2.0", " 3.2", " 1.1", " 0.8", " ", " 1.7", " 1.5", " 3.6", " 3.3", " ", " ", " 2.5", " 3.1", " 2.5", " ", " 2.1", " 0.4", " 3.1", " ", " 2.3", " 2.1", " 3.1", " 2.7", " 2.7", " 2.7", " 2.3", " 1.1", " 2.7", " 2.3", " 2.3", " 1.5", " 2.9", " 1.9", " 1.0"
"1160", "", "False", "(±)17-HDoHE", "C22 H32 O3", "Full match", " No results", " Full match", " Partial match", " Partial match", "2.09", "344.23586", "343.22859", "5.635", "3025430.6215654", "34", "0", "1", "", "", "13.9", "Single match found", " No matches found", " No matches found", " No matches found", " No matches found", "", "Multiple matches found", "PreferredDDA", "", "[M-H]-1", "2464141.10477745", " 2342770.61738731", " 1099813.79455006", " 2006915.96717687", " 2119347.53422979", "32.3015043748665", " ", " 40.0255811699777", " 2.79533875541159", " 15.5728833340644", "2.241", " 1.825", " 1.927", " 1.167", " 1.056", "1.16", " 0.87", " 0.95", " 0.22", " 0.08", "0.12009368886188", " 0.380559520048174", " 0.310231632328027", " ", " 0.999910212888228", "0.999999999946231", " 1", " 1", " ", " 1", "7.8", "", " 4.7", " 4.4", " 1.5", " 1.9", " 1.3", " ", " ", " ", " ", " ", " 5.0", " ", " ", " ", " ", " ", " 4.4", " 3.3", " 4.2", " ", " 4.0", " ", " 0.6", " ", " 7.8", " ", " ", " ", " ", " ", " 5.8", " ", " 4.6", " ", " ", " 6.3", " ", " ", " "
"1001", "", "False", "(±)17-HDoHE", "C22 H32 O3", "Not the top hit", " No results", " Full match", " Partial match", " Partial match", "2.02", "344.23584", "343.22856", "6.325", "3000344.93876853", "34", "0", "1", "", "", "26.3", "Single match found", " No matches found", " No matches found", " No matches found", " No matches found", "", "Multiple matches found", "PreferredDDA", "CO2", "[M-H]-1", "339943.639774723", " 1218307.47073392", " 1337511.74175577", " 1449213.96871665", " 954340.159420147", "", " 10.2836118857613", " ", " 49.1432301144472", " 63.0652644083006", "0.254", " 1.084", " 0.714", " 0.841", " 0.659", "-1.98", " 0.12", " -0.49", " -0.25", " -0.60", "", " ", " ", " 0.999999970829646", " 0.999971658677111", "", " ", " ", " 0.999999999996915", " 1", "6.8", "", " ", " ", " ", " ", " ", " ", " 1.5", " ", " ", " ", " 6.8", " 6.0", " ", " ", " ", " ", " 2.9", " ", " ", " ", " ", " ", " ", " ", " 4.4", " ", " ", " ", " 2.1", " 4.2", " 3.0", " 0.6", " 5.0", " 0.4", " 3.9", " 0.0", " 1.0", " 3.0", " 0.8"
"1304", "", "False", "", "C10 H25 N4 O3 P", "Full match", " No results", " No results", " No results", " No results", "-3.84", "280.16535", "279.15807", "5.810", "2971702.18396512", "0", "0", "0", "", "", "", "No matches found", " No matches found", " No matches found", " No matches found", " No matches found", "", "No matches found", "PreferredDDA", "", "[M-H]-1", "595187.95826744", " 1628077.56022035", " 318829.25911568", " 2542336.61599673", " 1510032.88292781", "", " ", " ", " 24.5301964544655", " 43.0268605154134", "1.867", " 7.974", " 4.736", " 0.640", " 0.594", "0.90", " 3.00", " 2.24", " -0.64", " -0.75", "", " ", " ", " ", " 0.440025754263203", "", " ", " ", " ", " 1", "5.3", "", " ", " 0.8", " ", " ", " ", " ", " ", " ", " ", " ", " ", " ", " 1.0", " ", " ", " ", " ", " ", " ", " ", " ", " 1.5", " ", " 1.6", " 3.9", " 4.5", " 3.7", " 5.3", " 4.1", " 4.1", " ", " ", " 3.3", " ", " ", " 3.3", " 3.5", " 2.1", " "
"955", "", "False", "", "C13 H12 O S", "Full match", " No results", " No results", " No results", " No results", "-0.89", "216.06069", "215.05342", "0.659", "2962660.93976566", "0", "0", "0", "", "", "", "No matches found", " No matches found", " No matches found", " No matches found", " No matches found", "", "No matches found", "PreferredDDA", "", "[M-H]-1", "1037754.20073743", " 1241475.8131205", " 1172437.8649653", " 1453315.92844785", " 2771888.0852822", "37.447543892464", " 6.27734166225302", " ", " 39.1651547920378", " 34.7027342621128", "0.885", " 1.240", " 2.364", " 0.854", " 1.907", "-0.18", " 0.31", " 1.24", " -0.23", " 0.93", "", " ", " ", " 0.995370939307465", " 0.218267218070735", "", " ", " ", " 0.999999999996915", " 1", "8.1", "6.0", " ", " 4.9", " 4.7", " 5.7", " 6.4", " ", " ", " 7.3", " 7.7", " ", " ", " ", " ", " ", " 8.1", " ", " 4.8", " ", " ", " ", " ", " ", " ", " 5.7", " 6.0", " 5.4", " 6.0", " ", " ", " ", " ", " ", " 6.0", " ", " ", " 7.0", " 5.9", " ", " "
"1403", "", "False", "3-methyl-tetradecanedioic acid", "C15 H28 O4", "Full match", " No results", " No results", " Not the top hit", " Full match", "1.56", "272.19918", "271.19192", "4.750", "2951868.11788559", "3", "0", "0", "", "", "", "No matches found", " No matches found", " No matches found", " No matches found", " No matches found", "", "Multiple matches found", "PreferredDDA", "", "[M-H]-1", "2642483.92611769", " 2446788.84356275", " 2357440.03153951", " 2633605.28877789", " 2575045.96152203", "8.76823190675028", " 7.80041357900548", " 11.5286725233527", " 4.58521308143422", " 8.95091581055492", "1.121", " 1.117", " 1.092", " 0.929", " 0.978", "0.16", " 0.16", " 0.13", " -0.11", " -0.03", "0.718690016876669", " 0.570166509849132", " 0.740208144987542", " 0.827416289996796", " 0.997579091134734", "0.999999999946231", " 1", " 1", " 0.999999999996915", " 1", "7.5", "7.1", " 6.4", " 7.1", " 5.6", " 6.4", " 5.6", " 6.0", " 5.6", " 5.6", " 6.0", " ", " 5.6", " 6.4", " 6.0", " 6.0", " 5.6", " 4.7", " 5.5", " 5.1", " 5.1", " 5.1", " 6.3", " 7.0", " 5.9", " ", " 6.1", " 5.8", " 6.1", " 7.3", " 5.8", " 6.5", " 7.3", " 6.4", " 6.0", " 5.6", " 7.5", " 6.0", " 5.6", " 6.0", " 7.1"
"1272", "", "False", "Ambrettolic acid", "C16 H30 O3", "Full match", " No results", " No results", " Not the top hit", " Full match", "1.34", "270.21986", "269.21258", "6.862", "2935414.24656235", "20", "0", "0", "", "", "", "No matches found", " No matches found", " No matches found", " No matches found", " No matches found", "", "Multiple matches found", "PreferredDDA", "CO2", "[M-H]-1", "1867977.64170718", " 2190990.86490108", " 1891900.47959194", " 1941170.69906306", " 2076338.31746681", "16.2700028146416", " 11.128366094358", " 15.3919963428029", " 27.5390404274526", " 11.4358293623853", "0.987", " 1.026", " 1.097", " 1.129", " 1.070", "-0.02", " 0.04", " 0.13", " 0.17", " 0.10", "0.999867335496268", " 0.995098856634069", " 0.707132548013364", " 0.899657288659895", " 0.866272532626315", "0.999999999946231", " 1", " 1", " 0.999999999996915", " 1", "5.8", "2.1", " 3.9", " 3.3", " 4.8", " 2.9", " 2.7", " 3.9", " 4.4", " 3.4", " 3.2", " ", " 4.4", " 2.6", " 4.0", " 5.1", " 4.1", " 3.5", " 3.1", " 1.7", " 3.3", " ", " 3.3", " 2.9", " ", " 2.4", " 3.5", " 5.8", " 3.4", " 3.0", " 1.6", " 1.6", " 2.0", " 4.5", " 4.9", " 3.6", " 4.0", " 4.4", " ", " 3.2", " 2.6"
"1752", "", "False", "2-hydroxy-pentadecanoic acid", "C15 H30 O3", "Full match", " No results", " No results", " Not the top hit", " Full match", "1.07", "258.21977", "257.21249", "5.005", "2908630.10192528", "11", "0", "0", "", "", "", "No matches found", " No matches found", " No matches found", " No matches found", " No matches found", "", "Multiple matches found", "PreferredDDA", "", "[M-H]-1", "2571329.36392036", " 2359937.72786815", " 2233044.49273435", " 2350934.02609076", " 2241045.51057005", "17.5650704450877", " 23.978878556673", " 9.8443174865249", " 15.0750372488508", " 11.0558301600003", "1.151", " 1.053", " 1.004", " 1.004", " 0.953", "0.20", " 0.07", " 0.01", " 0.01", " -0.07", "0.728650506019299", " 0.886708630564149", " 0.998919364118288", " 0.827918038843443", " 0.970055497371418", "0.999999999946231", " 1", " 1", " 0.999999999996915", " 1", "5.3", "", " 3.3", " 3.5", " 3.5", " 3.5", " 3.9", " 2.7", " 3.9", " 3.0", " ", " ", " 3.4", " 3.0", " 3.9", " 4.3", " 3.4", " 4.3", " 4.5", " 4.3", " 4.5", " ", " 5.3", " 4.9", " 4.5", " 3.5", " 3.3", " 3.5", " 4.2", " 3.1", " ", " 3.5", " 3.9", " ", " 4.0", " 4.4", " 4.0", " ", " 3.4", " 4.0", " 4.0"
"1081", "", "False", "9-deoxy-9-methylene-16,16-dimethyl -PGE2", "C23 H38 O4", "Full match", " No results", " No results", " Not the top hit", " Full match", "2.29", "378.27787", "377.27060", "4.299", "2905691.08684445", "16", "0", "0", "", "", "", "No matches found", " No matches found", " No matches found", " No matches found", " No matches found", "", "Multiple matches found", "PreferredDDA", "", "[M-H]-1", "551086.192380303", " 516937.368935244", " 367859.514495011", " 722015.175004642", " 613384.015447352", "18.4642253200901", " 30.2036892863624", " 121.243512680596", " 43.7130169004677", " 51.2762551603188", "1.498", " 1.963", " 1.667", " 0.716", " 0.850", "0.58", " 0.97", " 0.74", " -0.48", " -0.24", "0.977341216047567", " 0.999973066751078", " 0.992058942496826", " 0.991076157911953", " 0.997994606365525", "0.999999999946231", " 1", " 1", " 0.999999999996915", " 1", "5.7", "", " ", " 5.7", " ", " 4.2", " 5.3", " ", " ", " ", " 2.4", " ", " 3.2", " 3.2", " 3.5", " ", " 4.7", " ", " 3.9", " ", " ", " ", " ", " 2.3", " 1.5", " ", " ", " ", " ", " 2.7", " 2.3", " ", " ", " ", " ", " ", " ", " ", " 3.0", " ", " 2.7"
"1025", "", "False", "LMST04010192", "C24 H36 O5", "Full match", " No results", " No results", " Not the top hit", " Full match", "0.60", "404.25652", "403.24924", "6.907", "2893479.28443209", "21", "0", "0", "", "", "", "No matches found", " No matches found", " No matches found", " No matches found", " No matches found", "", "Multiple matches found", "PreferredDDA", "CO2", "[M-H]-1", "597917.145747634", " 495481.954932061", " 680840.919489764", " 1031713.65400746", " 689170.641078696", "47.2739963578382", " 80.9085050631517", " 6.01616310908028", " 76.9997469682327", " 49.6895289667748", "0.878", " 1.515", " 1.012", " 0.480", " 0.668", "-0.19", " 0.60", " 0.02", " -1.06", " -0.58", "0.965798791143674", " 0.796795041595405", " 0.896442803976131", " 0.900099669580761", " 0.997799927570227", "0.999999999946231", " 1", " 1", " 0.999999999996915", " 1", "7.4", "", " 2.7", " 3.0", " 1.1", " 2.3", " 2.9", " 2.7", " ", " 2.3", " 1.4", " ", " 2.5", " ", " ", " 0.4", " 3.0", " ", " ", " ", " 5.9", " 3.3", " 7.4", " 5.2", " 5.9", " 1.7", " 5.5", " ", " ", " ", " 1.6", " 1.9", " 0.0", " 2.3", " 1.7", " 3.4", " 5.3", " 3.3", " 0.2", " 1.9", " "
"2305", "", "False", "", "C7 H17 N8 O P", "Full match", " No results", " No results", " No match", " No results", "-0.75", "260.12610", "241.10821", "0.660", "2887941.49978105", "1", "0", "0", "", "", "", "No matches found", " No matches found", " No matches found", " No matches found", " No matches found", "", "No matches found", "PreferredDDA", "", "[M-H-H2O]-1", "1945737.17720353", " 1664048.65574583", " 2404250.8292506", " 1463724.67203937", " 1457974.81409561", "1.847362642673", " 63.9117760847322", " ", " 5.38764214760332", " 8.25637247969688", "0.809", " 0.609", " 0.606", " 1.137", " 0.996", "-0.31", " -0.72", " -0.72", " 0.19", " -0.01", "", " ", " ", " 0.994727374619733", " 0.999998802343291", "", " ", " ", " 0.999999999996915", " 1", "4.4", "", " 4.4", " ", " ", " ", " 3.3", " ", " ", " 1.0", " ", " 0.0", " ", " 1.6", " ", " 1.4", " ", " ", " ", " ", " 2.0", " ", " ", " ", " ", " ", " ", " 3.5", " ", " ", " ", " 3.1", " 3.5", " 3.1", " ", " ", " 3.5", " ", " 3.9", " 3.9", " "
"417", "", "False", "2,3-dinor Prostaglandin E1", "C18 H30 O5", "No match", " Invalid mass", " No results", " No results", " No results", "-55200.14", "308.20252", "307.19541", "10.848", "2884302.5336679", "0", "2", "0", "63.3", "44.9", "", "No matches found", " No matches found", " No matches found", " No matches found", " No matches found", "", "No matches found", "PreferredDDA", "", "[M-H]-1", "1525319.05508757", " 1543669.36753804", " 1695170.84525317", " 1632297.25507349", " 1747416.66932911", "27.0105658199621", " 32.3751387875415", " 23.9132553796549", " 34.5709294528653", " 21.884212289796", "0.900", " 0.963", " 1.031", " 0.946", " 1.071", "-0.15", " -0.05", " 0.04", " -0.08", " 0.10", "0.730262935920205", " 0.999855342855695", " 0.999894276378221", " 0.862046157767999", " 0.99999999515631", "0.999999999946231", " 1", " 1", " 0.999999999996915", " 1", "7.3", "6.2", " 5.4", " 7.3", " 6.9", " 6.5", " 4.3", " 6.2", " 6.3", " 3.0", " 5.9", " ", " 6.4", " 5.7", " 3.2", " ", " 5.3", " 6.2", " 6.2", " 5.6", " 3.5", " 6.2", " 6.2", " 5.4", " 6.2", " 5.3", " 6.4", " 5.5", " 6.0", " 4.4", " 4.9", " 6.0", " 4.5", " 5.3", " 6.9", " 6.9", " 6.2", " 5.8", " 6.5", " 5.8", " 7.3"
"775", "", "False", "", "C18 H33 N4 O7 P S2", "Full match", " No results", " No results", " No results", " No results", "-3.95", "512.15080", "511.14353", "0.583", "2883478.42426011", "0", "0", "0", "", "", "", "No matches found", " No matches found", " No matches found", " No matches found", " No matches found", "", "No matches found", "PreferredDDA", "", "[M-H]-1", "982629.099682055", " ", " 1273150.71901974", " ", " ", "73.042100764619", " ", " 37.4949887834055", " ", " ", "0.772", " 0.000", " 0.000", " ", " ", "-0.37", " -Infinity", " -Infinity", " ", " ", "0.933248706129906", " ", " ", " ", " ", "0.999999999946231", " ", " ", " ", " ", "5.7", "", " ", " 3.6", " ", " 4.9", " ", " 4.9", " 3.9", " ", " ", " ", " ", " ", " ", " ", " ", " ", " ", " 5.7", " ", " ", " ", " 5.1", " ", " ", " ", " ", " ", " ", " ", " ", " ", " ", " ", " ", " ", " ", " ", " ", " "
"934", "", "False", "8,11,14,18-Eicosatetraynoic acid", "C20 H28 O2", "Not the top hit", " No results", " No results", " Not the top hit", " Full match", "1.00", "300.20923", "299.20195", "6.731", "2864763.64488111", "31", "0", "0", "", "", "", "No matches found", " No matches found", " No matches found", " No matches found", " No matches found", "", "Multiple matches found", "PreferredDDA", "CO2", "[M-H]-1", "1013985.08711544", " 2210567.39091818", " 940606.480682772", " 1619970.89441316", " 973553.839228277", "21.3271075029442", " 42.8291388513341", " 30.9945292745913", " 45.3766002706768", " 46.6618355546828", "1.078", " 1.722", " 1.035", " 1.365", " 0.601", "0.11", " 0.78", " 0.05", " 0.45", " -0.73", "0.998605450486296", " 0.48658066409231", " 0.999755895384649", " 0.999996167601907", " 0.418569275037522", "0.999999999946231", " 1", " 1", " 0.999999999996915", " 1", "5.5", "3.5", " 5.2", " ", " ", " ", " ", " 3.5", " ", " 4.8", " 3.9", " ", " ", " 3.5", " 4.2", " 4.2", " ", " 3.8", " ", " 3.0", " ", " 2.8", " 1.3", " ", " ", " 5.2", " 5.5", " ", " 3.5", " 3.9", " ", " 4.4", " 1.5", " 1.5", " 1.9", " 3.6", " 3.0", " 3.4", " 4.6", " 2.1", " 5.2"
"1791", "", "False", "Tridecylic acid", "C13 H26 O2", "Full match", " Full match", " No results", " Not the top hit", " Full match", "-1.41", "214.19298", "213.18570", "6.401", "2864058.55353399", "27", "1", "0", "95.9", "9.8", "", "No matches found", " No matches found", " No matches found", " No matches found", " No matches found", "", "Multiple matches found", "PreferredDDA", "", "[M-H]-1", "2475363.58665281", " 2513147.54168023", " 2622488.60609402", " 2521321.45172549", " 2489503.17162225", "6.93850079549949", " 4.67042788628402", " 6.44124905449823", " 3.7409873451012", " 2.33793627708343", "0.944", " 0.961", " 0.949", " 0.997", " 0.987", "-0.08", " -0.06", " -0.08", " 0.00", " -0.02", "0.196114495347103", " 0.658592305799125", " 0.348139137296652", " 0.966258081604075", " 0.977300722363943", "0.999999999946231", " 1", " 1", " 0.999999999996915", " 1", "6.1", "4.9", " 4.9", " ", " 5.6", " 4.9", " 6.0", " 4.9", " 4.9", " ", " 4.6", " ", " ", " ", " 3.9", " 5.4", " 5.4", " 4.5", " ", " ", " 5.3", " 4.9", " ", " ", " 6.0", " 5.8", " 6.1", " 5.4", " ", " 3.9", " ", " ", " 5.8", " 5.0", " ", " 5.4", " 6.1", " 5.8", " ", " 5.4", " "
"1216", "", "False", "", "C6 H9 Br Cl4 N8 O", "Full match", " No results", " No results", " No results", " No results", "1.96", "427.88452", "426.87718", "5.418", "2861030.81701924", "0", "0", "0", "", "", "", "No matches found", " No matches found", " No matches found", " No matches found", " No matches found", "", "No matches found", "PreferredDDA", "", "[M-H]-1", "2689864.89806507", " 2456939.36788349", " 2416307.16343347", " 2514423.93290051", " 2287679.54562433", "6.40118777089644", " 6.85488609094371", " 4.08246305661823", " 4.23217553465583", " 5.02369821296544", "1.113", " 1.041", " 0.947", " 0.977", " 0.910", "0.15", " 0.06", " -0.08", " -0.03", " -0.14", "0.0222307285641382", " 0.976893125684051", " 0.273520156688659", " 0.999677977362584", " 0.0904167319212605", "0.993193243249472", " 1", " 1", " 0.999999999996915", " 1", "8.4", "6.0", " 6.4", " 7.5", " 6.8", " 6.4", " 7.5", " 6.8", " 7.5", " 6.4", " 6.8", " ", " 8.3", " 5.3", " 6.8", " 6.8", " 5.6", " 6.1", " 5.8", " 6.9", " 6.9", " 7.7", " 5.4", " 7.7", " 7.7", " 6.9", " 8.0", " 6.9", " 7.3", " 7.3", " 6.1", " 6.5", " 8.4", " 8.3", " 7.5", " 6.4", " 7.5", " 6.8", " 6.0", " 7.5", " 6.0"
"1406", "", "False", "", "C18 H43 N4 O2 P S2", "Full match", " No results", " No results", " No results", " No results", "2.65", "442.25768", "423.24006", "0.651", "2843931.98310077", "0", "0", "0", "", "", "", "No matches found", " No matches found", " No matches found", " No matches found", " No matches found", "", "No matches found", "PreferredDDA", "", "[M-H-H2O]-1", "", " 1045615.95350218", " ", " 1907939.13920022", " 1345846.36998742", "", " 52.5481019077237", " ", " 23.1729253477516", " 23.7690669188111", "", " Infinity", " Infinity", " 0.548", " 0.705", "", " Infinity", " Infinity", " -0.87", " -0.50", "", " ", " ", " 0.0807957114068719", " 0.464286141562184", "", " ", " ", " 0.999999999996915", " 1", "6.8", "", " ", " ", " ", " ", " ", " ", " ", " 4.0", " 3.3", " 2.5", " 4.6", " 3.8", " 5.2", " 1.9", " 3.8", " ", " ", " ", " ", " ", " ", " ", " ", " 6.2", " 6.8", " 4.6", " 5.3", " ", " 3.9", " ", " 3.1", " 5.4", " ", " 5.8", " 5.4", " ", " ", " 5.8", " 3.9"
"1244", "", "False", "11-Methyl-2Z,5Z-dodecadienoic acid", "C13 H22 O2", "No results", " No results", " No results", " Not the top hit", " Full match", "-0.12", "210.16195", "209.15432", "3.914", "2800170.11281935", "21", "0", "0", "", "", "", "No matches found", " No matches found", " No matches found", " No matches found", " No matches found", "", "Multiple matches found", "PreferredDDA", "", "[M-H]-1", "1807438.61804857", " 2431752.12198922", " 1950036.85502229", " 2056954.89027789", " 2390307.62500798", "18.7388493549962", " 8.94683667091218", " 35.4112043508603", " 15.6000738636721", " 16.3924381032984", "0.927", " 1.055", " 1.226", " 1.182", " 1.162", "-0.11", " 0.08", " 0.29", " 0.24", " 0.22", "0.920718220898405", " 0.380734723020551", " 0.369617221185904", " 0.872125395584963", " 0.998708881916473", "0.999999999946231", " 1", " 1", " 0.999999999996915", " 1", "4.5", "", " 3.5", " 1.7", " 1.7", " 2.1", " ", " 2.1", " 2.5", " ", " 4.1", " ", " 3.7", " 3.7", " 4.1", " 4.5", " 4.1", " 2.8", " ", " ", " ", " 2.2", " 2.1", " 1.3", " 1.5", " 2.0", " 2.5", " 2.9", " 3.5", " ", " 3.1", " 3.9", " 2.5", " 3.5", " ", " ", " 2.1", " ", " 2.3", " ", " 2.3"
"1409", "", "False", "Taurochenodeoxycholic acid", "C26 H45 N O6 S", "Not the top hit", " Full match", " No results", " Full match", " Full match", "1.79", "499.29765", "498.29038", "4.637", "2792572.93361036", "3", "5", "0", "99.6", "10.0", "", "No matches found", " No matches found", " No matches found", " No matches found", " No matches found", "", "Multiple matches found", "PreferredDDA", "", "[M-H]-1", "1228727.51672135", " 833560.790706029", " 2316564.50541635", " 1964197.87479773", " 746648.250636612", "", " 47.5238801470955", " ", " 37.5238618174232", " 13.5945603584655", "0.530", " 0.848", " 0.322", " 0.424", " 0.380", "-0.91", " -0.24", " -1.63", " -1.24", " -1.40", "", " ", " ", " 0.119023379283882", " 0.043827791387714", "", " ", " ", " 0.999999999996915", " 1", "5.9", "", " ", " ", " ", " ", " ", " ", " 4.0", " ", " ", " ", " ", " 2.9", " ", " 1.5", " 4.2", " ", " ", " 2.0", " ", " ", " ", " ", " ", " ", " ", " 1.5", " ", " ", " 1.9", " 5.9", " 2.5", " 2.0", " ", " 4.7", " ", " 4.7", " ", " ", " 3.5"
"1303", "", "False", "S-Acetyldihydrolipoamide", "C10 H19 N O2 S2", "Full match", " No results", " No results", " Full match", " Full match", "2.29", "249.08629", "248.07899", "0.595", "2771707.62461571", "2", "0", "0", "", "", "", "No matches found", " No matches found", " No matches found", " No matches found", " No matches found", "", "Multiple matches found", "PreferredDDA", "", "[M-H]-1", "2565713.42327893", " 2771707.62461571", " 2278648.04891518", " 2020683.06983287", " 1321639.54754108", "", " ", " ", " ", " ", "1.126", " 0.887", " 0.580", " 1.372", " 0.654", "0.17", " -0.17", " -0.79", " 0.46", " -0.61", "", " ", " ", " ", " ", "", " ", " ", " ", " ", "5.8", "", " ", " ", " ", " 4.2", " ", " ", " ", " ", " 5.4", " ", " ", " ", " ", " ", " ", " ", " 5.8", " ", " ", " ", " ", " ", " ", " 4.4", " ", " ", " ", " ", " ", " ", " ", " ", " ", " 5.2", " ", " ", " ", " ", " "
"1875", "", "False", "10-Propoxydecanoic acid", "C13 H26 O3", "Full match", " Full match", " No results", " Partial match", " Partial match", "-0.51", "230.18808", "229.18080", "4.070", "2769941.56186014", "5", "1", "0", "92.2", "9.6", "", "No matches found", " No matches found", " No matches found", " No matches found", " No matches found", "", "Multiple matches found", "PreferredDDA", "", "[M-H]-1", "1697007.76611848", " 2363192.85654629", " ", " 2074088.37457868", " 2046615.48768738", "7.16978137755076", " 24.3412015206079", " ", " 8.92076363406883", " 15.9662650893582", "Infinity", " Infinity", " Infinity", " 1.139", " 0.987", "Infinity", " Infinity", " Infinity", " 0.19", " -0.02", "", " ", " ", " 0.915335456203059", " 0.984694709666844", "", " ", " ", " 0.999999999996915", " 1", "4.3", "", " 3.9", " ", " ", " ", " 4.3", " ", " 4.3", " 2.4", " ", " ", " 3.0", " ", " ", " ", " ", " ", " ", " ", " ", " ", " ", " ", " ", " 3.9", " ", " ", " 4.1", " 4.1", " ", " ", " ", " ", " 3.1", " ", " 3.6", " 3.3", " ", " 3.1", " "
"1147", "", "False", "", "C28 H42 N4 O3", "Full match", " No results", " No results", " No results", " No results", "-1.23", "482.32510", "481.31782", "5.036", "2767545.64190317", "0", "0", "0", "", "", "", "No matches found", " No matches found", " No matches found", " No matches found", " No matches found", "", "No matches found", "PreferredDDA", "", "[M-H]-1", "1952686.04999781", " 752246.229299597", " 1682058.5375484", " 1776410.86133223", " 991328.307331437", "43.8959496694668", " 83.1683136458804", " 29.2852718791711", " 40.1195991213786", " 29.1270306852146", "1.161", " 1.056", " 0.589", " 0.423", " 0.558", "0.22", " 0.08", " -0.76", " -1.24", " -0.84", "0.98569719043355", " 0.979442138411895", " 0.0628391545807897", " 0.56692543813963", " 0.411496351604332", "0.999999999946231", " 1", " 0.444558294035035", " 0.999999999996915", " 1", "6.4", "5.2", " ", " 4.4", " 1.9", " 5.0", " 3.9", " 3.5", " ", " 2.7", " ", " 2.3", " 1.9", " ", " ", " 4.5", " ", " 4.6", " ", " 6.4", " 6.2", " 5.8", " 6.4", " 6.4", " 3.9", " ", " ", " ", " ", " 4.8", " ", " 5.0", " 2.5", " 4.0", " 2.9", " 3.5", " ", " 3.1", " 3.5", " ", " "
"1149", "", "False", "Ambrettolic acid", "C16 H30 O3", "Full match", " No results", " No results", " Not the top hit", " Full match", "1.23", "270.21983", "269.21255", "6.590", "2767410.93022221", "20", "0", "0", "", "", "", "No matches found", " No matches found", " No matches found", " No matches found", " No matches found", "", "Multiple matches found", "PreferredDDA", "CO2", "[M-H]-1", "1856136.04749119", " 2262734.29151577", " 1626894.16809704", " 1932510.54280977", " 2072256.31219511", "14.1286225676751", " 12.9838353186452", " 10.7787605144581", " 16.9776506653893", " 7.74929808239995", "1.141", " 1.188", " 1.274", " 1.171", " 1.072", "0.19", " 0.25", " 0.35", " 0.23", " 0.10", "0.471337736803485", " 0.174058534071962", " 0.0523914818687037", " 0.381808789664705", " 0.964143145309551", "0.999999999946231", " 0.958813836137332", " 0.390353435331609", " 0.999999999996915", " 1", "5.9", "3.0", " 4.7", " 3.2", " 3.8", " 4.1", " ", " 5.3", " 3.0", " 5.7", " 4.4", " ", " 4.0", " 4.7", " ", " ", " 2.9", " 4.1", " ", " ", " 4.5", " 4.5", " 3.0", " 3.0", " ", " 4.2", " 2.1", " 5.9", " 2.7", " 2.1", " ", " 2.9", " 2.5", " 5.3", " 5.3", " 4.1", " 5.6", " 4.9", " ", " 4.3", " 5.3"
"1242", "", "False", "", "C36 H51 N3 O5 S", "Full match", " No results", " No results", " No results", " No results", "4.26", "637.35766", "636.35038", "5.660", "2747463.56644864", "0", "0", "0", "", "", "", "No matches found", " No matches found", " No matches found", " No matches found", " No matches found", "", "No matches found", "PreferredDDA", "", "[M-H]-1", "874823.683617217", " 488475.651701985", " 1309927.24440233", " 623198.874536084", " 452731.264543524", "30.695148705166", " 40.3296898718458", " 56.2002529138584", " 69.3096108497971", " 63.0974672302488", "0.668", " 0.476", " 0.346", " 0.784", " 0.726", "-0.58", " -1.07", " -1.53", " -0.35", " -0.46", "0.409744050481505", " 0.146005804592036", " 0.0376476103489878", " 0.949752401149062", " 0.9099843575822", "0.999999999946231", " 0.86454415333546", " 0.306302996429058", " 0.999999999996915", " 1", "5.8", "", " 2.0", " 5.8", " 3.9", " 3.2", " 0.9", " 3.8", " 1.5", " 1.1", " 1.9", " ", " 5.2", " 4.5", " 2.3", " ", " 2.3", " ", " 3.5", " 2.1", " 2.1", " 4.2", " 2.9", " 0.4", " 1.1", " 1.1", " 0.8", " 2.3", " ", " 3.3", " 1.5", " 1.9", " 1.1", " ", " 2.3", " 2.7", " 3.0", " ", " 2.1", " 0.8", " "
"1014", "", "False", "", "", "No results", " No results", " No results", " No results", " No results", "", "220.86250", "219.85523", "0.841", "2745062.497239", "0", "0", "0", "", "", "", "No matches found", " No matches found", " No matches found", " No matches found", " No matches found", "", "No matches found", "PreferredDDA", "", "[M-H]-1", "595521.978678931", " ", " 408970.806425898", " 2745062.497239", " 223331.942472769", "72.3326848046843", " ", " 50.1199011370238", " ", " ", "1.456", " 6.712", " 0.546", " 0.000", " 0.081", "0.54", " 2.75", " -0.87", " -Infinity", " -3.62", "0.911412540383774", " ", " ", " ", " ", "0.999999999946231", " ", " ", " ", " ", "5.7", "4.9", " ", " ", " ", " 5.3", " ", " ", " ", " ", " ", " ", " ", " ", " ", " ", " ", " ", " ", " ", " ", " 2.3", " 1.9", " 5.7", " 3.4", " 5.4", " ", " ", " ", " ", " ", " ", " ", " ", " ", " ", " ", " ", " ", " 3.8", " "
"1275", "", "False", "12-epi Leukotriene B4", "C20 H32 O4", "No match", " Invalid mass", " No results", " No match", " No match", "-53564.95", "318.21991", "317.21264", "6.146", "2743473.56327702", "68", "13", "0", "78.7", "48.2", "", "No matches found", " No matches found", " No matches found", " No matches found", " No matches found", "", "Multiple matches found", "PreferredDDA", "", "[M-H]-1", "536832.290022677", " 1171640.61703772", " 518173.242547412", " 1249730.53300178", " 1187785.25974536", "", " 61.370236915052", " ", " 42.859877439861", " 36.5187578600306", "1.036", " 2.412", " 2.292", " 0.938", " 0.950", "0.05", " 1.27", " 1.20", " -0.09", " -0.07", "", " ", " ", " 0.999997379490867", " 0.999984971023401", "", " ", " ", " 0.999999999996915", " 1", "5.4", "", " ", " ", " ", " ", " ", " 0.8", " ", " ", " 1.6", " ", " 1.9", " 1.4", " 3.6", " ", " 0.8", " ", " ", " ", " ", " ", " 4.2", " ", " ", " 0.8", " 1.4", " 1.7", " 5.4", " 3.0", " 1.4", " 1.4", " 1.9", " 2.8", " 2.6", " 2.0", " 1.9", " 3.0", " 5.1", " 3.0", " 2.6"
"895", "", "False", "", "C6 H10 N6 O S2", "Full match", " No results", " No results", " No results", " No results", "3.67", "246.03665", "245.02937", "0.572", "2737471.43376074", "0", "0", "0", "", "", "", "No matches found", " No matches found", " No matches found", " No matches found", " No matches found", "", "No matches found", "PreferredDDA", "", "[M-H]-1", "", " 1282148.41613311", " ", " 1769168.90392155", " 853655.644336168", "", " 51.5756506994431", " ", " 48.6882682548463", " 11.7639578736749", "", " Infinity", " Infinity", " 0.725", " 0.483", "", " Infinity", " Infinity", " -0.46", " -1.05", "", " ", " ", " 0.981125645587462", " 0.398452488242241", "", " ", " ", " 0.999999999996915", " 1", "6.9", "", " ", " ", " ", " ", " ", " ", " ", " ", " 4.8", " ", " 5.4", " 1.9", " 4.4", " 4.8", " 5.2", " ", " ", " ", " ", " ", " ", " ", " ", " ", " 5.8", " ", " 5.2", " 0.8", " 4.8", " 5.2", " ", " ", " 6.9", " 4.7", " ", " 6.9", " ", " ", " "
"1256", "", "False", "", "C6 H23 N9 O4", "Invalid mass", " No results", " No results", " No results", " No results", "-5.07", "285.18585", "284.17858", "4.290", "2685269.46986977", "0", "0", "0", "", "", "", "No matches found", " No matches found", " No matches found", " No matches found", " No matches found", "", "No matches found", "PreferredDDA", "", "[M-H]-1", "1761086.983151", " 603389.750672062", " 1345762.23032095", " ", " 820219.947601055", "", " ", " 64.5685678338502", " ", " ", "1.309", " 0.000", " 0.609", " Infinity", " Infinity", "0.39", " -Infinity", " -0.71", " Infinity", " Infinity", "", " ", " ", " ", " ", "", " ", " ", " ", " ", "5.2", "", " ", " ", " ", " ", " 5.2", " ", " ", " ", " ", " ", " ", " 2.7", " ", " ", " ", " ", " ", " 4.6", " ", " ", " 5.2", " 3.0", " 1.9", " ", " ", " ", " ", " ", " ", " ", " ", " 2.3", " ", " ", " ", " ", " ", " ", " "
"1046", "", "False", "Ximaosteroid C", "C25 H36 O4", "Full match", " No results", " No results", " Not the top hit", " Full match", "1.46", "400.26194", "399.25467", "6.914", "2678610.59705056", "6", "0", "0", "", "", "", "No matches found", " No matches found", " No matches found", " No matches found", " No matches found", "", "Multiple matches found", "PreferredDDA", "", "[M-H]-1", "220468.883181598", " 931863.108148421", " 1095562.3712167", " 1659635.71547346", " 919920.7410099", "", " 54.9522881387971", " 49.1799813170303", " 36.0459890721748", " 23.8845904572526", "0.201", " 1.515", " 0.840", " 0.561", " 0.554", "-2.31", " 0.60", " -0.25", " -0.83", " -0.85", "", " 0.427115514213334", " 0.998999604223671", " 0.193922705639945", " 0.0650055109059617", "", " 1", " 1", " 0.999999999996915", " 1", "6.5", "1.9", " ", " ", " ", " ", " ", " ", " ", " 4.9", " 4.2", " ", " 1.5", " 4.0", " 2.7", " ", " 2.7", " 2.3", " ", " 4.4", " ", " ", " ", " ", " ", " 5.7", " 5.1", " 3.0", " 2.5", " 4.0", " 4.1", " 3.8", " ", " ", " 2.8", " 5.6", " 6.5", " 1.8", " 2.5", " 3.5", " "
"1209", "", "False", "", "C22 H33 Cl N4", "Full match", " No results", " No results", " No results", " No results", "-1.90", "388.23864", "387.23136", "6.557", "2671445.5537206", "0", "0", "0", "", "", "", "No matches found", " No matches found", " No matches found", " No matches found", " No matches found", "", "No matches found", "PreferredDDA", "", "[M-H]-1", "525183.427705738", " 1259901.05086036", " 1191403.990044", " 466802.4536982", " ", "", " ", " 74.9014900665265", " 51.6542045170193", " ", "0.441", " 0.392", " 0.000", " 2.699", " 0.000", "-1.18", " -1.35", " -Infinity", " 1.43", " -Infinity", "", " 0.421213690985867", " ", " ", " ", "", " 1", " ", " ", " ", "4.9", "", " ", " ", " ", " 0.8", " ", " ", " ", " ", " ", " 3.3", " ", " ", " ", " ", " ", " ", " 2.5", " 2.0", " ", " ", " ", " 2.7", " ", " ", " ", " 4.8", " ", " ", " 1.9", " 4.5", " 4.9", " ", " ", " ", " ", " ", " ", " ", " "
"872", "", "False", "Sarcoehrendin J", "C25 H42 O7", "Not the top hit", " No results", " No results", " Full match", " Full match", "2.32", "454.29411", "453.28683", "7.127", "2648477.13512532", "1", "0", "0", "", "", "", "No matches found", " No matches found", " No matches found", " No matches found", " No matches found", "", "Single match found", "PreferredDDA", "", "[M-H]-1", "783263.147041278", " 1803842.12194414", " ", " 1985512.87364235", " 1517027.82298278", "", " 25.242666471577", " ", " 14.6732719342636", " 40.0061044180099", "Infinity", " Infinity", " Infinity", " 0.909", " 0.764", "Infinity", " Infinity", " Infinity", " -0.14", " -0.39", "", " ", " ", " 0.684949099088441", " 0.7105855965993", "", " ", " ", " 0.999999999996915", " 1", "6.4", "", " ", " ", " 0.0", " ", " ", " ", " ", " 2.8", " 1.6", " ", " ", " 1.2", " ", " 4.3", " ", " ", " ", " ", " ", " ", " ", " ", " ", " 5.7", " 5.7", " 4.0", " ", " ", " 2.9", " ", " 6.4", " 2.1", " 1.0", " ", " ", " 1.0", " ", " 2.0", " "
"1787", "", "False", "Cer 8:1;2O/4:0", "C12 H23 N O3", "Full match", " No results", " Full match", " No results", " No results", "-0.66", "229.16764", "228.16037", "2.734", "2648406.45494236", "0", "0", "1", "", "", "0.1", "No matches found", " No matches found", " No matches found", " Single match found", " No matches found", "", "No matches found", "PreferredDDA", "", "[M-H]-1", "2342510.41927796", " 2272371.45665358", " 2370331.16026388", " 2509531.0320705", " 2648406.45494236", "", " 0.748372574132797", " 4.59920388908315", " ", " ", "0.988", " 1.059", " 1.117", " 0.905", " 1.055", "-0.02", " 0.08", " 0.16", " -0.14", " 0.08", "", " ", " ", " ", " ", "", " ", " ", " ", " ", "5.4", "", " ", " 1.6", " ", " ", " ", " ", " ", " 3.9", " ", " ", " ", " ", " ", " 5.0", " ", " 5.4", " ", " ", " ", " ", " 5.0", " 4.6", " ", " ", " ", " ", " ", " ", " ", " 1.2", " ", " ", " ", " ", " 2.0", " ", " ", " ", " "
"1225", "", "False", "", "C32 H47 N8 O2 P", "Full match", " No results", " No results", " No results", " No results", "1.90", "606.35711", "605.34983", "6.150", "2625516.3835157", "0", "0", "0", "", "", "", "No matches found", " No matches found", " No matches found", " No matches found", " No matches found", "", "No matches found", "PreferredDDA", "", "[M-H]-1", "627738.098469058", " 551083.676938201", " 501579.970986735", " 552973.605303563", " 520817.933364509", "36.2484805033156", " 48.8291183285336", " 97.9679769256948", " 72.3214105816729", " 74.154405311674", "1.252", " 1.102", " 1.038", " 0.997", " 0.942", "0.32", " 0.14", " 0.05", " 0.00", " -0.09", "0.986528060868034", " 0.997697886940146", " 0.989579159420251", " 0.948014734493459", " 0.999911582208539", "0.999999999946231", " 1", " 1", " 0.999999999996915", " 1", "4.5", "", " 3.2", " 1.6", " 1.6", " 3.5", " 2.6", " 2.4", " ", " 0.8", " ", " ", " 4.5", " ", " 3.0", " ", " 1.9", " 1.1", " ", " 3.1", " ", " 1.1", " 1.5", " 3.0", " ", " 0.4", " ", " 4.5", " 2.5", " ", " 1.5", " ", " 2.3", " 3.4", " ", " 1.5", " ", " 2.7", " 2.1", " 1.5", " 2.7"
"783", "", "False", "", "C8 H25 N6 O3 P S2", "Full match", " No results", " No results", " No results", " No results", "1.77", "348.11733", "347.11005", "0.605", "2615867.45898941", "0", "0", "0", "", "", "", "No matches found", " No matches found", " No matches found", " No matches found", " No matches found", "", "No matches found", "PreferredDDA", "", "[M-H]-1", "1252589.65361657", " ", " 949243.548457398", " ", " 908368.389609125", "43.6561536665778", " ", " ", " ", " ", "1.320", " 0.000", " 0.957", " ", " Infinity", "0.40", " -Infinity", " -0.06", " ", " Infinity", "", " ", " ", " ", " ", "", " ", " ", " ", " ", "6.1", "", " ", " 5.9", " ", " 5.5", " 5.9", " 5.2", " 6.1", " ", " ", " ", " ", " ", " ", " ", " ", " ", " ", " ", " ", " ", " ", " ", " 5.3", " ", " ", " ", " ", " ", " ", " ", " ", " ", " ", " ", " ", " ", " 3.4", " ", " "
"1325", "", "False", "Thapsic acid", "C16 H30 O4", "Full match", " No results", " No results", " Full match", " Full match", "1.53", "286.21485", "285.20757", "5.952", "2606320.19530812", "4", "0", "0", "", "", "", "No matches found", " No matches found", " No matches found", " No matches found", " No matches found", "", "Multiple matches found", "PreferredDDA", "", "[M-H]-1", "1246290.03946714", " 1387388.42008152", " 1376041.89140384", " 1032433.34193726", " 1259073.5675116", "17.3050493062277", " 32.0161889606724", " 23.2439850173505", " 37.4943533045973", " 23.9324730238139", "0.906", " 0.750", " 0.915", " 1.344", " 1.220", "-0.14", " -0.41", " -0.13", " 0.43", " 0.29", "0.986759710861535", " 0.92454248805365", " 0.967072243850083", " 0.374450258117955", " 0.999788908350584", "0.999999999946231", " 1", " 1", " 0.999999999996915", " 1", "5.2", "4.0", " 4.0", " 3.6", " 4.4", " 5.2", " 3.3", " ", " ", " 3.4", " 3.0", " ", " 1.9", " 4.4", " 3.2", " 2.6", " 4.5", " 2.8", " 3.5", " 4.6", " ", " 4.3", " 4.3", " 2.8", " 3.9", " 2.4", " ", " 2.6", " 4.0", " 3.8", " 2.6", " 1.5", " 2.6", " 2.8", " 2.8", " 3.1", " ", " 3.9", " 3.9", " 2.8", " 3.5"
"1943", "", "False", "Hexadecanedioic acid", "C16 H30 O4", "Full match", " Full match", " No results", " Full match", " Full match", "2.09", "286.21501", "285.20773", "4.780", "2594133.04105114", "4", "2", "0", "88.8", "9.4", "", "No matches found", " No matches found", " No matches found", " No matches found", " No matches found", "", "Multiple matches found", "PreferredDDA", "", "[M-H]-1", "2054813.74535468", " 2014644.95349393", " 2232806.1830495", " 2028245.64001368", " 2008543.09248976", "8.03879194323533", " 10.2856258260894", " 4.41598453766064", " 8.45455826822783", " 13.2381258319301", "0.920", " 0.908", " 0.900", " 0.993", " 0.990", "-0.12", " -0.14", " -0.15", " -0.01", " -0.01", "0.552043697605739", " 0.205392684621713", " 0.283778864234419", " 0.986078716532741", " 0.998793591292041", "0.999999999946231", " 1", " 1", " 0.999999999996915", " 1", "5.4", "4.3", " 3.5", " 3.4", " 4.9", " 4.9", " 3.0", " 4.1", " 2.8", " 3.2", " 2.6", " ", " ", " 2.5", " 2.9", " 3.0", " 3.0", " 4.2", " 3.5", " 4.2", " ", " 3.9", " 4.6", " ", " 4.2", " 3.1", " 3.4", " 5.4", " 2.8", " 3.0", " 3.1", " 3.7", " ", " 3.4", " 3.0", " 2.6", " 2.6", " 2.9", " 2.9", " 2.9", " 2.2"
"704", "", "False", "FAHFA 16:1/18:3", "C34 H58 O4", "Full match", " No results", " Full match", " No results", " No results", "-3.11", "530.43186", "529.42458", "7.500", "2585752.20295389", "0", "0", "2", "", "", "76.3", "No matches found", " No matches found", " No matches found", " Multiple matches found", " No matches found", "", "No matches found", "PreferredDDA", "", "[M-H]-1", "2298740.93104013", " ", " 2084594.15636567", " 2585752.20295389", " 1668390.86381588", "", " ", " 33.6749877347677", " ", " 8.95436714553428", "1.103", " 1.240", " 0.800", " 0.000", " 0.645", "0.14", " 0.31", " -0.32", " -Infinity", " -0.63", "", " ", " 0.860161750456054", " ", " ", "", " ", " 1", " ", " ", "8.4", "2.3", " ", " ", " ", " ", " ", " ", " ", " ", " ", " ", " ", " ", " ", " ", " ", " ", " ", " ", " 5.3", " ", " 5.9", " ", " ", " ", " ", " ", " ", " ", " ", " ", " 2.3", " ", " 7.3", " ", " ", " 8.4", " ", " ", " "
"1191", "", "False", "16:4(4Z,7Z,10Z,13Z)", "C16 H24 O2", "Full match", " No results", " No results", " Not the top hit", " Full match", "0.55", "248.17777", "247.17049", "6.524", "2534645.60205458", "18", "0", "0", "", "", "", "No matches found", " No matches found", " No matches found", " No matches found", " No matches found", "", "Multiple matches found", "PreferredDDA", "CO2", "[M-H]-1", "", " 1413948.60568845", " ", " 1323717.66322498", " 871808.994428421", "", " 45.9613802523275", " ", " 43.0143641115811", " 45.9257525712503", "", " Infinity", " Infinity", " 1.068", " 0.659", "", " Infinity", " Infinity", " 0.10", " -0.60", "", " ", " ", " 0.99596931768431", " 0.341061196060299", "", " ", " ", " 0.999999999996915", " 1", "5.8", "", " ", " ", " ", " ", " ", " ", " ", " 1.9", " 3.9", " ", " 5.5", " 5.4", " 3.3", " ", " 1.9", " ", " ", " ", " ", " ", " ", " ", " ", " 3.8", " 3.3", " 1.4", " 5.4", " 1.7", " 4.0", " 1.7", " 2.7", " 3.0", " 2.7", " 3.4", " 2.3", " 2.1", " 5.8", " 3.0", " 5.3"
"1384", "", "False", "", "C9 H7 N6 O3 P", "Full match", " No results", " No results", " No results", " No results", "0.17", "278.03177", "277.02450", "0.689", "2470551.31892096", "0", "0", "0", "", "", "", "No matches found", " No matches found", " No matches found", " No matches found", " No matches found", "", "No matches found", "PreferredDDA", "", "[M-H]-1", "1595982.33522748", " 789095.931501398", " 1567101.2727178", " 462959.340049146", " 902654.273398152", "23.7829104920012", " 19.7949702995102", " 22.6186979081596", " ", " 55.1129918644246", "1.018", " 0.295", " 0.576", " 1.704", " 1.950", "0.03", " -1.76", " -0.80", " 0.77", " 0.96", "0.914444154798812", " ", " 0.0868377128410912", " ", " ", "0.999999999946231", " ", " 0.560209147474845", " ", " ", "7.0", "6.5", " 6.2", " 2.6", " 5.8", " 4.3", " 6.2", " 6.2", " 6.2", " 4.5", " ", " ", " 7.0", " 6.1", " 6.1", " 4.5", " 6.4", " 6.5", " 5.2", " 4.6", " ", " 6.2", " 5.8", " 6.2", " 6.2", " ", " 4.9", " ", " ", " ", " ", " ", " ", " ", " ", " ", " ", " 5.2", " ", " ", " 4.5"
"1695", "", "False", "Batatasin IV", "C15 H16 O3", "Not the top hit", " No results", " No results", " Not the top hit", " Full match", "0.44", "244.11005", "243.10277", "3.787", "2469229.18593201", "7", "0", "0", "", "", "", "No matches found", " No matches found", " No matches found", " No matches found", " No matches found", "", "Single match found", "PreferredDDA", "CO2", "[M-H]-1", "1138841.56398794", " 1231950.62014819", " 1186109.75668524", " 1182227.1838581", " 475509.666524988", "43.0954790215611", " 18.0650602459093", " ", " 53.8881460335513", " ", "0.960", " 0.997", " 0.401", " 1.042", " 0.402", "-0.06", " 0.00", " -1.32", " 0.06", " -1.31", "", " ", " ", " 0.999975108269753", " ", "", " ", " ", " 0.999999999996915", " ", "4.8", "", " ", " ", " ", " 3.3", " 4.2", " ", " ", " ", " 2.5", " ", " 4.8", " 2.5", " ", " ", " ", " ", " ", " ", " ", " ", " ", " ", " 4.8", " 2.0", " 2.9", " ", " 3.0", " ", " ", " ", " ", " ", " ", " ", " ", " ", " ", " ", " 4.5"
"653", "", "False", "ST 27:1;O;S", "C27 H46 O4 S", "Not the top hit", " No results", " Full match", " Partial match", " Partial match", "1.06", "466.31217", "465.30490", "10.854", "2463392.10774881", "1", "0", "1", "", "", "42.2", "No matches found", " No matches found", " No matches found", " Single match found", " No matches found", "", "Single match found", "PreferredDDA", "", "[M-H]-1", "563048.569822524", " 698637.444077922", " 617351.325658419", " 819772.658848669", " 659502.300718587", "97.3984224753379", " 22.9199925357655", " 43.8019388821595", " 21.4645882846943", " 45.7233741012565", "0.912", " 1.328", " 1.068", " 0.852", " 0.804", "-0.13", " 0.41", " 0.10", " -0.23", " -0.31", "0.899118342945937", " 0.976736671493718", " 0.945760223841713", " 0.987113277224447", " 0.999384822248058", "0.999999999946231", " 1", " 1", " 0.999999999996915", " 1", "7.1", "", " 5.7", " ", " ", " ", " 4.9", " ", " 4.2", " ", " 6.3", " ", " 5.9", " 6.3", " 6.7", " ", " 6.7", " ", " ", " 6.1", " 4.9", " ", " ", " ", " ", " 6.7", " 6.3", " 7.1", " ", " ", " ", " 6.3", " ", " ", " 5.7", " ", " 2.1", " ", " ", " ", " 5.3"
"1375", "", "False", "", "C24 H42 N6 O", "Full match", " No results", " No results", " No results", " No results", "-1.86", "430.34121", "429.33393", "4.664", "2412300.28541684", "0", "0", "0", "", "", "", "No matches found", " No matches found", " No matches found", " No matches found", " No matches found", "", "No matches found", "PreferredDDA", "", "[M-H]-1", "2147678.6430345", " 2084454.35915489", " 2007759.13158847", " 2059919.24806317", " 2237604.66194357", "4.65586563864752", " 4.27357380190119", " 5.43944289268634", " 4.7323481586735", " 3.3438883269922", "1.070", " 1.026", " 1.114", " 1.012", " 1.086", "0.10", " 0.04", " 0.16", " 0.02", " 0.12", "0.10959957087361", " 0.588270871800433", " 0.000540460197654968", " 0.999547580234829", " 0.0214598638226499", "0.999999999946231", " 1", " 0.0124305845460643", " 0.999999999996915", " 0.962628177187437", "8.0", "6.9", " 6.9", " 7.0", " 6.1", " 6.5", " 7.7", " 8.0", " 6.5", " 5.8", " 6.3", " ", " 7.7", " 6.5", " 7.7", " 7.0", " 7.3", " ", " 6.4", " 5.0", " 6.0", " 5.4", " 5.4", " 6.5", " 5.4", " 7.3", " 5.4", " 7.0", " 6.5", " 6.1", " 5.4", " 5.5", " 6.5", " 7.3", " 6.9", " 6.9", " 8.0", " 7.3", " 6.9", " 7.3", " 6.5"
"910", "", "False", "", "C21 H37 N5", "Full match", " No results", " No results", " No results", " No results", "-2.22", "359.30410", "358.29682", "7.025", "2396965.83131382", "0", "0", "0", "", "", "", "No matches found", " No matches found", " No matches found", " No matches found", " No matches found", "", "No matches found", "PreferredDDA", "", "[M-H]-1", "980227.476117257", " 1088516.80219629", " 694869.292617403", " 1347173.56868229", " 1102776.8342795", "28.1145212635378", " 44.4005044571334", " 45.8545096945607", " 90.2184603596292", " 37.5497176792306", "1.411", " 1.939", " 1.587", " 0.808", " 0.819", "0.50", " 0.96", " 0.67", " -0.31", " -0.29", "0.932250679630395", " 0.960787864514074", " 0.919268674361577", " 0.989677696529617", " 0.999910930080753", "0.999999999946231", " 1", " 1", " 0.999999999996915", " 1", "6.5", "5.6", " 3.9", " 6.5", " ", " ", " 6.5", " 4.0", " ", " 5.3", " 5.2", " ", " ", " 5.8", " 2.5", " 5.3", " 1.0", " 5.2", " ", " 2.3", " 3.0", " 2.9", " 4.9", " 4.8", " 4.9", " 1.9", " ", " ", " ", " 5.4", " ", " ", " ", " 5.7", " 5.1", " 5.3", " 5.4", " 4.7", " 5.3", " 5.7", " 1.9"
"1340", "", "False", "22-deoxy-20,21-dihydroxyecdysone", "C27 H44 O7", "Unused", " No results", " No results", " Not the top hit", " Full match", "1.52", "480.30943", "479.30216", "5.208", "2386907.6359966", "9", "0", "0", "", "", "", "No matches found", " No matches found", " No matches found", " No matches found", " No matches found", "", "Multiple matches found", "PreferredDDA", "", "[M-H]-1", "648454.02104007", " 1620354.93083348", " 1007361.69563272", " 1481399.15625021", " 993545.282791233", "63.4568068465612", " 45.0313864687161", " 19.0330715029825", " 56.2882058401546", " 27.7940868381856", "0.644", " 1.471", " 0.986", " 1.094", " 0.671", "-0.64", " 0.56", " -0.02", " 0.13", " -0.58", "0.987431303199732", " 0.99968141134277", " 0.998376952759531", " 0.971853503060159", " 0.955153812874558", "0.999999999946231", " 1", " 1", " 0.999999999996915", " 1", "6.1", "3.0", " ", " 4.5", " ", " 2.7", " ", " 3.6", " ", " 4.2", " 1.5", " ", " 3.6", " 1.0", " 3.9", " ", " ", " ", " ", " ", " ", " ", " ", " 5.2", " 6.1", " ", " 1.9", " 2.1", " 1.9", " 3.1", " 2.9", " 4.0", " 4.4", " 2.0", " 2.1", " 5.0", " ", " 5.6", " 2.0", " 3.5", " "
"1247", "", "False", "3beta-Hydroxy-5alpha,6alpha-epoxy-9-oxo-9,10-seco-5-cholest-7-en-11-al", "C27 H42 O4", "Not the top hit", " No results", " No results", " Not the top hit", " Full match", "1.40", "430.30891", "429.30164", "5.613", "2386687.50838166", "39", "0", "0", "", "", "", "No matches found", " No matches found", " No matches found", " No matches found", " No matches found", "", "Multiple matches found", "PreferredDDA", "", "[M-H]-1", "1613046.9995598", " 816101.903391826", " 1501425.13094244", " 1139153.60424716", " 882151.025834828", "33.9513237518348", " 34.6637120874587", " 36.2250828149372", " 48.6562922705583", " 35.8496248034471", "1.074", " 0.759", " 0.588", " 0.716", " 0.774", "0.10", " -0.40", " -0.77", " -0.48", " -0.37", "0.997415837136179", " 0.809024079942889", " 0.493978231270282", " 0.879345371178132", " 0.986759751723291", "0.999999999946231", " 1", " 1", " 0.999999999996915", " 1", "6.0", "5.4", " 4.1", " 4.0", " ", " 5.7", " 4.1", " 5.3", " ", " 1.6", " 0.5", " ", " 4.5", " 2.2", " 3.8", " 3.9", " 3.9", " 6.0", " 2.0", " 3.8", " 3.2", " 3.6", " 5.7", " 4.0", " 6.0", " ", " ", " 2.7", " 5.2", " 3.4", " 2.1", " 4.8", " 1.1", " 1.9", " ", " 4.9", " ", " 4.7", " 3.5", " 2.2", " 3.2"
"1690", "", "False", "PGF2alpha", "C20 H34 O5", "No match", " No results", " No results", " Not the top hit", " Full match", "-4.68", "354.23897", "353.23169", "5.472", "2386138.84324818", "91", "0", "0", "", "", "", "No matches found", " No matches found", " No matches found", " No matches found", " No matches found", "", "Multiple matches found", "PreferredDDA", "", "[M-H]-1", "1255573.61281088", " 1683919.2429371", " 1517124.20140895", " 1341308.86541487", " 963325.718619221", "3.7934230008171", " 27.1372338436286", " 20.819372755776", " 34.0228353083284", " 21.6439173233591", "0.828", " 0.884", " 0.635", " 1.255", " 0.718", "-0.27", " -0.18", " -0.66", " 0.33", " -0.48", "0.880003436087745", " 0.999937387906125", " 0.224167585756445", " 0.962459058474102", " 0.277076946366581", "0.999999999946231", " 1", " 1", " 0.999999999996915", " 1", "4.8", "4.0", " ", " 4.8", " ", " ", " ", " 4.0", " ", " 3.5", " 2.6", " ", " 3.9", " 4.3", " 4.3", " 3.5", " 3.9", " ", " 2.4", " 3.1", " ", " 2.8", " 2.8", " 4.6", " ", " 2.2", " 2.2", " 1.9", " 2.9", " ", " 1.9", " ", " ", " 2.1", " ", " 2.4", " ", " 2.8", " 2.9", " 2.5", " 2.0"
"506", "", "False", "LMST01010262", "C27 H46 O4", "Full match", " No results", " No results", " Not the top hit", " Full match", "1.03", "434.34006", "433.33295", "5.262", "2382295.63509944", "40", "0", "0", "", "", "", "No matches found", " No matches found", " No matches found", " No matches found", " No matches found", "", "Multiple matches found", "PreferredDDA", "", "[M-H]-1", "", " 1073520.5330076", " ", " 1273392.90107172", " 851012.860608872", "", " 67.1353161642631", " ", " 10.4118371124039", " 27.4564212330845", "", " Infinity", " Infinity", " 0.843", " 0.668", "", " Infinity", " Infinity", " -0.25", " -0.58", "", " ", " ", " 0.792958566772008", " 0.664643493044664", "", " ", " ", " 0.999999999996915", " 1", "6.0", "", " ", " ", " ", " ", " ", " ", " ", " ", " 0.8", " ", " 0.2", " 2.1", " ", " 1.1", " 0.0", " ", " ", " ", " ", " ", " ", " ", " ", " ", " ", " ", " ", " ", " 4.9", " 6.0", " ", " 3.3", " ", " 1.8", " ", " ", " 3.7", " 4.3", " "
"1414", "", "False", "2,3-dinor Prostaglandin E1", "C18 H30 O5", "No match", " Invalid mass", " No results", " No match", " No match", "-55210.67", "308.19909", "307.19181", "5.072", "2376263.16976666", "29", "2", "0", "62.3", "65.5", "", "No matches found", " No matches found", " No matches found", " No matches found", " No matches found", "", "Multiple matches found", "PreferredDDA", "CO2", "[M-H]-1", "1186703.22779645", " 1405677.11974341", " ", " 990575.056255131", " 680829.244507202", "25.1306514888105", " 31.0652745836031", " ", " 28.2278634157613", " 34.9159069322163", "Infinity", " Infinity", " Infinity", " 1.419", " 0.687", "Infinity", " Infinity", " Infinity", " 0.50", " -0.54", "", " ", " ", " 0.180018413742678", " 0.258831055154728", "", " ", " ", " 0.999999999996915", " 1", "5.3", "", " ", " 3.1", " ", " 2.4", " 2.4", " 1.4", " ", " 4.5", " ", " ", " 5.3", " 2.1", " 3.8", " 2.2", " 4.5", " ", " ", " ", " ", " ", " ", " ", " ", " 3.1", " 1.2", " 1.4", " ", " ", " ", " ", " 2.1", " 2.8", " ", " 0.5", " ", " ", " ", " 0.9", " 1.3"
"1171", "", "False", "Ptilodene", "C20 H28 O4", "Unused", " No results", " No results", " Not the top hit", " Full match", "-4.85", "332.19715", "331.18987", "6.445", "2351765.68657571", "26", "0", "0", "", "", "", "No matches found", " No matches found", " No matches found", " No matches found", " No matches found", "", "Multiple matches found", "PreferredDDA", "", "[M-H]-1", "", " 569290.887910384", " 506891.677816954", " 1378531.03580821", " 750073.385541077", "", " 24.738247171638", " 29.606317070521", " 43.8375539217661", " 44.4272357577151", "0.000", " 2.720", " 1.480", " 0.413", " 0.544", "-Infinity", " 1.44", " 0.57", " -1.28", " -0.88", "", " 0.043124970337582", " 0.577626828691021", " 0.0182293933444013", " 0.102035711844957", "", " 0.386710799584547", " 1", " 0.697274295423351", " 1", "5.6", "", " ", " ", " ", " ", " ", " ", " ", " ", " 2.9", " ", " 2.9", " ", " 4.0", " ", " ", " ", " ", " 5.6", " ", " ", " ", " 3.7", " ", " 4.5", " 4.9", " 4.4", " 5.4", " 4.8", " 5.0", " 4.4", " 2.3", " 4.2", " ", " 3.0", " 4.2", " 4.5", " 4.4", " 3.3", " 4.4"
"1507", "", "False", "", "C4 H5 Cl N4 O5 S3", "Full match", " No results", " No results", " No results", " No results", "4.04", "319.91235", "318.90507", "5.417", "2343437.10529857", "0", "0", "0", "", "", "", "No matches found", " No matches found", " No matches found", " No matches found", " No matches found", "", "No matches found", "PreferredDDA", "", "[M-H]-1", "2146553.73071532", " 1979922.34617947", " 1998720.55375423", " 2089430.16292564", " 1974602.53845797", "3.62492218758742", " 7.95960288725261", " 11.4014484299773", " 7.18819273039782", " 8.21796631964926", "1.074", " 1.045", " 0.988", " 0.948", " 0.945", "0.10", " 0.06", " -0.02", " -0.08", " -0.08", "0.151756826847474", " 0.373441514746407", " 0.899509426032681", " 0.906872770272227", " 0.868797649429898", "0.999999999946231", " 1", " 1", " 0.999999999996915", " 1", "7.9", "7.7", " 6.5", " 6.9", " ", " 6.9", " ", " ", " 7.7", " ", " 4.3", " ", " 5.8", " ", " ", " 6.0", " 6.0", " 7.2", " 4.9", " 5.3", " 6.8", " ", " ", " 5.9", " 6.3", " 7.1", " 5.6", " ", " ", " 6.9", " 5.6", " 5.3", " 7.9", " ", " 6.2", " 5.4", " 5.8", " ", " 5.0", " 5.6", " 6.4"
"1284", "", "False", "", "C26 H51 N6 O3 P", "Full match", " No results", " No results", " No results", " No results", "-4.21", "526.37381", "525.36653", "5.925", "2319452.09330916", "0", "0", "0", "", "", "", "No matches found", " No matches found", " No matches found", " No matches found", " No matches found", "", "No matches found", "PreferredDDA", "", "[M-H]-1", "", " 1284049.41912808", " 404820.514743786", " 493617.7727467", " 527694.649969029", "", " 65.3328836313915", " ", " 68.6446117077454", " 72.8452762843273", "0.000", " 1.219", " 1.304", " 2.601", " 1.069", "-Infinity", " 0.29", " 0.38", " 1.38", " 0.10", "", " ", " ", " 0.923081252979205", " 0.962873153989134", "", " ", " ", " 0.999999999996915", " 1", "5.2", "", " ", " ", " ", " ", " ", " ", " ", " ", " 5.2", " ", " ", " 5.0", " 2.9", " 2.7", " 3.0", " ", " ", " 3.0", " ", " ", " ", " ", " ", " ", " ", " 2.3", " 4.2", " 3.6", " 3.6", " ", " 2.7", " 2.3", " ", " ", " ", " 3.0", " 5.2", " 1.5", " 3.8"
"360", "", "False", "13,14-dihydro-15-keto-tetranor Prostaglandin D2", "C16 H26 O5", "No match", " Invalid mass", " No results", " No results", " No results", "-60389.43", "280.17122", "279.16395", "10.849", "2312083.70944909", "0", "1", "0", "70.9", "8.5", "", "No matches found", " No matches found", " No matches found", " No matches found", " No matches found", "", "No matches found", "PreferredDDA", "", "[M-H]-1", "1543944.81950534", " 1590665.91596884", " 1944085.06352025", " 1722512.91118695", " 1852638.69875369", "22.3271679759715", " 39.2947412466735", " 24.2179143791891", " 25.5610070100658", " 8.25958064621772", "0.794", " 0.886", " 0.953", " 0.923", " 1.076", "-0.33", " -0.17", " -0.07", " -0.11", " 0.11", "0.87177093037459", " 0.976234290986404", " 0.970593481518792", " 0.928390924820917", " 0.758276718393767", "0.999999999946231", " 1", " 1", " 0.999999999996915", " 1", "8.8", "5.8", " 5.8", " 6.5", " 5.8", " 6.5", " 5.0", " 6.2", " 4.6", " 4.5", " 5.5", " ", " 3.8", " 6.4", " 4.3", " 6.6", " 5.7", " 6.4", " 6.4", " 6.8", " 3.5", " 6.2", " 6.4", " 6.9", " 7.3", " 5.8", " 6.5", " 4.9", " 5.8", " 5.0", " 4.3", " 6.9", " 5.0", " 8.8", " 8.1", " 8.7", " 8.4", " 7.7", " 8.4", " ", " 8.1"
"1232", "", "False", "17-hydroxy-1-oxo-2,3-seco-androstan-3-oic acid", "C19 H30 O4", "Full match", " No results", " No results", " Not the top hit", " Full match", "1.28", "322.21482", "321.20755", "4.234", "2295927.54896722", "4", "0", "0", "", "", "", "No matches found", " No matches found", " No matches found", " No matches found", " No matches found", "", "Multiple matches found", "PreferredDDA", "", "[M-H]-1", "1083715.50551847", " ", " 1477770.46122436", " 1485419.6210102", " 1858749.93744473", "48.6676962407928", " ", " ", " ", " 33.2622745494709", "0.733", " 1.005", " 1.258", " 0.000", " 1.251", "-0.45", " 0.01", " 0.33", " -Infinity", " 0.32", "", " ", " ", " ", " ", "", " ", " ", " ", " ", "4.4", "", " ", " ", " ", " 0.8", " 3.3", " ", " ", " ", " ", " ", " ", " ", " ", " ", " ", " ", " ", " 2.9", " ", " ", " ", " ", " ", " ", " ", " ", " ", " ", " ", " ", " 3.6", " 4.4", " ", " 3.4", " ", " ", " ", " ", " "
"816", "", "False", "", "C8 H8 N2 O10", "Invalid mass", " No results", " No results", " No results", " No results", "-5.83", "292.01619", "337.01478", "0.539", "2261088.41624378", "0", "0", "0", "", "", "", "No matches found", " No matches found", " No matches found", " No matches found", " No matches found", "", "No matches found", "PreferredDDA", "", "[M+FA-H]-1", "545075.919815361", " 541721.577642622", " 867138.684418235", " 522871.716576379", " 548072.715650404", "19.5880583859382", " 96.8005692838692", " 25.5605639816453", " 18.6948060128323", " 11.2038224177422", "0.629", " 0.603", " 0.632", " 1.036", " 1.048", "-0.67", " -0.73", " -0.66", " 0.05", " 0.07", "0.939473278025256", " 0.766896018508452", " 0.913898480044281", " 0.970809856226453", " 0.999527322052296", "0.999999999946231", " 1", " 1", " 0.999999999996915", " 1", "6.9", "", " ", " ", " 6.1", " ", " 6.4", " 6.8", " ", " 4.9", " ", " 5.8", " ", " 4.2", " 4.9", " 2.7", " ", " ", " ", " ", " ", " 5.6", " ", " ", " 6.2", " ", " ", " ", " 6.4", " 5.3", " 6.1", " 6.4", " ", " ", " ", " 6.9", " ", " ", " 6.9", " ", " "
"1798", "", "False", "2-(5-((2Z,5Z,8Z,11Z)-tetradeca-2,5,8,11-tetraen-1-yl)furan-2-yl)-ethanoic acid", "C20 H26 O3", "Full match", " No results", " No results", " Not the top hit", " Full match", "2.17", "314.18888", "313.18160", "5.305", "2255406.99149493", "16", "0", "0", "", "", "", "No matches found", " No matches found", " No matches found", " No matches found", " No matches found", "", "Multiple matches found", "PreferredDDA", "", "[M-H]-1", "608279.133416758", " ", " 566277.234816568", " ", " 358266.345046028", "48.5884877269492", " ", " 98.8638289970696", " ", " 8.9905207519187", "1.074", " 0.000", " 0.633", " ", " Infinity", "0.10", " -Infinity", " -0.66", " ", " Infinity", "0.871798430917855", " ", " 0.441310428814369", " ", " ", "0.999999999946231", " ", " 1", " ", " ", "4.9", "", " 1.1", " ", " 4.9", " 1.9", " 2.1", " 0.4", " ", " ", " ", " ", " ", " ", " ", " ", " ", " 4.9", " ", " ", " ", " ", " 2.0", " ", " 0.0", " ", " ", " ", " ", " ", " ", " ", " ", " ", " ", " ", " ", " ", " ", " 4.8", " 3.7"
"1515", "", "False", "", "C5 H9 Cl3 N2 O3 S", "Full match", " No results", " No results", " No results", " No results", "-4.59", "281.93865", "316.90804", "5.419", "2240886.57598837", "0", "0", "0", "", "", "", "No matches found", " No matches found", " No matches found", " No matches found", " No matches found", "", "No matches found", "PreferredDDA", "", "[M+Cl]-1", "1619120.66332909", " 1644858.97624816", " 1493926.61297095", " 1649799.6378688", " 1532975.55419176", "13.7066124632805", " 18.4246722087717", " 13.1479397998871", " 12.8576490704987", " 13.471944564431", "1.084", " 1.104", " 1.026", " 0.997", " 0.929", "0.12", " 0.14", " 0.04", " 0.00", " -0.11", "0.729873515150606", " 0.996103027180273", " 0.994235886777609", " 0.876245222429335", " 0.938829656279023", "0.999999999946231", " 1", " 1", " 0.999999999996915", " 1", "6.4", "4.1", " 5.7", " 5.3", " 4.4", " 5.3", " 5.9", " 4.9", " 5.3", " 5.8", " 5.2", " ", " 4.0", " ", " 4.6", " 4.4", " 5.2", " 4.1", " 4.1", " 4.1", " 4.9", " 3.8", " 4.1", " 4.9", " 4.5", " 3.8", " 5.3", " 6.4", " 4.9", " 5.3", " 3.8", " 3.4", " 6.0", " 6.4", " 5.7", " 5.3", " 4.9", " 5.3", " 5.3", " 6.0", " 5.7"
"1518", "", "False", "Thymidine 5'-monophosphate", "C10 H15 N2 O8 P", "No match", " Invalid mass", " No results", " No results", " No results", "-15.79", "322.05152", "321.04424", "4.515", "2236035.63153356", "0", "1", "0", "60.7", "8.0", "", "No matches found", " No matches found", " No matches found", " No matches found", " No matches found", "", "No matches found", "PreferredDDA", "", "[M-H]-1", "1194232.99842948", " ", " 2236035.63153356", " 1040123.35722231", " 1307192.35528064", "72.2369664113822", " ", " ", " 6.71866992239722", " 44.3783432560258", "0.534", " 0.465", " 0.585", " 0.000", " 1.257", "-0.90", " -1.10", " -0.77", " -Infinity", " 0.33", "", " ", " ", " ", " 0.999962081532785", "", " ", " ", " ", " 1", "7.3", "", " ", " ", " ", " 1.9", " ", " ", " 4.8", " ", " ", " ", " ", " ", " ", " ", " ", " ", " ", " 4.2", " ", " ", " ", " ", " ", " ", " ", " ", " ", " ", " 4.3", " ", " 7.3", " 4.8", " 2.7", " 3.3", " ", " ", " 2.9", " ", " "
"1496", "", "False", "Embelin", "C17 H26 O4", "Not the top hit", " No results", " No results", " Full match", " Full match", "2.10", "294.18373", "293.17645", "5.170", "2233396.1465496", "4", "0", "0", "", "", "", "No matches found", " No matches found", " No matches found", " No matches found", " No matches found", "", "Single match found", "PreferredDDA", "CO2", "[M-H]-1", "1320934.91567304", " 1215041.22482668", " 1209095.77754924", " 1582430.03972634", " 1620722.30599837", "18.1742291178104", " 34.552227920233", " 47.634083272741", " 42.0785291064502", " 20.6536390374285", "1.092", " 1.309", " 1.340", " 0.768", " 1.024", "0.13", " 0.39", " 0.42", " -0.38", " 0.03", "0.884575593448879", " 0.603911755169482", " 0.171966264897691", " 0.99999997231872", " 0.961853230927218", "0.999999999946231", " 1", " 0.850188356363352", " 0.999999999996915", " 1", "5.3", "", " 2.9", " 3.6", " ", " 2.3", " 4.0", " 2.5", " ", " 1.6", " ", " ", " ", " 3.6", " 4.1", " 1.5", " 3.0", " 0.4", " ", " 1.7", " ", " 1.7", " 1.4", " ", " ", " ", " ", " 4.5", " ", " 3.9", " 1.7", " 1.7", " ", " 4.3", " 4.6", " 5.3", " 5.0", " 2.4", " 2.4", " 2.8", " 2.8"
"1051", "", "False", "", "C10 H10 N2 O7", "Full match", " No results", " No results", " No results", " No results", "-3.06", "270.04798", "269.04070", "0.580", "2232462.41074739", "0", "0", "0", "", "", "", "No matches found", " No matches found", " No matches found", " No matches found", " No matches found", "", "No matches found", "PreferredDDA", "", "[M-H]-1", "", " 1599902.56729208", " ", " 1137859.01558838", " 489260.001941333", "", " 30.5263083559992", " ", " 46.9179563585879", " 22.6038659839497", "", " Infinity", " Infinity", " 1.406", " 0.430", "", " Infinity", " Infinity", " 0.49", " -1.22", "", " ", " ", " 0.471004250418307", " 0.0365697155397452", "", " ", " ", " 0.999999999996915", " 1", "5.9", "", " ", " ", " ", " ", " ", " ", " ", " ", " 5.3", " 5.5", " 5.7", " 3.4", " 5.7", " 5.1", " 5.7", " ", " ", " ", " ", " ", " ", " ", " ", " ", " 5.5", " ", " 5.2", " ", " ", " 4.9", " 3.0", " 5.6", " 5.9", " 4.4", " ", " ", " ", " ", " "
"1338", "", "False", "N1-(9,10-Dihydrophenanthren-2-yl)acetamide", "C16 H15 N O", "No match", " Invalid mass", " No results", " No results", " No results", "-11.02", "237.11275", "236.10548", "4.296", "2229811.24131399", "0", "2", "0", "89.5", "9.5", "", "No matches found", " No matches found", " No matches found", " No matches found", " No matches found", "", "No matches found", "PreferredDDA", "CO2", "[M-H]-1", "809225.796354603", " 1552668.3790454", " 790163.540108751", " 1546080.74775836", " 1229425.33180591", "55.5748795072252", " 45.3538692912486", " 24.6758534967695", " 25.1210967934563", " 30.7681067202543", "1.024", " 1.957", " 1.556", " 1.004", " 0.795", "0.03", " 0.97", " 0.64", " 0.01", " -0.33", "0.996884236928594", " 0.296783751989024", " 0.612813943149797", " 0.9989210908324", " 0.954465568062223", "0.999999999946231", " 1", " 1", " 0.999999999996915", " 1", "6.2", "1.5", " 0.4", " 2.3", " ", " ", " 2.9", " 4.8", " ", " 1.9", " ", " ", " 4.4", " 4.4", " 3.9", " 2.7", " ", " ", " ", " 2.9", " 5.9", " 3.9", " 4.3", " 1.4", " 3.3", " ", " 5.0", " 6.2", " ", " 5.4", " 4.3", " 3.5", " 1.8", " 3.8", " 4.5", " 5.3", " 3.8", " 4.9", " 3.9", " 1.6", " 3.5"
"1391", "", "False", "LPE 18:0", "C23 H48 N O7 P", "No results", " No results", " Full match", " Partial match", " Partial match", "0.19", "481.31693", "480.30929", "5.659", "2229360.58591526", "5", "0", "1", "", "", "0.0", "No matches found", " No matches found", " No matches found", " Single match found", " No matches found", "", "Multiple matches found", "PreferredDDA", "Fatty_Acid_16:0", "[M-H]-1", "572228.762724883", " 437415.245106299", " 806420.573808414", " 537218.177869922", " 629337.013804759", "41.9084878490215", " 32.2765859201723", " 57.8457000919385", " 66.7903212218383", " 15.9780504105677", "0.710", " 0.666", " 0.780", " 0.814", " 1.171", "-0.49", " -0.59", " -0.36", " -0.30", " 0.23", "0.105416730907499", " 0.648795009905808", " 0.814021596175521", " 0.960841233506858", " 0.999993170946149", "0.999999999946231", " 1", " 1", " 0.999999999996915", " 1", "5.5", "1.9", " 1.5", " 3.8", " 3.0", " ", " 1.1", " 3.4", " ", " ", " ", " ", " 3.5", " 2.0", " ", " ", " 3.2", " 3.4", " 3.1", " 3.3", " 3.3", " 0.4", " 5.5", " 4.5", " 1.9", " 2.7", " ", " ", " ", " 2.1", " 1.5", " 4.5", " 2.3", " ", " ", " ", " ", " 2.3", " 3.8", " ", " 3.0"
"970", "", "False", "", "C10 H14 O9", "Full match", " No results", " No results", " No results", " No results", "-1.33", "278.06341", "277.05594", "0.615", "2228233.20848518", "0", "0", "0", "", "", "", "No matches found", " No matches found", " No matches found", " No matches found", " No matches found", "", "No matches found", "PreferredDDA", "", "[M-H]-1", "", " 714811.10627019", " 414789.403513693", " 432666.483276748", " 1710051.44949707", "", " 28.8086358041643", " 24.4801037456721", " 39.2513455337972", " 42.8536621837229", "0.000", " 1.043", " 4.123", " 1.652", " 3.952", "-Infinity", " 0.06", " 2.04", " 0.72", " 1.98", "", " 0.867279773604541", " 0.0382154967189373", " 0.793511822039232", " 0.0557365129826253", "", " 1", " 0.306302996429058", " 0.999999999996915", " 1", "5.8", "", " ", " ", " ", " ", " ", " ", " ", " ", " ", " ", " ", " 5.2", " 4.4", " ", " ", " ", " ", " ", " ", " ", " 5.6", " ", " 3.7", " ", " 5.1", " ", " ", " 5.8", " ", " 3.5", " ", " ", " ", " ", " ", " 5.5", " 5.8", " ", " "
"12", "", "False", "(S)-3-hydroxystearic acid", "C18 H36 O3", "Full match", " No results", " No results", " Not the top hit", " Full match", "1.30", "300.26683", "299.25977", "8.177", "2222945.45521672", "29", "0", "0", "", "", "", "No matches found", " No matches found", " No matches found", " No matches found", " No matches found", "", "Multiple matches found", "PreferredDDA", "", "[M-H]-1", "1759903.71621672", " 910644.618277617", " ", " 878347.333927273", " ", "37.2088484844128", " 38.2474261604081", " ", " 35.4749370454209", " ", "Infinity", " Infinity", " ", " 1.037", " 0.000", "Infinity", " Infinity", " ", " 0.05", " -Infinity", "", " ", " ", " 0.867881796953777", " ", "", " ", " ", " 0.999999999996915", " ", "6.0", "", " 5.5", " ", " ", " ", " 6.0", " ", " ", " ", " 3.8", " 1.6", " ", " 4.5", " 3.2", " ", " ", " ", " ", " ", " ", " ", " ", " ", " ", " ", " ", " 2.8", " ", " 3.8", " 1.3", " ", " ", " ", " ", " ", " ", " ", " ", " ", " "
"1846", "", "False", "14-hydroxy-12-tetradecenoic acid", "C14 H26 O3", "No results", " No results", " No results", " Not the top hit", " Full match", "0.40", "242.18829", "241.18101", "5.907", "2221573.43765757", "12", "0", "0", "", "", "", "No matches found", " No matches found", " No matches found", " No matches found", " No matches found", "", "Multiple matches found", "PreferredDDA", "", "[M-H]-1", "1046081.59025646", " 1488514.67520031", " 2221573.43765757", " 1647656.99585921", " 1499393.86014221", "", " 0.209650624779012", " ", " 3.79547944179647", " 8.3827128898422", "0.471", " 0.742", " 0.675", " 0.903", " 0.910", "-1.09", " -0.43", " -0.57", " -0.15", " -0.14", "", " ", " ", " 0.565360958997178", " 0.36541668660008", "", " ", " ", " 0.999999999996915", " 1", "6.7", "", " 2.5", " ", " ", " ", " ", " ", " ", " ", " ", " ", " 6.7", " ", " ", " ", " 4.4", " ", " 3.9", " ", " ", " ", " ", " ", " ", " ", " ", " ", " ", " 5.5", " 5.9", " ", " ", " 4.3", " ", " 4.6", " ", " 5.4", " ", " ", " "
"1260", "", "False", "", "", "No results", " No results", " No results", " No results", " No results", "", "606.38469", "605.37741", "8.536", "2220158.25693464", "0", "0", "0", "", "", "", "No matches found", " No matches found", " No matches found", " No matches found", " No matches found", "", "No matches found", "PreferredDDA", "", "[M-H]-1", "526586.033566101", " 1069838.1243329", " 420016.378332904", " 710739.270095067", " 514448.808843964", "76.3053389749083", " 63.5338022915076", " 32.8721223647483", " 61.1973076234327", " 49.6534426552046", "1.254", " 1.692", " 1.225", " 1.505", " 0.724", "0.33", " 0.76", " 0.29", " 0.59", " -0.47", "0.995057079271959", " 0.928869077517303", " 0.999999968283562", " 0.870252326220757", " 0.951620237066504", "0.999999999946231", " 1", " 1", " 0.999999999996915", " 1", "5.4", "4.8", " ", " 3.0", " ", " ", " 3.4", " 3.4", " ", " ", " 2.3", " ", " ", " 5.4", " 4.4", " ", " 2.7", " ", " 3.5", " 3.9", " ", " ", " ", " 3.2", " ", " 2.5", " 2.3", " 1.5", " 3.0", " 3.6", " 3.3", " ", " ", " ", " 3.4", " ", " ", " ", " 2.3", " ", " "
"1223", "", "False", "", "C18 H43 N4 O4 P", "Full match", " No results", " No results", " No results", " No results", "2.67", "410.30329", "409.29601", "4.130", "2215641.023621", "0", "0", "0", "", "", "", "No matches found", " No matches found", " No matches found", " No matches found", " No matches found", "", "No matches found", "PreferredDDA", "", "[M-H]-1", "896691.310418812", " 1576038.99089812", " 381545.214806033", " 1787418.69702676", " 1305092.95538489", "", " 33.8387792723678", " ", " 10.5760139511566", " 26.6772032488983", "2.350", " 4.685", " 3.421", " 0.882", " 0.730", "1.23", " 2.23", " 1.77", " -0.18", " -0.45", "", " ", " ", " 0.926734821786844", " 0.645457033285175", "", " ", " ", " 0.999999999996915", " 1", "4.9", "", " ", " ", " ", " ", " ", " 1.5", " ", " 3.2", " 3.0", " ", " 3.8", " 2.5", " 3.4", " 4.9", " ", " ", " ", " ", " ", " 3.0", " ", " ", " ", " ", " ", " 4.5", " ", " ", " 4.9", " ", " ", " 2.9", " ", " 3.5", " ", " ", " 3.1", " ", " "
"1264", "", "False", "", "C28 H55 O8 P S2", "Full match", " No results", " No results", " No results", " No results", "2.36", "614.30905", "613.30176", "1.984", "2182164.14017766", "0", "0", "0", "", "", "", "No matches found", " No matches found", " No matches found", " No matches found", " No matches found", "", "No matches found", "PreferredDDA", "", "[M-H]-1", "", " 453528.896076873", " ", " 665188.285935337", " 1280227.25666798", "", " 19.7738172806933", " ", " 41.1045656470466", " 53.1776836732223", "", " Infinity", " Infinity", " 0.682", " 1.925", "", " Infinity", " Infinity", " -0.55", " 0.94", "", " ", " ", " 0.265425212372364", " 0.190620976965878", "", " ", " ", " 0.999999999996915", " 1", "4.9", "", " ", " ", " ", " ", " ", " ", " ", " ", " 3.4", " ", " ", " 4.9", " 3.0", " 3.0", " 4.9", " ", " ", " ", " ", " ", " ", " ", " ", " ", " ", " 0.8", " ", " 0.8", " 4.8", " 1.5", " 3.6", " ", " ", " ", " ", " 2.3", " 2.7", " 3.3", " 2.7"
"1109", "", "False", "", "C20 H28 O3 P2 S2", "Full match", " No results", " No results", " No results", " No results", "3.32", "442.09698", "441.08970", "0.581", "2172472.31341801", "0", "0", "0", "", "", "", "No matches found", " No matches found", " No matches found", " No matches found", " No matches found", "", "No matches found", "PreferredDDA", "", "[M-H]-1", "786920.577001728", " 1410841.40718677", " 1101281.83883823", " ", " 1169163.74764217", "45.5664871868518", " 33.3793775168763", " 51.5840192105214", " ", " ", "0.715", " 0.000", " 1.062", " Infinity", " Infinity", "-0.48", " -Infinity", " 0.09", " Infinity", " Infinity", "0.49285189308152", " ", " ", " ", " ", "0.999999999946231", " ", " ", " ", " ", "5.7", "4.9", " 4.9", " 3.3", " ", " ", " 4.9", " 4.8", " ", " ", " 5.3", " 5.7", " ", " 5.7", " 5.1", " ", " ", " ", " ", " 5.0", " ", " 4.9", " ", " 4.8", " 5.3", " ", " ", " ", " ", " ", " ", " ", " ", " ", " ", " ", " ", " ", " ", " ", " 4.8"
"1201", "", "False", "13Z,16Z-Docosadienoic Acid", "C22 H40 O2", "Full match", " Full match", " No results", " Partial match", " Partial match", "1.78", "336.30343", "335.29615", "8.874", "2148704.08123475", "14", "1", "0", "93.3", "9.7", "", "No matches found", " No matches found", " No matches found", " No matches found", " No matches found", "", "Multiple matches found", "PreferredDDA", "", "[M-H]-1", "527526.565157884", " 522213.698314987", " 646731.176100231", " 764930.915357745", " 503376.054291998", "47.4204189685282", " 72.1857422347092", " 74.7754104279303", " 38.9400182655488", " 28.4062491970534", "0.816", " 1.183", " 0.778", " 0.683", " 0.658", "-0.29", " 0.24", " -0.36", " -0.55", " -0.60", "0.978379301961011", " 0.999997543448319", " 0.986403978663459", " 0.963707203587983", " 0.990864367175177", "0.999999999946231", " 1", " 1", " 0.999999999996915", " 1", "6.7", "5.3", " 3.8", " 4.5", " 3.8", " 5.5", " 4.2", " 5.3", " ", " 4.9", " 4.0", " ", " 2.7", " 5.8", " 4.8", " 4.5", " 3.0", " 1.9", " 3.4", " 5.2", " ", " 4.2", " ", " 3.8", " 1.9", " 4.7", " ", " 5.8", " 3.2", " 4.7", " 3.5", " ", " 3.9", " 5.2", " ", " ", " ", " ", " 4.4", " 6.7", " 4.8"
"1125", "", "False", "5-(6-Methyl-7-oxooctyl)dihydro-2(3H)-furanone", "C13 H22 O3", "Full match", " No results", " No results", " Full match", " No results", "0.10", "226.15692", "225.14945", "4.930", "2125151.44100664", "1", "0", "0", "", "", "", "No matches found", " No matches found", " No matches found", " No matches found", " No matches found", "", "No matches found", "PreferredDDA", "CO2", "[M-H]-1", "1830985.42659907", " 1873513.77876469", " 1775165.22980713", " 2011135.41392435", " 1963596.64163642", "11.4392157301966", " 4.38237066722361", " 6.77851652788232", " 8.01751143713589", " ", "1.031", " 1.133", " 1.106", " 0.932", " 0.976", "0.04", " 0.18", " 0.15", " -0.10", " -0.03", "0.999995686641632", " 0.660255557322335", " ", " 0.926978051097276", " ", "0.999999999946231", " 1", " ", " 0.999999999996915", " ", "7.4", "", " 3.8", " 2.6", " ", " ", " ", " ", " 3.4", " 7.4", " ", " ", " ", " ", " ", " ", " 7.0", " ", " ", " ", " ", " 6.9", " ", " 3.5", " ", " 3.5", " 3.7", " ", " ", " ", " ", " ", " ", " ", " ", " ", " ", " ", " ", " ", " 2.9"
"1579", "", "False", "", "C18 H36 N2 O4", "Full match", " No results", " No results", " No results", " No results", "1.63", "344.26807", "343.26079", "3.704", "2124166.27976679", "0", "0", "0", "", "", "", "No matches found", " No matches found", " No matches found", " No matches found", " No matches found", "", "No matches found", "PreferredDDA", "CO2", "[M-H]-1", "1858220.74946078", " 1794476.23450668", " 1743181.77447468", " 1860250.57974323", " 1932720.29128914", "9.20060022967366", " 1.81539167856178", " 6.74576900130629", " 5.45081123635873", " 6.93318283118379", "1.066", " 1.067", " 1.109", " 0.965", " 1.039", "0.09", " 0.09", " 0.15", " -0.05", " 0.06", "0.891664131370959", " 0.999996982703859", " 0.187525443655994", " 0.999904432342509", " 0.294960007225703", "0.999999999946231", " 1", " 0.90182690630928", " 0.999999999996915", " 1", "6.9", "5.0", " 4.6", " 3.9", " 4.1", " ", " 4.3", " 3.5", " 5.6", " 3.3", " ", " ", " 5.2", " ", " ", " 4.0", " 3.6", " 4.6", " 4.6", " 5.4", " 5.0", " 6.9", " ", " 2.8", " 4.3", " 5.4", " 4.3", " ", " 5.8", " 2.8", " 5.0", " ", " ", " 5.4", " 5.8", " 3.0", " 5.4", " 3.9", " 2.8", " 4.9", " 4.5"
"1533", "", "False", "", "C19 H37 Cl N2 O2", "Full match", " No results", " No results", " No results", " No results", "1.39", "360.25486", "359.24758", "4.104", "2114870.76381823", "0", "0", "0", "", "", "", "No matches found", " No matches found", " No matches found", " No matches found", " No matches found", "", "No matches found", "PreferredDDA", "", "[M-H]-1", "1673058.24520711", " 1701644.39177034", " 1841692.33764009", " 1715505.45638646", " 1667001.27635673", "8.12546594508446", " 12.6822223923096", " 10.1109932930139", " 9.36926346121078", " 4.55925877568776", "0.908", " 0.931", " 0.905", " 0.992", " 0.972", "-0.14", " -0.10", " -0.14", " -0.01", " -0.04", "0.950598725712548", " 0.989570986025033", " 0.503790540474021", " 0.926730918714649", " 0.774193468388026", "0.999999999946231", " 1", " 1", " 0.999999999996915", " 1", "6.4", "5.4", " 6.2", " 3.9", " 4.3", " ", " 4.6", " 3.9", " 3.1", " 3.4", " 2.6", " ", " 3.0", " 3.8", " 3.8", " 6.0", " 3.0", " 3.8", " 3.8", " ", " 3.6", " 6.4", " 3.0", " 2.6", " 2.2", " 4.9", " 3.1", " 3.5", " 5.4", " 3.9", " 3.5", " 5.4", " ", " 4.0", " 5.2", " 4.8", " 5.2", " 4.8", " ", " ", " 5.2"
"1336", "", "False", "", "C13 H16 O S3", "Full match", " No results", " No results", " No results", " No results", "-0.70", "284.03613", "283.02885", "10.904", "2106300.33162767", "0", "0", "0", "", "", "", "No matches found", " No matches found", " No matches found", " No matches found", " No matches found", "", "No matches found", "PreferredDDA", "", "[M-H]-1", "2009475.90623382", " 1906805.78711654", " 1801192.2352149", " 1805089.17273341", " 1925852.41359431", "5.6901150644345", " 5.71631160460146", " 11.9335891839605", " 5.5236002687766", " 8.40662326047314", "1.116", " 1.002", " 1.069", " 1.056", " 1.067", "0.16", " 0.00", " 0.10", " 0.08", " 0.09", "0.590956913846103", " 0.999556688490286", " 0.925419359765871", " 0.465735381585337", " 0.847672852891062", "0.999999999946231", " 1", " 1", " 0.999999999996915", " 1", "6.2", "", " 4.9", " ", " ", " 4.3", " ", " ", " ", " ", " ", " ", " 3.9", " 6.0", " 4.9", " 6.2", " 4.3", " 3.8", " ", " ", " 4.9", " 4.9", " ", " 3.6", " ", " 4.6", " 4.3", " 3.5", " ", " ", " ", " ", " 3.5", " 4.3", " 4.3", " 4.9", " ", " ", " 3.9", " ", " "
"1404", "", "False", "", "C14 H22 N6 O3", "Full match", " No results", " No results", " No results", " No results", "2.64", "322.17619", "321.16891", "4.969", "2103257.18754584", "0", "0", "0", "", "", "", "No matches found", " No matches found", " No matches found", " No matches found", " No matches found", "", "No matches found", "PreferredDDA", "", "[M-H]-1", "", " 1030375.67598756", " ", " 759464.162846704", " 1212947.0388849", "", " 36.7329899122579", " ", " 49.5721490994806", " 42.7552278972119", "", " Infinity", " Infinity", " 1.357", " 1.597", "", " Infinity", " Infinity", " 0.44", " 0.68", "", " ", " ", " 0.81430962052017", " 0.635834379536699", "", " ", " ", " 0.999999999996915", " 1", "4.4", "", " ", " ", " ", " ", " ", " ", " ", " ", " 2.6", " ", " ", " 3.5", " 3.0", " ", " ", " ", " ", " ", " ", " ", " ", " ", " ", " 1.5", " 1.1", " ", " 4.4", " ", " ", " ", " ", " ", " 2.1", " ", " ", " 3.3", " 3.9", " ", " 3.8"
"1120", "", "False", "", "", "No results", " No results", " No results", " No results", " No results", "", "408.30929", "407.30202", "8.087", "2088156.82586238", "0", "0", "0", "", "", "", "No matches found", " No matches found", " No matches found", " No matches found", " No matches found", "", "No matches found", "PreferredDDA", "", "[M-H]-1", "1664560.80966924", " 2018279.45520466", " 1660277.85012634", " 1644399.7735491", " 1748854.54352218", "8.3897787854516", " 4.89632518590375", " 5.45393916507236", " ", " 8.64415998031118", "1.003", " 0.990", " 1.053", " 1.227", " 1.064", "0.00", " -0.01", " 0.07", " 0.30", " 0.09", "0.999999941003138", " ", " 0.999214913450633", " ", " ", "0.999999999946231", " ", " 1", " ", " ", "8.1", "", " ", " ", " 8.1", " ", " ", " ", " 6.9", " ", " 4.8", " ", " 6.9", " ", " ", " ", " ", " ", " ", " ", " ", " ", " 2.8", " ", " 7.3", " ", " 3.3", " ", " ", " ", " ", " ", " ", " ", " ", " ", " 4.3", " ", " 4.6", " 3.5", " "
"1630", "", "False", "1(3)-glyceryl-PGF2alpha", "C23 H40 O7", "Not the top hit", " No results", " No results", " Full match", " Full match", "0.77", "428.27773", "427.27046", "0.642", "2086250.58737552", "2", "0", "0", "", "", "", "No matches found", " No matches found", " No matches found", " No matches found", " No matches found", "", "Multiple matches found", "PreferredDDA", "", "[M-H]-1", "", " 1171813.46054434", " ", " 1079643.35270332", " 1085672.45753649", "", " 37.0660814476132", " ", " 27.5570721945038", " 53.2353482464949", "", " Infinity", " Infinity", " 1.085", " 1.006", "", " Infinity", " Infinity", " 0.12", " 0.01", "", " ", " ", " 0.995843407421562", " 0.995404373957948", "", " ", " ", " 0.999999999996915", " 1", "5.7", "", " ", " ", " ", " ", " ", " ", " ", " ", " ", " ", " 5.7", " ", " 3.5", " ", " ", " ", " ", " ", " ", " ", " ", " ", " ", " 5.6", " 3.5", " 5.4", " 5.0", " ", " ", " 4.6", " 2.9", " 3.4", " 2.9", " ", " 2.3", " 4.0", " 3.1", " 4.9", " "
"1038", "", "False", "", "C9 H12 O9", "Full match", " No results", " No results", " No results", " No results", "-2.69", "264.04742", "263.04014", "0.644", "2079789.60928109", "0", "0", "0", "", "", "", "No matches found", " No matches found", " No matches found", " No matches found", " No matches found", "", "No matches found", "PreferredDDA", "", "[M-H]-1", "1429455.95280883", " 1328772.38122678", " 1460463.73280435", " ", " ", "32.8684396241684", " 39.3911959707612", " 18.3958286259492", " ", " ", "0.979", " 0.000", " 0.000", " Infinity", " ", "-0.03", " -Infinity", " -Infinity", " Infinity", " ", "0.877413040979105", " ", " ", " ", " ", "0.999999999946231", " ", " ", " ", " ", "7.0", "6.4", " 5.8", " 5.9", " ", " ", " 6.4", " 6.4", " ", " ", " 4.1", " ", " 2.0", " 6.4", " 4.1", " ", " ", " ", " ", " 7.0", " ", " 7.0", " ", " 6.7", " 7.0", " ", " ", " ", " ", " ", " ", " ", " ", " ", " ", " ", " ", " ", " ", " ", " "
"1276", "", "False", "", "C23 H53 Cl N7 O3 P3", "Full match", " No results", " No results", " No results", " No results", "-0.79", "603.31065", "602.30337", "5.231", "2065961.15796241", "0", "0", "0", "", "", "", "No matches found", " No matches found", " No matches found", " No matches found", " No matches found", "", "No matches found", "PreferredDDA", "", "[M-H]-1", "875214.895017587", " 679519.123405509", " 1096299.65500844", " 790626.939027585", " 480224.748464643", "23.1577001606987", " 28.2833312408651", " 37.2077289468376", " 30.581358819803", " 8.06867750556909", "0.798", " 0.721", " 0.438", " 0.859", " 0.607", "-0.32", " -0.47", " -1.19", " -0.22", " -0.72", "0.124832049714186", " 0.115997579029734", " 0.000455979751574742", " 0.5892436002969", " 0.0479175931162742", "0.999999999946231", " 0.749343969831855", " 0.0109642403901381", " 0.999999999996915", " 1", "5.2", "2.1", " 1.4", " 5.0", " 2.5", " 3.3", " 3.7", " 4.6", " 3.3", " ", " 2.1", " ", " 4.3", " 4.8", " 2.5", " 1.8", " 2.1", " 2.8", " 4.7", " ", " 3.4", " 2.8", " 3.0", " 2.8", " ", " 3.0", " 0.9", " 0.9", " ", " 3.4", " 2.8", " 0.5", " 0.9", " ", " ", " 4.8", " ", " 5.2", " ", " 3.7", " "
"1437", "", "False", "3,5-di-tert-Butyl-4-hydroxybenzyl alcohol", "C15 H24 O2", "Full match", " Full match", " No results", " Partial match", " Partial match", "0.00", "236.17763", "235.17035", "6.188", "2064554.60294144", "17", "2", "0", "90.6", "9.5", "", "No matches found", " No matches found", " No matches found", " No matches found", " No matches found", "", "Multiple matches found", "PreferredDDA", "", "[M-H]-1", "726796.473523899", " 1015993.93498524", " 535952.448174028", " 1078832.93743815", " 780375.519216813", "42.552653409446", " 43.8837773165674", " 38.8898359895008", " 40.714234500093", " 24.5964238829198", "1.356", " 2.013", " 1.456", " 0.942", " 0.723", "0.44", " 1.01", " 0.54", " -0.09", " -0.47", "0.997081417821374", " 0.0742322644900119", " 0.692290702641608", " 0.865916519131444", " 0.480855089230826", "0.999999999946231", " 0.56555178132841", " 1", " 0.999999999996915", " 1", "5.3", "", " 2.3", " 5.3", " 1.5", " 2.7", " 3.8", " 4.4", " ", " 2.7", " 0.6", " ", " 2.5", " 4.8", " 4.8", " 2.3", " 4.5", " 5.1", " ", " ", " ", " 1.9", " 5.1", " 1.6", " 2.4", " ", " ", " 3.4", " 4.2", " ", " 5.2", " 2.5", " ", " 3.3", " 4.4", " 4.4", " ", " ", " 2.8", " 3.3", " 2.5"
"1478", "", "False", "", "C19 H40 N10 O S2", "Full match", " No results", " No results", " No results", " No results", "-2.93", "488.28136", "487.27409", "4.934", "2036131.64123475", "0", "0", "0", "", "", "", "No matches found", " No matches found", " No matches found", " No matches found", " No matches found", "", "No matches found", "PreferredDDA", "", "[M-H]-1", "502257.687194198", " 684837.820480657", " 552425.798561694", " 835903.814179179", " 707668.907514217", "0.813504998973537", " 36.2951267113053", " 94.7599830309472", " 13.1857069489394", " 15.8001353046037", "0.909", " 1.513", " 1.281", " 0.819", " 0.847", "-0.14", " 0.60", " 0.36", " -0.29", " -0.24", "0.871368782583876", " 0.999562985060811", " 0.999387894984157", " 0.827346010175236", " 0.986825141551809", "0.999999999946231", " 1", " 1", " 0.999999999996915", " 1", "6.6", "", " ", " ", " ", " ", " 3.0", " 4.5", " ", " ", " ", " ", " 0.9", " 2.8", " 3.9", " 5.1", " 2.0", " ", " ", " 5.5", " ", " ", " ", " 2.3", " 0.0", " ", " ", " 3.9", " ", " 5.1", " 3.2", " 4.3", " 6.6", " 4.9", " ", " 4.5", " ", " 3.0", " 4.2", " 3.0", " "
"650", "", "False", "FAHFA 2:0/20:4", "C22 H34 O4", "Full match", " No results", " Full match", " Partial match", " Partial match", "1.48", "362.24624", "361.23898", "5.640", "2031267.0141625", "17", "0", "1", "", "", "1.1", "No matches found", " No matches found", " No matches found", " Single match found", " No matches found", "", "Multiple matches found", "PreferredDDA", "", "[M-H]-1", "528262.217436867", " 832185.142890085", " ", " 496230.820940822", " 494582.123041924", "", " 57.9876544836795", " ", " 59.3778035088895", " 23.6931430072346", "Infinity", " Infinity", " Infinity", " 1.677", " 0.997", "Infinity", " Infinity", " Infinity", " 0.75", " 0.00", "", " ", " ", " 0.251123178436197", " 0.992242868300318", "", " ", " ", " 0.999999999996915", " 1", "5.6", "1.5", " ", " ", " ", " ", " ", " ", " ", " 3.4", " 1.4", " ", " ", " 2.5", " 4.8", " 4.2", " 2.7", " ", " ", " ", " ", " ", " ", " ", " ", " 4.5", " ", " 3.0", " 4.8", " 4.5", " 4.2", " 4.5", " ", " 5.6", " ", " 4.4", " ", " ", " 5.2", " 2.9", " 5.6"
"921", "", "False", "26:6(8Z,11Z,14Z,17Z,20Z,23Z)", "C26 H40 O2", "Not the top hit", " No results", " No results", " Full match", " Full match", "1.97", "384.30359", "383.29634", "8.358", "2025057.48526079", "1", "0", "0", "", "", "", "No matches found", " No matches found", " No matches found", " No matches found", " No matches found", "", "Single match found", "PreferredDDA", "CO2", "[M-H]-1", "", " 712819.961101798", " 990555.45516472", " 650251.223872073", " ", "", " ", " 69.9673543994357", " 90.9224351709107", " ", "0.000", " 0.656", " 0.000", " 1.096", " 0.000", "-Infinity", " -0.61", " -Infinity", " 0.13", " -Infinity", "", " 0.83253430294326", " ", " ", " ", "", " 1", " ", " ", " ", "5.9", "", " ", " ", " ", " ", " ", " ", " ", " ", " ", " ", " ", " ", " 5.3", " ", " ", " ", " 2.5", " 3.3", " ", " ", " ", " 5.7", " ", " 0.0", " ", " 0.4", " 2.3", " 5.9", " ", " ", " ", " ", " ", " ", " ", " ", " ", " ", " "
"1378", "", "False", "", "C23 H56 N7 O14 P", "Invalid mass", " No results", " No results", " No match", " No results", "-5.28", "685.35867", "684.35139", "5.245", "2016327.64996314", "1", "0", "0", "", "", "", "No matches found", " No matches found", " No matches found", " No matches found", " No matches found", "", "No matches found", "PreferredDDA", "", "[M-H]-1", "729587.325817622", " 415179.70510183", " 966893.665875397", " 980309.205696949", " 440482.177949678", "19.1369995677062", " 18.2246320113575", " 48.1298600646186", " 27.7554423255269", " ", "0.755", " 1.014", " 0.456", " 0.424", " 0.449", "-0.41", " 0.02", " -1.13", " -1.24", " -1.15", "0.684067470466214", " 0.999205915648389", " ", " 0.0502420238222806", " ", "0.999999999946231", " 1", " ", " 0.999999999996915", " ", "6.4", "3.0", " ", " 5.5", " 4.5", " ", " 2.7", " 3.4", " 2.7", " ", " 6.4", " ", " ", " 2.7", " ", " ", " 3.0", " ", " 4.4", " 2.5", " 2.1", " 1.9", " 2.1", " 4.2", " 4.9", " 3.1", " 1.8", " ", " ", " 2.8", " ", " ", " ", " ", " ", " ", " ", " 1.9", " ", " ", " "
"1211", "", "False", "", "C5 H18 N10 S3", "Full match", " No results", " No results", " No results", " No results", "-4.98", "314.08624", "313.07896", "5.284", "2014245.49554811", "0", "0", "0", "", "", "", "No matches found", " No matches found", " No matches found", " No matches found", " No matches found", "", "No matches found", "PreferredDDA", "", "[M-H]-1", "718154.416506119", " 930758.321248114", " 768831.237413366", " 781191.583322649", " 795990.94307101", "17.407435496333", " 18.8571105735037", " 9.56269074305162", " 16.9627831745867", " 48.0304807785371", "0.934", " 1.016", " 1.035", " 1.191", " 1.019", "-0.10", " 0.02", " 0.05", " 0.25", " 0.03", "0.995810243970336", " 0.999631888794786", " 0.845727239704262", " 0.234420657994704", " 0.762092395654729", "0.999999999946231", " 1", " 1", " 0.999999999996915", " 1", "7.8", "4.9", " ", " 4.9", " 4.9", " 5.7", " 6.1", " 4.5", " 6.4", " 5.5", " ", " ", " 4.2", " ", " 6.3", " 5.3", " 6.4", " 5.2", " 3.7", " 4.8", " 7.8", " 4.8", " 7.4", " 5.6", " 6.3", " 4.5", " 6.4", " 4.2", " 4.9", " ", " 4.9", " 6.1", " 4.2", " 4.9", " 5.5", " 4.2", " 4.5", " 4.9", " 1.9", " 3.8", " 4.5"
"1344", "", "False", "LMST01010336", "C29 H48 O5", "Not the top hit", " No results", " No results", " Not the top hit", " Full match", "1.09", "476.35069", "475.34342", "6.599", "1997742.30968787", "3", "0", "0", "", "", "", "No matches found", " No matches found", " No matches found", " No matches found", " No matches found", "", "Multiple matches found", "PreferredDDA", "", "[M-H]-1", "330889.717188831", " 1044713.49909853", " ", " 453836.863511692", " 647424.225527338", "10.9165310359005", " 51.5390659065766", " ", " 59.9018686377404", " 48.7435365387229", "Infinity", " Infinity", " Infinity", " 2.302", " 1.427", "Infinity", " Infinity", " Infinity", " 1.20", " 0.51", "", " ", " ", " 0.0881802519872978", " 0.716378621491295", "", " ", " ", " 0.999999999996915", " 1", "6.2", "5.4", " 4.3", " ", " ", " ", " 6.2", " ", " ", " 3.4", " 2.9", " ", " 4.5", " 5.2", " 3.3", " 4.5", " 4.0", " ", " ", " ", " ", " ", " ", " ", " ", " 1.5", " 1.9", " 3.0", " 1.9", " 4.8", " 1.5", " 2.7", " ", " 4.9", " 1.9", " 2.7", " ", " 2.7", " 3.6", " 1.9", " 5.2"
"1379", "", "False", "", "C19 H44 Cl N4 O4 P", "Full match", " No results", " No results", " No results", " No results", "4.35", "458.28086", "457.27358", "4.762", "1989652.53393607", "0", "0", "0", "", "", "", "No matches found", " No matches found", " No matches found", " No matches found", " No matches found", "", "No matches found", "PreferredDDA", "", "[M-H]-1", "718031.846242074", " 949004.239650477", " 1254045.65582088", " 1131711.58067264", " 897507.054837644", "58.0074852131128", " 34.1668073203247", " 40.4478208348428", " 37.1555498556591", " 18.6614974218086", "0.573", " 0.902", " 0.716", " 0.839", " 0.793", "-0.80", " -0.15", " -0.48", " -0.25", " -0.33", "0.994046108193665", " 0.996684083959396", " 0.915334970954385", " 0.728557584774834", " 0.758363125956036", "0.999999999946231", " 1", " 1", " 0.999999999996915", " 1", "6.4", "3.4", " ", " ", " ", " ", " 0.8", " 2.9", " ", " ", " ", " ", " 2.0", " 3.8", " 3.0", " 0.9", " ", " ", " 4.8", " 4.4", " ", " ", " ", " 2.5", " 0.8", " ", " ", " 2.6", " ", " 3.4", " 3.5", " 3.0", " 1.3", " 6.4", " ", " ", " ", " 6.1", " 4.4", " ", " "
"633", "", "False", "8-Iso-15-keto-prostaglandin-F2ß", "C20 H32 O5", "No match", " Invalid mass", " No results", " No results", " No results", "-170394.99", "292.20760", "291.20035", "10.846", "1987088.07723416", "0", "15", "0", "90.8", "9.5", "", "No matches found", " No matches found", " No matches found", " No matches found", " No matches found", "", "No matches found", "OtherDDA", "", "[M-H]-1", "", " 545790.685258008", " ", " 245473.03150559", " 1949483.21354942", "", " ", " ", " ", " 2.72796953903116", "", " Infinity", " Infinity", " 2.223", " 7.942", "", " Infinity", " Infinity", " 1.15", " 2.99", "", " ", " ", " ", " ", "", " ", " ", " ", " ", "8.9", "", " ", " ", " ", " ", " ", " ", " ", " ", " ", " 5.3", " ", " ", " ", " ", " ", " ", " ", " ", " ", " ", " ", " ", " ", " ", " ", " ", " ", " ", " 4.9", " ", " ", " ", " ", " ", " ", " ", " 8.2", " ", " 8.9"
"1845", "", "False", "11-Methyl-2Z,5Z-dodecadienoic acid", "C13 H22 O2", "Full match", " No results", " No results", " Not the top hit", " Full match", "-1.36", "210.16169", "209.15442", "5.850", "1974787.90351992", "21", "0", "0", "", "", "", "No matches found", " No matches found", " No matches found", " No matches found", " No matches found", "", "Multiple matches found", "PreferredDDA", "", "[M-H]-1", "", " 1054772.39687004", " ", " 1058549.54719925", " 1069106.00412185", "", " ", " ", " 12.7657625194016", " 42.7039592990878", "", " Infinity", " Infinity", " 0.996", " 1.010", "", " Infinity", " Infinity", " -0.01", " 0.01", "", " ", " ", " ", " 0.87086089851295", "", " ", " ", " ", " 1", "6.4", "", " ", " ", " ", " ", " ", " ", " ", " ", " ", " ", " ", " ", " 2.9", " ", " ", " ", " ", " ", " ", " ", " ", " ", " ", " 4.1", " 3.2", " 4.9", " 6.4", " 4.9", " ", " 5.3", " ", " ", " 1.1", " ", " ", " 2.5", " 2.1", " 2.1", " "
"1417", "", "False", "Prostaglandin F2a 1-11-lactone", "C20 H32 O4", "No match", " Invalid mass", " No results", " No match", " No match", "-53565.15", "318.21985", "317.21262", "6.499", "1970499.57487028", "68", "13", "0", "85.5", "9.3", "", "No matches found", " No matches found", " No matches found", " No matches found", " No matches found", "", "Multiple matches found", "PreferredDDA", "", "[M-H]-1", "937284.452656099", " 964041.694099522", " 726606.36662148", " 866820.242095782", " 596752.827798132", "31.0582312190701", " 33.0772598603968", " 43.5334104637487", " 54.8096258826116", " 35.4574992116023", "1.290", " 1.193", " 0.821", " 1.112", " 0.688", "0.37", " 0.25", " -0.28", " 0.15", " -0.54", "0.999832347798725", " 0.881639316989283", " 0.961623352748525", " 0.998099022530029", " 0.557103395781225", "0.999999999946231", " 1", " 1", " 0.999999999996915", " 1", "5.3", "3.5", " ", " 1.9", " ", " 0.9", " 2.8", " 2.6", " ", " ", " 1.3", " ", " 2.0", " 3.4", " 2.6", " 2.0", " 3.0", " ", " 0.8", " 2.9", " ", " 1.5", " 4.5", " 4.2", " 1.1", " 3.8", " 4.5", " 3.3", " 3.3", " 5.2", " 1.9", " 1.1", " 1.1", " 0.9", " ", " ", " ", " ", " 5.3", " 1.3", " 4.3"
"1493", "", "False", "", "C H Cl3 N O2 P3", "Full match", " No results", " No results", " No results", " No results", "4.47", "256.82972", "255.82244", "0.853", "1953356.71164842", "0", "0", "0", "", "", "", "No matches found", " No matches found", " No matches found", " No matches found", " No matches found", "", "No matches found", "PreferredDDA", "", "[M-H]-1", "", " 615272.699989475", " 1775188.31999739", " ", " 484353.208346729", "", " 47.2351926106114", " 14.1938831514766", " ", " 10.9656147004229", "0.000", " 0.000", " 0.273", " Infinity", " Infinity", "-Infinity", " -Infinity", " -1.87", " Infinity", " Infinity", "", " ", " 0.0465887555826839", " ", " ", "", " ", " 0.357180459467244", " ", " ", "7.3", "", " ", " ", " ", " ", " ", " ", " ", " 3.0", " ", " ", " ", " ", " ", " ", " 5.3", " 4.1", " ", " ", " 4.1", " ", " ", " ", " ", " ", " ", " ", " ", " ", " ", " ", " ", " 5.1", " ", " 7.3", " ", " ", " ", " ", " "
"1263", "", "False", "", "C16 H12 N4 O10", "Full match", " No results", " No results", " No results", " No results", "2.33", "420.05632", "419.04904", "0.681", "1943635.63496503", "0", "0", "0", "", "", "", "No matches found", " No matches found", " No matches found", " No matches found", " No matches found", "", "No matches found", "PreferredDDA", "", "[M-H]-1", "800029.458928409", " ", " 864600.567904787", " ", " ", "58.2760234720568", " ", " ", " ", " ", "0.925", " 0.000", " 0.000", " ", " ", "-0.11", " -Infinity", " -Infinity", " ", " ", "", " ", " ", " ", " ", "", " ", " ", " ", " ", "4.9", "", " ", " 4.8", " ", " 4.9", " ", " 4.9", " ", " ", " ", " ", " ", " ", " ", " ", " ", " ", " ", " ", " ", " ", " 4.5", " ", " ", " ", " ", " ", " ", " ", " ", " ", " ", " ", " ", " ", " ", " ", " ", " ", " "
"1636", "", "False", "4-[2-(2,3-Dihydroxy-5,6,8a-trimethyloctahydro-2H-spiro[naphthalene-1,2'-oxiran]-5-yl)ethyl]-5-hydroxy-2(5H)-furanone", "C20 H30 O6", "Not the top hit", " Full match", " No results", " Partial match", " Partial match", "2.75", "366.20525", "365.19788", "0.667", "1936771.25299332", "12", "2", "0", "91.0", "9.5", "", "No matches found", " No matches found", " No matches found", " No matches found", " No matches found", "", "Multiple matches found", "PreferredDDA", "", "[M-H]-1", "", " 665680.213494873", " 360008.690790239", " 1340701.66541461", " 1013502.59866416", "", " 36.4440679906051", " ", " 42.6650882000777", " 35.7066136779943", "0.000", " 3.724", " 2.815", " 0.497", " 0.756", "-Infinity", " 1.90", " 1.49", " -1.01", " -0.40", "", " ", " ", " 0.470141019982314", " 0.993547958056541", "", " ", " ", " 0.999999999996915", " 1", "5.7", "", " ", " ", " ", " ", " ", " ", " ", " 1.6", " 1.6", " ", " ", " 3.4", " 5.7", " ", " 1.3", " ", " ", " ", " ", " ", " 1.5", " ", " ", " ", " ", " ", " 3.3", " ", " 0.8", " 3.6", " 0.6", " 1.5", " 3.2", " 3.8", " ", " 5.1", " 3.8", " 3.4", " 1.6"
"609", "", "False", "", "C24 H37 N O2 P2", "Full match", " No results", " No results", " No results", " No results", "-1.69", "433.22922", "432.22194", "10.854", "1928146.18391737", "0", "0", "0", "", "", "", "No matches found", " No matches found", " No matches found", " No matches found", " No matches found", "", "No matches found", "NoMSn", "", "[M-H]-1", "", " 1810055.46720438", " ", " 1755488.4454257", " 1679779.65189331", "", " ", " ", " 31.2183829197197", " 4.84908611299407", "", " Infinity", " Infinity", " 1.031", " 0.957", "", " Infinity", " Infinity", " 0.04", " -0.06", "", " ", " ", " ", " 0.912334861264272", "", " ", " ", " ", " 1", "7.8", "", " ", " ", " ", " ", " ", " ", " ", " ", " ", " ", " ", " 5.2", " ", " ", " ", " ", " ", " ", " ", " ", " ", " ", " ", " ", " ", " ", " ", " 3.8", " 5.7", " 6.4", " ", " ", " ", " ", " ", " ", " 7.8", " ", " 7.8"
"1504", "", "False", "", "C9 H6 Cl O12 P3", "Full match", " No results", " No results", " No results", " No results", "-0.66", "433.87577", "432.86838", "5.420", "1919558.85658635", "0", "0", "0", "", "", "", "No matches found", " No matches found", " No matches found", " No matches found", " No matches found", "", "No matches found", "PreferredDDA", "", "[M-H]-1", "1754820.06093603", " 1641673.02964501", " 1541985.11792684", " 1756620.95391569", " 1578516.07676804", "1.66120238111593", " 5.65933622422217", " 4.36914524588892", " 8.77786424069371", " 7.20404156111985", "1.138", " 1.139", " 1.024", " 0.935", " 0.899", "0.19", " 0.19", " 0.03", " -0.10", " -0.15", "0.148355001218258", " 0.260926380971644", " 0.954669513158573", " 0.972102754673247", " 0.407596669990434", "0.999999999946231", " 1", " 1", " 0.999999999996915", " 1", "8.6", "5.5", " 6.3", " ", " 6.7", " 6.3", " 7.4", " 8.6", " ", " 5.8", " 5.8", " ", " 7.7", " 5.0", " 7.3", " 7.3", " 5.0", " 5.5", " 5.2", " 5.5", " ", " ", " ", " ", " ", " 5.0", " 5.8", " ", " 8.1", " 5.8", " 6.9", " 5.0", " 6.9", " ", " 5.8", " 8.1", " 6.9", " 4.6", " 7.7", " 7.3", " 5.4"
"1327", "", "False", "Resolvin T1", "C22 H34 O5", "Full match", " No results", " No results", " Partial match", " Full match", "-4.59", "378.23889", "377.23161", "6.548", "1907285.69254527", "140", "0", "0", "", "", "", "No matches found", " No matches found", " No matches found", " No matches found", " No matches found", "", "Multiple matches found", "PreferredDDA", "", "[M-H]-1", "", " 1131512.42247169", " ", " 772620.819868181", " 842477.215280714", "", " 38.9382295845023", " ", " 49.0769899853649", " 48.928525181925", "", " Infinity", " Infinity", " 1.465", " 1.090", "", " Infinity", " Infinity", " 0.55", " 0.12", "", " ", " ", " 0.522002675901447", " 0.608908875609859", "", " ", " ", " 0.999999999996915", " 1", "6.0", "", " ", " ", " ", " ", " ", " ", " ", " ", " 3.0", " ", " 2.0", " 6.0", " 2.2", " ", " ", " ", " ", " ", " ", " ", " ", " ", " ", " 4.9", " 0.2", " 3.0", " 3.6", " 0.8", " 4.4", " 1.9", " ", " 0.8", " 1.7", " 2.7", " ", " 1.9", " 3.3", " 3.8", " 1.4"
"1590", "", "False", "Nervonic acid", "C24 H46 O2", "Full match", " Full match", " No results", " Full match", " Full match", "0.99", "366.35014", "365.34287", "10.174", "1905798.96861569", "15", "1", "0", "99.2", "10.0", "", "No matches found", " No matches found", " No matches found", " No matches found", " No matches found", "", "Multiple matches found", "PreferredDDA", "", "[M-H]-1", "297525.160338896", " 646559.276682359", " 519807.170503718", " 569192.74994512", " 806419.916866823", "", " 74.4450735404207", " 34.0371784733351", " 28.6729613315965", " 44.1013058370223", "0.572", " 1.095", " 1.551", " 1.136", " 1.417", "-0.80", " 0.13", " 0.63", " 0.18", " 0.50", "", " 0.993102016260926", " 0.97104874386389", " 0.998896125749177", " 0.999185940479583", "", " 1", " 1", " 0.999999999996915", " 1", "5.7", "", " ", " ", " ", " 3.8", " ", " ", " ", " ", " 3.8", " 2.7", " ", " 5.2", " 5.7", " 3.0", " 1.5", " ", " 2.8", " 3.5", " ", " ", " ", " 1.6", " ", " ", " ", " 2.5", " 4.4", " 4.0", " 4.0", " ", " ", " ", " ", " ", " ", " ", " 3.0", " 4.5", " 3.6"
"1464", "", "False", "LMST04010192", "C24 H36 O5", "Not the top hit", " No results", " No results", " Not the top hit", " Full match", "2.56", "404.25731", "403.25003", "4.535", "1830368.30695486", "21", "0", "0", "", "", "", "No matches found", " No matches found", " No matches found", " No matches found", " No matches found", "", "Multiple matches found", "PreferredDDA", "", "[M-H]-1", "436620.211529591", " 768344.026120775", " 507299.196834688", " 880844.728653893", " 750120.072704776", "", " 51.3789702856851", " 31.6785118037872", " 46.8746373919228", " 59.4379846697567", "0.861", " 1.736", " 1.479", " 0.872", " 0.852", "-0.22", " 0.80", " 0.56", " -0.20", " -0.23", "", " 0.289781595173538", " 0.802715442178345", " 0.922007693163343", " 0.797895721182156", "", " 1", " 1", " 0.999999999996915", " 1", "5.2", "", " ", " ", " ", " ", " ", " 1.5", " ", " 4.5", " 1.9", " ", " 4.8", " 2.7", " 4.4", " 2.3", " ", " ", " 2.4", " 2.0", " ", " ", " ", " 2.8", " 3.5", " ", " ", " 3.3", " 2.7", " 5.2", " 4.4", " 3.0", " 1.1", " 3.0", " 4.9", " 5.2", " ", " 4.9", " 4.5", " 2.7", " 2.7"
"1461", "", "False", "", "C10 H27 N4 O4 P", "Full match", " No results", " No results", " No results", " No results", "-2.85", "298.17614", "297.16886", "4.879", "1815034.64953839", "0", "0", "0", "", "", "", "No matches found", " No matches found", " No matches found", " No matches found", " No matches found", "", "No matches found", "PreferredDDA", "", "[M-H]-1", "416916.678301518", " 816750.875474628", " ", " 1272054.35136432", " 1280207.71883662", "", " 46.3068106609913", " ", " 21.0757678215387", " 44.9004542212552", "Infinity", " Infinity", " Infinity", " 0.642", " 1.006", "Infinity", " Infinity", " Infinity", " -0.64", " 0.01", "", " ", " ", " 0.936770230798563", " 0.997743857589103", "", " ", " ", " 0.999999999996915", " 1", "5.2", "", " ", " 0.4", " ", " ", " ", " ", " ", " ", " 3.3", " ", " ", " ", " 4.5", " ", " 1.1", " ", " ", " ", " ", " ", " ", " ", " ", " ", " ", " 2.8", " 4.6", " 4.8", " 3.1", " ", " ", " ", " ", " 3.8", " ", " ", " 5.2", " ", " 3.3"
"744", "", "False", "(23S)-methylcholic acid", "C25 H42 O5", "Not the top hit", " No results", " No results", " Full match", " Full match", "1.55", "422.30388", "421.29677", "4.405", "1811103.35472716", "8", "0", "0", "", "", "", "No matches found", " No matches found", " No matches found", " No matches found", " No matches found", "", "Multiple matches found", "PreferredDDA", "", "[M-H]-1", "306411.870638121", " 1314190.57018124", " 511665.606772999", " 970558.468764565", " 957614.605335892", "", " 61.0142488318329", " 70.4549286541718", " 41.2435264120655", " 18.6857583415943", "0.599", " 1.897", " 1.872", " 1.354", " 0.987", "-0.74", " 0.92", " 0.90", " 0.44", " -0.02", "", " 0.479487834803909", " 0.566098036057828", " 0.981555149999108", " 0.999998230167567", "", " 1", " 1", " 0.999999999996915", " 1", "6.1", "", " ", " ", " ", " 4.5", " ", " ", " ", " ", " 1.7", " ", " ", " 4.8", " 4.8", " 4.2", " 4.5", " ", " ", " 3.0", " ", " ", " 1.9", " 2.3", " ", " ", " ", " 4.5", " ", " ", " 2.9", " 2.9", " 4.5", " 6.1", " ", " ", " ", " 1.7", " 4.4", " ", " "
"1434", "", "False", "8(S)-Hydroxy-(5Z,9E,11Z,14Z)-eicosatetraenoic acid", "C20 H32 O3", "Full match", " Full match", " Full match", " Not the top hit", " Not the top hit", "1.52", "320.23563", "319.22835", "5.443", "1797065.51031999", "72", "6", "3", "88.2", "9.4", "21.5", "Multiple matches found", " No matches found", " No matches found", " No matches found", " No matches found", "", "Multiple matches found", "PreferredDDA", "", "[M-H]-1", "", " 1439916.03763895", " 394562.495684478", " 879765.26969458", " 1020274.33493142", "", " 31.2392355146135", " ", " 3.08440118286751", " 30.1900288354433", "0.000", " 2.230", " 2.586", " 1.637", " 1.160", "-Infinity", " 1.16", " 1.37", " 0.71", " 0.21", "", " ", " ", " 0.457228806492801", " 0.91997094525143", "", " ", " ", " 0.999999999996915", " 1", "7.6", "", " ", " ", " ", " ", " ", " ", " ", " ", " 3.0", " ", " 3.4", " ", " 5.3", " 2.8", " ", " ", " ", " ", " ", " ", " ", " 4.5", " ", " ", " ", " ", " ", " ", " ", " 7.6", " 7.2", " 4.5", " ", " 5.3", " ", " ", " 3.4", " 2.0", " "
"1481", "", "False", "Trihydroxycoprostanoic acid", "C28 H48 O5", "Not the top hit", " No results", " No results", " Not the top hit", " Full match", "1.83", "464.35103", "463.34375", "6.537", "1796925.75503619", "8", "0", "0", "", "", "", "No matches found", " No matches found", " No matches found", " No matches found", " No matches found", "", "Multiple matches found", "PreferredDDA", "", "[M-H]-1", "542444.22556734", " 537086.807643177", " 1133238.75681529", " 755823.134355107", " 532415.765375356", "", " 53.0268251743694", " 25.103205554224", " 64.9375383748861", " 44.5857409210333", "0.479", " 0.667", " 0.470", " 0.711", " 0.704", "-1.06", " -0.58", " -1.09", " -0.49", " -0.51", "", " 0.936531191881308", " 0.5833414744027", " 0.931990320272256", " 0.887004078146622", "", " 1", " 1", " 0.999999999996915", " 1", "6.2", "", " ", " ", " ", " ", " ", " 3.4", " ", " ", " 3.0", " ", " ", " 2.1", " 1.5", " 2.7", " ", " ", " 2.9", " 6.2", " ", " ", " ", " ", " ", " ", " ", " ", " ", " 2.7", " 2.3", " 5.5", " 0.8", " 1.9", " ", " ", " ", " 1.1", " 4.0", " 1.9", " "
"1572", "", "False", "2-[(2S,4aR,8aS)-2-Hydroxy-4a-methyl-8-methylenedecahydro-2-naphthalenyl]acrylic acid", "C15 H22 O3", "Full match", " Full match", " No results", " Partial match", " Partial match", "0.88", "250.15712", "249.14984", "6.892", "1781672.56287784", "23", "7", "0", "80.4", "48.7", "", "No matches found", " No matches found", " No matches found", " No matches found", " No matches found", "", "Multiple matches found", "PreferredDDA", "CO2", "[M-H]-1", "645887.931316594", " 653260.552380406", " 925475.99399807", " 1283395.45352681", " 994628.862763682", "29.885340211546", " ", " 16.9422922799188", " 36.2424309400796", " 51.4949984742713", "0.698", " 1.387", " 1.075", " 0.509", " 0.775", "-0.52", " 0.47", " 0.10", " -0.97", " -0.37", "0.93776397309837", " 0.680367716985928", " 0.999463725827628", " ", " 0.867608711478496", "0.999999999946231", " 1", " 1", " ", " 1", "5.6", "", " ", " 5.0", " ", " ", " 4.0", " 5.6", " ", " ", " ", " ", " 4.5", " ", " ", " ", " ", " 4.8", " ", " ", " ", " 4.2", " 5.3", " ", " ", " 4.1", " 4.5", " 1.9", " ", " ", " 3.2", " ", " ", " ", " ", " ", " 2.3", " 2.9", " ", " ", " "
"1374", "", "False", "FAHFA 20:3/20:4", "C40 H64 O4", "Full match", " No results", " Full match", " No results", " No results", "-2.81", "608.47875", "607.47147", "7.867", "1778754.38306813", "0", "0", "4", "", "", "39.6", "No matches found", " No matches found", " No matches found", " Multiple matches found", " No matches found", "", "No matches found", "PreferredDDA", "", "[M-H]-1", "823857.897324725", " ", " 925556.092198946", " 1534970.41420693", " 1018723.82555559", "3.56712569489607", " ", " 91.5882251031107", " 30.9328910155246", " ", "0.890", " 1.658", " 1.101", " 0.000", " 0.664", "-0.17", " 0.73", " 0.14", " -Infinity", " -0.59", "0.991502333510179", " 0.561227745464005", " ", " ", " ", "0.999999999946231", " 1", " ", " ", " ", "5.5", "", " ", " 4.5", " ", " ", " 4.2", " ", " ", " ", " ", " ", " ", " ", " ", " ", " ", " 1.4", " ", " ", " ", " ", " 3.0", " ", " ", " 0.9", " ", " ", " 2.6", " ", " 5.3", " ", " 3.0", " ", " ", " ", " ", " ", " 5.5", " ", " "
"1440", "", "False", "5-oxo-6E,8Z-tetradecadienoic acid", "C14 H22 O3", "Full match", " No results", " No results", " Not the top hit", " Full match", "-0.21", "238.15684", "237.14957", "5.736", "1741628.02178783", "8", "0", "0", "", "", "", "No matches found", " No matches found", " No matches found", " No matches found", " No matches found", "", "Multiple matches found", "PreferredDDA", "CO2", "[M-H]-1", "808735.541731792", " ", " 708931.278613355", " 967511.662095501", " 625011.52761046", "40.95062914017", " ", " 19.6522556565387", " ", " 74.0556577813259", "1.141", " 1.365", " 0.882", " 0.000", " 0.646", "0.19", " 0.45", " -0.18", " -Infinity", " -0.63", "0.994169422557197", " ", " 0.994488605734868", " ", " ", "0.999999999946231", " ", " 1", " ", " ", "6.1", "", " ", " 2.5", " 0.8", " ", " ", " 3.4", " ", " ", " ", " ", " ", " ", " ", " ", " ", " 4.2", " 6.1", " ", " ", " ", " ", " 4.5", " ", " 2.5", " ", " ", " ", " ", " ", " ", " ", " ", " ", " 1.1", " ", " ", " 4.8", " 0.8", " "
"1141", "", "False", "", "C24 H56 N10 O6", "Full match", " No results", " No results", " No results", " No results", "-4.86", "580.43561", "579.42833", "4.761", "1740064.84727616", "0", "0", "0", "", "", "", "No matches found", " No matches found", " No matches found", " No matches found", " No matches found", "", "No matches found", "PreferredDDA", "", "[M-H]-1", "", " 1025484.04513084", " 261135.054505723", " 326651.501566241", " ", "", " 98.5456445279373", " 28.0466917638026", " 12.7362765174668", " ", "0.000", " 1.251", " 0.000", " 3.139", " 0.000", "-Infinity", " 0.32", " -Infinity", " 1.65", " -Infinity", "", " 0.957737562571492", " ", " 0.359467103818598", " ", "", " 1", " ", " 0.999999999996915", " ", "6.9", "", " ", " ", " ", " ", " ", " ", " ", " ", " ", " 3.3", " 1.9", " ", " ", " ", " ", " ", " ", " 3.7", " ", " 5.2", " ", " 2.5", " ", " ", " ", " ", " ", " 6.9", " ", " 3.5", " 6.9", " ", " ", " ", " ", " ", " ", " ", " "
"995", "", "False", "", "C11 H24 N3 O8 P", "Full match", " No results", " No results", " No results", " No results", "-2.92", "357.12906", "356.12180", "0.649", "1731268.4832004", "0", "0", "0", "", "", "", "No matches found", " No matches found", " No matches found", " No matches found", " No matches found", "", "No matches found", "PreferredDDA", "", "[M-H]-1", "536876.425867383", " 1073735.44701534", " 649701.440157119", " ", " 398786.749860174", "51.2637803989809", " 86.6034682999517", " 30.3802984364338", " ", " 31.296940661406", "0.826", " 0.000", " 0.614", " Infinity", " Infinity", "-0.28", " -Infinity", " -0.70", " Infinity", " Infinity", "0.826440182838614", " ", " 0.735601661273195", " ", " ", "0.999999999946231", " ", " 1", " ", " ", "5.8", "", " ", " 4.9", " ", " 1.5", " 2.3", " ", " ", " ", " ", " 5.2", " 4.2", " ", " ", " ", " ", " ", " ", " 4.3", " ", " 5.8", " 5.1", " ", " 2.0", " ", " ", " ", " ", " ", " ", " ", " ", " ", " ", " ", " ", " 1.6", " 2.4", " ", " "
"1428", "", "False", "", "C18 H37 N4 O8 P", "Full match", " No results", " No results", " No results", " No results", "-0.84", "468.23451", "467.22723", "4.957", "1720162.79899936", "0", "0", "0", "", "", "", "No matches found", " No matches found", " No matches found", " No matches found", " No matches found", "", "No matches found", "PreferredDDA", "", "[M-H]-1", "", " ", " ", " 1702193.06010331", " 471804.803260898", "", " ", " ", " 1.49295923328078", " 27.8072326794901", "", " Infinity", " Infinity", " 0.000", " 0.277", "", " Infinity", " Infinity", " -Infinity", " -1.85", "", " ", " ", " ", " 0.00855112680342152", "", " ", " ", " ", " 0.596678625838746", "8.2", "", " ", " ", " ", " ", " ", " ", " ", " ", " ", " ", " ", " ", " ", " ", " ", " ", " ", " ", " ", " ", " ", " ", " ", " ", " ", " ", " ", " ", " 5.5", " 8.2", " ", " ", " 3.3", " 3.7", " ", " 3.3", " ", " ", " "
"501", "", "False", "", "C14 H32 O3 P2", "Full match", " No results", " No results", " No results", " No results", "-2.53", "310.18188", "309.17461", "10.849", "1713551.75975888", "0", "0", "0", "", "", "", "No matches found", " No matches found", " No matches found", " No matches found", " No matches found", "", "No matches found", "PreferredDDA", "", "[M-H]-1", "941632.156182217", " 1190671.7904878", " 1235962.89283054", " 1004164.71681601", " 1458963.71431011", "38.4413249873619", " 47.525686482398", " 27.6377286819748", " 29.8337920979239", " 20.6692904483853", "0.762", " 0.812", " 1.180", " 1.186", " 1.453", "-0.39", " -0.30", " 0.24", " 0.25", " 0.54", "0.946372840530065", " 0.998393608180647", " 0.781002949810421", " 0.999707383173641", " 0.583826895272632", "0.999999999946231", " 1", " 1", " 0.999999999996915", " 1", "7.1", "5.7", " ", " ", " 4.3", " 6.4", " 4.7", " 4.9", " 5.4", " 2.9", " 4.8", " ", " ", " ", " ", " 2.7", " 5.9", " 5.4", " ", " 5.4", " ", " ", " 6.5", " 7.1", " 3.7", " ", " ", " 5.4", " 5.8", " 6.5", " 6.3", " 6.7", " 3.7", " 4.3", " 6.5", " 6.9", " 6.5", " ", " 6.5", " ", " "
"1426", "", "False", "Labdanolic acid", "C20 H36 O3", "Full match", " Full match", " No results", " Partial match", " Partial match", "1.29", "324.26686", "323.25959", "6.499", "1708670.71736772", "7", "2", "0", "85.2", "9.3", "", "No matches found", " No matches found", " No matches found", " No matches found", " No matches found", "", "Multiple matches found", "PreferredDDA", "", "[M-H]-1", "762973.417270634", " 871414.704651982", " 777696.161205558", " 565323.923487488", " 624260.214527074", "11.0638448669557", " 51.4089893336836", " 32.1752217844385", " 43.0895353163317", " 34.4417308421845", "0.981", " 0.727", " 0.803", " 1.541", " 1.104", "-0.03", " -0.46", " -0.32", " 0.62", " 0.14", "0.998854261648947", " 0.998305493658974", " 0.995429810302166", " 0.846774684011947", " 0.999973805661586", "0.999999999946231", " 1", " 1", " 0.999999999996915", " 1", "5.5", "", " ", " ", " ", " ", " 3.9", " 3.2", " ", " ", " 5.5", " ", " 3.4", " 2.9", " 4.0", " 4.2", " 0.8", " 2.4", " ", " 4.3", " ", " 3.4", " ", " 5.4", " 3.2", " 2.3", " 2.7", " ", " 5.2", " 3.0", " 2.3", " ", " ", " ", " ", " 2.0", " ", " ", " 3.9", " 3.5", " 3.5"
"1676", "", "False", "", "C24 H51 N10 O4 P S", "Full match", " No results", " No results", " No results", " No results", "3.84", "606.35763", "605.35036", "4.730", "1695354.87665417", "0", "0", "0", "", "", "", "No matches found", " No matches found", " No matches found", " No matches found", " No matches found", "", "No matches found", "PreferredDDA", "", "[M-H]-1", "583959.354475012", " 945435.123667302", " 597793.882500022", " 914796.873335766", " 695522.891047834", "60.5990254431337", " 18.8013984132007", " 67.7806914728618", " 38.3304137756857", " 23.0480380154113", "0.977", " 1.530", " 1.163", " 1.033", " 0.760", "-0.03", " 0.61", " 0.22", " 0.05", " -0.40", "0.944252204894964", " 0.802050261167609", " 0.998799513160844", " 0.996218392034729", " 0.863864787293108", "0.999999999946231", " 1", " 1", " 0.999999999996915", " 1", "3.7", "", " ", " ", " ", " 0.8", " 1.9", " ", " ", " 1.7", " 1.5", " ", " ", " 3.4", " ", " ", " ", " 1.5", " ", " 0.0", " ", " ", " 0.2", " ", " ", " 3.5", " 3.2", " 1.3", " 2.6", " ", " 3.5", " ", " 0.7", " 3.7", " 1.0", " 2.9", " ", " ", " 2.9", " 1.0", " "
"1641", "", "False", "9-oxo-7E-hexadecenoic acid", "C16 H28 O3", "Full match", " No results", " No results", " Not the top hit", " Full match", "1.47", "268.20424", "267.19696", "5.505", "1684551.1887453", "9", "0", "0", "", "", "", "No matches found", " No matches found", " No matches found", " No matches found", " No matches found", "", "Multiple matches found", "PreferredDDA", "", "[M-H]-1", "1338535.36853857", " 1257025.18040883", " ", " 809674.149217249", " ", "20.2861873091308", " ", " ", " ", " ", "Infinity", " Infinity", " ", " 1.553", " 0.000", "Infinity", " Infinity", " ", " 0.63", " -Infinity", "", " ", " ", " ", " ", "", " ", " ", " ", " ", "5.8", "5.0", " ", " 5.4", " 3.9", " 5.4", " 3.9", " 5.8", " ", " ", " 2.9", " ", " ", " ", " ", " ", " ", " ", " ", " ", " ", " ", " ", " ", " ", " ", " 0.0", " ", " ", " ", " ", " ", " ", " ", " ", " ", " ", " ", " ", " ", " "
"502", "", "False", "", "C30 H38 N2 O3", "Full match", " No results", " No results", " No results", " No results", "4.70", "474.29047", "473.28319", "10.855", "1669109.7426698", "0", "0", "0", "", "", "", "No matches found", " No matches found", " No matches found", " No matches found", " No matches found", "", "No matches found", "PreferredDDA", "", "[M-H]-1", "939905.539179211", " 1114920.30174094", " 800978.547948397", " 941818.556365483", " 925567.02452815", "16.2576551396504", " 18.9185708816271", " 29.5665861915441", " 22.825431527806", " 42.5929258019661", "1.173", " 1.176", " 1.156", " 1.184", " 0.983", "0.23", " 0.23", " 0.21", " 0.24", " -0.03", "0.796491042934961", " 0.5191506586437", " 0.901065619375384", " 0.922771797326783", " 0.966078480642054", "0.999999999946231", " 1", " 1", " 0.999999999996915", " 1", "7.8", "", " 6.8", " 7.8", " 7.8", " 6.8", " 5.5", " 4.2", " 5.3", " 6.4", " 7.0", " ", " 7.0", " 7.8", " 7.8", " 5.2", " ", " 2.5", " 5.9", " 3.9", " 5.9", " 4.4", " 3.7", " 4.6", " 6.7", " 6.9", " 6.9", " 7.3", " 4.8", " 5.0", " 7.1", " 6.7", " 6.7", " ", " 2.3", " 6.1", " 6.1", " 4.0", " 4.4", " 5.9", " 4.9"
"1617", "", "False", "PA 2:0_16:3", "C21 H35 O8 P", "Unused", " No results", " Full match", " No match", " No results", "1.67", "446.20770", "445.20042", "4.655", "1639174.80814403", "1", "0", "1", "", "", "5.3", "No matches found", " No matches found", " No matches found", " Single match found", " No matches found", "", "No matches found", "PreferredDDA", "", "[M-H]-1", "1486735.48655943", " 1512721.4362557", " 1438820.33706462", " 1467704.77874327", " 1452780.80790562", "4.44628975908727", " 4.50253892218917", " 6.81926172907929", " 8.70497176456625", " 4.20684350102567", "1.033", " 1.020", " 1.010", " 1.031", " 0.990", "0.05", " 0.03", " 0.01", " 0.04", " -0.01", "0.587576406729079", " 0.992731972509803", " 0.995324207180669", " 0.159381562850742", " 0.930332565106107", "0.999999999946231", " 1", " 1", " 0.999999999996915", " 1", "8.2", "4.4", " 6.3", " 6.3", " 6.7", " 7.4", " 5.9", " 5.2", " 5.9", " 5.5", " 7.0", " ", " 8.2", " 5.2", " 7.4", " 4.4", " 5.9", " 4.6", " 3.9", " 3.9", " 5.0", " 4.3", " 7.7", " 4.3", " 5.0", " 3.9", " 4.3", " 4.3", " 3.5", " 5.4", " ", " 6.2", " 5.0", " 4.0", " 6.7", " 5.2", " 7.0", " 5.9", " 4.8", " 6.3", " 7.4"
"1634", "", "False", "LMST04010365", "C24 H30 O5", "Not the top hit", " No results", " No results", " Not the top hit", " Full match", "-4.05", "398.20771", "397.20044", "5.425", "1629492.52997744", "3", "0", "0", "", "", "", "No matches found", " No matches found", " No matches found", " No matches found", " No matches found", "", "Multiple matches found", "PreferredDDA", "", "[M-H]-1", "906805.609388127", " 690580.569267972", " 585315.500173288", " 665946.961346693", " 758834.900880103", "38.6010678425612", " 31.682480135825", " 39.9241653942664", " 0.150636715946831", " 40.5030237626169", "1.549", " 1.138", " 1.296", " 1.037", " 1.139", "0.63", " 0.19", " 0.37", " 0.05", " 0.19", "0.467853264540886", " 0.998746655869919", " 0.999998743412181", " 0.999999057035133", " 0.999360982721686", "0.999999999946231", " 1", " 1", " 0.999999999996915", " 1", "6.8", "", " 3.2", " 4.1", " 3.9", " 1.6", " 2.2", " 3.4", " ", " 2.4", " ", " ", " 4.1", " 1.6", " 2.8", " 1.6", " 2.0", " ", " ", " 1.6", " 1.3", " ", " ", " ", " 1.6", " 6.8", " 4.5", " ", " ", " ", " ", " ", " ", " ", " ", " 2.3", " ", " 2.7", " 0.8", " ", " "
"1277", "", "False", "", "C13 H29 N4 O3 P", "Full match", " No results", " No results", " No results", " No results", "-2.78", "320.19684", "319.18956", "6.350", "1618951.57297263", "0", "0", "0", "", "", "", "No matches found", " No matches found", " No matches found", " No matches found", " No matches found", "", "No matches found", "PreferredDDA", "", "[M-H]-1", "1254865.4298458", " ", " 746897.259342677", " 606955.56446329", " 291684.149896854", "41.0319345194925", " ", " ", " 4.74889419396627", " ", "1.680", " 0.813", " 0.391", " 0.000", " 0.481", "0.75", " -0.30", " -1.36", " -Infinity", " -1.06", "", " ", " ", " ", " ", "", " ", " ", " ", " ", "5.9", "", " ", " ", " ", " ", " 3.4", " 5.9", " ", " ", " ", " ", " ", " ", " ", " ", " ", " ", " ", " ", " ", " ", " 4.9", " ", " ", " ", " ", " ", " 5.7", " ", " ", " 4.5", " ", " ", " 5.3", " ", " ", " ", " ", " ", " "
"2062", "", "False", "", "C9 H11 N4 O11 P", "Full match", " No results", " No results", " No results", " No results", "1.90", "382.01692", "381.00964", "0.503", "1603736.53804035", "0", "0", "0", "", "", "", "No matches found", " No matches found", " No matches found", " No matches found", " No matches found", "", "No matches found", "PreferredDDA", "", "[M-H]-1", "1024678.03151074", " 869770.357864705", " 787482.374193697", " 905483.867301057", " 1036448.58339886", "21.0394811391193", " 20.7017773769867", " 14.4930905438968", " 13.9524142705226", " 24.3539830940994", "1.301", " 1.150", " 1.316", " 0.961", " 1.145", "0.38", " 0.20", " 0.40", " -0.06", " 0.19", "0.365824741344202", " 0.881893826687786", " 0.255153125423247", " 0.913629517775516", " 0.824710977447198", "0.999999999946231", " 1", " 1", " 0.999999999996915", " 1", "5.7", "", " ", " 1.2", " 2.8", " ", " 3.5", " 2.5", " 3.9", " ", " 5.6", " ", " ", " 1.8", " 3.3", " 3.5", " 4.0", " ", " 3.2", " ", " 2.0", " ", " 3.8", " 2.4", " ", " ", " 5.1", " 3.9", " ", " ", " ", " 5.7", " 5.3", " ", " 3.1", " 3.5", " 2.8", " 2.8", " 3.7", " 3.1", " 4.0"
"1204", "", "False", "FAHFA 18:0/20:0", "C38 H74 O4", "Full match", " No results", " Full match", " Partial match", " No results", "1.74", "594.55975", "593.55247", "8.761", "1598356.76454785", "1", "0", "1", "", "", "21.8", "No matches found", " No matches found", " No matches found", " Single match found", " No matches found", "", "No matches found", "PreferredDDA", "Fatty_Acid_18:0", "[M-H]-1", "212816.179685306", " 589132.092294067", " 542625.997089741", " 392399.296319672", " 387834.085131978", "26.1906992888388", " 74.1619385439399", " 46.7607257424137", " 54.3958564814875", " 60.9968227363625", "0.392", " 0.723", " 0.715", " 1.501", " 0.988", "-1.35", " -0.47", " -0.48", " 0.59", " -0.02", "0.587656932086298", " 0.974686077863095", " 0.988937690951901", " 0.72427001377632", " 0.99999734023078", "0.999999999946231", " 1", " 1", " 0.999999999996915", " 1", "7.1", "", " 3.7", " 7.1", " ", " 6.7", " ", " 2.9", " ", " ", " ", " 3.6", " ", " 5.9", " 6.1", " 2.7", " 4.5", " ", " 4.5", " 5.3", " ", " ", " ", " 5.7", " ", " ", " ", " 5.3", " ", " 2.3", " 5.7", " ", " ", " ", " ", " ", " ", " ", " 3.8", " ", " 4.5"
"1598", "", "False", "", "C44 H54 P2", "Full match", " No results", " No results", " No results", " No results", "4.06", "644.37269", "643.36541", "6.023", "1595402.46328262", "0", "0", "0", "", "", "", "No matches found", " No matches found", " No matches found", " No matches found", " No matches found", "", "No matches found", "PreferredDDA", "", "[M-H]-1", "641683.562602535", " 652384.832301252", " 395922.739885083", " 451825.948988209", " 536003.385563888", "46.5050271768786", " 25.6076986049949", " 91.3543667722322", " 75.8340484244283", " 35.6021206709697", "1.621", " 1.141", " 1.354", " 1.444", " 1.186", "0.70", " 0.19", " 0.44", " 0.53", " 0.25", "0.971141232449348", " 0.994871075268636", " 0.999999881879689", " 0.960455922066063", " 0.996189430780053", "0.999999999946231", " 1", " 1", " 0.999999999996915", " 1", "5.1", "", " ", " 2.7", " 3.4", " 2.3", " 1.4", " 3.4", " ", " 3.3", " ", " ", " 2.1", " 3.3", " 4.0", " ", " 2.9", " ", " ", " 3.6", " 1.9", " 0.4", " ", " ", " 1.1", " 2.7", " 0.4", " 3.4", " 3.6", " ", " 0.0", " ", " 2.3", " 5.1", " ", " 4.7", " ", " 2.8", " 4.3", " ", " "
"1194", "", "False", "bhas#26", "C21 H40 O7", "Not the top hit", " No results", " No results", " Full match", " Full match", "2.57", "404.27844", "403.27117", "6.975", "1592860.93198123", "2", "0", "0", "", "", "", "No matches found", " No matches found", " No matches found", " No matches found", " No matches found", "", "Multiple matches found", "PreferredDDA", "", "[M-H]-1", "", " 650384.632193871", " ", " 1231872.64689886", " 756020.597611544", "", " 73.0849603368167", " ", " 40.2935301792871", " 53.899450122236", "", " Infinity", " Infinity", " 0.528", " 0.614", "", " Infinity", " Infinity", " -0.92", " -0.70", "", " ", " ", " 0.422796746675282", " 0.586031597209729", "", " ", " ", " 0.999999999996915", " 1", "6.3", "", " ", " ", " ", " ", " ", " ", " ", " ", " ", " ", " 0.8", " ", " 2.1", " 2.3", " 2.3", " ", " ", " ", " ", " ", " ", " ", " ", " 5.3", " 2.7", " 1.7", " 6.3", " ", " ", " 2.9", " ", " ", " ", " ", " 4.5", " 3.4", " 3.3", " ", " 4.8"
"1816", "", "False", "Nonadecylic acid", "C19 H38 O2", "Full match", " No results", " No results", " Not the top hit", " Full match", "1.09", "298.28751", "297.28023", "9.041", "1585085.79378811", "26", "0", "0", "", "", "", "No matches found", " No matches found", " No matches found", " No matches found", " No matches found", "", "Multiple matches found", "PreferredDDA", "", "[M-H]-1", "451677.451554174", " 809374.066130501", " 853756.780907797", " 918223.965411415", " 620881.698664064", "33.960407526734", " 57.6256438982201", " 41.5256006051037", " 22.8506972370036", " 62.5386137108762", "0.529", " 1.076", " 0.727", " 0.881", " 0.676", "-0.92", " 0.11", " -0.46", " -0.18", " -0.56", "0.527393848572054", " 0.999644365510547", " 0.999844436715074", " 0.999622534478053", " 0.999999991437527", "0.999999999946231", " 1", " 1", " 0.999999999996915", " 1", "4.5", "1.6", " ", " ", " ", " 3.5", " ", " 2.0", " ", " ", " 3.8", " ", " ", " 3.3", " 4.5", " 2.3", " ", " ", " 1.1", " 1.9", " ", " 3.0", " ", " 1.0", " ", " ", " ", " 1.0", " 4.0", " 4.4", " 3.1", " ", " 2.5", " ", " ", " ", " ", " ", " 1.1", " 1.1", " 3.3"
"1421", "", "False", "LPC 16:0", "C24 H50 N O7 P", "No match", " No results", " Invalid mass", " No match", " No match", "121174.61", "555.35421", "554.34694", "5.497", "1584705.21371094", "2", "0", "9", "", "", "76.6", "No matches found", " No matches found", " No matches found", " Multiple matches found", " No matches found", "", "Multiple matches found", "PreferredDDA", "", "[M-H]-1", "409288.000990524", " ", " 569319.194153785", " 435286.976218522", " 440052.498124227", "43.8618157145814", " ", " 55.8956858054683", " 50.8990241846888", " 24.7589080069029", "0.719", " 0.765", " 0.773", " 0.000", " 1.011", "-0.48", " -0.39", " -0.37", " -Infinity", " 0.02", "0.118768823694014", " 0.929723247759622", " 0.665404204836795", " ", " 0.939660042526983", "0.999999999946231", " 1", " 1", " ", " 1", "5.6", "2.3", " ", " ", " ", " 3.8", " ", " 4.5", " 3.0", " ", " ", " ", " ", " ", " ", " ", " ", " 1.9", " 3.3", " ", " ", " 3.0", " 4.5", " 3.4", " 1.5", " 2.5", " 2.7", " ", " ", " ", " ", " 1.5", " ", " ", " 5.6", " ", " ", " ", " 5.6", " ", " "
"600", "", "False", "", "C12 H28 O P2", "Full match", " No results", " No results", " No results", " No results", "-3.54", "250.16065", "309.17457", "10.850", "1556869.06072138", "0", "0", "0", "", "", "", "No matches found", " No matches found", " No matches found", " No matches found", " No matches found", "", "No matches found", "OtherDDA", "", "[M-H+HAc]-1", "1116750.08938481", " 1178876.39502656", " 1141187.53735687", " 926418.776480543", " 1239289.09052755", "", " 31.6088880814931", " 4.58457222345821", " 34.5383413749263", " 33.1060987509505", "0.979", " 0.812", " 1.086", " 1.273", " 1.338", "-0.03", " -0.30", " 0.12", " 0.35", " 0.42", "", " 0.929926937598553", " 0.999999999253696", " 0.922841083700055", " 0.904558016966265", "", " 1", " 1", " 0.999999999996915", " 1", "9.3", "", " ", " 6.3", " ", " ", " ", " ", " ", " ", " ", " ", " 4.7", " 6.0", " ", " ", " ", " ", " 9.3", " ", " ", " 8.2", " ", " ", " ", " 5.7", " 6.2", " ", " ", " ", " ", " ", " ", " ", " ", " ", " ", " 4.9", " ", " 2.8", " 5.3"
"750", "", "False", "", "", "No results", " No results", " No results", " No results", " No results", "", "350.21313", "349.20585", "10.850", "1536444.64372176", "0", "0", "0", "", "", "", "No matches found", " No matches found", " No matches found", " No matches found", " No matches found", "", "No matches found", "NoMSn", "", "[M-H]-1", "676233.398618182", " 939168.727395307", " 754780.622433373", " 891493.152732499", " 1001059.13445253", "", " 69.105331443982", " ", " 2.80899585488097", " 5.30602841504664", "0.896", " 1.181", " 1.326", " 1.053", " 1.123", "-0.16", " 0.24", " 0.41", " 0.08", " 0.17", "", " ", " ", " 0.996267932450163", " 0.999658857353452", "", " ", " ", " 0.999999999996915", " 1", "7.6", "", " ", " ", " 2.3", " ", " ", " ", " ", " ", " 4.4", " 5.3", " ", " 5.2", " 5.3", " ", " ", " ", " ", " ", " ", " ", " ", " ", " 2.3", " ", " ", " ", " ", " ", " ", " 7.6", " 6.8", " 7.3", " ", " ", " ", " 5.8", " ", " ", " "
"1725", "", "False", "", "", "No results", " No results", " No results", " No results", " No results", "", "260.82366", "259.81638", "0.844", "1533753.67046884", "0", "0", "0", "", "", "", "No matches found", " No matches found", " No matches found", " No matches found", " No matches found", "", "No matches found", "PreferredDDA", "", "[M-H]-1", "1087247.75286916", " 438800.094214595", " 1264921.64596243", " 539881.674639817", " 431964.001041471", "36.5784786249886", " 29.194894945839", " 10.8888664537825", " 36.0187206810394", " 32.0755839667929", "0.860", " 0.427", " 0.341", " 0.813", " 0.800", "-0.22", " -1.23", " -1.55", " -0.30", " -0.32", "0.927378625663507", " 0.0151039911224007", " 0.00834219867176023", " 0.805470502352163", " 0.915739120046162", "0.999999999946231", " 0.187770071453481", " 0.110325577434029", " 0.999999999996915", " 1", "6.4", "", " ", " 4.1", " ", " 1.9", " 3.9", " ", " ", " ", " ", " ", " 3.3", " 5.9", " 5.6", " ", " ", " ", " ", " ", " ", " 6.4", " 5.7", " 5.7", " 5.3", " 5.3", " 4.3", " 2.0", " 3.2", " 3.5", " ", " ", " ", " ", " 5.8", " ", " ", " ", " 5.4", " 5.8", " "
"2491", "", "False", "", "C14 H23 O4 P", "Full match", " No results", " No results", " No match", " No results", "-1.51", "286.13296", "285.12569", "5.626", "1527247.00230457", "4", "0", "0", "", "", "", "No matches found", " No matches found", " No matches found", " No matches found", " No matches found", "", "No matches found", "PreferredDDA", "", "[M-H]-1", "1278995.4766635", " 1378816.38271093", " 1196178.61792543", " ", " 1376841.10425406", "3.89871222025978", " 6.98013994443058", " 35.0482518711969", " ", " 6.61370676329699", "1.069", " 0.000", " 1.151", " Infinity", " Infinity", "0.10", " -Infinity", " 0.20", " Infinity", " Infinity", "0.478399035020837", " ", " 0.127396255425428", " ", " ", "0.999999999946231", " ", " 0.728846342220831", " ", " ", "3.6", "", " ", " 3.6", " ", " ", " 3.6", " ", " ", " 3.5", " 3.1", " ", " ", " 3.1", " 3.1", " ", " 2.8", " ", " ", " ", " 1.5", " 0.7", " 3.5", " 0.5", " 1.5", " ", " ", " ", " ", " ", " ", " ", " ", " ", " ", " 2.8", " ", " 3.1", " ", " 3.5", " 2.8"
"1832", "", "False", "", "C8 H15 N4 O8 P3 S", "Full match", " No results", " No results", " No results", " No results", "-2.33", "419.98136", "418.97409", "9.249", "1508103.69176069", "0", "0", "0", "", "", "", "No matches found", " No matches found", " No matches found", " No matches found", " No matches found", "", "No matches found", "PreferredDDA", "", "[M-H]-1", "477832.853011188", " 653958.552803474", " 693509.301767275", " 657304.926166563", " 699913.998460526", "21.0817689312632", " 38.8937404460323", " 29.9917582596481", " 21.0098970308366", " 46.385323376058", "0.689", " 0.948", " 1.009", " 0.995", " 1.065", "-0.54", " -0.08", " 0.01", " -0.01", " 0.09", "0.497850525264031", " 0.999606766004059", " 0.999527377081398", " 0.999317923838709", " 0.990886318847439", "0.999999999946231", " 1", " 1", " 0.999999999996915", " 1", "5.2", "", " ", " 3.3", " ", " 1.4", " ", " 2.1", " ", " 4.7", " 1.9", " ", " 3.4", " 3.9", " ", " ", " 2.0", " ", " ", " 2.9", " ", " 2.5", " 3.9", " 3.3", " 2.9", " 3.7", " 5.2", " 4.4", " 2.9", " ", " 2.9", " 4.4", " 2.9", " 3.0", " 3.8", " 3.0", " ", " 3.3", " 3.6", " 2.3", " 3.8"
"918", "", "False", "FAHFA 2:0/18:2", "C20 H34 O4", "Full match", " No results", " Full match", " Partial match", " Partial match", "0.50", "338.24588", "337.23847", "6.640", "1508021.18256461", "20", "0", "1", "", "", "44.9", "No matches found", " No matches found", " No matches found", " Single match found", " No matches found", "", "Multiple matches found", "PreferredDDA", "", "[M-H]-1", "", " 1122858.65008706", " 1508021.18256461", " 990371.501585837", " 679576.308306176", "", " 29.8004788776568", " ", " 30.3631974469435", " 8.33451979382379", "0.000", " 0.657", " 0.451", " 1.134", " 0.686", "-Infinity", " -0.61", " -1.15", " 0.18", " -0.54", "", " ", " ", " 0.998709459925588", " 0.577987914848945", "", " ", " ", " 0.999999999996915", " 1", "8.2", "", " ", " ", " ", " ", " ", " ", " ", " 3.5", " 1.4", " ", " 1.4", " 6.2", " 4.6", " 2.0", " ", " ", " ", " 1.0", " ", " ", " ", " ", " ", " ", " ", " ", " 5.7", " ", " 1.6", " ", " ", " ", " ", " 2.5", " ", " 8.2", " 5.6", " ", " 2.9"
"2364", "", "False", "", "C14 H19 O13 P3 S", "Full match", " No results", " No results", " No results", " No results", "-1.83", "519.97497", "518.96769", "9.814", "1495848.1679926", "0", "0", "0", "", "", "", "No matches found", " No matches found", " No matches found", " No matches found", " No matches found", "", "No matches found", "PreferredDDA", "", "[M-H]-1", "748385.113045758", " 845399.264211645", " 824826.309132304", " 891314.70801248", " 855073.165619064", "", " 12.7158507584126", " 2.30950550188126", " 2.42289533877072", " 38.6784739809734", "0.907", " 1.081", " 1.037", " 0.948", " 0.959", "-0.14", " 0.11", " 0.05", " -0.08", " -0.06", "", " 0.99462647828091", " 0.999954978405849", " 0.999982348158187", " 0.995276605479913", "", " 1", " 1", " 0.999999999996915", " 1", "5.3", "", " ", " 1.1", " ", " ", " ", " ", " ", " ", " 4.1", " ", " 3.9", " 2.4", " 2.4", " ", " ", " ", " ", " 4.5", " ", " ", " 3.8", " ", " ", " 5.3", " 3.4", " 3.0", " 3.4", " ", " ", " ", " ", " 0.9", " ", " 0.5", " ", " 2.2", " 1.5", " 0.5", " 1.3"
"1728", "", "False", "13(S)-HpOTrE", "C18 H30 O4", "No match", " Invalid mass", " No results", " No match", " No match", "-58056.60", "292.20442", "291.19714", "4.814", "1489599.43789235", "30", "2", "0", "89.5", "51.2", "", "No matches found", " No matches found", " No matches found", " No matches found", " No matches found", "", "Multiple matches found", "PreferredDDA", "", "[M-H]-1", "1374881.84703822", " 1030597.66156014", " 1052671.52386919", " 1063272.62994203", " 771864.890336907", "22.1668351476134", " 18.8327593443975", " 24.1102148809957", " 21.8065174784649", " 25.1273964729115", "1.306", " 1.010", " 0.733", " 0.969", " 0.726", "0.39", " 0.01", " -0.45", " -0.05", " -0.46", "0.742805561076491", " 0.999915519394695", " 0.285259329174361", " 0.999660007976126", " 0.269718952074546", "0.999999999946231", " 1", " 1", " 0.999999999996915", " 1", "6.2", "", " ", " 3.5", " ", " 2.9", " 3.1", " 4.6", " ", " 4.0", " 4.0", " ", " 4.8", " ", " 4.8", " 3.8", " 2.9", " ", " ", " 2.9", " 2.5", " 5.0", " 3.5", " ", " 6.2", " 5.8", " 5.4", " 2.4", " 5.8", " 4.6", " 3.7", " 2.1", " ", " 2.1", " ", " 2.9", " ", " 2.1", " 3.5", " 3.3", " 2.9"
"660", "", "False", "8-Iso-15-keto-prostaglandin-F2ß", "C20 H32 O5", "No match", " Invalid mass", " No results", " No results", " No results", "10.72", "352.22875", "351.22151", "10.848", "1488225.5162099", "0", "1", "0", "60.5", "8.0", "", "No matches found", " No matches found", " No matches found", " No matches found", " No matches found", "", "No matches found", "PreferredDDA", "", "[M-H]-1", "785104.329799629", " 848727.166207711", " 897823.786995155", " 1093397.52164204", " 989708.199078446", "37.333295887344", " 10.2345618925783", " 26.5331421038252", " 28.6123853815812", " 38.872845803986", "0.874", " 1.218", " 1.102", " 0.776", " 0.905", "-0.19", " 0.28", " 0.14", " -0.37", " -0.14", "0.688824669779809", " 0.998490604690492", " 0.999228531975019", " 0.892974344959972", " 0.989369931137357", "0.999999999946231", " 1", " 1", " 0.999999999996915", " 1", "7.7", "3.2", " 6.6", " ", " ", " 4.1", " 3.5", " 5.3", " 6.6", " 5.7", " ", " ", " 5.4", " ", " ", " 5.4", " 7.7", " 4.8", " 4.4", " 3.9", " 3.7", " 4.8", " 6.5", " 7.1", " ", " 4.3", " 6.7", " 4.3", " 5.0", " 5.4", " ", " ", " ", " ", " 4.9", " 4.5", " 6.6", " ", " ", " 6.2", " "
"804", "", "False", "5-({[(2R,4S,5R)-5-(6-Cyclopentyl-2-methyl-4-pyrimidinyl)-1-azabicyclo[2.2.2]oct-2-yl]methyl}amino)-5-oxopentanoic acid", "C23 H34 N4 O3", "No match", " Invalid mass", " No results", " No results", " No results", "-43471.35", "396.25451", "395.24720", "10.848", "1483356.603042", "0", "1", "0", "88.5", "72.8", "", "No matches found", " No matches found", " No matches found", " No matches found", " No matches found", "", "No matches found", "PreferredDDA", "", "[M-H]-1", "531430.19486045", " 597717.117831679", " 448147.388065187", " 663086.592678684", " 622271.620206573", "28.3574411878573", " 41.4650676076194", " 16.6688082549614", " 55.4557391865252", " 21.6212815797563", "1.186", " 1.480", " 1.389", " 0.901", " 0.938", "0.25", " 0.57", " 0.47", " -0.15", " -0.09", "0.910968360996504", " 0.150304701760489", " 0.301538975971336", " 0.998752684996074", " 0.951814654065837", "0.999999999946231", " 0.874645445350928", " 1", " 0.999999999996915", " 1", "7.6", "7.1", " 2.5", " ", " ", " 5.9", " 4.4", " 4.8", " 5.6", " 6.1", " ", " ", " 5.3", " 4.4", " ", " ", " 3.0", " 6.4", " ", " 6.4", " 6.4", " ", " 6.8", " 7.6", " 7.2", " 3.4", " ", " ", " 4.8", " ", " ", " 5.7", " 6.1", " 6.7", " 5.6", " 6.3", " 6.3", " 5.9", " ", " 6.3", " 6.3"
"692", "", "False", "", "C40 H83 Cl N3 P", "Full match", " No results", " No results", " No results", " No results", "-2.54", "671.59961", "670.59233", "10.850", "1482381.3896598", "0", "0", "0", "", "", "", "No matches found", " No matches found", " No matches found", " No matches found", " No matches found", "", "No matches found", "NoMSn", "", "[M-H]-1", "", " 780921.465852502", " 461227.158466548", " 365273.692281622", " 192788.624183493", "", " 67.7433344600264", " 72.1668877703354", " ", " 11.4036390696831", "0.000", " 0.792", " 0.418", " 2.138", " 0.528", "-Infinity", " -0.34", " -1.26", " 1.10", " -0.92", "", " ", " 0.73946247026905", " ", " ", "", " ", " 1", " ", " ", "7.7", "", " ", " ", " ", " ", " ", " ", " ", " ", " 5.9", " ", " 3.4", " ", " 5.7", " 4.9", " ", " ", " ", " ", " ", " ", " 2.7", " 4.5", " ", " ", " ", " ", " ", " ", " 3.4", " ", " ", " ", " 7.7", " 7.7", " 5.1", " ", " ", " ", " "
"1511", "", "False", "", "C4 H3 Br Cl2 N2 O2 P2 S", "Invalid mass", " No results", " No results", " No results", " No results", "5.07", "353.79688", "352.78960", "10.958", "1475777.3771229", "0", "0", "0", "", "", "", "No matches found", " No matches found", " No matches found", " No matches found", " No matches found", "", "No matches found", "PreferredDDA", "", "[M-H]-1", "1040917.14129622", " 925019.863964136", " 1310543.97623246", " 879462.27735193", " 761724.254093322", "15.482727180944", " 5.76931748180242", " 14.7855728028547", " 6.46382545478907", " 39.2778918185803", "0.794", " 0.671", " 0.581", " 1.052", " 0.866", "-0.33", " -0.58", " -0.78", " 0.07", " -0.21", "0.812496878897748", " 0.323181080420611", " 0.00153585499942888", " 0.997590994560123", " 0.250198613541921", "0.999999999946231", " 1", " 0.0253896029593086", " 0.999999999996915", " 1", "6.1", "6.1", " 4.4", " 2.9", " ", " ", " ", " 2.7", " ", " ", " ", " ", " ", " 3.5", " ", " ", " 2.9", " 5.3", " 3.4", " 3.4", " 3.0", " 4.1", " 3.0", " ", " ", " ", " ", " 3.3", " ", " 2.5", " ", " ", " 3.3", " 1.3", " 2.0", " 2.0", " ", " ", " ", " 1.6", " 1.3"
"896", "", "False", "", "C18 H31 N2 O P", "Full match", " No results", " No results", " No results", " No results", "1.48", "322.21788", "321.21095", "10.849", "1462628.0897473", "0", "0", "0", "", "", "", "No matches found", " No matches found", " No matches found", " No matches found", " No matches found", "", "No matches found", "PreferredDDA", "", "[M-H]-1", "518105.695555394", " 567598.979147384", " 425685.324567889", " 586436.580978957", " 653616.114561804", "18.133265066301", " 25.997721289134", " 81.8003543552391", " 26.1444896656409", " 20.7709713774664", "1.217", " 1.378", " 1.535", " 0.968", " 1.115", "0.28", " 0.46", " 0.62", " -0.05", " 0.16", "0.998694242214914", " 0.944623674131427", " 0.679022306592889", " 0.999853918154356", " 0.97977297349907", "0.999999999946231", " 1", " 1", " 0.999999999996915", " 1", "7.1", "", " 4.2", " ", " ", " ", " 4.2", " 6.4", " ", " 6.7", " 5.9", " ", " 4.0", " ", " ", " ", " 3.3", " ", " ", " 3.4", " 4.5", " 3.3", " ", " 6.1", " 4.9", " 5.6", " ", " 3.3", " ", " ", " 7.1", " 5.2", " 4.4", " 3.3", " ", " 5.6", " 4.0", " 5.2", " 6.7", " 3.3", " "
"1180", "", "False", "", "C34 H50 N6 O2", "Full match", " No results", " No results", " No results", " No results", "1.64", "574.40047", "573.39319", "6.778", "1461699.26578979", "0", "0", "0", "", "", "", "No matches found", " No matches found", " No matches found", " No matches found", " No matches found", "", "No matches found", "PreferredDDA", "", "[M-H]-1", "", " ", " 552172.028519627", " 862174.861285817", " ", "", " ", " ", " 30.4597906514388", " ", "0.000", " 1.561", " 0.000", " 0.000", " 0.000", "-Infinity", " 0.64", " -Infinity", " -Infinity", " -Infinity", "", " ", " ", " ", " ", "", " ", " ", " ", " ", "5.4", "", " ", " ", " ", " ", " ", " ", " ", " ", " ", " ", " ", " ", " ", " ", " ", " ", " ", " 1.9", " ", " ", " ", " ", " ", " ", " ", " 2.8", " 5.4", " 3.8", " 5.1", " ", " ", " ", " ", " ", " ", " ", " ", " ", " "
"2136", "", "False", "methyl 9,12-dihydroxy-13-oxo-10-octadecenoate", "C19 H34 O5", "Not the top hit", " No results", " No results", " Partial match", " Full match", "0.68", "342.24086", "341.23358", "4.743", "1452974.40218392", "6", "0", "0", "", "", "", "No matches found", " No matches found", " No matches found", " No matches found", " No matches found", "", "Multiple matches found", "PreferredDDA", "", "[M-H]-1", "1316141.09519847", " 1392523.30608286", " 1248422.68300896", " 1160830.85057008", " 1257355.79705717", "6.01032801461035", " 6.13926959735639", " 7.71121941048702", " 3.82107976280189", " 8.60359761386643", "1.054", " 0.930", " 1.007", " 1.200", " 1.083", "0.08", " -0.10", " 0.01", " 0.26", " 0.12", "0.969090552671408", " 0.844120336811193", " 0.998106372146737", " 0.169393525785943", " 0.613216167028012", "0.999999999946231", " 1", " 1", " 0.999999999996915", " 1", "5.0", "3.9", " ", " ", " ", " 3.1", " 3.9", " ", " ", " ", " ", " ", " ", " ", " 4.3", " ", " 4.3", " ", " ", " ", " ", " ", " 4.3", " 3.9", " ", " ", " ", " 4.4", " ", " ", " 4.4", " ", " ", " 4.3", " 3.9", " ", " ", " ", " ", " 4.3", " 5.0"
"838", "", "False", "", "C42 H78 N6 O2", "Full match", " No results", " No results", " No results", " No results", "-0.40", "698.61835", "697.61107", "10.843", "1450854.84451968", "0", "0", "0", "", "", "", "No matches found", " No matches found", " No matches found", " No matches found", " No matches found", "", "No matches found", "PreferredDDA", "", "[M-H]-1", "359430.517313145", " 408148.621353433", " 328380.937174686", " 223743.346798127", " 314991.019255663", "27.6615895550493", " 94.7519742307509", " 58.4799801288793", " 25.38801748736", " 39.3031531814443", "1.095", " 0.681", " 0.959", " 1.824", " 1.408", "0.13", " -0.55", " -0.06", " 0.87", " 0.49", "0.921617950352027", " 0.999999695932747", " 0.919983712826317", " 0.282488300568291", " 0.810624588411213", "0.999999999946231", " 1", " 1", " 0.999999999996915", " 1", "6.7", "", " ", " ", " ", " ", " 6.3", " 4.0", " 6.3", " ", " 5.9", " ", " 5.3", " ", " 3.0", " 2.7", " ", " ", " ", " ", " ", " ", " 2.3", " 3.4", " 4.2", " 5.9", " 4.8", " 6.7", " 5.2", " 6.7", " 6.7", " ", " 4.4", " 3.2", " ", " 4.3", " 0.9", " 3.9", " 5.8", " ", " 2.8"
"1348", "", "False", "", "C21 H28 N4 O S", "Full match", " No results", " No results", " No match", " No results", "-2.62", "384.19738", "383.19010", "8.741", "1445746.14590715", "1", "0", "0", "", "", "", "No matches found", " No matches found", " No matches found", " No matches found", " No matches found", "", "No matches found", "PreferredDDA", "", "[M-H]-1", "247362.180226578", " 574833.604096472", " 384068.886624061", " 495158.876145184", " 697875.921174325", "", " 74.0975488192048", " 40.2432223512049", " 38.8984893016167", " 21.8568366644501", "0.644", " 1.289", " 1.817", " 1.161", " 1.409", "-0.63", " 0.37", " 0.86", " 0.22", " 0.50", "", " 0.99999988008632", " 0.836278489387547", " 0.832333535386959", " 0.802073552573121", "", " 1", " 1", " 0.999999999996915", " 1", "6.3", "", " ", " 2.3", " ", " ", " ", " ", " ", " ", " 3.0", " 2.5", " ", " 4.8", " 1.9", " 2.7", " 5.3", " ", " 3.4", " 3.4", " ", " ", " ", " 5.3", " ", " ", " ", " 3.9", " 6.2", " 2.8", " 3.5", " ", " 4.3", " ", " ", " ", " ", " ", " 5.6", " ", " 6.3"
"627", "", "False", "4-keto pentadecanoic acid", "C15 H28 O3", "Full match", " No results", " No results", " Partial match", " Full match", "0.44", "256.20396", "255.19701", "6.363", "1434427.71493821", "6", "0", "0", "", "", "", "No matches found", " No matches found", " No matches found", " No matches found", " No matches found", "", "Multiple matches found", "PreferredDDA", "CO2", "[M-H]-1", "1434427.71493821", " 700586.185610346", " ", " 969856.287047815", " 680948.473869138", "", " 11.3719848316697", " ", " 28.6991089854469", " 38.4228549109296", "Infinity", " Infinity", " Infinity", " 0.722", " 0.702", "Infinity", " Infinity", " Infinity", " -0.47", " -0.51", "", " ", " ", " 0.666453839541072", " 0.753270495522014", "", " ", " ", " 0.999999999996915", " 1", "7.3", "", " ", " ", " ", " ", " ", " ", " 1.0", " 3.5", " ", " ", " ", " ", " 6.9", " 7.3", " 7.3", " ", " ", " ", " ", " ", " ", " ", " ", " 6.2", " ", " ", " ", " 5.9", " ", " ", " ", " ", " ", " 4.7", " 5.4", " 4.5", " ", " 5.4", " "
"1475", "", "False", "", "C15 H35 N7 O6 P2", "Full match", " No results", " No results", " No results", " No results", "-2.53", "471.21121", "470.20394", "6.228", "1431013.19889069", "0", "0", "0", "", "", "", "No matches found", " No matches found", " No matches found", " No matches found", " No matches found", "", "No matches found", "PreferredDDA", "", "[M-H]-1", "442007.717212937", " 544103.542582286", " 535667.191148051", " 1431013.19889069", " 618178.227234255", "", " 34.8696545331097", " 47.8685740575938", " ", " 32.3596038243647", "0.825", " 2.671", " 1.154", " 0.380", " 0.432", "-0.28", " 1.42", " 0.21", " -1.40", " -1.21", "", " ", " 0.999999999988606", " ", " ", "", " ", " 1", " ", " ", "5.4", "", " ", " ", " ", " ", " ", " ", " 3.0", " 3.2", " 2.0", " ", " ", " ", " ", " ", " ", " ", " 3.0", " 3.4", " ", " 3.4", " 5.2", " ", " ", " ", " 4.8", " ", " ", " ", " ", " ", " ", " 5.4", " 5.1", " ", " 0.9", " 4.3", " ", " ", " 1.3"
"1831", "", "False", "Docosanoic acid", "C22 H44 O2", "Full match", " Full match", " No results", " Full match", " Full match", "1.13", "340.33452", "339.32724", "10.190", "1428922.68020956", "15", "2", "0", "95.5", "9.8", "", "No matches found", " No matches found", " No matches found", " No matches found", " No matches found", "", "Multiple matches found", "PreferredDDA", "", "[M-H]-1", "559274.59111122", " 405471.288560209", " 714899.810050798", " 472088.367101107", " 593939.988069506", "34.7833820904079", " 65.6622656281185", " 45.3991646454449", " 20.5624284140133", " 46.5997889241134", "0.782", " 0.660", " 0.831", " 0.859", " 1.258", "-0.35", " -0.60", " -0.27", " -0.22", " 0.33", "0.985715673200942", " 0.658799077924934", " 0.936468962562446", " 0.999182441289434", " 0.981084275919438", "0.999999999946231", " 1", " 1", " 0.999999999996915", " 1", "5.3", "", " ", " 3.2", " ", " 5.3", " ", " 4.3", " ", " ", " 3.4", " 0.8", " 3.4", " 5.2", " 4.5", " 2.7", " 3.0", " ", " ", " 3.6", " ", " 3.4", " ", " 3.4", " ", " ", " ", " 3.3", " 3.7", " 4.8", " 3.3", " ", " ", " ", " ", " ", " ", " ", " 3.4", " 3.0", " 4.0"
"1637", "", "False", "N-oleoyl threonine", "C22 H41 N O4", "Full match", " No results", " No results", " Full match", " Full match", "1.02", "383.30395", "382.29667", "6.640", "1427276.48405931", "2", "0", "0", "", "", "", "No matches found", " No matches found", " No matches found", " No matches found", " No matches found", "", "Multiple matches found", "PreferredDDA", "", "[M-H]-1", "475769.012560673", " 619917.412563877", " 463539.800487091", " 589557.039018522", " 691386.354294291", "", " 52.9979994481967", " ", " 48.2216736587062", " 18.2381145881772", "1.026", " 1.272", " 1.492", " 1.051", " 1.173", "0.04", " 0.35", " 0.58", " 0.07", " 0.23", "", " ", " ", " 0.786329250668867", " 0.964809540559305", "", " ", " ", " 0.999999999996915", " 1", "6.4", "", " ", " ", " ", " ", " 0.4", " ", " ", " 2.7", " ", " ", " ", " 4.8", " ", " ", " 3.4", " ", " ", " ", " ", " 3.8", " ", " ", " ", " ", " ", " ", " ", " 3.4", " ", " ", " 4.2", " ", " 6.4", " 3.4", " ", " ", " ", " 3.0", " 3.8"
"1668", "", "False", "16-Hydroxyhexadecanoic acid", "C16 H32 O3", "Full match", " Full match", " No results", " Full match", " Not the top hit", "3.08", "272.23598", "271.22871", "6.230", "1403513.59179843", "21", "1", "0", "88.9", "9.4", "", "No matches found", " No matches found", " No matches found", " No matches found", " No matches found", "", "Multiple matches found", "PreferredDDA", "", "[M-H]-1", "", " 1065466.99652942", " 983189.602917669", " 1034871.449675", " 1040718.99081394", "", " 28.4640289850582", " 29.8402244646917", " 19.8656975873762", " 19.5370561560783", "0.000", " 1.053", " 1.059", " 1.030", " 1.006", "-Infinity", " 0.07", " 0.08", " 0.04", " 0.01", "", " 0.881361072384993", " 0.995325451823845", " 0.987451555097803", " 0.980799724675124", "", " 1", " 1", " 0.999999999996915", " 1", "5.9", "", " ", " ", " ", " ", " ", " ", " ", " ", " 4.6", " ", " 1.8", " ", " ", " ", " ", " 5.6", " 3.5", " 5.4", " ", " ", " 3.7", " 5.0", " ", " ", " ", " ", " 4.4", " ", " ", " 1.7", " 4.8", " 4.2", " ", " ", " ", " ", " 5.9", " ", " "
"2073", "", "False", "", "C9 H15 Cl N4 O6 S3", "Full match", " No results", " No results", " No results", " No results", "-1.57", "405.98359", "404.97631", "10.921", "1387885.71049145", "0", "0", "0", "", "", "", "No matches found", " No matches found", " No matches found", " No matches found", " No matches found", "", "No matches found", "PreferredDDA", "", "[M-H]-1", "1040025.4599195", " 1137536.30974456", " 890308.382026523", " 1084983.38877893", " 1152211.26686612", "28.6488428301796", " 28.1048075120841", " 7.82875910324381", " 27.1477346343961", " 5.80181675443708", "1.168", " 1.219", " 1.294", " 1.048", " 1.062", "0.22", " 0.29", " 0.37", " 0.07", " 0.09", "0.999818254726948", " 0.999966324328557", " 0.376487308099379", " 0.873879969776435", " 0.439075455649122", "0.999999999946231", " 1", " 1", " 0.999999999996915", " 1", "6.3", "", " 2.8", " ", " ", " 2.5", " 3.5", " 2.8", " ", " 2.8", " 2.8", " 1.8", " 2.4", " ", " 2.4", " 2.8", " 2.8", " 4.0", " 4.0", " 4.0", " 6.3", " 2.9", " 4.3", " 4.3", " ", " 2.8", " 2.5", " 1.0", " 2.8", " 3.1", " 1.4", " ", " 2.4", " 3.9", " 5.4", " 4.3", " 4.6", " 3.9", " 4.6", " 3.9", " 4.6"
"2187", "", "False", "", "C11 H17 O17 P3", "Full match", " No results", " No results", " No results", " No results", "0.20", "513.96796", "512.96068", "9.570", "1383658.76963173", "0", "0", "0", "", "", "", "No matches found", " No matches found", " No matches found", " No matches found", " No matches found", "", "No matches found", "PreferredDDA", "", "[M-H]-1", "609150.413972538", " 715722.430924925", " 647461.057273394", " 719893.313590558", " 682633.484895285", "23.688622400852", " 27.8324714776091", " 22.3218272945019", " 16.2668448199576", " 44.3703569195909", "0.941", " 1.112", " 1.054", " 0.994", " 0.948", "-0.09", " 0.15", " 0.08", " -0.01", " -0.08", "0.996155164075689", " 0.99596028454424", " 0.920481314467109", " 0.999999999910973", " 0.983663830219689", "0.999999999946231", " 1", " 1", " 0.999999999996915", " 1", "3.4", "", " ", " 3.3", " ", " ", " ", " 1.4", " ", " 2.1", " 2.4", " ", " 2.5", " 2.9", " 2.1", " ", " ", " ", " ", " 2.5", " ", " 2.5", " 2.1", " 2.1", " 1.8", " 2.7", " 2.7", " 2.7", " 3.4", " ", " 2.7", " 3.4", " 3.0", " 1.5", " ", " 2.3", " ", " 1.5", " 2.5", " ", " 1.9"
"1495", "", "False", "LMST01010385", "C29 H46 O3", "Full match", " No results", " No results", " Partial match", " Full match", "1.73", "442.34546", "441.33818", "8.723", "1379795.53634776", "19", "0", "0", "", "", "", "No matches found", " No matches found", " No matches found", " No matches found", " No matches found", "", "Multiple matches found", "PreferredDDA", "", "[M-H]-1", "", " 811780.474705334", " ", " 334306.197195724", " 1085941.73705834", "", " 0.950064611258075", " ", " 17.8104490551712", " 38.2683540127747", "", " Infinity", " Infinity", " 2.428", " 3.248", "", " Infinity", " Infinity", " 1.28", " 1.70", "", " ", " ", " 0.0391696034958569", " 0.0157359002265708", "", " ", " ", " 0.999999999996915", " 0.853101753377861", "6.1", "", " ", " ", " ", " ", " ", " ", " ", " ", " 6.1", " ", " ", " 5.3", " ", " ", " ", " ", " ", " ", " ", " ", " ", " ", " ", " ", " ", " 4.9", " 4.2", " ", " 3.4", " ", " ", " ", " ", " ", " ", " ", " 3.5", " ", " 4.5"
"1822", "", "False", "2-Hydroxymyristic acid", "C14 H28 O3", "Full match", " Full match", " No results", " Not the top hit", " Full match", "0.36", "244.20393", "243.19666", "5.229", "1371897.77406143", "13", "1", "0", "72.2", "8.6", "", "No matches found", " No matches found", " No matches found", " No matches found", " No matches found", "", "Multiple matches found", "PreferredDDA", "", "[M-H]-1", "600897.596811838", " 1371897.77406143", " 879456.796280837", " 693260.40551169", " 728303.708048403", "22.5229503386446", " ", " 19.5617380844219", " 17.3717772267229", " 33.0103487947059", "0.683", " 0.788", " 0.828", " 1.979", " 1.051", "-0.55", " -0.34", " -0.27", " 0.98", " 0.07", "0.608246450308475", " 0.8892351234757", " 0.996983665317043", " ", " 0.931002966585212", "0.999999999946231", " 1", " 1", " ", " 1", "4.7", "", " ", " ", " 1.8", " ", " 3.3", " ", " ", " ", " 1.7", " ", " ", " ", " ", " ", " ", " ", " ", " ", " ", " ", " 3.8", " 4.4", " ", " ", " ", " ", " ", " ", " 2.3", " ", " 3.0", " ", " 3.2", " 1.3", " ", " 1.6", " 2.6", " 1.5", " 4.7"
"868", "", "False", "", "", "No results", " No results", " No results", " No results", " No results", "", "683.59729", "682.59002", "10.845", "1360839.65786485", "0", "0", "0", "", "", "", "No matches found", " No matches found", " No matches found", " No matches found", " No matches found", "", "No matches found", "NoMSn", "", "[M-H]-1", "299080.521260318", " 741443.579786945", " 327055.123445287", " 426287.165422438", " 685873.894427701", "19.1783209136637", " 40.1870921275477", " ", " 77.8134012843805", " ", "0.914", " 1.303", " 2.097", " 1.739", " 1.609", "-0.13", " 0.38", " 1.07", " 0.80", " 0.69", "", " ", " ", " 0.87111442477015", " ", "", " ", " ", " 0.999999999996915", " ", "5.7", "4.2", " ", " 5.7", " ", " ", " ", " ", " ", " 4.2", " ", " ", " ", " ", " ", " 2.1", " 0.8", " ", " ", " ", " ", " ", " ", " 3.8", " ", " 5.7", " 2.7", " 4.0", " ", " ", " ", " ", " 4.5", " 4.9", " ", " ", " ", " ", " ", " ", " "
"1301", "", "False", "", "C36 H41 Br N2 O P2 S", "Full match", " No results", " No results", " No results", " No results", "-0.21", "690.15967", "689.15240", "10.911", "1351264.62132938", "0", "0", "0", "", "", "", "No matches found", " No matches found", " No matches found", " No matches found", " No matches found", "", "No matches found", "PreferredDDA", "", "[M-H]-1", "490396.242351798", " 516171.576671253", " 916880.780476873", " 486083.095978946", " 580060.034414049", "26.5662596129999", " ", " 63.6282933515056", " 38.7073485239541", " 68.4241831341826", "0.535", " 0.530", " 0.633", " 1.062", " 1.193", "-0.90", " -0.92", " -0.66", " 0.09", " 0.25", "0.993676378608482", " 0.999435096639416", " 0.9929938724806", " ", " 0.999600614232628", "0.999999999946231", " 1", " 1", " ", " 1", "4.5", "2.9", " 3.7", " ", " ", " ", " ", " 1.0", " ", " ", " ", " ", " ", " ", " 1.1", " ", " ", " ", " 1.5", " 4.5", " ", " 2.3", " ", " ", " ", " 3.9", " ", " 3.5", " 3.2", " ", " ", " ", " ", " ", " ", " 3.0", " ", " 3.4", " 2.9", " ", " "
"984", "", "False", "", "C41 H76 N6 O2", "Full match", " No results", " No results", " No results", " No results", "-1.35", "684.60205", "683.59477", "10.844", "1349874.91981336", "0", "0", "0", "", "", "", "No matches found", " No matches found", " No matches found", " No matches found", " No matches found", "", "No matches found", "PreferredDDA", "", "[M-H]-1", "419683.000054575", " 416437.306725414", " ", " 484035.706683576", " 469792.398297897", "48.2994141086175", " 94.5134152116848", " ", " 1.36541092362957", " 71.2578712763957", "Infinity", " Infinity", " Infinity", " 0.860", " 0.971", "Infinity", " Infinity", " Infinity", " -0.22", " -0.04", "", " ", " ", " 0.999943069945182", " 0.976650831511191", "", " ", " ", " 0.999999999996915", " 1", "8.0", "", " 3.8", " ", " ", " 5.3", " 4.9", " 2.3", " 4.5", " ", " 3.3", " ", " 2.7", " ", " 2.3", " ", " ", " ", " ", " ", " ", " ", " ", " ", " ", " ", " ", " ", " ", " 8.0", " ", " 5.3", " ", " ", " ", " 1.7", " ", " 5.3", " ", " 5.3", " "
"976", "", "False", "", "C8 H N7 O3 S", "Full match", " No results", " No results", " No results", " No results", "0.93", "274.98641", "273.97914", "10.857", "1346620.7007617", "0", "0", "0", "", "", "", "No matches found", " No matches found", " No matches found", " No matches found", " No matches found", "", "No matches found", "NoMSn", "", "[M-H]-1", "1038216.86600107", " 822007.287352438", " 1083432.72404178", " 1045832.23943913", " ", "42.0094201981406", " ", " ", " 4.94399556186183", " ", "0.958", " 0.965", " 0.000", " 0.786", " 0.000", "-0.06", " -0.05", " -Infinity", " -0.35", " -Infinity", "", " ", " ", " ", " ", "", " ", " ", " ", " ", "8.9", "", " ", " ", " ", " 3.4", " ", " ", " 4.0", " ", " ", " ", " ", " ", " ", " 3.0", " ", " ", " ", " ", " ", " 4.4", " ", " ", " ", " ", " 8.9", " ", " ", " ", " 8.9", " ", " ", " ", " ", " ", " ", " ", " ", " ", " "
"1208", "", "False", "", "C16 H28 O7 P2 S", "Full match", " No results", " No results", " No results", " No results", "-3.48", "426.10161", "425.09434", "0.578", "1327489.15137367", "0", "0", "0", "", "", "", "No matches found", " No matches found", " No matches found", " No matches found", " No matches found", "", "No matches found", "PreferredDDA", "", "[M-H]-1", "876762.189947029", " 549436.853395503", " 740336.510476388", " ", " 372195.142224188", "72.7020609562642", " 12.7429407442746", " 31.9361110480385", " ", " ", "1.184", " 0.000", " 0.503", " Infinity", " Infinity", "0.24", " -Infinity", " -0.99", " Infinity", " Infinity", "0.97868937781765", " ", " ", " ", " ", "0.999999999946231", " ", " ", " ", " ", "6.9", "", " ", " ", " ", " 2.7", " ", " ", " 2.9", " ", " 3.9", " ", " ", " 6.6", " 6.9", " ", " ", " ", " ", " 5.3", " ", " ", " 5.4", " 5.1", " ", " ", " ", " ", " ", " ", " ", " ", " ", " ", " ", " ", " ", " ", " ", " ", " 4.5"
"1705", "", "False", "", "C13 H29 N4 O4 P", "Full match", " No results", " No results", " No results", " No results", "-1.59", "336.19211", "335.18483", "5.088", "1321905.49546357", "0", "0", "0", "", "", "", "No matches found", " No matches found", " No matches found", " No matches found", " No matches found", "", "No matches found", "PreferredDDA", "", "[M-H]-1", "", " 759741.75549818", " ", " 1104423.11948006", " 859379.481538575", "", " 10.1916715889792", " ", " 30.9418828288715", " 53.4258287798333", "", " Infinity", " Infinity", " 0.688", " 0.778", "", " Infinity", " Infinity", " -0.54", " -0.36", "", " ", " ", " 0.709957177385677", " 0.786902600186304", "", " ", " ", " 0.999999999996915", " 1", "5.2", "", " ", " ", " ", " ", " ", " ", " ", " ", " ", " ", " 4.3", " ", " 5.1", " ", " ", " ", " ", " ", " ", " ", " ", " ", " ", " ", " ", " 3.4", " 4.1", " ", " ", " 3.2", " ", " ", " 5.2", " ", " ", " 4.2", " ", " ", " "
"1807", "", "False", "LMST04010145", "C24 H38 O5", "Not the top hit", " No results", " No results", " Not the top hit", " Full match", "1.86", "406.27268", "405.26540", "4.858", "1321616.47408145", "43", "0", "0", "", "", "", "No matches found", " No matches found", " No matches found", " No matches found", " No matches found", "", "Multiple matches found", "PreferredDDA", "", "[M-H]-1", "484841.607314021", " 173163.580194868", " 531080.023327406", " 520644.683037746", " 127507.838991881", "", " ", " 29.4543204655543", " 59.7649246264128", " ", "0.913", " 0.980", " 0.240", " 0.333", " 0.245", "-0.13", " -0.03", " -2.06", " -1.59", " -2.03", "", " 0.90489973014007", " ", " ", " ", "", " 1", " ", " ", " ", "5.9", "", " ", " ", " ", " ", " ", " 1.1", " ", " ", " ", " ", " ", " ", " 0.8", " ", " ", " ", " 3.7", " 2.9", " 3.3", " ", " 2.5", " ", " 5.9", " ", " ", " 1.5", " ", " 3.3", " 1.5", " 2.7", " 0.8", " ", " ", " 4.2", " ", " ", " ", " ", " "
"1626", "", "False", "", "C18 H33 N7 O3", "Full match", " No results", " No results", " No results", " No results", "1.69", "395.26516", "394.25788", "8.789", "1309766.97095728", "0", "0", "0", "", "", "", "No matches found", " No matches found", " No matches found", " No matches found", " No matches found", "", "No matches found", "PreferredDDA", "", "[M-H]-1", "597507.681708561", " 607728.0447145", " 789146.825140334", " 463184.890683752", " 581481.82068916", "38.1019546980039", " 27.8208447585741", " 49.4372046821412", " 26.3148075972849", " ", "0.757", " 0.587", " 0.737", " 1.312", " 1.255", "-0.40", " -0.77", " -0.44", " 0.39", " 0.33", "0.673304010784331", " 0.567348070139015", " ", " 0.951019347565523", " ", "0.999999999946231", " 1", " ", " 0.999999999996915", " ", "6.3", "3.2", " 2.0", " 2.8", " 3.5", " 2.8", " 4.7", " 5.4", " 3.9", " ", " 5.6", " ", " ", " 4.8", " ", " ", " ", " 1.5", " 2.7", " 4.0", " ", " ", " ", " 2.7", " ", " ", " ", " 6.3", " 2.1", " 6.3", " ", " ", " 3.7", " ", " ", " ", " ", " ", " ", " ", " 3.8"
"1135", "", "False", "", "C39 H81 Cl N3 P", "Full match", " No results", " No results", " No results", " No results", "-4.74", "657.58254", "656.57527", "10.797", "1307739.47511634", "0", "0", "0", "", "", "", "No matches found", " No matches found", " No matches found", " No matches found", " No matches found", "", "No matches found", "PreferredDDA", "", "[M-H]-1", "246887.775642663", " 396612.967166113", " ", " 306041.045293311", " 224964.094331902", "114.797968123586", " 70.4963506587092", " ", " 73.7198240576785", " 44.8503463251304", "Infinity", " Infinity", " Infinity", " 1.296", " 0.735", "Infinity", " Infinity", " Infinity", " 0.37", " -0.44", "", " ", " ", " 0.781780783574882", " 0.994447863502696", "", " ", " ", " 0.999999999996915", " 1", "6.1", "", " ", " ", " ", " 0.2", " 4.5", " ", " 4.9", " 3.0", " 3.0", " ", " ", " 1.0", " 5.3", " 6.1", " 3.4", " ", " ", " ", " ", " ", " ", " ", " ", " 5.7", " 4.2", " 3.0", " ", " ", " ", " 5.3", " ", " 2.3", " 5.7", " 1.5", " ", " ", " ", " 3.4", " "
"1731", "", "False", "", "C9 H3 N8 O P", "Full match", " No results", " No results", " No results", " No results", "1.47", "270.01714", "269.00986", "0.595", "1295917.28709905", "0", "0", "0", "", "", "", "No matches found", " No matches found", " No matches found", " No matches found", " No matches found", "", "No matches found", "PreferredDDA", "", "[M-H]-1", "", " 1030432.33322891", " ", " 1034685.5030272", " 729848.845183556", "", " 22.0000695672218", " ", " 18.3705180675763", " ", "", " Infinity", " Infinity", " 0.996", " 0.705", "", " Infinity", " Infinity", " -0.01", " -0.50", "", " ", " ", " 0.999759761194469", " ", "", " ", " ", " 0.999999999996915", " ", "7.0", "", " ", " ", " ", " ", " ", " ", " ", " ", " 5.0", " ", " 5.0", " ", " ", " 3.7", " 5.9", " ", " ", " ", " ", " ", " ", " ", " ", " ", " 7.0", " ", " ", " ", " ", " 3.8", " ", " ", " 2.7", " ", " ", " ", " ", " ", " "
"1457", "", "False", "", "C9 H10 N6 O7", "Full match", " No results", " No results", " No match", " No results", "-4.14", "314.05980", "313.05243", "0.682", "1287974.48009885", "2", "0", "0", "", "", "", "No matches found", " No matches found", " No matches found", " No matches found", " No matches found", "", "No matches found", "PreferredDDA", "", "[M-H]-1", "911131.41273608", " ", " 1108688.17192165", " ", " ", "28.5825083117178", " ", " 11.227526642094", " ", " ", "0.822", " 0.000", " 0.000", " ", " ", "-0.28", " -Infinity", " -Infinity", " ", " ", "0.284208121982848", " ", " ", " ", " ", "0.999999999946231", " ", " ", " ", " ", "7.2", "", " 4.4", " ", " ", " ", " 5.6", " 5.8", " 5.8", " ", " ", " ", " ", " ", " ", " ", " ", " ", " ", " 7.2", " ", " 7.2", " 6.8", " ", " 7.2", " ", " ", " ", " ", " ", " ", " ", " ", " ", " ", " ", " ", " ", " ", " ", " "
"2020", "", "False", "", "C8 H19 O14 P3 S", "Full match", " No results", " No results", " No results", " No results", "0.94", "463.97127", "462.96399", "9.250", "1275803.81538317", "0", "0", "0", "", "", "", "No matches found", " No matches found", " No matches found", " No matches found", " No matches found", "", "No matches found", "PreferredDDA", "", "[M-H]-1", "485077.617151371", " 781947.268650814", " 582178.375590776", " 562768.613694598", " 575530.295366085", "", " 19.6877219519315", " 31.0564911479597", " 20.6728245743134", " 50.4695112589435", "0.833", " 0.967", " 0.989", " 1.389", " 1.023", "-0.26", " -0.05", " -0.02", " 0.47", " 0.03", "", " 0.999911897565395", " 0.998382134814353", " 0.821037611628911", " 0.990312171738665", "", " 1", " 1", " 0.999999999996915", " 1", "4.5", "", " ", " 0.4", " ", " ", " ", " ", " ", " ", " 3.0", " ", " 2.7", " 3.8", " ", " ", " ", " ", " ", " 2.0", " ", " 1.3", " 3.2", " 1.6", " 1.6", " 2.5", " 3.7", " 2.5", " 4.0", " ", " 3.3", " 4.4", " 2.5", " 3.0", " 4.5", " 2.3", " ", " 1.9", " 2.9", " ", " 2.7"
"1699", "", "False", "Dinoterb", "C10 H12 N2 O5", "Full match", " Full match", " No results", " Not the top hit", " No results", "0.25", "240.07468", "239.06740", "5.751", "1274241.4056373", "2", "2", "0", "93.3", "9.7", "", "No matches found", " No matches found", " No matches found", " No matches found", " No matches found", "", "No matches found", "PreferredDDA", "", "[M-H]-1", "789329.502811684", " 1132563.82160566", " 980977.081456499", " 1213315.53658582", " 893882.161118152", "36.232707168241", " 1.45063877423615", " 29.2160330909784", " ", " 4.95812431188856", "0.805", " 1.237", " 0.911", " 0.933", " 0.737", "-0.31", " 0.31", " -0.13", " -0.10", " -0.44", "0.834529195248577", " ", " 0.994584153514613", " ", " ", "0.999999999946231", " ", " 1", " ", " ", "8.6", "5.1", " ", " ", " 6.0", " 5.1", " 4.7", " ", " 5.4", " 8.6", " 5.9", " ", " ", " ", " ", " ", " ", " ", " ", " ", " 5.9", " 6.5", " ", " ", " ", " ", " ", " ", " ", " 2.9", " ", " ", " ", " ", " 8.3", " 8.3", " 6.8", " ", " ", " 5.7", " "
"1351", "", "False", "", "C12 H20 N8 O2 P2 S", "Full match", " No results", " No results", " No results", " No results", "-0.70", "402.09023", "401.08296", "0.577", "1271698.06349333", "0", "0", "0", "", "", "", "No matches found", " No matches found", " No matches found", " No matches found", " No matches found", "", "No matches found", "PreferredDDA", "", "[M-H]-1", "869413.98485608", " 759254.63694055", " 1001010.99215504", " 449262.89980283", " ", "16.8130542223308", " 50.6530844517787", " ", " ", " ", "0.869", " 0.449", " 0.000", " 1.690", " 0.000", "-0.20", " -1.16", " -Infinity", " 0.76", " -Infinity", "", " ", " ", " ", " ", "", " ", " ", " ", " ", "7.0", "", " ", " ", " ", " ", " ", " 6.4", " 7.0", " ", " 4.5", " 5.2", " 3.0", " ", " ", " ", " ", " ", " ", " ", " ", " ", " 5.2", " ", " ", " ", " 4.5", " ", " ", " ", " ", " ", " ", " ", " ", " ", " ", " ", " ", " ", " "
"722", "", "False", "", "C16 H36 O3 P2", "Full match", " No results", " No results", " No results", " No results", "-2.40", "338.21315", "337.20594", "10.848", "1270765.01037235", "0", "0", "0", "", "", "", "No matches found", " No matches found", " No matches found", " No matches found", " No matches found", "", "No matches found", "PreferredDDA", "", "[M-H]-1", "842710.035282785", " 647947.332922973", " 854521.799357856", " 887421.753878776", " 1110134.25220407", "16.9689207259207", " 24.2384292771658", " 26.5326370618496", " 29.7237070973861", " 14.5343136500772", "0.986", " 1.039", " 1.299", " 0.730", " 1.251", "-0.02", " 0.05", " 0.38", " -0.45", " 0.32", "0.982199378192472", " 0.72754496796928", " 0.185503447880294", " 0.202298678498449", " 0.952651893382144", "0.999999999946231", " 1", " 0.900287375492436", " 0.999999999996915", " 1", "7.1", "", " 3.8", " ", " 4.9", " ", " ", " ", " ", " 5.2", " ", " ", " 6.7", " ", " ", " ", " 4.0", " 5.9", " 4.8", " ", " 5.9", " 7.1", " 3.5", " 7.1", " 2.9", " 3.7", " ", " 4.3", " ", " ", " ", " 4.8", " ", " 6.6", " 6.0", " 6.8", " 6.0", " 6.2", " ", " ", " "
"1491", "", "False", "Pubescenol", "C32 H40 O10", "No match", " No results", " No results", " Not the top hit", " Full match", "3.71", "584.26432", "583.25704", "8.581", "1260395.37328873", "4", "0", "0", "", "", "", "No matches found", " No matches found", " No matches found", " No matches found", " No matches found", "", "Single match found", "PreferredDDA", "", "[M-H]-1", "", " 683849.690400161", " 381054.232683306", " 460105.040563517", " 467534.584767187", "", " 66.5409454902047", " 3.19249767650945", " 27.0775906380838", " 18.1207395231431", "0.000", " 1.207", " 1.227", " 1.486", " 1.016", "-Infinity", " 0.27", " 0.30", " 0.57", " 0.02", "", " 0.985078340668897", " 0.977494700777612", " 0.89352923221845", " 0.999940292852994", "", " 1", " 1", " 0.999999999996915", " 1", "7.6", "", " ", " ", " ", " ", " ", " ", " ", " 5.3", " 3.8", " ", " ", " 3.6", " ", " ", " ", " 7.2", " ", " 7.6", " ", " ", " ", " ", " ", " ", " ", " ", " ", " 4.0", " 3.3", " ", " ", " ", " ", " 5.3", " ", " ", " 6.4", " ", " "
"2200", "", "False", "", "C10 H15 O17 P S", "Full match", " No results", " No results", " No results", " No results", "2.69", "469.97802", "468.97074", "9.573", "1238314.38420874", "0", "0", "0", "", "", "", "No matches found", " No matches found", " No matches found", " No matches found", " No matches found", "", "No matches found", "PreferredDDA", "", "[M-H]-1", "647536.386936058", " 737387.710823929", " 622083.285191049", " 686466.404129032", " 750025.620868658", "", " 19.4323765307654", " 24.0386884559709", " 18.6182345503355", " 36.4381509683647", "1.041", " 1.103", " 1.206", " 1.074", " 1.093", "0.06", " 0.14", " 0.27", " 0.10", " 0.13", "", " 0.997391476428905", " 0.545020023313704", " 0.924415995197506", " 0.686924075778272", "", " 1", " 1", " 0.999999999996915", " 1", "3.8", "", " ", " 2.7", " ", " ", " ", " ", " ", " ", " 1.9", " ", " 3.0", " 2.7", " 2.7", " ", " ", " ", " ", " 2.9", " ", " 2.1", " 3.3", " 2.1", " 1.8", " 2.7", " 3.0", " 3.8", " 3.0", " ", " ", " 2.7", " 2.3", " ", " ", " 2.0", " ", " 1.6", " 3.8", " ", " 1.6"
"1769", "", "False", "", "C17 H36 N6 O4 S", "Full match", " No results", " No results", " No results", " No results", "0.15", "420.25194", "419.24466", "5.644", "1235024.37892245", "0", "0", "0", "", "", "", "No matches found", " No matches found", " No matches found", " No matches found", " No matches found", "", "No matches found", "PreferredDDA", "", "[M-H]-1", "1032678.95378644", " ", " 738817.281092729", " 663934.552266692", " ", "48.9117703250615", " ", " ", " 19.2207571418684", " ", "1.398", " 0.899", " 0.000", " 0.000", " 0.000", "0.48", " -0.15", " -Infinity", " -Infinity", " -Infinity", "", " ", " ", " ", " ", "", " ", " ", " ", " ", "6.4", "", " 1.9", " 4.8", " ", " 2.9", " 2.3", " 4.8", " ", " ", " ", " ", " ", " ", " ", " ", " ", " ", " ", " 3.0", " ", " ", " ", " ", " ", " ", " ", " 6.4", " 4.2", " ", " ", " ", " ", " ", " ", " ", " ", " ", " ", " ", " "
"2398", "", "False", "", "C40 H66 N4 O3", "Full match", " No results", " No results", " No results", " No results", "-0.35", "650.51326", "649.50598", "9.226", "1234232.2845003", "0", "0", "0", "", "", "", "No matches found", " No matches found", " No matches found", " No matches found", " No matches found", "", "No matches found", "PreferredDDA", "", "[M-H]-1", "712319.248387652", " 780633.037763151", " 921934.46842182", " 1051943.06587239", " 964837.461498135", "30.3795017472102", " 21.8951918644008", " 8.32488284245235", " 19.9181022929975", " 26.8852530625645", "0.773", " 1.141", " 1.047", " 0.742", " 0.917", "-0.37", " 0.19", " 0.07", " -0.43", " -0.12", "0.908886474113971", " 0.993547403640396", " 0.992734491296672", " 0.425218880470245", " 0.804996351890936", "0.999999999946231", " 1", " 1", " 0.999999999996915", " 1", "5.8", "", " 2.2", " 1.3", " 1.3", " ", " 2.0", " ", " 1.6", " 2.1", " ", " ", " 2.1", " ", " 2.1", " 2.5", " ", " ", " ", " ", " 4.4", " ", " ", " ", " 5.8", " ", " 4.2", " ", " 4.4", " 4.4", " 2.3", " 3.6", " ", " 3.5", " ", " 1.8", " ", " ", " 2.9", " 3.5", " 4.3"
"2373", "", "False", "(7Z)-14-hydroxy-10,13-dioxoheptadec-7-enoic acid", "C17 H28 O5", "Full match", " No results", " No results", " Not the top hit", " Full match", "1.65", "312.19419", "311.18691", "4.877", "1233704.12630894", "3", "0", "0", "", "", "", "No matches found", " No matches found", " No matches found", " No matches found", " No matches found", "", "Single match found", "PreferredDDA", "CO2", "[M-H]-1", "943506.792126857", " 1108630.25441935", " 991679.548919383", " 1065222.51576254", " 959209.689050173", "14.5681893827197", " 7.42030197465531", " 8.01467912247486", " 8.96776883802834", " 7.89996894609891", "0.951", " 1.074", " 0.967", " 1.041", " 0.900", "-0.07", " 0.10", " -0.05", " 0.06", " -0.15", "0.99982120276372", " 0.845784751874212", " 0.999920240244836", " 0.991923073702677", " 0.705807410590012", "0.999999999946231", " 1", " 1", " 0.999999999996915", " 1", "4.6", "3.2", " 2.8", " 3.8", " 3.5", " 3.2", " 3.9", " 3.4", " ", " ", " ", " ", " 3.9", " ", " 3.9", " 4.3", " 3.9", " 3.3", " ", " ", " ", " 4.3", " ", " 3.5", " ", " 3.5", " 4.3", " ", " 3.7", " 4.3", " 4.3", " 3.5", " 4.6", " 4.3", " ", " ", " 3.7", " ", " ", " 4.3", " 3.7"
"1786", "", "False", "FAHFA 2:0/22:4", "C24 H38 O4", "Full match", " No results", " Full match", " Partial match", " Partial match", "2.23", "390.27788", "389.27060", "5.115", "1233331.35944034", "57", "0", "1", "", "", "1.7", "No matches found", " No matches found", " No matches found", " Single match found", " No matches found", "", "Multiple matches found", "PreferredDDA", "", "[M-H]-1", "", " 650800.79042078", " ", " 752134.145473828", " 603047.405166031", "", " 60.3404960027225", " ", " 33.1312619263881", " 60.0585771036121", "", " Infinity", " Infinity", " 0.865", " 0.802", "", " Infinity", " Infinity", " -0.21", " -0.32", "", " ", " ", " 0.966436164277225", " 0.994010621355259", "", " ", " ", " 0.999999999996915", " 1", "5.1", "", " ", " ", " ", " ", " ", " ", " ", " ", " 2.3", " ", " ", " 1.4", " 0.0", " 1.1", " ", " ", " ", " ", " ", " ", " ", " ", " ", " ", " ", " ", " ", " 5.1", " 2.4", " 3.5", " 3.9", " ", " ", " 3.4", " ", " ", " 0.0", " 2.9", " "
"2058", "", "False", "", "C19 H35 N O3", "Full match", " No results", " No results", " No match", " No results", "1.62", "325.26222", "324.25494", "4.897", "1217821.82316404", "1", "0", "0", "", "", "", "No matches found", " No matches found", " No matches found", " No matches found", " No matches found", "", "No matches found", "PreferredDDA", "", "[M-H]-1", "1043239.43447806", " 1042558.01899013", " 971999.940117954", " 1030740.48899293", " 1005517.49599138", "6.52270672318508", " 2.44043076545394", " 5.46944143500722", " 3.93096395974093", " 9.18435182253195", "1.073", " 1.060", " 1.034", " 1.011", " 0.976", "0.10", " 0.08", " 0.05", " 0.02", " -0.04", "0.397473318601393", " 0.71736972242902", " 0.753968368932995", " 0.951167612016863", " 0.99996385645381", "0.999999999946231", " 1", " 1", " 0.999999999996915", " 1", "7.8", "5.4", " 5.4", " 5.4", " 4.6", " 7.7", " 4.6", " 4.6", " 7.7", " 4.8", " 4.8", " ", " 6.7", " 6.3", " 5.2", " 7.8", " 7.0", " 6.7", " 3.9", " 5.4", " ", " 6.9", " 3.9", " 5.0", " 5.8", " 6.7", " 5.2", " 5.5", " 5.2", " 6.3", " ", " 5.2", " ", " 6.2", " 6.3", " 4.6", " 5.0", " 5.4", " 4.4", " ", " 4.3"
"1501", "", "False", "", "C11 H13 N6 P S", "Full match", " No results", " No results", " No match", " No results", "-3.96", "292.06484", "291.05757", "0.681", "1206136.23553513", "1", "0", "0", "", "", "", "No matches found", " No matches found", " No matches found", " No matches found", " No matches found", "", "No matches found", "PreferredDDA", "", "[M-H]-1", "443350.241486489", " ", " 434463.291764937", " ", " ", "63.305905414058", " ", " 24.3665528461148", " ", " ", "1.020", " 0.000", " 0.000", " ", " ", "0.03", " -Infinity", " -Infinity", " ", " ", "0.63475143191761", " ", " ", " ", " ", "0.999999999946231", " ", " ", " ", " ", "5.9", "", " ", " 5.5", " ", " 4.5", " 4.9", " 4.5", " 4.9", " ", " ", " ", " ", " ", " ", " ", " ", " ", " ", " 5.6", " ", " 5.9", " 5.9", " ", " 5.6", " ", " ", " ", " ", " ", " ", " ", " ", " ", " ", " ", " ", " ", " ", " ", " "
"1540", "", "False", "FAHFA 20:1/22:3", "C42 H74 O4", "Full match", " No results", " Full match", " No results", " No results", "-2.48", "642.55712", "641.54984", "8.779", "1204676.09075223", "0", "0", "2", "", "", "73.5", "No matches found", " No matches found", " No matches found", " Multiple matches found", " No matches found", "", "No matches found", "PreferredDDA", "", "[M-H]-1", "358890.63662994", " 556090.940704521", " 725802.678382165", " 248260.168017242", " 404849.64122685", "31.8031964235549", " 59.7462365375558", " 63.165731863065", " 57.3419827224961", " ", "0.494", " 0.342", " 0.558", " 2.240", " 1.631", "-1.02", " -1.55", " -0.84", " 1.16", " 0.71", "0.561524901722467", " 0.406896170805914", " ", " 0.954042963510735", " ", "0.999999999946231", " 1", " ", " 0.999999999996915", " ", "5.9", "1.6", " 3.9", " 3.9", " ", " 4.3", " ", " 4.3", " ", " ", " 4.2", " ", " ", " 3.8", " ", " 4.2", " ", " ", " 1.1", " 5.9", " ", " ", " ", " 3.0", " ", " ", " ", " 5.3", " 3.0", " ", " 4.9", " ", " 5.3", " ", " ", " ", " ", " ", " ", " ", " 3.4"
"2235", "", "False", "2-methyl-tridecanedioic acid", "C14 H26 O4", "No results", " No results", " No results", " Not the top hit", " Full match", "0.55", "258.18325", "257.17609", "5.390", "1204045.75983318", "6", "0", "0", "", "", "", "No matches found", " No matches found", " No matches found", " No matches found", " No matches found", "", "Multiple matches found", "PreferredDDA", "CO2", "[M-H]-1", "1051519.98221915", " 1078135.717414", " 977378.698363415", " 990086.17721797", " 919127.490321785", "1.54868078299741", " ", " 10.169960808754", " 12.3353158130811", " 13.4742558872141", "1.076", " 1.013", " 0.940", " 1.089", " 0.928", "0.11", " 0.02", " -0.09", " 0.12", " -0.11", "0.990574388020357", " 0.994280408660524", " 0.997221911268202", " ", " 0.999980346521171", "0.999999999946231", " 1", " 1", " ", " 1", "4.8", "", " ", " 4.4", " ", " ", " 4.8", " ", " ", " ", " ", " ", " 1.4", " ", " ", " ", " ", " ", " ", " ", " 3.4", " 2.6", " ", " ", " 2.8", " ", " ", " ", " ", " 3.5", " 3.4", " 3.8", " 3.2", " 3.8", " 3.4", " 3.9", " 3.5", " ", " ", " 4.3", " "
"1095", "", "False", "tetrofosmin", "C18 H40 O4 P2", "Full match", " No results", " No results", " Full match", " No results", "-3.37", "382.23890", "381.23166", "10.846", "1198888.29350583", "1", "0", "0", "", "", "", "No matches found", " No matches found", " No matches found", " No matches found", " No matches found", "", "No matches found", "PreferredDDA", "", "[M-H]-1", "300291.801882977", " ", " 502195.444067243", " 688793.934174901", " ", "22.6058592718316", " ", " 55.6217098266796", " ", " ", "0.598", " 1.372", " 0.000", " 0.000", " 0.000", "-0.74", " 0.46", " -Infinity", " -Infinity", " -Infinity", "0.131515045524527", " ", " ", " ", " ", "0.999999999946231", " ", " ", " ", " ", "7.1", "5.9", " ", " ", " 5.9", " ", " ", " ", " 7.1", " ", " ", " ", " ", " ", " ", " ", " ", " 4.9", " 4.9", " ", " ", " ", " 4.0", " ", " ", " ", " ", " ", " 5.7", " ", " ", " ", " ", " ", " ", " ", " ", " ", " ", " ", " "
"1963", "", "False", "", "C9 H9 N2 O16 P", "Full match", " No results", " No results", " No results", " No results", "-1.28", "431.96842", "430.96114", "9.276", "1196995.02507178", "0", "0", "0", "", "", "", "No matches found", " No matches found", " No matches found", " No matches found", " No matches found", "", "No matches found", "PreferredDDA", "", "[M-H]-1", "539973.51984212", " 562810.623073381", " 657370.775473851", " 650486.749012012", " 759398.204098993", "32.3533106974826", " 12.3292400146576", " 22.7433118104053", " 30.7855034248635", " 31.6294665635133", "0.821", " 0.990", " 1.155", " 0.865", " 1.167", "-0.28", " -0.02", " 0.21", " -0.21", " 0.22", "0.937980137435147", " 0.938137236633231", " 0.65853444128452", " 0.688538689458077", " 0.962176662114755", "0.999999999946231", " 1", " 1", " 0.999999999996915", " 1", "6.6", "", " ", " 2.4", " ", " ", " 2.0", " ", " ", " 6.2", " 3.9", " ", " 6.6", " 4.7", " ", " ", " ", " ", " ", " 3.7", " ", " 2.1", " 3.7", " 2.1", " 3.7", " 3.4", " 3.8", " 2.0", " 2.8", " ", " ", " 3.5", " 3.2", " ", " ", " 2.4", " ", " 2.4", " 5.3", " 3.5", " 3.5"
"2577", "", "False", "", "C2 H2 Br N4 O P S", "Full match", " No results", " No results", " No results", " No results", "-3.21", "239.88626", "238.87901", "11.066", "1192898.93793927", "0", "0", "0", "", "", "", "No matches found", " No matches found", " No matches found", " No matches found", " No matches found", "", "No matches found", "PreferredDDA", "", "[M-H]-1", "836437.859412129", " 1126905.15763655", " 1091692.60397242", " 1077399.93024649", " 961163.863844907", "65.2832586377514", " 8.11251960190993", " 5.0968662196226", " 13.741130337644", " 2.59040648870744", "0.766", " 0.987", " 0.880", " 1.046", " 0.892", "-0.38", " -0.02", " -0.18", " 0.06", " -0.16", "0.201186294508997", " 0.997630047895893", " 0.991612378104442", " 0.998858587953753", " 0.999450714232523", "0.999999999946231", " 1", " 1", " 0.999999999996915", " 1", "4.4", "", " 1.5", " ", " 1.7", " 1.5", " ", " ", " ", " ", " 4.3", " ", " 3.5", " ", " ", " 4.3", " 3.5", " ", " 3.9", " ", " 3.9", " ", " ", " 4.3", " ", " 3.8", " 2.8", " ", " 2.4", " 3.0", " 3.4", " 3.4", " ", " ", " ", " ", " ", " ", " 4.4", " 4.2", " "
"1733", "", "False", "metominostrobin", "C16 H16 N2 O3", "Full match", " No results", " No results", " Full match", " No results", "2.19", "284.11671", "283.10944", "8.581", "1191492.55267668", "1", "0", "0", "", "", "", "No matches found", " No matches found", " No matches found", " No matches found", " No matches found", "", "No matches found", "PreferredDDA", "", "[M-H]-1", "", " 566114.836150782", " ", " 458819.36891372", " 412574.103425477", "", " 48.2438110389782", " ", " 30.4906834552537", " 14.1536404381241", "", " Infinity", " Infinity", " 1.234", " 0.899", "", " Infinity", " Infinity", " 0.30", " -0.15", "", " ", " ", " 0.414234603127656", " 0.981417771177357", "", " ", " ", " 0.999999999996915", " 1", "4.4", "", " ", " ", " ", " ", " ", " ", " ", " ", " ", " ", " ", " 4.4", " 2.7", " 1.5", " 0.0", " ", " ", " ", " ", " ", " ", " ", " ", " ", " ", " ", " ", " 3.2", " 2.8", " ", " ", " ", " ", " 4.3", " ", " ", " 2.8", " 3.2", " 3.5"
"1827", "", "False", "2,5-di-tert-Butylhydroquinone", "C14 H22 O2", "Full match", " Full match", " No results", " Partial match", " Partial match", "-0.28", "222.16192", "221.15462", "4.293", "1187747.35183469", "10", "1", "0", "94.6", "9.7", "", "No matches found", " No matches found", " No matches found", " No matches found", " No matches found", "", "Multiple matches found", "PreferredDDA", "", "[M-H]-1", "", " 1003091.25410772", " 619513.375498731", " 1030555.4807003", " 993742.473796933", "", " ", " 33.7346327607636", " 15.8869046752112", " 19.1831422031357", "0.000", " 1.663", " 1.604", " 0.973", " 0.964", "-Infinity", " 0.73", " 0.68", " -0.04", " -0.05", "", " 0.192608664992826", " 0.143487454591204", " ", " 0.999045423852536", "", " 0.981662767290144", " 0.751533301769771", " ", " 1", "5.5", "", " ", " ", " ", " ", " ", " ", " ", " ", " ", " ", " 1.4", " ", " ", " ", " ", " 4.7", " ", " ", " ", " ", " 3.2", " ", " ", " 2.3", " ", " 5.2", " ", " ", " ", " 4.4", " ", " 2.7", " 5.5", " 3.6", " 3.4", " ", " ", " ", " "
"2237", "", "False", "", "C34 H69 N3 O5", "Full match", " No results", " No results", " No results", " No results", "1.37", "599.52454", "598.51727", "10.170", "1182099.81268523", "0", "0", "0", "", "", "", "No matches found", " No matches found", " No matches found", " No matches found", " No matches found", "", "No matches found", "PreferredDDA", "", "[M-H]-1", "366704.639864684", " 713109.691220466", " 487916.799195948", " 555120.722311815", " 581986.495945453", "22.6862850245201", " 29.6881988621985", " 13.3029423169217", " 13.0011660248309", " 12.3645515173766", "0.752", " 1.138", " 1.193", " 1.285", " 1.048", "-0.41", " 0.19", " 0.25", " 0.36", " 0.07", "0.0307106865985933", " 0.99076067194264", " 0.828371532284154", " 0.136723116983104", " 0.97362020216109", "0.999999999946231", " 1", " 1", " 0.999999999996915", " 1", "3.9", "2.5", " ", " ", " 2.1", " 2.9", " 2.5", " 2.1", " ", " 2.5", " 1.8", " ", " 1.8", " 1.4", " 3.9", " 2.4", " 2.9", " ", " ", " 3.2", " 3.2", " ", " 2.8", " 3.5", " 2.4", " ", " 3.5", " ", " 2.8", " 3.2", " 3.9", " 2.0", " ", " 2.4", " 3.5", " ", " 3.2", " ", " ", " 3.5", " 3.2"
"1321", "", "False", "", "C11 H10 N4 O9 S", "Full match", " No results", " No results", " No results", " No results", "3.44", "374.01813", "373.01086", "0.504", "1179853.00562205", "0", "0", "0", "", "", "", "No matches found", " No matches found", " No matches found", " No matches found", " No matches found", "", "No matches found", "PreferredDDA", "", "[M-H]-1", "", " 327849.912458475", " 660603.102647306", " ", " 575384.041828936", "", " 85.7811382869998", " ", " ", " ", "0.000", " 0.000", " 0.871", " Infinity", " Infinity", "-Infinity", " -Infinity", " -0.20", " Infinity", " Infinity", "", " ", " ", " ", " ", "", " ", " ", " ", " ", "5.3", "", " ", " ", " ", " ", " ", " ", " ", " 4.9", " ", " 4.8", " ", " ", " 2.7", " ", " ", " ", " ", " ", " ", " ", " ", " ", " 5.3", " ", " ", " ", " ", " ", " ", " ", " ", " ", " ", " ", " 5.3", " ", " ", " ", " "
"2736", "", "False", "Tomelukast", "C16 H22 N4 O3", "Full match", " No results", " No results", " Full match", " No results", "-2.44", "318.16842", "317.16114", "0.658", "1177469.43109619", "3", "0", "0", "", "", "", "No matches found", " No matches found", " No matches found", " No matches found", " No matches found", "", "No matches found", "PreferredDDA", "", "[M-H]-1", "1037187.82809519", " 977093.764403587", " 941422.953159643", " 902620.83328606", " 1117320.34103168", "", " 2.41227169154321", " ", " ", " 7.61318449238004", "1.102", " 0.959", " 1.187", " 1.083", " 1.238", "0.14", " -0.06", " 0.25", " 0.11", " 0.31", "", " ", " ", " ", " ", "", " ", " ", " ", " ", "4.0", "", " ", " ", " 1.0", " ", " ", " ", " ", " 4.0", " ", " ", " 4.0", " ", " ", " ", " ", " ", " ", " ", " ", " 1.1", " ", " ", " ", " ", " ", " ", " ", " ", " 0.8", " ", " ", " ", " 3.5", " ", " 3.9", " ", " ", " ", " "
"1350", "", "False", "", "C11 H8 N4 O13", "Full match", " No results", " No results", " No results", " No results", "-2.70", "404.00770", "403.00042", "0.503", "1176394.64354394", "0", "0", "0", "", "", "", "No matches found", " No matches found", " No matches found", " No matches found", " No matches found", "", "No matches found", "PreferredDDA", "", "[M-H]-1", "790214.612277771", " ", " 479481.80432278", " 469315.124241566", " ", "55.8464250884873", " ", " ", " 49.3701797314127", " ", "1.648", " 0.979", " 0.000", " 0.000", " 0.000", "0.72", " -0.03", " -Infinity", " -Infinity", " -Infinity", "", " ", " ", " ", " ", "", " ", " ", " ", " ", "5.5", "", " ", " 4.9", " ", " 5.5", " ", " ", " 4.9", " ", " ", " ", " ", " ", " ", " ", " ", " ", " ", " ", " ", " 4.5", " ", " ", " ", " ", " 4.9", " 4.9", " ", " ", " ", " ", " ", " ", " ", " ", " ", " ", " ", " ", " "
"2507", "", "False", "", "C3 H4 Cl2 O3 P2", "Full match", " No results", " No results", " No results", " No results", "1.84", "219.90168", "218.89440", "10.917", "1148372.24530283", "0", "0", "0", "", "", "", "No matches found", " No matches found", " No matches found", " No matches found", " No matches found", "", "No matches found", "PreferredDDA", "CO2", "[M-H]-1", "877383.532916339", " 1014286.5389214", " 820302.730742975", " 976221.276104489", " 985497.224655373", "9.32162677017423", " 11.1618269298191", " 33.6549207394314", " 6.71921052543996", " 47.9602164222824", "1.070", " 1.190", " 1.201", " 1.039", " 1.010", "0.10", " 0.25", " 0.26", " 0.06", " 0.01", "0.685669441430822", " 0.501384524244824", " 0.99804983420202", " 0.999982810565878", " 0.778849180821744", "0.999999999946231", " 1", " 1", " 0.999999999996915", " 1", "4.3", "2.9", " 3.5", " 4.0", " 4.0", " 3.7", " 2.5", " ", " ", " 2.6", " ", " ", " 2.0", " ", " ", " ", " 4.1", " ", " 2.0", " 2.4", " ", " 2.8", " 2.0", " 2.4", " 2.0", " 4.3", " ", " ", " 2.5", " 3.7", " 3.5", " 3.5", " 4.3", " 0.0", " 1.5", " 1.0", " ", " 1.7", " ", " ", " "
"1712", "", "False", "2-Methoxyestrone", "C19 H24 O3", "Full match", " Full match", " No results", " Full match", " Not the top hit", "2.66", "300.17334", "299.16579", "4.625", "1148280.81658452", "19", "1", "0", "90.0", "9.5", "", "No matches found", " No matches found", " No matches found", " No matches found", " No matches found", "", "Multiple matches found", "PreferredDDA", "", "[M-H]-1", "434590.981473766", " 409515.582922409", " 1077855.47575915", " 680025.851327262", " 456664.267823628", "64.0079577815552", " 64.6967149317691", " 48.9565890802719", " 43.0401281594553", " 50.4251283231611", "0.403", " 0.631", " 0.424", " 0.602", " 0.672", "-1.31", " -0.66", " -1.24", " -0.73", " -0.57", "0.841233438312523", " 0.996043662678538", " 0.898410304909372", " 0.937066445649126", " 0.991734350369172", "0.999999999946231", " 1", " 1", " 0.999999999996915", " 1", "5.2", "", " ", " ", " 4.5", " 2.7", " 4.0", " 3.0", " ", " ", " 2.7", " ", " 1.9", " 5.2", " 1.1", " ", " ", " ", " ", " 4.4", " ", " 3.8", " 4.0", " ", " ", " ", " ", " ", " ", " ", " 4.9", " ", " 2.3", " 3.0", " ", " 3.4", " ", " ", " 1.5", " ", " "
"1863", "", "False", "2-(5-((2Z,5Z,8Z,11Z)-tetradeca-2,5,8,11-tetraen-1-yl)furan-2-yl)-ethanoic acid", "C20 H26 O3", "Full match", " No results", " No results", " Not the top hit", " Full match", "1.84", "314.18877", "313.18150", "5.492", "1142192.12329401", "16", "0", "0", "", "", "", "No matches found", " No matches found", " No matches found", " No matches found", " No matches found", "", "Multiple matches found", "PreferredDDA", "", "[M-H]-1", "1142192.12329401", " 655217.743778188", " 617539.682254932", " 495566.974226502", " 454710.280362066", "", " ", " 22.7896499341595", " 22.1793276745534", " 7.66449761645191", "1.850", " 0.802", " 0.736", " 1.322", " 0.918", "0.89", " -0.32", " -0.44", " 0.40", " -0.12", "", " 0.438546427943375", " 0.348033897535213", " ", " 0.956138023580499", "", " 1", " 1", " ", " 1", "5.9", "", " ", " 5.5", " ", " ", " ", " ", " ", " ", " ", " ", " ", " 1.1", " ", " ", " ", " ", " ", " 2.9", " 2.1", " ", " ", " 3.3", " ", " 3.3", " 5.6", " 5.6", " 4.0", " 1.8", " ", " 2.1", " ", " 5.9", " 4.4", " ", " ", " ", " ", " ", " "
"1747", "", "False", "11Z-Hexadecen-7,9-diynoic acid", "C16 H22 O2", "Not the top hit", " No results", " No results", " Not the top hit", " Full match", "-0.14", "246.16194", "245.15474", "6.019", "1138266.23793152", "5", "0", "0", "", "", "", "No matches found", " No matches found", " No matches found", " No matches found", " No matches found", "", "Multiple matches found", "PreferredDDA", "CO2", "[M-H]-1", "", " 730494.876349134", " 322875.598302131", " 608814.325372938", " 487889.530999171", "", " 19.3612709270611", " 4.10694142565102", " 35.9486559521652", " 43.5195845630286", "0.000", " 1.886", " 1.511", " 1.200", " 0.801", "-Infinity", " 0.92", " 0.60", " 0.26", " -0.32", "", " 0.0816980660025485", " 0.279613938488788", " 0.994355183900857", " 0.715806091479922", "", " 0.588011080307816", " 1", " 0.999999999996915", " 1", "6.1", "", " ", " ", " ", " ", " ", " ", " ", " ", " 4.5", " ", " 1.5", " 2.3", " 6.1", " ", " ", " 5.7", " ", " ", " ", " ", " ", " 5.7", " ", " 2.4", " 1.3", " 3.5", " 4.1", " 4.7", " 3.2", " 4.3", " 5.1", " 4.9", " 5.3", " 3.4", " 3.4", " 3.0", " 3.3", " ", " 2.7"
"2443", "", "False", "Dodecyl sulfate", "C12 H26 O4 S", "No match", " Full match", " No results", " No results", " No results", "0.96", "266.15543", "265.14816", "8.731", "1127235.00684274", "0", "4", "0", "96.8", "9.8", "", "No matches found", " No matches found", " No matches found", " No matches found", " No matches found", "", "No matches found", "PreferredDDA", "", "[M-H]-1", "826342.575326869", " 1078122.55052972", " 869466.233588355", " 876906.668186172", " 901594.173760343", "11.0020526309352", " 1.99584983179673", " 12.5995338254799", " 23.1383163619871", " 10.4180197393494", "0.950", " 1.009", " 1.037", " 1.229", " 1.028", "-0.07", " 0.01", " 0.05", " 0.30", " 0.04", "0.980573121561942", " 0.99351201264429", " 0.999915128942466", " 0.545183692603728", " 0.998941997910027", "0.999999999946231", " 1", " 1", " 0.999999999996915", " 1", "5.2", "4.1", " ", " 4.3", " 3.5", " ", " 4.7", " 4.7", " 3.2", " ", " ", " ", " 4.4", " ", " ", " ", " 5.2", " ", " ", " ", " 3.9", " ", " 3.5", " 4.9", " 3.2", " 3.3", " 1.4", " 2.4", " 2.4", " 1.6", " 5.2", " 2.1", " ", " ", " ", " 3.4", " 2.4", " 3.2", " ", " 2.4", " "
"1949", "", "False", "", "C16 H34 N5 O9 P", "Full match", " No results", " No results", " No results", " No results", "3.72", "471.21117", "470.20389", "6.023", "1117186.66636799", "0", "0", "0", "", "", "", "No matches found", " No matches found", " No matches found", " No matches found", " No matches found", "", "No matches found", "PreferredDDA", "", "[M-H]-1", "390328.9950365", " 477491.023470052", " 531483.228252618", " 777157.528172984", " 455766.302379169", "", " ", " 57.6269599758084", " 61.8759777014447", " 43.6517345608534", "0.734", " 1.462", " 0.858", " 0.614", " 0.586", "-0.45", " 0.55", " -0.22", " -0.70", " -0.77", "", " 0.946938201816332", " 0.999999963279425", " ", " 0.941333660947499", "", " 1", " 1", " ", " 1", "4.9", "", " ", " ", " ", " ", " ", " ", " 4.2", " 0.8", " ", " ", " ", " ", " ", " ", " ", " ", " 2.3", " ", " ", " 2.7", " 2.7", " ", " ", " ", " 2.5", " ", " ", " ", " 2.3", " ", " ", " 1.1", " 3.4", " ", " 4.9", " 4.5", " ", " ", " "
"1920", "", "False", "", "C2 H4 Br Cl N4 P2 S3", "Full match", " No results", " No results", " No results", " No results", "-0.45", "355.79436", "354.78709", "10.974", "1110554.01711237", "0", "0", "0", "", "", "", "No matches found", " No matches found", " No matches found", " No matches found", " No matches found", "", "No matches found", "PreferredDDA", "", "[M-H]-1", "985968.57454541", " 720469.77732284", " 861739.686838842", " 888399.564245388", " 698383.481808634", "15.1153466800386", " 21.7903171636379", " 24.5834881139189", " 25.0487798777194", " 12.1887129087591", "1.144", " 1.031", " 0.810", " 0.811", " 0.786", "0.19", " 0.04", " -0.30", " -0.30", " -0.35", "0.969606375476362", " 0.999999996456104", " 0.778204533639407", " 0.835634356056559", " 0.609291616056176", "0.999999999946231", " 1", " 1", " 0.999999999996915", " 1", "5.4", "3.6", " ", " ", " 3.0", " 2.9", " 2.1", " 2.5", " 3.8", " ", " 3.7", " ", " ", " ", " 1.4", " ", " ", " ", " ", " ", " ", " ", " ", " 1.4", " 2.8", " 2.8", " 4.0", " ", " 1.6", " ", " 1.0", " 2.1", " ", " ", " ", " ", " 5.4", " 2.8", " 2.4", " ", " "
"1758", "", "False", "FAHFA 18:0/20:2", "C38 H70 O4", "Not the top hit", " No results", " Full match", " Partial match", " No results", "-2.15", "590.52614", "589.51886", "8.727", "1106140.67065116", "1", "0", "1", "", "", "71.7", "No matches found", " No matches found", " No matches found", " Single match found", " No matches found", "", "No matches found", "PreferredDDA", "", "[M-H]-1", "378156.347890234", " 375595.260252348", " 332419.538989161", " 497327.993333216", " 499235.229512956", "21.262755839415", " 45.3912949502237", " 21.4530371219366", " 30.6796928380647", " 50.959837445866", "1.138", " 1.496", " 1.502", " 0.755", " 1.004", "0.19", " 0.58", " 0.59", " -0.41", " 0.01", "0.944202887952613", " 0.224560811095061", " 0.121605441558703", " 0.98818605479679", " 0.997472452796045", "0.999999999946231", " 1", " 0.714769762050598", " 0.999999999996915", " 1", "6.7", "4.8", " 6.7", " 5.6", " 4.4", " 6.3", " 5.9", " 4.4", " 4.0", " 3.0", " 4.9", " ", " 4.2", " 3.4", " ", " 1.9", " 0.0", " 4.0", " 5.9", " 5.9", " 4.4", " 4.4", " 3.3", " 5.6", " 3.7", " 6.6", " 3.5", " 5.4", " 2.8", " 5.1", " 5.1", " 3.2", " 4.3", " 5.7", " 3.0", " 3.8", " 4.9", " 3.4", " 2.9", " 1.9", " 5.7"
"1686", "", "False", "", "C32 H53 N4 O P S2", "Full match", " No results", " No results", " No results", " No results", "4.28", "604.34242", "603.33515", "5.163", "1105196.19055542", "0", "0", "0", "", "", "", "No matches found", " No matches found", " No matches found", " No matches found", " No matches found", "", "No matches found", "PreferredDDA", "", "[M-H]-1", "198641.354881326", " 342261.92929065", " ", " 438940.866632862", " 334905.339349251", "", " 28.4231205028602", " ", " 62.610903847314", " 29.7675107830398", "Infinity", " Infinity", " Infinity", " 0.780", " 0.763", "Infinity", " Infinity", " Infinity", " -0.36", " -0.39", "", " ", " ", " 0.477384696837801", " 0.302277140783509", "", " ", " ", " 0.999999999996915", " 1", "5.6", "", " ", " ", " ", " ", " 5.3", " ", " ", " 5.6", " 5.6", " ", " ", " 5.6", " 5.6", " ", " ", " ", " ", " ", " ", " ", " ", " ", " ", " ", " 2.7", " 2.3", " 3.3", " ", " 2.3", " ", " ", " 5.6", " ", " 3.7", " ", " ", " 5.6", " ", " 3.7"
"1010", "", "False", "", "C5 H12 N O9 P S", "Full match", " No results", " No results", " No results", " No results", "-0.94", "292.99676", "273.97901", "10.856", "1105121.61159378", "0", "0", "0", "", "", "", "No matches found", " No matches found", " No matches found", " No matches found", " No matches found", "", "No matches found", "NoMSn", "", "[M-H-H2O]-1", "731516.994647567", " ", " 976723.120008287", " ", " 620816.54547141", "", " ", " 29.200269614387", " ", " 16.7649687490574", "0.749", " 0.000", " 0.636", " ", " Infinity", "-0.42", " -Infinity", " -0.65", " ", " Infinity", "", " ", " 0.471066664192726", " ", " ", "", " ", " 1", " ", " ", "6.8", "5.3", " ", " ", " ", " ", " ", " ", " ", " ", " ", " ", " ", " ", " ", " ", " ", " ", " 6.3", " ", " ", " ", " 5.8", " ", " 4.6", " ", " ", " ", " ", " ", " ", " ", " ", " ", " ", " 5.7", " 6.8", " ", " ", " ", " "
"1953", "", "False", "", "C34 H48 N10 S", "Full match", " No results", " No results", " No match", " No results", "-1.19", "628.37766", "627.37039", "6.666", "1069597.07795213", "3", "0", "0", "", "", "", "No matches found", " No matches found", " No matches found", " No matches found", " No matches found", "", "No matches found", "PreferredDDA", "", "[M-H]-1", "449529.026052603", " 424647.837606316", " 321118.318177066", " 514234.231118829", " 296777.148890376", "49.302216288927", " 55.7632200219483", " 84.5387554674401", " 66.2289251895395", " 11.2958742259509", "1.400", " 1.601", " 0.924", " 0.826", " 0.577", "0.49", " 0.68", " -0.11", " -0.28", " -0.79", "0.999827267317067", " 0.999987262683051", " 0.961240979565784", " 0.990712900576794", " 0.957360862195148", "0.999999999946231", " 1", " 1", " 0.999999999996915", " 1", "7.3", "", " ", " ", " ", " 0.4", " 3.4", " 1.5", " ", " 2.3", " ", " ", " 0.4", " 4.2", " 1.5", " ", " 4.5", " 1.5", " ", " 1.4", " ", " ", " 2.3", " ", " ", " 3.8", " ", " ", " 1.9", " ", " ", " ", " ", " 7.3", " ", " 4.3", " ", " ", " ", " ", " "
"2040", "", "False", "", "C6 H Cl N2 P2 S5", "Full match", " No results", " No results", " No results", " No results", "4.05", "357.79215", "356.78494", "10.962", "1067314.85810616", "0", "0", "0", "", "", "", "No matches found", " No matches found", " No matches found", " No matches found", " No matches found", "", "No matches found", "PreferredDDA", "", "[M-H]-1", "880518.879067661", " 553087.381378328", " 1034654.76637864", " 735415.343457126", " 456125.045950607", "0.407852487193902", " 40.4015978806128", " 10.8606914280059", " ", " ", "0.851", " 0.711", " 0.441", " 0.752", " 0.620", "-0.23", " -0.49", " -1.18", " -0.41", " -0.69", "0.99419873788459", " ", " ", " ", " ", "0.999999999946231", " ", " ", " ", " ", "4.5", "", " 4.5", " 3.8", " ", " ", " ", " ", " ", " 1.9", " ", " ", " 0.0", " 1.1", " ", " 0.0", " 0.0", " 3.0", " 2.8", " 4.1", " ", " ", " ", " ", " ", " ", " ", " ", " ", " 1.9", " ", " ", " ", " ", " 0.8", " ", " ", " ", " ", " ", " "
"766", "", "False", "", "C6 H6 N3 O4 P", "Full match", " No results", " No results", " No results", " No results", "0.97", "215.00980", "214.00252", "10.847", "1057031.74163355", "0", "0", "0", "", "", "", "No matches found", " No matches found", " No matches found", " No matches found", " No matches found", "", "No matches found", "PreferredDDA", "", "[M-H]-1", "", " ", " 952057.79360855", " 1043959.4322846", " 1055652.05353317", "", " ", " 15.5931270128164", " ", " ", "0.000", " 1.097", " 1.109", " 0.000", " 1.011", "-Infinity", " 0.13", " 0.15", " -Infinity", " 0.02", "", " ", " ", " ", " ", "", " ", " ", " ", " ", "6.7", "", " ", " ", " ", " ", " ", " ", " ", " ", " ", " ", " ", " ", " ", " ", " ", " 6.4", " ", " ", " ", " ", " 6.7", " ", " ", " ", " 4.8", " ", " ", " ", " ", " ", " ", " ", " ", " ", " ", " 3.6", " ", " ", " "
"2260", "", "False", "", "C29 H59 N4 O7 P", "Full match", " No results", " No results", " No results", " No results", "3.69", "606.41437", "605.40710", "9.364", "1053306.36549745", "0", "0", "0", "", "", "", "No matches found", " No matches found", " No matches found", " No matches found", " No matches found", "", "No matches found", "PreferredDDA", "", "[M-H]-1", "625293.277367339", " 731440.869483393", " 444370.125904257", " 538823.206939514", " 509941.528685826", "56.2258922309339", " 28.0645601467476", " ", " 31.5329825239885", " ", "1.407", " 1.213", " 1.148", " 1.357", " 0.946", "0.49", " 0.28", " 0.20", " 0.44", " -0.08", "", " ", " ", " 0.599971649847795", " ", "", " ", " ", " 0.999999999996915", " ", "4.6", "", " 2.7", " 3.0", " ", " ", " ", " ", " ", " ", " 3.3", " ", " ", " 4.4", " 4.6", " 2.1", " 3.3", " ", " ", " 2.7", " ", " ", " ", " ", " ", " ", " ", " ", " ", " 4.3", " 2.4", " ", " 3.2", " ", " ", " ", " ", " 2.7", " ", " ", " "
"1778", "", "False", "", "C20 H42 N5 O3 P", "Full match", " No results", " No results", " No results", " No results", "2.89", "431.30377", "430.29650", "6.590", "1051286.50495134", "0", "0", "0", "", "", "", "No matches found", " No matches found", " No matches found", " No matches found", " No matches found", "", "No matches found", "PreferredDDA", "", "[M-H]-1", "", " 543050.509084833", " ", " 403041.29380247", " 245351.568849718", "", " 50.2813766394677", " ", " 24.2400344699508", " 8.63617955451499", "", " Infinity", " Infinity", " 1.347", " 0.609", "", " Infinity", " Infinity", " 0.43", " -0.72", "", " ", " ", " 0.211453172129605", " 0.389580847840052", "", " ", " ", " 0.999999999996915", " 1", "7.1", "", " ", " ", " ", " ", " ", " ", " ", " 3.8", " ", " ", " ", " 4.8", " ", " 3.0", " 2.3", " ", " ", " ", " ", " ", " ", " ", " ", " ", " ", " ", " 6.3", " 4.0", " 2.9", " ", " ", " 7.1", " 5.2", " ", " ", " ", " ", " 5.2", " 5.6"
"1885", "", "False", "10,11-epoxy-3,7,11-trimethyl-2E,6E-tridecadienoic acid", "C16 H26 O3", "Full match", " No results", " No results", " Not the top hit", " Full match", "1.12", "266.18849", "265.18122", "6.141", "1044840.38514982", "15", "0", "0", "", "", "", "No matches found", " No matches found", " No matches found", " No matches found", " No matches found", "", "Multiple matches found", "PreferredDDA", "", "[M-H]-1", "572587.931984795", " 861719.630772247", " ", " 479303.260846373", " 331265.36532895", "23.4601711638346", " 13.8270586970859", " ", " 54.5983481904961", " 25.4596322834125", "Infinity", " Infinity", " Infinity", " 1.798", " 0.691", "Infinity", " Infinity", " Infinity", " 0.85", " -0.53", "", " ", " ", " 0.556935985448986", " 0.252602590648532", "", " ", " ", " 0.999999999996915", " 1", "6.2", "1.8", " ", " ", " 1.8", " ", " 4.4", " 3.3", " ", " ", " 2.8", " ", " ", " 5.8", " ", " ", " 6.2", " ", " ", " ", " ", " ", " ", " ", " ", " 2.7", " ", " ", " 3.3", " 4.5", " ", " ", " ", " ", " ", " ", " ", " 4.4", " 2.5", " ", " "
"812", "", "False", "", "", "No results", " No results", " No results", " No results", " No results", "", "531.68474", "530.67747", "10.850", "1040692.13284112", "0", "0", "0", "", "", "", "No matches found", " No matches found", " No matches found", " No matches found", " No matches found", "", "No matches found", "NoMSn", "", "[M-H]-1", "331878.298084914", " 510168.096994463", " 371111.01328227", " 452628.607718576", " 494394.74465858", "23.9927669103034", " 45.6984044954947", " 28.1744223369862", " 25.6993571380909", " 18.3106673062603", "0.894", " 1.220", " 1.332", " 1.127", " 1.092", "-0.16", " 0.29", " 0.41", " 0.17", " 0.13", "0.999796562861861", " 0.555090874923388", " 0.619736909233388", " 0.98100342846304", " 1", "0.999999999946231", " 1", " 1", " 0.999999999996915", " 1", "7.1", "7.1", " 6.7", " ", " ", " 6.3", " ", " ", " ", " 4.2", " 5.7", " ", " 4.9", " 4.0", " 5.7", " ", " 5.3", " 6.3", " 5.9", " 7.1", " 6.7", " 7.1", " 4.4", " 6.7", " 6.3", " 7.1", " 4.0", " 7.1", " ", " 5.9", " 5.6", " ", " ", " ", " ", " 6.8", " ", " 6.4", " ", " 6.4", " 6.4"
"642", "", "False", "FAHFA 2:0/18:1", "C20 H36 O4", "Full match", " No results", " Full match", " Partial match", " Partial match", "1.40", "340.26184", "339.25479", "7.084", "1040499.14372122", "7", "0", "1", "", "", "73.8", "No matches found", " No matches found", " No matches found", " Single match found", " No matches found", "", "Multiple matches found", "PreferredDDA", "", "[M-H]-1", "458225.036838867", " 681207.211504892", " 692351.382334562", " 868430.960481677", " 539562.787630992", "12.8214664310138", " 50.9368373549973", " 31.0266582150515", " ", " 42.8582726894083", "0.662", " 1.254", " 0.779", " 0.784", " 0.621", "-0.60", " 0.33", " -0.36", " -0.35", " -0.69", "0.558602839251283", " ", " 0.677172854710697", " ", " ", "0.999999999946231", " ", " 1", " ", " ", "5.4", "3.5", " ", " 2.4", " 2.0", " ", " ", " 2.4", " ", " 2.1", " ", " ", " 1.9", " ", " ", " 2.3", " 4.2", " ", " 2.8", " 3.4", " ", " 2.0", " 5.1", " 5.4", " 0.9", " ", " ", " ", " 3.4", " ", " ", " ", " ", " ", " 1.5", " ", " ", " 0.8", " 1.9", " ", " 1.9"
"1952", "", "False", "LMST01010262", "C27 H46 O4", "Not the top hit", " No results", " No results", " Not the top hit", " Full match", "1.10", "434.34009", "433.33281", "6.294", "1039600.73222893", "40", "0", "0", "", "", "", "No matches found", " No matches found", " No matches found", " No matches found", " No matches found", "", "Multiple matches found", "PreferredDDA", "", "[M-H]-1", "457886.839933067", " 585640.876352121", " 560491.797224884", " 763888.181329904", " 419288.191861747", "48.5722281926648", " ", " 3.11471364487016", " 25.1977767055257", " 29.708486184529", "0.817", " 1.363", " 0.748", " 0.767", " 0.549", "-0.29", " 0.45", " -0.42", " -0.38", " -0.87", "0.995986629570203", " 0.837974145116255", " 0.617115944495082", " ", " 0.182351235054486", "0.999999999946231", " 1", " 1", " ", " 1", "8.0", "4.2", " 2.9", " 2.7", " ", " 3.8", " 2.7", " ", " ", " ", " ", " ", " ", " 2.3", " ", " ", " ", " ", " 5.7", " 5.7", " ", " ", " ", " 8.0", " ", " ", " ", " ", " ", " ", " 5.6", " 2.5", " ", " 5.9", " ", " 4.4", " ", " 1.0", " 1.4", " 1.4", " 2.9"
"773", "", "False", "", "C17 H27 N2 O2 P", "Full match", " No results", " No results", " No results", " No results", "3.22", "322.18205", "321.17478", "10.850", "1033009.01839189", "0", "0", "0", "", "", "", "No matches found", " No matches found", " No matches found", " No matches found", " No matches found", "", "No matches found", "NoMSn", "", "[M-H]-1", "473106.897521864", " 501297.110770154", " 456706.530115398", " 457055.847997747", " 701893.997878335", "29.181463487405", " 50.7659499021807", " 20.0992655668275", " 3.77349333900042", " 25.5891377359483", "1.036", " 1.001", " 1.537", " 1.097", " 1.536", "0.05", " 0.00", " 0.62", " 0.13", " 0.62", "0.999990646159915", " 0.999999926935789", " 0.363891941296821", " 0.90657780409084", " 0.240362552260154", "0.999999999946231", " 1", " 1", " 0.999999999996915", " 1", "9.1", "", " ", " ", " 6.7", " ", " ", " ", " 5.2", " ", " 4.4", " ", " ", " ", " 5.7", " 4.9", " 3.8", " ", " ", " ", " 5.6", " ", " ", " 3.7", " ", " ", " 5.7", " ", " 5.7", " ", " 9.1", " ", " ", " ", " 5.9", " 5.4", " 7.1", " 2.9", " ", " ", " 4.4"
"2387", "", "False", "", "C7 H2 Cl2 N4", "Full match", " No results", " No results", " No results", " No results", "1.94", "211.96606", "210.95879", "0.688", "1030910.91957868", "0", "0", "0", "", "", "", "No matches found", " No matches found", " No matches found", " No matches found", " No matches found", "", "No matches found", "PreferredDDA", "CO2", "[M-H]-1", "843713.903204396", " 603895.011404868", " 750047.699585226", " 415704.475775554", " 459463.882930218", "13.886448751516", " 16.9051148943397", " 16.5822816650797", " 12.6968212384563", " 40.1220166335345", "1.125", " 0.554", " 0.613", " 1.453", " 1.105", "0.17", " -0.85", " -0.71", " 0.54", " 0.14", "0.766280570266526", " 1.23877224599278E-05", " 0.00144140126593673", " 0.0275307211800517", " 0.872430176874409", "0.999999999946231", " 0.000451738945705367", " 0.0245968151509848", " 0.936044520121759", " 1", "6.6", "5.1", " 4.3", " 3.4", " 5.1", " 3.5", " 4.7", " 4.3", " 6.2", " 4.2", " 3.0", " ", " 5.7", " 4.2", " 3.4", " 6.4", " 3.8", " 4.2", " 6.1", " 3.0", " 4.5", " 3.4", " 3.8", " 3.4", " 4.2", " 6.6", " 4.7", " 4.3", " 4.7", " 4.3", " 5.4", " 5.1", " 4.3", " 1.1", " 4.9", " ", " ", " 1.9", " 2.7", " ", " 3.8"
"1999", "", "False", "Lophachinin D", "C20 H26 O4", "Full match", " No results", " No results", " Not the top hit", " Full match", "-2.78", "330.18219", "329.17491", "6.128", "1014727.94218122", "6", "0", "0", "", "", "", "No matches found", " No matches found", " No matches found", " No matches found", " No matches found", "", "Multiple matches found", "PreferredDDA", "", "[M-H]-1", "", " ", " 444920.543485259", " 650129.440373075", " 520263.816247294", "", " ", " ", " 39.7315991699187", " 72.798146880759", "0.000", " 1.461", " 1.169", " 0.000", " 0.800", "-Infinity", " 0.55", " 0.23", " -Infinity", " -0.32", "", " ", " ", " ", " 0.813739102082966", "", " ", " ", " ", " 1", "5.1", "", " ", " ", " ", " ", " ", " ", " ", " ", " ", " ", " ", " ", " ", " ", " ", " ", " ", " ", " ", " 1.9", " ", " ", " ", " 3.5", " 5.1", " 3.4", " ", " 2.8", " 4.3", " 2.4", " 2.0", " ", " ", " ", " ", " ", " 3.8", " ", " 0.4"
"797", "", "False", "NP-005397", "C18 H30 O6", "No match", " Invalid mass", " No results", " No results", " No results", "-52620.11", "324.19741", "323.19014", "10.846", "1002166.42318834", "0", "1", "0", "72.5", "8.6", "", "No matches found", " No matches found", " No matches found", " No matches found", " No matches found", "", "No matches found", "PreferredDDA", "", "[M-H]-1", "686635.645576742", " 555437.175824409", " 970492.49279502", " 721613.248047052", " 802514.059437954", "20.9765582809004", " 44.6704837764432", " 27.4792548538146", " 5.37663964303843", " ", "0.708", " 0.744", " 0.827", " 0.770", " 1.112", "-0.50", " -0.43", " -0.27", " -0.38", " 0.15", "0.917933421022245", " 0.991657870189114", " ", " 0.838347360989679", " ", "0.999999999946231", " 1", " ", " 0.999999999996915", " ", "7.8", "", " 6.3", " 4.8", " ", " ", " ", " 6.3", " ", " 2.3", " ", " ", " 5.3", " ", " ", " ", " ", " 5.9", " 5.4", " ", " ", " 5.0", " 3.9", " ", " 6.7", " 5.9", " ", " 7.8", " ", " ", " ", " ", " ", " 2.3", " ", " ", " ", " ", " ", " ", " "
"1748", "", "False", "PG 2:0_18:1", "C26 H49 O10 P", "Not the top hit", " No results", " Full match", " No results", " No results", "2.48", "552.30771", "551.30043", "6.517", "992624.460643099", "0", "0", "1", "", "", "4.7", "No matches found", " No matches found", " No matches found", " Single match found", " No matches found", "", "No matches found", "PreferredDDA", "", "[M-H]-1", "", " ", " 639234.647594446", " 339248.722646097", " 319436.628667925", "", " ", " 78.1823495172886", " ", " 31.5004421107992", "0.000", " 0.531", " 0.500", " 0.000", " 0.942", "-Infinity", " -0.91", " -1.00", " -Infinity", " -0.09", "", " ", " 0.775628298156977", " ", " ", "", " ", " 1", " ", " ", "6.2", "", " ", " ", " ", " ", " ", " ", " ", " ", " ", " ", " ", " ", " ", " ", " ", " 1.1", " ", " 5.5", " ", " ", " ", " ", " ", " ", " ", " ", " 3.0", " ", " ", " ", " ", " 3.2", " ", " 6.2", " ", " ", " 5.1", " ", " "
"1485", "", "False", "", "C7 H18 N6 O3 P2 S2", "Full match", " No results", " No results", " No results", " No results", "-1.14", "360.03529", "419.04916", "0.684", "980084.491155735", "0", "0", "0", "", "", "", "No matches found", " No matches found", " No matches found", " No matches found", " No matches found", "", "No matches found", "PreferredDDA", "", "[M-H+HAc]-1", "460931.733878351", " 201896.909445515", " 561187.935326374", " ", " 393230.274548413", "45.7409185194727", " 26.5893566170372", " 42.7965178318344", " ", " ", "0.821", " 0.000", " 0.701", " Infinity", " Infinity", "-0.28", " -Infinity", " -0.51", " Infinity", " Infinity", "0.984615942423862", " ", " ", " ", " ", "0.999999999946231", " ", " ", " ", " ", "5.3", "4.5", " 3.0", " ", " 3.4", " ", " 2.7", " ", " 5.3", " ", " ", " ", " 3.3", " ", " ", " ", " 3.7", " 4.9", " ", " 5.2", " 4.5", " 4.9", " ", " 4.9", " 4.9", " ", " ", " ", " ", " ", " ", " ", " ", " ", " ", " ", " ", " 4.9", " ", " ", " "
"2185", "", "False", "", "C6 H8 Cl N2 O5 P", "Full match", " No results", " No results", " No results", " No results", "4.91", "253.98718", "252.97991", "0.692", "953149.721108257", "0", "0", "0", "", "", "", "No matches found", " No matches found", " No matches found", " No matches found", " No matches found", "", "No matches found", "PreferredDDA", "", "[M-H]-1", "499557.307002911", " ", " 523854.058083125", " ", " ", "39.057088940459", " ", " 19.9324502483221", " ", " ", "0.954", " 0.000", " 0.000", " ", " ", "-0.07", " -Infinity", " -Infinity", " ", " ", "0.89942057240843", " ", " ", " ", " ", "0.999999999946231", " ", " ", " ", " ", "6.4", "", " 3.5", " 3.2", " 5.1", " 2.4", " 3.5", " ", " 2.8", " ", " ", " ", " ", " ", " ", " ", " ", " 4.9", " ", " 6.1", " 6.4", " 6.4", " 4.9", " 6.1", " ", " ", " ", " ", " ", " ", " ", " ", " ", " ", " ", " ", " ", " ", " ", " ", " "
"2647", "", "False", "", "C7 H2 Cl2 N4 O", "Full match", " No results", " No results", " No results", " No results", "1.07", "227.96081", "226.95353", "10.934", "946490.876419191", "0", "0", "0", "", "", "", "No matches found", " No matches found", " No matches found", " No matches found", " No matches found", "", "No matches found", "PreferredDDA", "CO2", "[M-H]-1", "626187.716446393", " 765195.346977714", " 752978.236216581", " ", " 795055.415026848", "7.55935908460667", " 16.2175187431568", " ", " ", " 6.84743650497306", "0.832", " 0.000", " 1.056", " Infinity", " Infinity", "-0.27", " -Infinity", " 0.08", " Infinity", " Infinity", "", " ", " ", " ", " ", "", " ", " ", " ", " ", "4.0", "2.9", " 3.7", " ", " ", " ", " ", " ", " ", " ", " 2.3", " ", " 3.0", " 2.7", " ", " ", " ", " 1.5", " ", " ", " ", " ", " ", " ", " ", " ", " ", " ", " ", " ", " ", " ", " ", " ", " ", " 3.7", " ", " ", " 4.0", " ", " 4.0"
"1618", "", "False", "Shibic acid", "C26 H42 O2", "Not the top hit", " No results", " No results", " Not the top hit", " Full match", "1.88", "386.31921", "385.31193", "8.725", "946288.827609966", "3", "0", "0", "", "", "", "No matches found", " No matches found", " No matches found", " No matches found", " No matches found", "", "Multiple matches found", "PreferredDDA", "", "[M-H]-1", "", " 294257.533344645", " 501638.424748466", " 593050.276784966", " ", "", " 75.8280513126979", " 47.9843929120577", " ", " ", "0.000", " 1.182", " 0.000", " 0.496", " 0.000", "-Infinity", " 0.24", " -Infinity", " -1.01", " -Infinity", "", " ", " ", " ", " ", "", " ", " ", " ", " ", "5.3", "", " ", " ", " ", " ", " ", " ", " ", " ", " 1.9", " ", " ", " 2.7", " 1.1", " ", " ", " ", " 5.3", " 3.4", " ", " ", " ", " ", " ", " ", " ", " ", " ", " 4.5", " ", " ", " ", " ", " ", " ", " ", " ", " ", " ", " "
"1183", "", "False", "", "", "No results", " No results", " No results", " No results", " No results", "", "283.86324", "282.85592", "10.870", "928146.180874975", "0", "0", "0", "", "", "", "No matches found", " No matches found", " No matches found", " No matches found", " No matches found", "", "No matches found", "PreferredDDA", "", "[M-H]-1", "899973.629239409", " ", " 769807.279989611", " 824058.224303931", " 798160.144930088", "", " ", " ", " 17.8631309683018", " ", "1.169", " 1.070", " 1.037", " 0.000", " 0.969", "0.23", " 0.10", " 0.05", " -Infinity", " -0.05", "", " ", " ", " ", " ", "", " ", " ", " ", " ", "7.6", "", " ", " ", " ", " ", " ", " 6.1", " ", " ", " ", " ", " ", " ", " ", " ", " ", " ", " ", " ", " ", " 4.2", " ", " ", " ", " ", " ", " ", " 7.2", " 7.6", " ", " ", " ", " ", " ", " ", " ", " ", " ", " ", " 5.7"
"2113", "", "False", "", "C10 H20 Cl N O2 S2", "Full match", " No results", " No results", " No match", " No results", "3.35", "285.06335", "284.05608", "0.601", "924154.563823838", "2", "0", "0", "", "", "", "No matches found", " No matches found", " No matches found", " No matches found", " No matches found", "", "No matches found", "PreferredDDA", "", "[M-H]-1", "534248.115562779", " 297127.793540451", " 549505.685865627", " 404621.438329937", " 568483.369266292", "30.8428086419094", " 17.8784646933073", " 32.3071900354906", " 30.3522527925244", " 31.1875692160143", "0.972", " 0.736", " 1.035", " 0.734", " 1.405", "-0.04", " -0.44", " 0.05", " -0.45", " 0.49", "0.976473281848903", " 0.101907184692895", " 0.970385688521895", " 0.923773624648698", " 0.368071534482308", "0.999999999946231", " 0.702724937937738", " 1", " 0.999999999996915", " 1", "5.8", "4.3", " ", " ", " 5.8", " ", " 2.8", " 5.4", " ", " ", " ", " ", " 3.0", " 4.2", " 3.4", " 4.5", " 3.8", " ", " ", " ", " 2.4", " 3.9", " 4.3", " 2.8", " ", " ", " 3.2", " 2.0", " 2.4", " ", " ", " 2.8", " ", " ", " ", " ", " ", " 2.8", " 1.6", " ", " 5.1"
"1069", "", "False", "", "C30 H36 N2 O", "Full match", " No results", " No results", " No results", " No results", "-4.07", "440.28097", "439.27388", "10.849", "907448.990084735", "0", "0", "0", "", "", "", "No matches found", " No matches found", " No matches found", " No matches found", " No matches found", "", "No matches found", "PreferredDDA", "", "[M-H]-1", "349484.765809431", " 424249.455112783", " ", " 592225.363943703", " 455733.883215305", "29.7123251771862", " 50.6768385924766", " ", " 20.9703442596298", " 23.4074672921444", "Infinity", " Infinity", " Infinity", " 0.716", " 0.770", "Infinity", " Infinity", " Infinity", " -0.48", " -0.38", "", " ", " ", " 0.555554556223103", " 0.841240734245126", "", " ", " ", " 0.999999999996915", " 1", "7.1", "7.1", " ", " ", " ", " 7.1", " ", " ", " ", " ", " 3.0", " ", " 5.3", " 3.0", " 5.3", " 5.3", " 3.4", " ", " ", " ", " ", " ", " ", " ", " ", " ", " 2.9", " 4.4", " 3.3", " ", " 6.7", " ", " ", " 6.7", " 3.7", " ", " ", " ", " 7.1", " 6.7", " 7.1"
"1978", "", "False", "", "C16 H37 Cl N8 O2", "Full match", " No results", " No results", " No results", " No results", "-2.66", "408.27171", "407.26444", "4.838", "906577.893136647", "0", "0", "0", "", "", "", "No matches found", " No matches found", " No matches found", " No matches found", " No matches found", "", "No matches found", "PreferredDDA", "", "[M-H]-1", "544311.203343333", " 579918.726254458", " 450642.678867255", " 634933.649671564", " 581302.391939149", "20.036326432732", " 28.3223769450552", " 21.3916461081025", " 11.5850103637898", " 21.2125180208492", "1.208", " 1.409", " 1.290", " 0.913", " 0.916", "0.27", " 0.49", " 0.37", " -0.13", " -0.13", "0.91469105623003", " 0.578455656893543", " 0.756506514044621", " 0.999993657126598", " 0.957429477400179", "0.999999999946231", " 1", " 1", " 0.999999999996915", " 1", "6.6", "2.9", " 4.4", " 4.0", " ", " ", " ", " ", " 3.3", " 2.5", " ", " ", " 2.1", " ", " ", " 1.4", " 3.7", " ", " ", " ", " ", " 1.4", " ", " ", " 5.2", " 6.6", " 3.2", " ", " ", " ", " ", " ", " ", " 2.5", " 2.5", " 1.4", " 3.7", " 3.3", " 2.5", " ", " 1.0"
"2010", "", "False", "3,6,9,12,15-octadecapentaenoic acid", "C18 H26 O2", "Not the top hit", " No results", " No results", " Not the top hit", " Full match", "1.15", "274.19360", "273.18632", "6.567", "903065.860757034", "23", "0", "0", "", "", "", "No matches found", " No matches found", " No matches found", " No matches found", " No matches found", "", "Multiple matches found", "PreferredDDA", "", "[M-H]-1", "406819.826928918", " 564485.998786951", " ", " 554580.315352028", " 499551.692954505", "1.08832144840249", " 39.5613764081252", " ", " 20.1797260380572", " ", "Infinity", " Infinity", " Infinity", " 1.018", " 0.901", "Infinity", " Infinity", " Infinity", " 0.03", " -0.15", "", " ", " ", " 0.9893410248571", " ", "", " ", " ", " 0.999999999996915", " ", "6.4", "", " ", " 4.5", " ", " ", " ", " 6.4", " ", " ", " 5.1", " ", " 2.4", " 2.4", " 3.2", " ", " ", " ", " ", " ", " ", " ", " ", " ", " ", " ", " ", " 2.9", " 2.5", " ", " 1.8", " ", " ", " ", " ", " ", " ", " ", " 0.8", " ", " "
"2177", "", "False", "", "C9 H19 N6 O8 P3 S", "Full match", " No results", " No results", " No results", " No results", "0.75", "464.02014", "463.01286", "0.505", "895379.808160567", "0", "0", "0", "", "", "", "No matches found", " No matches found", " No matches found", " No matches found", " No matches found", "", "No matches found", "PreferredDDA", "", "[M-H]-1", "476216.447364144", " 433312.378774993", " 560288.125154597", " 495850.029247112", " 523764.180084742", "10.8596338714667", " 0.216234000076399", " 27.0641848763206", " ", " 34.3442931657641", "0.850", " 0.885", " 0.935", " 0.874", " 1.056", "-0.23", " -0.18", " -0.10", " -0.19", " 0.08", "0.999615064169013", " ", " 0.982708911904942", " ", " ", "0.999999999946231", " ", " 1", " ", " ", "8.0", "", " ", " ", " 5.1", " ", " ", " 3.5", " ", " ", " ", " ", " 6.4", " ", " ", " ", " 8.0", " ", " ", " ", " ", " 4.8", " 2.5", " 4.0", " 5.2", " ", " ", " ", " 1.1", " ", " ", " ", " ", " ", " 3.2", " 5.1", " 2.4", " 5.8", " 5.1", " ", " 4.3"
"1716", "", "False", "", "C22 H42 N6 O2", "Full match", " No results", " No results", " No results", " No results", "1.42", "422.33753", "421.33025", "6.390", "879390.278167575", "0", "0", "0", "", "", "", "No matches found", " No matches found", " No matches found", " No matches found", " No matches found", "", "No matches found", "PreferredDDA", "", "[M-H]-1", "", " 297602.573160755", " 258140.750007752", " 494125.683434759", " 313896.539962931", "", " ", " 2.33155435386972", " 55.2896185579838", " 6.66205707701312", "0.000", " 1.914", " 1.216", " 0.602", " 0.635", "-Infinity", " 0.94", " 0.28", " -0.73", " -0.65", "", " 0.608290603353961", " 0.97531959013843", " ", " 0.857091053062053", "", " 1", " 1", " ", " 1", "8.0", "", " ", " ", " ", " ", " ", " ", " ", " ", " 1.9", " ", " ", " ", " ", " ", " ", " ", " 8.0", " ", " ", " ", " ", " 5.7", " ", " ", " ", " 4.9", " 4.9", " ", " 4.9", " 5.3", " 4.5", " ", " ", " ", " ", " ", " 4.4", " ", " 5.6"
"914", "", "False", "", "C38 H29 N O S", "Full match", " No results", " No results", " No results", " No results", "-0.20", "547.19688", "546.18960", "10.857", "875998.081071829", "0", "0", "0", "", "", "", "No matches found", " No matches found", " No matches found", " No matches found", " No matches found", "", "No matches found", "PreferredDDA", "", "[M-H]-1", "", " ", " 442723.85039355", " 417642.81475204", " 689719.470167558", "", " ", " 52.9545218978571", " 82.5526972726763", " ", "0.000", " 0.943", " 1.558", " 0.000", " 1.651", "-Infinity", " -0.08", " 0.64", " -Infinity", " 0.72", "", " 0.817635376474203", " ", " ", " ", "", " 1", " ", " ", " ", "5.7", "", " ", " ", " ", " ", " ", " ", " ", " ", " ", " ", " ", " ", " ", " ", " ", " 5.3", " 5.3", " ", " ", " ", " ", " 4.9", " ", " ", " ", " ", " ", " 2.3", " ", " ", " 1.9", " ", " ", " ", " ", " ", " ", " ", " 5.7"
"2511", "", "False", "", "C9 H17 N4 O9 P3 S2", "Full match", " No results", " No results", " No results", " No results", "0.95", "481.96544", "480.95816", "9.475", "872090.203054435", "0", "0", "0", "", "", "", "No matches found", " No matches found", " No matches found", " No matches found", " No matches found", "", "No matches found", "PreferredDDA", "", "[M-H]-1", "493914.919523698", " 458317.327823822", " 495995.040749189", " 642612.98191572", " 761221.813284282", "15.272307458723", " ", " 13.4472760304722", " 16.514001271449", " 20.597357789176", "0.996", " 1.296", " 1.535", " 0.713", " 1.185", "-0.01", " 0.37", " 0.62", " -0.49", " 0.24", "0.999157900632503", " 0.176380209789132", " 0.0630281135210352", " ", " 0.741070046747218", "0.999999999946231", " 0.958813836137332", " 0.444558294035035", " ", " 1", "4.2", "", " ", " 3.4", " ", " ", " ", " 3.4", " ", " ", " ", " ", " ", " 2.3", " ", " ", " ", " ", " ", " 3.5", " ", " ", " 2.8", " 3.5", " 3.2", " 2.7", " 3.8", " 3.0", " 4.2", " ", " ", " ", " ", " ", " ", " ", " ", " 2.9", " 2.9", " ", " "
"1539", "", "False", "", "C3 H9 Cl N10 O5 S2", "Full match", " No results", " No results", " No results", " No results", "2.60", "363.98968", "362.98240", "0.503", "850102.138366909", "0", "0", "0", "", "", "", "No matches found", " No matches found", " No matches found", " No matches found", " No matches found", "", "No matches found", "PreferredDDA", "", "[M-H]-1", "400363.09051894", " 302056.687132796", " 581900.913745042", " 311537.058294015", " 443750.961662291", "51.8865193829304", " 54.9242577946838", " 52.4796375932417", " 40.69828412244", " 31.0550781570737", "0.688", " 0.535", " 0.763", " 0.970", " 1.424", "-0.54", " -0.90", " -0.39", " -0.04", " 0.51", "0.792829247264412", " 0.736185483033631", " 0.967256588589002", " 0.999102812837776", " 0.979265010918854", "0.999999999946231", " 1", " 1", " 0.999999999996915", " 1", "5.8", "", " 3.0", " 4.9", " ", " ", " 4.9", " ", " 5.3", " 3.4", " 4.9", " 4.9", " 4.9", " ", " 4.9", " 1.9", " 3.4", " ", " 4.5", " ", " ", " 4.9", " 5.3", " 3.8", " 5.3", " ", " 4.9", " ", " 3.8", " 4.5", " 4.2", " 4.9", " 4.9", " ", " 5.4", " ", " 5.8", " 5.4", " 5.4", " ", " 2.8"
"2447", "", "False", "Cer 15:2;2O/3:0", "C18 H33 N O3", "Full match", " No results", " Full match", " Partial match", " Partial match", "1.23", "311.24643", "310.23915", "4.489", "839583.646504663", "1", "0", "1", "", "", "1.2", "No matches found", " No matches found", " No matches found", " Single match found", " No matches found", "", "Single match found", "PreferredDDA", "", "[M-H]-1", "812818.632788538", " 713764.77120617", " 639514.682907877", " 734643.038382189", " 699436.70884805", "7.81380228249532", " 7.92494969408772", " 10.0450196802292", " 7.66024880849318", " 8.7768854820555", "1.271", " 1.149", " 1.094", " 0.972", " 0.952", "0.35", " 0.20", " 0.13", " -0.04", " -0.07", "0.0279546160640721", " 0.0558203098864752", " 0.138732113631715", " 0.808333226475197", " 0.980343559875317", "0.999999999946231", " 0.462631962240939", " 0.741305940516944", " 0.999999999996915", " 1", "5.9", "", " ", " 4.0", " ", " 4.0", " ", " 4.0", " ", " 5.9", " 3.7", " ", " ", " ", " 3.3", " ", " ", " 4.3", " 2.4", " ", " ", " ", " 2.8", " 3.9", " ", " 4.8", " 2.9", " ", " 4.8", " 5.6", " ", " 4.0", " 4.0", " 4.8", " 4.0", " 5.2", " 4.0", " ", " 2.5", " ", " 4.4"
"2212", "", "False", "", "C7 H10 N4 O5 S", "Full match", " No results", " No results", " No results", " No results", "-1.08", "262.03691", "261.02955", "0.658", "838352.415518701", "0", "0", "0", "", "", "", "No matches found", " No matches found", " No matches found", " No matches found", " No matches found", "", "No matches found", "PreferredDDA", "", "[M-H]-1", "281296.735293539", " ", " ", " 611843.217087044", " 611631.068878835", "4.05624629469192", " ", " ", " 32.5657592606245", " 52.4225173657927", "Infinity", " Infinity", " Infinity", " 0.000", " 1.000", "Infinity", " Infinity", " Infinity", " -Infinity", " 0.00", "", " ", " ", " ", " 0.988395826244387", "", " ", " ", " ", " 1", "7.6", "", " ", " ", " ", " 5.7", " 4.2", " ", " 7.6", " ", " ", " ", " ", " ", " ", " ", " ", " ", " ", " ", " ", " ", " ", " ", " ", " 5.8", " 5.1", " ", " ", " ", " ", " ", " ", " ", " 4.2", " ", " ", " ", " 4.2", " ", " "
"2106", "", "False", "", "C11 H5 Cl N4 O5 S5", "Full match", " No results", " No results", " No results", " No results", "0.18", "467.85529", "466.84801", "5.417", "823848.796595252", "0", "0", "0", "", "", "", "No matches found", " No matches found", " No matches found", " No matches found", " No matches found", "", "No matches found", "PreferredDDA", "", "[M-H]-1", "796257.58968961", " ", " 823848.796595252", " 748451.474154113", " 743793.801294391", "", " ", " ", " 4.14173572797352", " 9.12087951179453", "0.967", " 0.908", " 0.903", " 0.000", " 0.994", "-0.05", " -0.14", " -0.15", " -Infinity", " -0.01", "", " ", " ", " ", " 0.999348166282258", "", " ", " ", " ", " 1", "6.4", "", " 4.9", " ", " ", " ", " ", " ", " ", " ", " ", " ", " ", " ", " ", " ", " ", " ", " ", " 3.0", " ", " ", " ", " ", " ", " ", " ", " ", " ", " ", " 6.4", " ", " 6.4", " 4.4", " ", " ", " ", " ", " 5.2", " ", " "
"2225", "", "False", "5,9-tetracosadienoic acid", "C24 H44 O2", "Full match", " No results", " No results", " Full match", " Full match", "1.74", "364.33476", "363.32749", "9.469", "795521.452954531", "4", "0", "0", "", "", "", "No matches found", " No matches found", " No matches found", " No matches found", " No matches found", "", "Multiple matches found", "PreferredDDA", "", "[M-H]-1", "", " 374659.355841743", " ", " 294712.059984447", " 337534.110139829", "", " 47.3882138578294", " ", " 34.2548645506994", " 7.99988706553193", "", " Infinity", " Infinity", " 1.271", " 1.145", "", " Infinity", " Infinity", " 0.35", " 0.20", "", " ", " ", " 0.389300013424454", " 0.983319793153541", "", " ", " ", " 0.999999999996915", " 1", "5.4", "", " ", " ", " ", " ", " ", " ", " ", " ", " 1.5", " ", " ", " 3.4", " 4.9", " ", " ", " ", " ", " ", " ", " ", " ", " ", " ", " ", " ", " ", " 2.8", " 3.5", " 5.4", " ", " ", " ", " ", " ", " ", " ", " 5.2", " ", " 4.8"
"1237", "", "False", "", "", "No results", " No results", " No results", " No results", " No results", "", "215.79022", "214.78295", "10.867", "790438.545518208", "0", "0", "0", "", "", "", "No matches found", " No matches found", " No matches found", " No matches found", " No matches found", "", "No matches found", "PreferredDDA", "", "[M-H]-1", "323248.771680419", " 329405.972578709", " 394687.48224967", " 268247.042109897", " 288265.386674532", "61.3749323748058", " 26.1367374387863", " 55.2906981523114", " 17.0297561914542", " 26.898520426532", "0.819", " 0.680", " 0.730", " 1.228", " 1.075", "-0.29", " -0.56", " -0.45", " 0.30", " 0.10", "0.927960390819883", " 0.719615452089066", " 0.825079871486674", " 0.996897145252442", " 0.999752416777665", "0.999999999946231", " 1", " 1", " 0.999999999996915", " 1", "6.7", "", " ", " 4.9", " ", " 1.9", " ", " ", " ", " 3.3", " 6.7", " ", " ", " 2.5", " ", " ", " ", " 3.0", " 4.9", " 6.1", " ", " 1.5", " 1.5", " ", " 4.5", " 3.8", " 3.0", " 3.4", " ", " ", " ", " ", " ", " 4.8", " 2.5", " 2.9", " ", " ", " ", " ", " "
"2153", "", "False", "", "C3 H10 Br Cl N2 O4 P2 S2", "Full match", " No results", " No results", " No results", " No results", "-4.33", "377.84128", "376.83400", "10.957", "788877.762552894", "0", "0", "0", "", "", "", "No matches found", " No matches found", " No matches found", " No matches found", " No matches found", "", "No matches found", "PreferredDDA", "", "[M-H]-1", "594655.158279172", " 544297.951073905", " 525039.803734567", " 608384.712564205", " 590446.115686934", "11.782841114577", " 25.3750692551441", " 6.0241035489378", " 13.2125423754065", " 26.9447248761328", "1.133", " 1.159", " 1.125", " 0.895", " 0.971", "0.18", " 0.21", " 0.17", " -0.16", " -0.04", "0.79021916279579", " 0.765227653838031", " 0.77046855486805", " 0.900798470476012", " 0.999999997807301", "0.999999999946231", " 1", " 1", " 0.999999999996915", " 1", "4.4", "", " 3.2", " ", " ", " 4.3", " 2.8", " ", " 3.2", " 1.8", " 3.3", " ", " 1.8", " 1.0", " ", " 3.7", " 1.0", " 3.3", " 3.7", " ", " 4.4", " ", " ", " 4.0", " 2.5", " 3.9", " 3.2", " ", " ", " 2.8", " ", " 2.0", " 2.8", " ", " 1.4", " 1.4", " 1.8", " ", " 2.1", " ", " 2.1"
"1844", "", "False", "", "C11 H10 N4 O6", "Full match", " No results", " No results", " No results", " No results", "-1.84", "294.05949", "293.05221", "0.580", "785134.767840914", "0", "0", "0", "", "", "", "No matches found", " No matches found", " No matches found", " No matches found", " No matches found", "", "No matches found", "PreferredDDA", "", "[M-H]-1", "", " 717008.239317457", " 785134.767840914", " 510133.785523494", " ", "", " 8.09315570917514", " ", " ", " ", "0.000", " 0.650", " 0.000", " 1.406", " 0.000", "-Infinity", " -0.62", " -Infinity", " 0.49", " -Infinity", "", " ", " ", " ", " ", "", " ", " ", " ", " ", "7.4", "", " ", " ", " ", " ", " ", " ", " ", " ", " ", " ", " ", " 7.4", " 6.7", " ", " ", " ", " ", " ", " ", " ", " ", " ", " 4.5", " ", " 4.9", " ", " ", " ", " ", " ", " ", " ", " ", " ", " ", " ", " ", " ", " "
"2865", "", "False", "Phaseolic acid", "C12 H22 O6", "No match", " No results", " No results", " Not the top hit", " Full match", "0.61", "262.14180", "261.13465", "0.661", "781249.309778253", "4", "0", "0", "", "", "", "No matches found", " No matches found", " No matches found", " No matches found", " No matches found", "", "Multiple matches found", "PreferredDDA", "", "[M-H]-1", "", " 582244.714457878", " 636954.106807281", " 593268.218846904", " 659123.372039766", "", " 6.21237086368683", " 34.1548111929625", " 6.82734390689206", " 8.13751394350453", "0.000", " 0.931", " 1.035", " 0.981", " 1.111", "-Infinity", " -0.10", " 0.05", " -0.03", " 0.15", "", " 0.938295040583425", " 0.770435162201107", " 0.994881032444163", " 0.962440696279945", "", " 1", " 1", " 0.999999999996915", " 1", "4.4", "", " ", " ", " ", " ", " ", " ", " ", " 3.7", " ", " ", " ", " 3.7", " 4.4", " ", " 2.9", " 1.6", " 2.0", " 0.5", " ", " ", " ", " ", " ", " ", " 3.3", " 3.3", " 3.7", " 3.3", " 3.3", " 4.0", " ", " 3.7", " ", " 3.3", " 4.4", " 3.3", " ", " 3.3", " 3.7"
"2096", "", "False", "", "C19 H21 N7", "Full match", " No results", " No results", " No results", " No results", "-2.67", "347.18492", "346.17764", "9.030", "779725.776866349", "0", "0", "0", "", "", "", "No matches found", " No matches found", " No matches found", " No matches found", " No matches found", "", "No matches found", "PreferredDDA", "", "[M-H]-1", "309081.793525195", " 401487.264890197", " 318132.147121677", " 331818.246971793", " 445184.7554498", "20.2743536155525", " 46.9895466087441", " 43.9355501905302", " 14.9537876978496", " 42.1671441281345", "0.972", " 1.043", " 1.399", " 1.210", " 1.342", "-0.04", " 0.06", " 0.48", " 0.27", " 0.42", "0.882263156889015", " 0.996611890819088", " 0.970555717993421", " 0.824203779014005", " 0.848679363787016", "0.999999999946231", " 1", " 1", " 0.999999999996915", " 1", "6.2", "", " 2.9", " ", " 4.0", " ", " 2.9", " 5.2", " 3.3", " 4.5", " 2.3", " ", " ", " 2.3", " ", " ", " ", " 2.3", " ", " ", " ", " 2.3", " 2.7", " 2.7", " ", " ", " 5.1", " 3.9", " ", " ", " ", " 5.4", " 6.2", " 1.5", " 1.5", " 3.0", " 3.4", " 4.5", " 3.0", " ", " 4.9"
"2182", "", "False", "N-(9Z-hexadecenoyl)-homoserine lactone", "C20 H35 N O3", "Full match", " No results", " No results", " Full match", " Full match", "0.79", "337.26196", "336.25468", "6.899", "761975.281861474", "1", "0", "0", "", "", "", "No matches found", " No matches found", " No matches found", " No matches found", " No matches found", "", "Single match found", "PreferredDDA", "", "[M-H]-1", "", " 475007.623301848", " ", " 631919.361371004", " 493132.793992177", "", " 40.2745142429423", " ", " 11.3608434391427", " 77.0990485968201", "", " Infinity", " Infinity", " 0.752", " 0.780", "", " Infinity", " Infinity", " -0.41", " -0.36", "", " ", " ", " 0.67441760168012", " 0.699463916640346", "", " ", " ", " 0.999999999996915", " 1", "4.7", "", " ", " ", " ", " ", " ", " ", " ", " ", " ", " ", " ", " 1.9", " 2.7", " 1.9", " 3.4", " ", " ", " ", " ", " ", " ", " ", " ", " ", " ", " ", " 4.3", " 4.7", " 3.9", " ", " ", " 4.5", " ", " ", " ", " ", " 1.9", " ", " "
"2232", "", "False", "", "C H4 Br N7 O2", "Full match", " No results", " No results", " No results", " No results", "1.73", "224.96137", "223.95410", "10.936", "756538.709210041", "0", "0", "0", "", "", "", "No matches found", " No matches found", " No matches found", " No matches found", " No matches found", "", "No matches found", "NoMSn", "", "[M-H]-1", "500414.487217675", " 673290.789110449", " 514893.072969787", " 582526.862514667", " 589691.947335031", "30.5425698175518", " ", " 9.99442169826664", " 18.6299688561391", " 25.8592572867471", "0.972", " 1.131", " 1.145", " 1.156", " 1.012", "-0.04", " 0.18", " 0.20", " 0.21", " 0.02", "0.999739218839765", " 0.920730420691479", " 0.999924419889295", " ", " 0.934623824153739", "0.999999999946231", " 1", " 1", " ", " 1", "4.0", "", " ", " ", " 0.5", " ", " 2.0", " ", " 3.2", " ", " ", " ", " ", " ", " ", " ", " 1.5", " 2.5", " 4.0", " ", " ", " 3.7", " ", " 2.5", " 2.9", " ", " ", " 1.9", " 3.0", " 3.4", " ", " ", " ", " 2.1", " 3.7", " 2.5", " 1.0", " 1.4", " 4.0", " 2.1", " 1.4"
"2267", "", "False", "", "C15 H36 N4 O4 S", "Full match", " No results", " No results", " No results", " No results", "1.79", "368.24639", "367.23911", "8.749", "728807.387818173", "0", "0", "0", "", "", "", "No matches found", " No matches found", " No matches found", " No matches found", " No matches found", "", "No matches found", "PreferredDDA", "", "[M-H]-1", "360281.378370311", " 313583.694309638", " 482752.167114065", " 229677.45733716", " ", "9.67053384607387", " ", " 24.3545153857522", " ", " ", "0.746", " 0.476", " 0.000", " 1.365", " 0.000", "-0.42", " -1.07", " -Infinity", " 0.45", " -Infinity", "0.187773194960661", " ", " ", " ", " ", "0.999999999946231", " ", " ", " ", " ", "7.8", "4.0", " ", " 7.8", " ", " 3.3", " ", " ", " ", " ", " 1.9", " ", " ", " ", " ", " ", " ", " 5.2", " 5.2", " 5.9", " ", " ", " ", " 5.2", " ", " ", " ", " 1.1", " ", " ", " ", " ", " ", " ", " ", " ", " ", " ", " ", " ", " "
"1166", "", "False", "", "C38 H72 N3 O5 P", "Invalid mass", " No results", " No results", " No results", " No results", "-5.63", "681.51712", "680.50984", "10.846", "716589.006578244", "0", "0", "0", "", "", "", "No matches found", " No matches found", " No matches found", " No matches found", " No matches found", "", "No matches found", "PreferredDDA", "", "[M-H]-1", "292143.775013037", " 315635.074371806", " 277336.674263956", " 354247.424845274", " 462028.471212621", "29.0057866655977", " ", " 23.6210228076782", " 56.4506491481207", " 59.6963040293341", "1.053", " 1.277", " 1.666", " 0.891", " 1.304", "0.08", " 0.35", " 0.74", " -0.17", " 0.38", "0.996596479739253", " 0.998451105923898", " 0.986762692961773", " ", " 0.904405161129246", "0.999999999946231", " 1", " 1", " ", " 1", "6.7", "", " 6.7", " 6.7", " ", " ", " 3.7", " 4.8", " 5.2", " ", " ", " ", " 3.8", " ", " ", " ", " ", " ", " 5.9", " ", " 5.9", " ", " ", " ", " 5.6", " ", " 4.5", " ", " 6.1", " 4.5", " 4.9", " 6.1", " ", " 5.7", " 4.5", " ", " ", " ", " ", " 6.1", " 5.7"
"2280", "", "False", "", "C12 H27 N4 O3 P", "Full match", " No results", " No results", " No results", " No results", "-2.60", "306.18128", "305.17400", "5.997", "715709.115690292", "0", "0", "0", "", "", "", "No matches found", " No matches found", " No matches found", " No matches found", " No matches found", "", "No matches found", "PreferredDDA", "", "[M-H]-1", "", " ", " ", " 714301.439068239", " 467737.982487047", "", " ", " ", " 36.7659129794948", " 6.52844908636286", "", " Infinity", " Infinity", " 0.000", " 0.655", "", " Infinity", " Infinity", " -Infinity", " -0.61", "", " ", " ", " ", " 0.62112096573276", "", " ", " ", " ", " 1", "6.7", "", " ", " ", " ", " ", " ", " ", " ", " ", " ", " ", " ", " ", " ", " ", " ", " ", " ", " ", " ", " ", " ", " ", " ", " 4.3", " ", " ", " 3.5", " ", " ", " 5.1", " ", " ", " 6.7", " ", " ", " ", " 6.3", " ", " "
"2094", "", "False", "", "C9 H9 Cl N6 O4 S", "Full match", " No results", " No results", " No results", " No results", "-0.60", "332.00925", "331.00197", "0.684", "707802.837121319", "0", "0", "0", "", "", "", "No matches found", " No matches found", " No matches found", " No matches found", " No matches found", "", "No matches found", "PreferredDDA", "", "[M-H]-1", "247622.207759648", " ", " 185359.030042618", " ", " ", "73.1882566983396", " ", " 32.7219297189515", " ", " ", "1.336", " 0.000", " 0.000", " ", " ", "0.42", " -Infinity", " -Infinity", " ", " ", "0.351257517106173", " ", " ", " ", " ", "0.999999999946231", " ", " ", " ", " ", "5.4", "", " ", " 4.5", " ", " 4.5", " ", " 4.5", " 4.5", " ", " ", " ", " ", " ", " ", " ", " ", " ", " ", " 3.9", " ", " 5.1", " 2.8", " ", " 5.4", " ", " ", " ", " ", " ", " ", " ", " ", " ", " ", " ", " ", " ", " ", " ", " "
"2439", "", "False", "LPC 22:5", "C30 H52 N O7 P", "No match", " No results", " Invalid mass", " No results", " No results", "105423.90", "629.37104", "628.36376", "5.662", "695267.157394734", "0", "0", "3", "", "", "60.3", "No matches found", " No matches found", " No matches found", " Multiple matches found", " No matches found", "", "No matches found", "PreferredDDA", "", "[M-H]-1", "606134.847217992", " 385779.327328378", " 542067.462131882", " ", " ", "12.8768576963145", " 11.5852694848472", " ", " ", " ", "1.118", " 0.000", " 0.000", " Infinity", " ", "0.16", " -Infinity", " -Infinity", " Infinity", " ", "", " ", " ", " ", " ", "", " ", " ", " ", " ", "6.6", "", " ", " 5.4", " 3.5", " ", " ", " 3.9", " 2.4", " ", " ", " ", " 2.8", " 6.6", " 2.0", " ", " ", " ", " 0.8", " ", " ", " ", " ", " ", " ", " ", " ", " ", " ", " ", " ", " ", " ", " ", " ", " ", " ", " ", " ", " ", " "
"1060", "", "False", "9,10-dichloro-octadecanoic acid", "C18 H34 Cl2 O2", "No match", " No results", " No results", " Full match", " Full match", "-1.85", "352.19293", "351.18566", "10.850", "680243.966123905", "1", "0", "0", "", "", "", "No matches found", " No matches found", " No matches found", " No matches found", " No matches found", "", "Single match found", "NoMSn", "", "[M-H]-1", "391279.894495084", " 390710.562074387", " 172166.842862632", " 421915.562439839", " 504269.689246292", "", " 50.7418390412064", " ", " 42.8870458549237", " 19.7188007708296", "2.273", " 2.451", " 2.929", " 0.926", " 1.195", "1.18", " 1.29", " 1.55", " -0.11", " 0.26", "", " ", " ", " 0.999947395950373", " 0.989479583534156", "", " ", " ", " 0.999999999996915", " 1", "6.8", "", " ", " ", " ", " 5.3", " ", " ", " ", " ", " ", " ", " ", " 2.7", " ", " 2.7", " 4.5", " ", " ", " ", " 5.3", " ", " ", " ", " ", " ", " 5.3", " 2.3", " ", " ", " ", " ", " 5.7", " 6.1", " ", " ", " ", " ", " ", " ", " 6.8"
"2316", "", "False", "LMST04010145", "C24 H38 O5", "Not the top hit", " No results", " No results", " Not the top hit", " Full match", "1.45", "406.27251", "405.26524", "5.868", "671153.115312615", "43", "0", "0", "", "", "", "No matches found", " No matches found", " No matches found", " No matches found", " No matches found", "", "Multiple matches found", "PreferredDDA", "", "[M-H]-1", "661366.442092282", " 657977.209794747", " ", " 519621.710440903", " 420506.788621936", "", " 2.83194372123112", " ", " 2.5800159129377", " 23.2715756403469", "Infinity", " Infinity", " Infinity", " 1.266", " 0.809", "Infinity", " Infinity", " Infinity", " 0.34", " -0.31", "", " ", " ", " 0.446015891668527", " 0.475578302274669", "", " ", " ", " 0.999999999996915", " 1", "6.4", "", " ", " ", " ", " ", " 2.3", " ", " ", " ", " ", " ", " ", " 4.9", " 6.4", " ", " ", " ", " ", " ", " ", " ", " ", " ", " ", " 4.9", " 4.9", " ", " ", " ", " ", " ", " ", " ", " ", " ", " ", " 4.8", " 2.9", " ", " "
"2537", "", "False", "", "C19 H32 Cl O6 P", "Full match", " No results", " No results", " No match", " No results", "1.24", "422.16303", "421.15575", "4.655", "663717.926961785", "3", "0", "0", "", "", "", "No matches found", " No matches found", " No matches found", " No matches found", " No matches found", "", "No matches found", "PreferredDDA", "", "[M-H]-1", "551679.649877762", " 507882.637911892", " 586002.889443976", " 529951.887042576", " 519674.17043602", "3.86121795566422", " 11.6743550772877", " 6.82131412084484", " 8.9783230223305", " 23.3226121408771", "0.941", " 0.904", " 0.887", " 0.958", " 0.981", "-0.09", " -0.15", " -0.17", " -0.06", " -0.03", "0.854325412196164", " 0.520619799256573", " 0.130889229699393", " 0.998602218934958", " 0.90617913721668", "0.999999999946231", " 1", " 0.728846342220831", " 0.999999999996915", " 1", "7.2", "4.5", " 3.4", " ", " 6.4", " 5.3", " 7.2", " ", " 3.8", " 6.6", " 3.5", " ", " 3.9", " 3.5", " 3.5", " 2.8", " 2.8", " 2.5", " 4.4", " ", " ", " 4.4", " 4.8", " ", " 3.7", " 4.4", " 4.8", " 4.4", " 4.8", " 7.1", " ", " ", " 2.5", " 5.6", " 1.0", " 1.0", " 2.1", " 3.7", " ", " 3.3", " 5.6"
"2524", "", "False", "4-Prenylresveratrol", "C19 H20 O3", "Not the top hit", " No results", " No results", " Full match", " Full match", "1.41", "296.14166", "295.13439", "4.522", "662587.60500164", "1", "0", "0", "", "", "", "No matches found", " No matches found", " No matches found", " No matches found", " No matches found", "", "Single match found", "PreferredDDA", "", "[M-H]-1", "", " 555519.374773836", " ", " 599582.794282494", " 508171.066907874", "", " 20.3098297663295", " ", " ", " 9.77603359239992", "", " Infinity", " Infinity", " 0.927", " 0.848", "", " Infinity", " Infinity", " -0.11", " -0.24", "", " ", " ", " ", " ", "", " ", " ", " ", " ", "5.6", "", " ", " ", " ", " ", " ", " ", " ", " 3.3", " 3.3", " ", " 5.6", " 3.3", " ", " ", " ", " ", " ", " ", " ", " ", " ", " ", " ", " ", " 2.7", " ", " ", " ", " ", " ", " ", " ", " ", " ", " ", " ", " 5.6", " 5.6", " "
"2176", "", "False", "", "C20 H33 N O3 S", "Full match", " No results", " No results", " No results", " No results", "1.37", "367.21862", "366.21134", "6.170", "658027.581897133", "0", "0", "0", "", "", "", "No matches found", " No matches found", " No matches found", " No matches found", " No matches found", "", "No matches found", "PreferredDDA", "", "[M-H]-1", "325907.025421574", " 591975.213858791", " 343572.806358394", " ", " ", "53.9751835303378", " ", " 35.0589489310787", " ", " ", "0.949", " 0.000", " 0.000", " Infinity", " ", "-0.08", " -Infinity", " -Infinity", " Infinity", " ", "0.998224366199974", " ", " ", " ", " ", "0.999999999946231", " ", " ", " ", " ", "5.3", "", " 4.9", " ", " ", " 2.7", " 3.4", " 5.3", " ", " ", " ", " ", " ", " 4.5", " ", " ", " ", " ", " ", " ", " ", " 0.9", " ", " 5.1", " ", " ", " ", " ", " ", " ", " ", " ", " ", " ", " ", " ", " ", " ", " ", " ", " "
"2458", "", "False", "", "C18 H34 N6 O2", "Full match", " No results", " No results", " No results", " No results", "0.23", "366.27441", "365.26713", "8.726", "653507.730006341", "0", "0", "0", "", "", "", "No matches found", " No matches found", " No matches found", " No matches found", " No matches found", "", "No matches found", "PreferredDDA", "", "[M-H]-1", "421254.041544747", " 387576.05301923", " 435743.346984467", " 435341.064499209", " 465958.501253994", "7.97782672339753", " ", " 10.6500679353095", " 7.32948440811543", " 18.068159290195", "0.967", " 0.999", " 1.069", " 0.890", " 1.070", "-0.05", " 0.00", " 0.10", " -0.17", " 0.10", "0.967430869701804", " 0.998940721921328", " 0.693332943087726", " ", " 0.697007781610002", "0.999999999946231", " 1", " 1", " ", " 1", "6.3", "", " 6.3", " 4.0", " 4.0", " 4.0", " 5.2", " 4.0", " ", " ", " ", " ", " 1.1", " ", " ", " ", " ", " ", " ", " ", " ", " ", " 4.3", " ", " 4.7", " 6.3", " ", " 3.3", " 5.2", " ", " 2.9", " ", " ", " ", " 4.2", " 3.4", " 4.5", " ", " 4.2", " ", " 3.0"
"1179", "", "False", "", "C2 H3 O3 P3 S4", "Invalid mass", " No results", " No results", " No results", " No results", "5.05", "295.81928", "294.81197", "10.861", "633518.342305892", "0", "0", "0", "", "", "", "No matches found", " No matches found", " No matches found", " No matches found", " No matches found", "", "No matches found", "NoMSn", "", "[M-H]-1", "478200.547434636", " 567213.978192301", " 401668.497794147", " 517592.73426885", " 502917.51173966", "3.74791520838464", " 18.546808959124", " 42.6174228624992", " 15.7802289209993", " 15.9999762427108", "1.191", " 1.289", " 1.252", " 1.096", " 0.972", "0.25", " 0.37", " 0.32", " 0.13", " -0.04", "0.147818651607289", " 0.0769998503231656", " 0.0422085344275108", " 0.999999965119527", " 0.999968623919321", "0.999999999946231", " 0.576971481188652", " 0.3332584285396", " 0.999999999996915", " 1", "9.1", "8.3", " 8.7", " ", " 9.1", " 8.7", " ", " 8.3", " 8.7", " 7.6", " 7.2", " ", " ", " 7.2", " ", " ", " 6.4", " 5.3", " ", " ", " ", " 1.5", " ", " 5.7", " 5.7", " 6.4", " 6.8", " ", " 7.2", " ", " ", " 6.8", " 7.2", " 7.2", " 6.8", " 7.6", " 7.6", " 5.7", " ", " 7.2", " 6.8"
"2525", "", "False", "", "C4 H5 Br O2 P2", "Full match", " No results", " No results", " No results", " No results", "2.73", "225.89543", "224.88815", "0.709", "621967.858049825", "0", "0", "0", "", "", "", "No matches found", " No matches found", " No matches found", " No matches found", " No matches found", "", "No matches found", "PreferredDDA", "", "[M-H]-1", "576773.693567068", " 385978.356587209", " 561193.973217026", " 288517.113963749", " 271753.594522311", "", " 29.1588755959615", " 5.54361114951546", " 13.2421161331626", " 2.49430467036556", "1.028", " 0.514", " 0.484", " 1.338", " 0.942", "0.04", " -0.96", " -1.05", " 0.42", " -0.09", "", " 0.00950978944838254", " 0.0089422232564681", " 0.78900446099541", " 0.983894631186341", "", " 0.133380893032442", " 0.112629431015991", " 0.999999999996915", " 1", "7.3", "", " ", " ", " ", " ", " 1.9", " ", " ", " 4.8", " 4.4", " ", " ", " 3.7", " 2.5", " 4.4", " 2.9", " 4.4", " ", " 4.4", " 5.6", " ", " ", " 7.1", " 7.1", " ", " 7.3", " 5.1", " ", " ", " 5.4", " ", " ", " ", " 4.9", " ", " ", " ", " 5.3", " ", " "
"1886", "", "False", "", "C32 H61 Cl2 N2 O3 P", "Full match", " No results", " No results", " No results", " No results", "-2.36", "622.37821", "621.37094", "8.771", "621144.480728372", "0", "0", "0", "", "", "", "No matches found", " No matches found", " No matches found", " No matches found", " No matches found", "", "No matches found", "PreferredDDA", "", "[M-H]-1", "", " 422600.340377112", " ", " 385248.639423903", " 220259.931146629", "", " 66.4419285048135", " ", " 6.97463739211766", " 31.2611709514112", "", " Infinity", " Infinity", " 1.097", " 0.572", "", " Infinity", " Infinity", " 0.13", " -0.81", "", " ", " ", " 0.997074502441657", " 0.424477665627029", "", " ", " ", " 0.999999999996915", " 1", "7.4", "", " ", " ", " ", " ", " ", " ", " ", " ", " ", " ", " ", " ", " 4.9", " 2.7", " ", " ", " ", " ", " ", " ", " ", " ", " ", " ", " ", " ", " ", " 7.1", " 7.4", " ", " ", " 4.3", " ", " ", " ", " ", " 2.0", " ", " 2.4"
"1876", "", "False", "", "C9 H13 Cl N6 O9 P2", "Full match", " No results", " No results", " No results", " No results", "3.14", "445.99218", "444.98490", "0.501", "619626.980748083", "0", "0", "0", "", "", "", "No matches found", " No matches found", " No matches found", " No matches found", " No matches found", "", "No matches found", "PreferredDDA", "", "[M-H]-1", "230732.0123847", " 619626.980748083", " 333628.281982248", " 430750.771445392", " 260493.342700907", "", " ", " ", " ", " ", "0.692", " 1.291", " 0.781", " 1.438", " 0.605", "-0.53", " 0.37", " -0.36", " 0.52", " -0.73", "", " ", " ", " ", " ", "", " ", " ", " ", " ", "4.9", "", " ", " ", " 4.5", " ", " ", " ", " ", " ", " ", " 4.9", " ", " ", " ", " ", " ", " ", " ", " ", " ", " ", " 4.9", " ", " ", " ", " ", " ", " ", " ", " ", " 4.5", " ", " ", " 4.9", " ", " ", " ", " ", " ", " "
"2327", "", "False", "15-hydroxy-tetracosa-6,9,12,16,18-pentaenoic acid", "C24 H38 O3", "Not the top hit", " No results", " No results", " Not the top hit", " Full match", "2.28", "374.28295", "373.27567", "6.582", "617105.894307973", "41", "0", "0", "", "", "", "No matches found", " No matches found", " No matches found", " No matches found", " No matches found", "", "Multiple matches found", "PreferredDDA", "", "[M-H]-1", "", " 591530.207770025", " ", " 577220.243581584", " 223955.415597502", "", " 6.1145622478556", " ", " ", " 17.8515550346668", "", " Infinity", " Infinity", " 1.025", " 0.388", "", " Infinity", " Infinity", " 0.04", " -1.37", "", " ", " ", " ", " ", "", " ", " ", " ", " ", "6.1", "", " ", " ", " ", " ", " ", " ", " ", " ", " ", " ", " ", " 4.8", " 5.6", " ", " ", " ", " ", " ", " ", " ", " ", " ", " ", " ", " ", " ", " 3.4", " ", " ", " ", " ", " ", " ", " ", " ", " ", " ", " 4.5", " 6.1"
"2480", "", "False", "Cer 14:3;2O/5:0", "C19 H33 N O3", "No match", " No results", " Invalid mass", " No results", " No results", "142317.53", "369.24962", "368.24235", "8.732", "604568.459389852", "0", "0", "1", "", "", "0.4", "No matches found", " No matches found", " No matches found", " Single match found", " No matches found", "", "No matches found", "PreferredDDA", "", "[M-H]-1", "509788.770559539", " ", " 406353.098414137", " 540349.109028695", " 518905.300989267", "16.6658744235804", " ", " 15.4033187448058", " 9.60664231866363", " 12.7896883715543", "1.255", " 1.330", " 1.277", " 0.000", " 0.960", "0.33", " 0.41", " 0.35", " -Infinity", " -0.06", "0.380721515001774", " 0.207154724863376", " 0.166289733166382", " ", " 0.995204084927408", "0.999999999946231", " 1", " 0.829879894764302", " ", " 1", "5.4", "", " 3.0", " ", " ", " ", " 4.9", " ", " ", " ", " ", " ", " ", " ", " ", " ", " ", " ", " ", " ", " 3.0", " ", " 4.5", " ", " 3.8", " ", " ", " ", " 4.8", " 5.2", " ", " ", " ", " ", " 3.9", " 4.7", " 5.4", " 3.9", " ", " ", " "
"2632", "", "False", "", "", "No results", " No results", " No results", " No results", " No results", "", "349.30971", "348.30243", "8.736", "604324.929412175", "0", "0", "0", "", "", "", "No matches found", " No matches found", " No matches found", " No matches found", " No matches found", "", "No matches found", "PreferredDDA", "", "[M-H]-1", "345936.98510899", " 603218.245136308", " ", " 396139.657419709", " 474354.326271073", "", " 29.0291694262363", " ", " 12.5349786643802", " 2.47767806699757", "Infinity", " Infinity", " Infinity", " 1.523", " 1.197", "Infinity", " Infinity", " Infinity", " 0.61", " 0.26", "", " ", " ", " 0.570251695515765", " 0.811523219766281", "", " ", " ", " 0.999999999996915", " 1", "5.7", "", " ", " ", " ", " ", " ", " 2.7", " ", " ", " ", " ", " ", " 2.1", " 1.4", " ", " 3.3", " ", " ", " ", " ", " ", " ", " ", " ", " ", " ", " ", " 4.3", " 4.7", " 3.5", " ", " 3.9", " ", " ", " ", " ", " ", " 5.7", " 4.9", " "
"193", "", "False", "", "C17 H26", "Full match", " No results", " No results", " No results", " No results", "0.74", "230.20362", "229.19602", "6.791", "599254.430492918", "0", "0", "0", "", "", "", "No matches found", " No matches found", " No matches found", " No matches found", " No matches found", "", "No matches found", "PreferredDDA", "", "[M-H]-1", "482402.793303147", " 525693.481796532", " ", " ", " ", "20.732708726721", " 54.0607504736382", " ", " ", " ", "Infinity", " ", " ", " Infinity", " ", "Infinity", " ", " ", " Infinity", " ", "", " ", " ", " ", " ", "", " ", " ", " ", " ", "5.3", "3.7", " ", " 4.0", " ", " ", " 1.4", " ", " ", " ", " 5.3", " ", " ", " 4.5", " ", " ", " 4.5", " ", " ", " ", " ", " ", " ", " ", " ", " ", " ", " ", " ", " ", " ", " ", " ", " ", " ", " ", " ", " ", " ", " ", " "
"2588", "", "False", "", "C H3 Cl2 N2 O3 P S", "Full match", " No results", " No results", " No results", " No results", "1.97", "223.89835", "222.89107", "0.716", "599058.341714443", "0", "0", "0", "", "", "", "No matches found", " No matches found", " No matches found", " No matches found", " No matches found", "", "No matches found", "PreferredDDA", "", "[M-H]-1", "558157.1344446", " 497463.784161712", " 461752.099163998", " 300655.074587169", " 301554.475508664", "7.12343485885455", " ", " 14.3053165776953", " 18.6892365440663", " 36.2898317088573", "1.209", " 0.651", " 0.653", " 1.655", " 1.003", "0.27", " -0.62", " -0.61", " 0.73", " 0.00", "0.87001842124749", " 0.00531289631379439", " 0.0291021878364424", " ", " 0.977353585876121", "0.999999999946231", " 0.0807265078790425", " 0.27972324244192", " ", " 1", "7.4", "5.9", " 5.6", " 5.2", " 4.0", " 5.2", " ", " 7.4", " 3.7", " ", " ", " ", " 0.8", " ", " ", " ", " ", " ", " 3.5", " ", " ", " 5.4", " 5.1", " ", " ", " ", " ", " ", " 4.2", " ", " ", " 6.1", " 2.7", " ", " ", " ", " ", " 3.5", " ", " 1.6", " "
"2264", "", "False", "Lesquerolic acid", "C20 H38 O3", "Full match", " No results", " No results", " Partial match", " Full match", "1.26", "326.28251", "325.27523", "8.489", "592883.91293414", "9", "0", "0", "", "", "", "No matches found", " No matches found", " No matches found", " No matches found", " No matches found", "", "Multiple matches found", "PreferredDDA", "", "[M-H]-1", "371917.0046355", " 468254.736770129", " ", " 349960.492486542", " ", "", " 37.6402537674815", " ", " 21.6008144180039", " ", "Infinity", " Infinity", " ", " 1.338", " 0.000", "Infinity", " Infinity", " ", " 0.42", " -Infinity", "", " ", " ", " 0.577333273626212", " ", "", " ", " ", " 0.999999999996915", " ", "5.6", "", " ", " 4.9", " ", " ", " ", " ", " ", " ", " 2.4", " ", " ", " 4.7", " ", " ", " ", " ", " ", " ", " ", " ", " ", " ", " ", " ", " ", " 3.3", " ", " 4.4", " 5.6", " ", " ", " ", " ", " ", " ", " ", " ", " ", " "
"1234", "", "False", "", "C10 H23 N7 O3 P2", "Full match", " No results", " No results", " No results", " No results", "-0.98", "351.13342", "350.12614", "10.842", "569188.5455046", "0", "0", "0", "", "", "", "No matches found", " No matches found", " No matches found", " No matches found", " No matches found", "", "No matches found", "PreferredDDA", "", "[M-H]-1", "467111.362195351", " 453623.03354677", " 161145.044540389", " 569188.5455046", " ", "", " ", " ", " ", " ", "2.899", " 3.532", " 0.000", " 0.797", " 0.000", "1.54", " 1.82", " -Infinity", " -0.33", " -Infinity", "", " ", " ", " ", " ", "", " ", " ", " ", " ", "6.1", "5.3", " ", " ", " ", " ", " ", " ", " ", " 6.1", " ", " ", " ", " ", " ", " ", " ", " ", " ", " ", " 6.1", " ", " ", " ", " ", " ", " ", " ", " 5.7", " ", " ", " ", " ", " ", " ", " ", " ", " ", " ", " ", " "
"1991", "", "False", "FAHFA 20:1/20:2", "C40 H72 O4", "Not the top hit", " No results", " Full match", " Partial match", " Partial match", "-2.89", "616.54128", "615.53400", "8.757", "551552.999533367", "4", "0", "3", "", "", "33.9", "No matches found", " No matches found", " No matches found", " Multiple matches found", " No matches found", "", "Multiple matches found", "PreferredDDA", "", "[M-H]-1", "309336.671160298", " 374060.916046361", " 276537.381897295", " 292474.936484446", " 377954.78716336", "4.12813059326001", " 42.8914742129067", " 7.43775083004149", " 29.376451172498", " 47.5326662877099", "1.119", " 1.058", " 1.367", " 1.279", " 1.292", "0.16", " 0.08", " 0.45", " 0.35", " 0.37", "0.986577779761752", " 0.988798830296356", " 0.862368198982348", " 0.969462728959324", " 0.97024895351984", "0.999999999946231", " 1", " 1", " 0.999999999996915", " 1", "7.6", "6.8", " ", " 5.7", " ", " ", " ", " 7.6", " ", " 3.0", " 3.4", " ", " ", " 4.5", " ", " ", " 2.3", " ", " 5.2", " 7.4", " ", " ", " ", " 7.1", " ", " ", " ", " 3.7", " ", " 4.0", " 6.3", " ", " 4.4", " ", " ", " ", " ", " ", " 3.0", " ", " 1.5"
"2262", "", "False", "", "C25 H53 N5 O6 P2", "Full match", " No results", " No results", " No results", " No results", "0.26", "581.34726", "580.33998", "8.799", "525133.775875133", "0", "0", "0", "", "", "", "No matches found", " No matches found", " No matches found", " No matches found", " No matches found", "", "No matches found", "PreferredDDA", "", "[M-H]-1", "394583.980938965", " 227269.510208776", " 247215.307785255", " 317322.19951478", " 433310.41552038", "36.2605118945031", " 28.867152988755", " 23.5175154613864", " ", " 29.9687791719503", "1.596", " 1.284", " 1.753", " 0.716", " 1.366", "0.67", " 0.36", " 0.81", " -0.48", " 0.45", "0.740882242731679", " ", " 0.542369232393025", " ", " ", "0.999999999946231", " ", " 1", " ", " ", "6.3", "", " ", " ", " ", " 5.4", " 2.0", " ", " ", " ", " 3.3", " ", " ", " 6.3", " ", " ", " ", " ", " ", " 6.3", " ", " 2.1", " ", " 3.3", " ", " ", " ", " 3.4", " ", " ", " ", " ", " ", " ", " ", " ", " ", " ", " 4.8", " ", " 5.9"
"2617", "", "False", "Cer 18:1;2O/2:0", "C20 H39 N O3", "No match", " No results", " Invalid mass", " No results", " No results", "175865.27", "401.31458", "400.30730", "6.505", "523086.749296909", "0", "0", "12", "", "", "21.9", "No matches found", " No matches found", " No matches found", " Multiple matches found", " No matches found", "", "No matches found", "PreferredDDA", "", "[M-H]-1", "327674.098498131", " ", " 433908.081813242", " 523086.749296909", " 399986.929676255", "", " ", " 0.928208675552923", " ", " 15.1225808243771", "0.755", " 1.206", " 0.922", " 0.000", " 0.765", "-0.41", " 0.27", " -0.12", " -Infinity", " -0.39", "", " ", " 0.719331400030401", " ", " ", "", " ", " 1", " ", " ", "6.4", "2.7", " ", " ", " ", " ", " ", " ", " ", " ", " ", " ", " ", " ", " ", " ", " ", " ", " ", " ", " 6.4", " ", " 6.1", " ", " ", " ", " ", " ", " ", " ", " ", " 2.7", " ", " 3.8", " 3.8", " ", " 5.7", " ", " ", " 6.1", " "
"2448", "", "False", "LNAPE 2:0/N-24:5", "C31 H52 N O8 P", "No match", " No results", " Full match", " No results", " No results", "-1.60", "597.34210", "596.33482", "6.240", "503062.586897691", "0", "0", "1", "", "", "0.6", "No matches found", " No matches found", " No matches found", " Single match found", " No matches found", "", "No matches found", "PreferredDDA", "", "[M-H]-1", "261943.1128944", " 303292.506007345", " 459242.764357764", " 306698.568253705", " 503062.586897691", "21.8096314993992", " 49.1902878751265", " ", " ", " ", "0.570", " 0.668", " 1.095", " 0.989", " 1.640", "-0.81", " -0.58", " 0.13", " -0.02", " 0.71", "", " ", " ", " ", " ", "", " ", " ", " ", " ", "5.6", "", " 5.6", " 1.8", " ", " 3.7", " 3.3", " ", " ", " 3.0", " ", " ", " 1.9", " ", " ", " ", " ", " ", " ", " ", " ", " ", " ", " 3.0", " ", " 3.8", " ", " ", " ", " ", " ", " ", " ", " ", " ", " ", " ", " ", " 1.9", " ", " "
"1436", "", "False", "", "C29 H34 N2 O", "Full match", " No results", " No results", " No results", " No results", "-4.05", "426.26539", "425.25811", "10.848", "473738.601446641", "0", "0", "0", "", "", "", "No matches found", " No matches found", " No matches found", " No matches found", " No matches found", "", "No matches found", "PreferredDDA", "", "[M-H]-1", "248602.166702473", " 367926.399768789", " 280093.395519488", " 245930.205714079", " 317902.450370045", "", " 40.6714633066321", " 26.3861247814704", " ", " ", "0.888", " 0.878", " 1.135", " 1.496", " 1.293", "-0.17", " -0.19", " 0.18", " 0.58", " 0.37", "", " ", " ", " ", " ", "", " ", " ", " ", " ", "7.1", "5.7", " ", " ", " ", " ", " ", " ", " ", " 5.7", " 5.7", " ", " ", " ", " ", " ", " ", " 5.9", " ", " ", " 5.6", " ", " ", " 7.1", " 2.9", " ", " ", " ", " ", " ", " ", " ", " 4.9", " ", " ", " 5.3", " ", " ", " ", " ", " "
"2763", "", "False", "", "C9 H13 Cl3 N2 O5", "Full match", " No results", " No results", " No results", " No results", "1.44", "333.98948", "332.98221", "0.590", "471188.243026563", "0", "0", "0", "", "", "", "No matches found", " No matches found", " No matches found", " No matches found", " No matches found", "", "No matches found", "NoMSn", "", "[M-H]-1", "237472.506953849", " 435059.596722202", " 210440.641771611", " 428984.16867331", " 439349.857957781", "24.1954200283306", " 14.3943426030824", " ", " ", " 36.1296393228288", "1.128", " 2.039", " 2.088", " 1.014", " 1.024", "0.17", " 1.03", " 1.06", " 0.02", " 0.03", "", " ", " ", " ", " ", "", " ", " ", " ", " ", "6.6", "5.6", " ", " ", " 5.9", " ", " ", " 3.3", " ", " ", " 4.3", " ", " ", " 4.7", " 6.6", " ", " ", " ", " ", " 0.0", " ", " ", " ", " ", " ", " ", " ", " ", " ", " 1.1", " ", " ", " ", " ", " ", " ", " ", " ", " 5.1", " 2.8", " 3.5"
"2207", "", "False", "", "C13 H4 Cl N4 P", "Full match", " No results", " No results", " No results", " No results", "0.18", "281.98626", "280.97898", "0.504", "470332.752388104", "0", "0", "0", "", "", "", "No matches found", " No matches found", " No matches found", " No matches found", " No matches found", "", "No matches found", "PreferredDDA", "", "[M-H]-1", "235018.516444283", " 208753.955607245", " 426693.308479412", " 198189.791109787", " 254816.594887592", "21.4944028545731", " 37.6040007987533", " 35.0288249530091", " 24.6823671551297", " 23.3912196175945", "0.551", " 0.464", " 0.597", " 1.053", " 1.286", "-0.86", " -1.11", " -0.74", " 0.07", " 0.36", "0.650792272424468", " 0.227829859651766", " 0.430149600008616", " 0.99217942111345", " 0.990473399340375", "0.999999999946231", " 1", " 1", " 0.999999999996915", " 1", "5.8", "", " ", " ", " 5.6", " ", " ", " 4.0", " 3.3", " 5.4", " ", " 2.8", " ", " ", " 3.2", " 3.2", " 5.4", " ", " ", " ", " ", " 5.4", " 3.5", " 2.8", " 5.8", " ", " 5.6", " 4.0", " 2.5", " ", " 2.9", " ", " ", " ", " ", " 3.7", " 5.2", " 4.8", " 4.4", " ", " "
"1469", "", "False", "", "C13 H35 N8 P S", "Full match", " No results", " No results", " No results", " No results", "-0.12", "366.24425", "425.25834", "10.848", "453588.680457364", "0", "0", "0", "", "", "", "No matches found", " No matches found", " No matches found", " No matches found", " No matches found", "", "No matches found", "NoMSn", "", "[M-H+HAc]-1", "", " 371655.371763189", " ", " 413983.006411678", " ", "", " ", " ", " 14.3592031040468", " ", "", " Infinity", " ", " 0.898", " 0.000", "", " Infinity", " ", " -0.16", " -Infinity", "", " ", " ", " ", " ", "", " ", " ", " ", " ", "8.1", "", " ", " ", " ", " ", " ", " ", " ", " ", " ", " ", " ", " 5.3", " ", " ", " ", " ", " ", " ", " ", " ", " ", " ", " ", " 7.7", " ", " 7.7", " 8.1", " ", " ", " ", " ", " ", " ", " ", " ", " ", " ", " ", " "
"2795", "", "False", "", "C12 H15 O9 P S2", "Full match", " No results", " No results", " No results", " No results", "0.73", "397.98980", "396.98252", "0.500", "453457.240368237", "0", "0", "0", "", "", "", "No matches found", " No matches found", " No matches found", " No matches found", " No matches found", "", "No matches found", "PreferredDDA", "", "[M-H]-1", "453457.240368237", " 237909.946684502", " ", " 309251.174897097", " 251734.792861257", "", " 22.5529620919974", " ", " 6.73589814581301", " 6.38295106048921", "Infinity", " Infinity", " Infinity", " 0.769", " 0.814", "Infinity", " Infinity", " Infinity", " -0.38", " -0.30", "", " ", " ", " 0.560378072848597", " 0.621219487327129", "", " ", " ", " 0.999999999996915", " 1", "7.8", "", " ", " ", " ", " 4.2", " ", " ", " ", " 3.3", " ", " ", " 2.5", " ", " 5.9", " ", " ", " ", " ", " ", " ", " ", " ", " ", " ", " ", " 6.7", " ", " 7.1", " ", " ", " ", " ", " ", " ", " ", " ", " ", " 7.8", " ", " 4.0"
"2408", "", "False", "", "C3 H7 N8 O2 P", "Invalid mass", " No results", " No results", " No results", " No results", "-6.18", "218.04161", "217.03396", "0.599", "448437.99869341", "0", "0", "0", "", "", "", "No matches found", " No matches found", " No matches found", " No matches found", " No matches found", "", "No matches found", "OtherDDA", "", "[M-H]-1", "431862.681798315", " 362831.578591127", " ", " 243957.897064743", " ", "5.42789153627799", " 7.32274745577535", " ", " ", " ", "Infinity", " Infinity", " ", " 1.487", " 0.000", "Infinity", " Infinity", " ", " 0.57", " -Infinity", "", " ", " ", " ", " ", "", " ", " ", " ", " ", "7.4", "", " ", " ", " ", " ", " 7.4", " 7.4", " ", " ", " ", " ", " ", " ", " ", " 7.1", " 5.6", " ", " ", " ", " ", " ", " ", " ", " ", " 2.7", " ", " ", " ", " ", " ", " ", " ", " ", " ", " ", " ", " ", " ", " ", " "
"2019", "", "False", "", "", "No results", " No results", " No results", " No results", " No results", "", "670.58758", "669.58031", "10.848", "308171.982264581", "0", "0", "0", "", "", "", "No matches found", " No matches found", " No matches found", " No matches found", " No matches found", "", "No matches found", "PreferredDDA", "", "[M-H]-1", "225969.602585038", " 238645.854222802", " ", " 245911.007058221", " 203638.767028198", "16.2952702003423", " 41.2011319183344", " ", " 23.6733394096891", " 17.7860344168619", "Infinity", " Infinity", " Infinity", " 0.970", " 0.828", "Infinity", " Infinity", " Infinity", " -0.04", " -0.27", "", " ", " ", " 0.997910569934188", " 0.893915980712459", "", " ", " ", " 0.999999999996915", " 1", "7.2", "", " ", " ", " 6.4", " 7.2", " 6.4", " ", " ", " 4.2", " ", " ", " ", " ", " 4.9", " ", " ", " ", " ", " ", " ", " ", " ", " ", " ", " ", " 5.9", " ", " 6.7", " ", " ", " ", " 5.2", " 1.5", " ", " ", " ", " ", " 5.3", " ", " "
"3061", "", "False", "", "C14 H30 N8 S", "Full match", " No results", " No results", " No results", " No results", "-3.38", "342.23026", "341.22298", "8.714", "293747.462421996", "0", "0", "0", "", "", "", "No matches found", " No matches found", " No matches found", " No matches found", " No matches found", "", "No matches found", "PreferredDDA", "", "[M-H]-1", "206043.986635675", " ", " 245785.361990161", " 273472.630141297", " ", "1.8261851192319", " ", " 18.7099766590778", " ", " ", "0.838", " 1.113", " 0.000", " 0.000", " 0.000", "-0.25", " 0.15", " -Infinity", " -Infinity", " -Infinity", "0.397500684812891", " ", " ", " ", " ", "0.999999999946231", " ", " ", " ", " ", "6.8", "", " 4.5", " 6.1", " ", " ", " 6.8", " ", " ", " ", " ", " ", " ", " ", " ", " ", " ", " 3.8", " 6.4", " 6.1", " ", " ", " ", " ", " ", " ", " ", " ", " 1.5", " ", " ", " ", " ", " ", " ", " ", " ", " ", " ", " ", " "
"1956", "", "False", "", "C23 H50 O6 P2", "Full match", " No results", " No results", " No results", " No results", "-0.84", "484.30785", "483.30058", "10.848", "291349.260974053", "0", "0", "0", "", "", "", "No matches found", " No matches found", " No matches found", " No matches found", " No matches found", "", "No matches found", "PreferredDDA", "", "[M-H]-1", "", " 192113.72504373", " ", " 259960.707448764", " 102993.204153669", "", " 25.9790225322533", " ", " ", " 16.5812476188619", "", " Infinity", " Infinity", " 0.739", " 0.396", "", " Infinity", " Infinity", " -0.44", " -1.34", "", " ", " ", " ", " ", "", " ", " ", " ", " ", "7.2", "", " ", " ", " ", " ", " ", " ", " ", " ", " ", " ", " 6.7", " ", " 6.7", " 6.7", " ", " ", " ", " ", " ", " ", " ", " ", " ", " ", " 3.8", " ", " ", " ", " ", " ", " ", " ", " 7.2", " 7.2", " ", " ", " ", " ", " "
