"Compounds ID", "Tags", "Checked", "Name", "Formula", "Annot. Source: Predicted Compositions", "Annot. Source: mzCloud Search", "Annot. Source: mzVault Search", "Annot. Source: ChemSpider Search", "Annot. Source: MassList Search", "Annot. DeltaMass [ppm]", "Calc. MW", "m/z", "RT [min]", "Area (Max.)", "# ChemSpider Results", "# mzCloud Results", "# mzVault Results", "mzCloud Best Match", "mzCloud Best Match Confidence", "mzVault Best Match", "mzVault Library Match: Bamba lab 34 lipid mediators library stepped NCE 10 30 45", "mzVault Library Match: Bamba lab 598 polar metabolites stepped NCE 10 30 45", "mzVault Library Match: Custom mzVault Library", "mzVault Library Match: LipidBlast-VS68-Neg", "mzVault Library Match: LipidBlast-VS68-Pos", "Class Coverage: Phosphatidylcholine Compound Class", "Mass List Match: LipidMaps Structure Database 2021-09-13", "MS2", "Neutral Losses", "Reference Ion", "Group Area: 16h-lps", "Group Area: 16h-lps-cla", "Group Area: 6h-cla-lps", "Group Area: 6h-lps", "Group Area: cla", "Group Area: ctrl", "Group CV [%]: 16h-lps", "Group CV [%]: 16h-lps-cla", "Group CV [%]: 6h-cla-lps", "Group CV [%]: 6h-lps", "Group CV [%]: cla", "Group CV [%]: ctrl", "Ratio: (16h-lps-cla) / (16h-lps)", "Ratio: (6h-lps) / (16h-lps)", "Ratio: (6h-cla-lps) / (16h-lps-cla)", "Ratio: (cla) / (6h-cla-lps)", "Ratio: (6h-cla-lps) / (6h-lps)", "Ratio: (ctrl) / (6h-lps)", "Ratio: (cla) / (ctrl)", "Log2 Fold Change: (16h-lps-cla) / (16h-lps)", "Log2 Fold Change: (6h-lps) / (16h-lps)", "Log2 Fold Change: (6h-cla-lps) / (16h-lps-cla)", "Log2 Fold Change: (cla) / (6h-cla-lps)", "Log2 Fold Change: (6h-cla-lps) / (6h-lps)", "Log2 Fold Change: (ctrl) / (6h-lps)", "Log2 Fold Change: (cla) / (ctrl)", "P-value: (16h-lps-cla) / (16h-lps)", "P-value: (6h-lps) / (16h-lps)", "P-value: (6h-cla-lps) / (16h-lps-cla)", "P-value: (cla) / (6h-cla-lps)", "P-value: (6h-cla-lps) / (6h-lps)", "P-value: (ctrl) / (6h-lps)", "P-value: (cla) / (ctrl)", "Adj. P-value: (16h-lps-cla) / (16h-lps)", "Adj. P-value: (6h-lps) / (16h-lps)", "Adj. P-value: (6h-cla-lps) / (16h-lps-cla)", "Adj. P-value: (cla) / (6h-cla-lps)", "Adj. P-value: (6h-cla-lps) / (6h-lps)", "Adj. P-value: (ctrl) / (6h-lps)", "Adj. P-value: (cla) / (ctrl)", "Peak Rating (Max.)", "Peak Rating: Plasma-27.raw (F27)", "Peak Rating: Plasma-28.raw (F28)", "Peak Rating: Plasma-29.raw (F29)", "Peak Rating: Plasma-30.raw (F30)", "Peak Rating: Plasma-31.raw (F31)", "Peak Rating: Plasma-32.raw (F32)", "Peak Rating: Plasma-33.raw (F33)", "Peak Rating: Plasma-34.raw (F34)", "Peak Rating: Plasma-35.raw (F35)", "Peak Rating: Plasma-36.raw (F36)", "Peak Rating: Plasma-21.raw (F21)", "Peak Rating: Plasma-22.raw (F22)", "Peak Rating: Plasma-23.raw (F23)", "Peak Rating: Plasma-24.raw (F24)", "Peak Rating: Plasma-25.raw (F25)", "Peak Rating: Plasma-26.raw (F26)", "Peak Rating: Plasma-14.raw (F14)", "Peak Rating: Plasma-15.raw (F15)", "Peak Rating: Plasma-16.raw (F16)", "Peak Rating: Plasma-17.raw (F17)", "Peak Rating: Plasma-18.raw (F18)", "Peak Rating: Plasma-19.raw (F19)", "Peak Rating: Plasma-20.raw (F20)", "Peak Rating: Plasma-8.raw (F8)", "Peak Rating: Plasma-9.raw (F9)", "Peak Rating: Plasma-10.raw (F10)", "Peak Rating: Plasma-11.raw (F11)", "Peak Rating: Plasma-12.raw (F12)", "Peak Rating: Plasma-1.raw (F1)", "Peak Rating: Plasma-2.raw (F2)", "Peak Rating: Plasma-3.raw (F3)", "Peak Rating: Plasma-4.raw (F4)", "Peak Rating: Plasma-5.raw (F5)", "Peak Rating: Plasma-6.raw (F6)", "Peak Rating: Plasma-7.raw (F7)"
"1","","False","9(Z),11(E)-Conjugated linoleic acid","C18 H32 O2","Full match"," Full match"," No results"," Not the top hit"," Not the top hit","1.87","280.24075","279.23348","11.086","1497883312.04983","119","4","0","96.4","9.8","","No matches found"," No matches found"," No matches found"," No matches found"," No matches found","","Multiple matches found","PreferredDDA","","[M-H]-1","518678849.449473"," 679291690.212438"," 879892549.440882"," 789272394.935287"," 409466642.713185"," 882366960.584256","52.9600861139429"," 31.2541303747454"," 20.576082867023"," 33.9176913750932"," 40.8745385825719"," 51.6523680158221","1.310"," 1.522"," 1.295"," 0.465"," 1.115"," 1.118"," 0.464","0.39"," 0.61"," 0.37"," -1.10"," 0.16"," 0.16"," -1.11","0.997981963339809"," 0.899711009789963"," 0.997815927299429"," 0.953837982303383"," 0.999999999396493"," 0.834870779549004"," 0.999982070730112","1"," 1"," 1"," 1"," 1"," 1"," 1","7.5","6.6"," 3.6"," 6.6"," 5.5"," 6.6"," 6.3"," 4.4"," "," "," 6.0"," 6.1"," 6.8"," 6.5"," 5.3"," 5.7"," 7.2"," 6.0"," "," 5.2"," 6.7"," 7.5"," 6.0"," 5.6"," "," 5.8"," 5.5"," 5.5"," 5.8"," 5.1"," 6.2"," 2.5"," 5.8"," 6.6"," 6.2"," 6.6"
"2", "", "False", "Oleic acid", "C18 H34 O2", "Full match", " Full match", " No results", " Full match", " Not the top hit", "1.82", "282.25639", "281.24911", "12.408", "1418106569.14112", "60", "3", "0", "96.7", "9.8", "", "No matches found", " No matches found", " No matches found", " No matches found", " No matches found", "", "Multiple matches found", "PreferredDDA", "", "[M-H]-1", "333407700.614108", " 580379118.879589", " 969454815.783489", " 743365411.169664", " 424782126.845859", " 624718228.477879", "63.2438190580458", " 27.4440874253865", " 22.4603759280299", " 30.232574900653", " 38.9000495075381", " 51.7440831676964", "1.741", " 2.230", " 1.670", " 0.438", " 1.304", " 0.840", " 0.680", "0.80", " 1.16", " 0.74", " -1.19", " 0.38", " -0.25", " -0.56", "0.0932789164115777", " 0.00152537311168899", " 0.195306322060032", " 0.0622003828925056", " 0.893044939881874", " 0.838065939068162", " 0.927356139736201", "1", " 0.0377106130389778", " 1", " 0.626555076453776", " 1", " 1", " 1", "8.0", "5.5", " 6.6", " 6.2", " 6.6", " 6.6", " 8.0", " 6.8", " 7.6", " 7.2", " 6.5", " 8.0", " 7.2", " 6.5", " 6.5", " 7.2", " 4.9", " 6.7", " 5.6", " 6.7", " 6.3", " 6.7", " 6.7", " 5.6", " 6.7", " 6.7", " 6.3", " 6.7", " 6.7", " 6.6", " 6.2", " 5.8", " 3.9", " 5.8", " 5.1", " 6.2"
"3", "", "False", "Ethyl myristate", "C16 H32 O2", "Full match", " Full match", " No results", " Not the top hit", " Not the top hit", "3.72", "256.24118", "255.23391", "12.165", "1052620596.2491", "32", "2", "0", "97.2", "9.9", "", "No matches found", " No matches found", " No matches found", " No matches found", " No matches found", "", "Multiple matches found", "PreferredDDA", "", "[M-H]-1", "455836954.128396", " 492753021.031944", " 680826953.083994", " 610681582.857853", " 550240728.460035", " 596841710.869407", "22.8272214684441", " 13.8912361901441", " 21.2540855176915", " 28.3283958800291", " 20.4271096346704", " 27.6911918891433", "1.081", " 1.340", " 1.382", " 0.808", " 1.115", " 0.977", " 0.922", "0.11", " 0.42", " 0.47", " -0.31", " 0.16", " -0.03", " -0.12", "0.703778504523578", " 0.00559048493738856", " 0.0673185302137641", " 0.118355146402901", " 0.98557621410507", " 0.759972356274724", " 0.945954777412703", "1", " 0.0956832998899196", " 1", " 0.977613509287965", " 1", " 1", " 1", "8.2", "6.1", " 6.1", " 4.6", " 6.1", " 5.7", " 7.5", " 7.1", " 6.3", " 8.2", " 6.3", " 6.5", " 5.3", " 6.5", " 6.8", " 5.7", " 6.1", " 6.8", " 6.1", " 4.2", " 6.5", " 6.8", " 6.8", " 5.7", " 4.9", " 6.5", " 6.8", " 6.1", " 6.8", " 6.8", " 6.5", " 5.7", " 6.1", " 6.1", " 6.1", " 6.5"
"4", "", "False", "NP-011548", "C18 H34 O3", "Full match", " Full match", " No results", " Partial match", " Partial match", "1.66", "298.25129", "279.23345", "11.107", "750688260.066555", "73", "1", "0", "86.0", "9.3", "", "No matches found", " No matches found", " No matches found", " No matches found", " No matches found", "", "Multiple matches found", "PreferredDDA", "", "[M-H-H2O]-1", "", " 455109015.923778", " ", " 377954353.201016", " 353421176.290416", " 350986457.506278", "", " 85.4582714746404", " ", " 51.1319323312946", " ", " ", "Infinity", " Infinity", " 0.000", " Infinity", " 0.000", " 0.929", " 1.007", "Infinity", " Infinity", " -Infinity", " Infinity", " -Infinity", " -0.11", " 0.01", "", " ", " ", " ", " ", " ", " ", "", " ", " ", " ", " ", " ", " ", "6.6", "", " ", " ", " ", " ", " ", " 5.1", " 6.6", " 5.5", " ", " ", " ", " ", " ", " ", " ", " ", " 5.8", " ", " ", " 5.5", " ", " ", " 5.5", " ", " ", " ", " ", " ", " ", " 6.2", " ", " ", " ", " "
"5", "", "False", "Docosahexaenoic acid", "C22 H32 O2", "Full match", " Full match", " No results", " Partial match", " Full match", "3.25", "328.24130", "327.23402", "10.404", "597904923.397369", "12", "2", "0", "76.5", "52.0", "", "No matches found", " No matches found", " No matches found", " No matches found", " No matches found", "", "Multiple matches found", "PreferredDDA", "CO2", "[M-H]-1", "44243060.5911215", " 112744840.502637", " 203170177.70413", " 312172331.152151", " 48403793.5072139", " 81137053.099178", "72.1399875106521", " 34.1790894921124", " 19.5551832553349", " 39.4330941147193", " 33.6761931001136", " 39.8739177294767", "2.548", " 7.056", " 1.802", " 0.238", " 0.651", " 0.260", " 0.597", "1.35", " 2.82", " 0.85", " -2.07", " -0.62", " -1.94", " -0.75", "0.0837258446158919", " 5.77042527982741E-07", " 0.175852656241394", " 0.000149046752292881", " 0.421445053588726", " 1.66227590047141E-05", " 0.534009757708416", "1", " 0.00012839196247616", " 1", " 0.00769453858711996", " 1", " 0.00133259118021125", " 1", "8.5", "5.8", " 6.6", " 5.1", " 5.8", " 7.0", " 7.5", " 7.5", " 6.3", " 6.3", " 6.7", " 7.3", " 8.5", " 7.3", " 7.7", " 7.7", " 7.0", " 6.7", " 6.7", " 6.7", " 7.5", " 6.7", " 7.5", " 7.1", " 6.7", " 6.7", " 6.3", " 6.7", " 6.7", " 7.1", " 6.3", " 6.7", " 6.3", " 6.0", " 6.0", " 6.7"
"6", "", "False", "", "C24 H30 N2 O6", "Full match", " No results", " No results", " No results", " No results", "2.91", "442.21167", "441.20439", "12.079", "547236309.870296", "0", "0", "0", "", "", "", "No matches found", " No matches found", " No matches found", " No matches found", " No matches found", "", "No matches found", "PreferredDDA", "", "[M-H]-1", "44401289.2693971", " 110794785.808654", " 321919084.976151", " 236049661.232401", " 184170219.897416", " 204406533.689181", "98.2392238169645", " 85.1728458770806", " 31.6631978319555", " 41.309954350281", " 29.2806257033236", " 35.3244521394411", "2.495", " 5.316", " 2.906", " 0.572", " 1.364", " 0.866", " 0.901", "1.32", " 2.41", " 1.54", " -0.81", " 0.45", " -0.21", " -0.15", "0.123268834867753", " 0.000899408459242856", " 0.0312461957389476", " 0.272997456477006", " 0.577704702028423", " 0.982444948802871", " 0.999999520035771", "1", " 0.0235433390801807", " 0.80377133707346", " 1", " 1", " 1", " 1", "7.2", "7.0", " 5.5", " 6.2", " 3.9", " 5.1", " 5.8", " 5.5", " 5.1", " 7.0", " 5.5", " 4.4", " 6.3", " 5.6", " 4.8", " 6.7", " 6.0", " 6.6", " 5.5", " 5.1", " 5.5", " 5.1", " 6.2", " 5.5", " 5.3", " 6.5", " 6.5", " 7.2", " 5.3", " 5.2", " 6.3", " 5.6", " 6.3", " 6.7", " 5.2", " 6.0"
"8", "", "False", "Stearic acid", "C18 H36 O2", "Full match", " Full match", " No results", " Full match", " Full match", "1.89", "284.27207", "283.26479", "13.751", "388167205.132412", "27", "2", "0", "96.9", "9.8", "", "No matches found", " No matches found", " No matches found", " No matches found", " No matches found", "", "Multiple matches found", "PreferredDDA", "", "[M-H]-1", "244066877.2531", " 261622221.179767", " 300729345.879137", " 310728128.795698", " 245414503.797148", " 224016760.646525", "12.7021729254586", " 9.42582985002771", " 18.3322034333654", " 30.9386462944517", " 14.9968037206441", " 27.8406906543393", "1.072", " 1.273", " 1.149", " 0.816", " 0.968", " 0.721", " 1.096", "0.10", " 0.35", " 0.20", " -0.29", " -0.05", " -0.47", " 0.13", "0.999781342531568", " 0.980476337880167", " 0.916348212949446", " 0.654402653839397", " 0.985742855896788", " 0.474250143081674", " 0.980337276579581", "1", " 1", " 1", " 1", " 1", " 1", " 1", "8.7", "7.9", " 7.1", " 7.9", " 7.1", " 7.5", " 8.7", " 8.7", " 7.6", " 8.4", " 8.4", " 6.2", " 6.6", " 7.3", " 5.8", " 6.6", " 6.6", " 6.7", " 6.0", " 6.0", " 5.6", " 6.7", " 5.6", " 6.0", " 5.2", " 7.5", " 8.6", " 6.7", " 7.1", " 6.8", " 6.5", " 6.5", " 6.8", " 6.5", " 7.2", " 8.0"
"9", "", "False", "Palmitoleic Acid", "C16 H30 O2", "Full match", " Full match", " No results", " Full match", " Not the top hit", "4.00", "254.22560", "253.21832", "10.604", "380522660.746035", "57", "6", "0", "97.0", "9.9", "", "No matches found", " No matches found", " No matches found", " No matches found", " No matches found", "", "Multiple matches found", "PreferredDDA", "", "[M-H]-1", "82621931.228287", " 116831477.747696", " 132903553.161388", " 197719530.651301", " 99546856.5221856", " 124831214.797984", "56.8025618131969", " 21.7218184301093", " 24.1488659157247", " 37.3507375056343", " 51.7004148366441", " 48.1691713526901", "1.414", " 2.393", " 1.138", " 0.749", " 0.672", " 0.631", " 0.797", "0.50", " 1.26", " 0.19", " -0.42", " -0.57", " -0.66", " -0.33", "0.971662525409968", " 0.0258403753259437", " 0.997395436188163", " 0.980967016673786", " 0.291315025503531", " 0.0463287879558221", " 0.999999942381334", "1", " 0.325065136538551", " 1", " 1", " 1", " 0.718843451830659", " 1", "7.2", "5.5", " 5.8", " 5.1", " 6.6", " 5.8", " 6.8", " 5.7", " 6.5", " 6.1", " 7.2", " 5.7", " 7.2", " 6.1", " 5.7", " 6.1", " 6.5", " 5.6", " 7.1", " 7.1", " 6.0", " 6.3", " 7.1", " 6.3", " 5.1", " 6.6", " 6.2", " 6.2", " 6.2", " 5.5", " 6.2", " 6.2", " 3.9", " 5.8", " 5.1", " 6.2"
"7", "", "False", "Arachidonic acid", "C20 H32 O2", "Full match", " Full match", " No results", " Full match", " Not the top hit", "2.65", "304.24104", "303.23376", "10.800", "342162550.724304", "51", "2", "0", "92.8", "49.4", "", "No matches found", " No matches found", " No matches found", " No matches found", " No matches found", "", "Multiple matches found", "PreferredDDA", "CO2", "[M-H]-1", "55374320.1803021", " 79018950.4467257", " 152739812.036506", " 236244137.704346", " 64878755.6281798", " 114766203.079611", "60.8321245130927", " 32.4428612300791", " 29.026343859557", " 29.3315564366354", " 32.5959219011754", " 38.2960012307898", "1.427", " 4.266", " 1.933", " 0.425", " 0.647", " 0.486", " 0.565", "0.51", " 2.09", " 0.95", " -1.24", " -0.63", " -1.04", " -0.82", "0.214711042920599", " 1.33865595286498E-06", " 0.05767058298794", " 0.050479492471829", " 0.655599883371781", " 0.043893732822878", " 0.508312009254539", "1", " 0.000148925474756229", " 1", " 0.597452087159126", " 1", " 0.703762849593477", " 1", "7.6", "6.2", " 5.5", " 6.2", " 6.2", " 5.8", " 6.7", " 5.2", " 6.7", " 6.7", " 5.2", " 7.2", " 6.5", " 7.2", " 7.2", " 7.6", " 7.2", " 6.5", " 7.6", " 7.6", " 6.5", " 7.2", " 6.8", " 7.2", " 6.7", " 4.8", " 6.7", " 7.1", " 6.7", " 4.8", " 6.3", " 6.3", " 7.1", " 6.3", " 6.0", " 6.3"
"10", "", "False", "Margaric acid", "C17 H34 O2", "Full match", " No results", " No results", " Not the top hit", " Full match", "1.30", "270.25623", "269.24895", "13.000", "148657249.407282", "33", "0", "0", "", "", "", "No matches found", " No matches found", " No matches found", " No matches found", " No matches found", "", "Multiple matches found", "PreferredDDA", "", "[M-H]-1", "74679016.6639991", " 90548414.9047596", " 108017118.177482", " 114596088.572996", " 81690915.7996804", " 85306559.3827932", "51.1313880184561", " 27.7446260375287", " 20.7150054824109", " 17.668269921298", " 12.7799310229204", " 29.1473327917816", "1.213", " 1.535", " 1.193", " 0.756", " 0.943", " 0.744", " 0.958", "0.28", " 0.62", " 0.25", " -0.40", " -0.09", " -0.43", " -0.06", "0.819031120902099", " 0.14547570852328", " 0.932175490427334", " 0.944914090359135", " 0.999846736785121", " 0.928978510104941", " 0.999671377687858", "1", " 0.99594908142861", " 1", " 1", " 1", " 1", " 1", "8.2", "6.6", " 6.2", " 5.1", " 5.8", " 6.2", " 6.8", " 7.6", " 6.8", " 6.8", " 6.8", " 7.6", " 6.8", " 6.5", " 8.0", " 6.8", " 6.8", " 7.7", " 7.3", " 7.7", " 7.7", " 7.7", " 7.7", " 7.0", " 8.2", " 7.9", " 7.9", " 7.9", " 8.2", " 7.6", " 6.8", " 6.5", " 6.5", " 6.8", " 8.0", " 6.8"
"11", "", "False", "Oleic acid alkyne", "C18 H30 O2", "Full match", " Full match", " No results", " Partial match", " Partial match", "2.18", "278.22519", "277.21791", "9.808", "116530878.772444", "76", "6", "0", "96.0", "9.8", "", "No matches found", " No matches found", " No matches found", " No matches found", " No matches found", "", "Multiple matches found", "PreferredDDA", "", "[M-H]-1", "34421046.8412936", " 32747429.906877", " 37383532.7115008", " 70922771.1563909", " 35944735.7413949", " 73598185.6941069", "64.2542849777331", " 26.8369122388022", " 26.5162813195483", " 31.4300086598947", " 49.6885733263969", " 35.1586373122723", "0.951", " 2.060", " 1.142", " 0.962", " 0.527", " 1.038", " 0.488", "-0.07", " 1.04", " 0.19", " -0.06", " -0.92", " 0.05", " -1.03", "0.999583352218983", " 0.0413925319776548", " 0.819183316808984", " 0.99767824563267", " 0.222903706218197", " 0.999989505551754", " 0.0891237458963151", "1", " 0.42836457511759", " 1", " 1", " 1", " 1", " 1", "7.1", "6.2", " 6.2", " 6.6", " 5.5", " 6.2", " 6.1", " 6.8", " 6.8", " 6.8", " 4.9", " 6.5", " 5.7", " 5.7", " 6.5", " 5.7", " 6.5", " 7.1", " 6.7", " 6.3", " 5.6", " 5.2", " 6.0", " 6.7", " 5.1", " 4.7", " 5.5", " 5.5", " 4.7", " 6.3", " 6.0", " 6.3", " 6.3", " 6.0", " 6.3", " 5.2"
"14", "", "False", "Drotaverine", "C24 H31 N O4", "Full match", " No results", " No results", " Full match", " No results", "3.89", "397.22685", "396.21958", "11.435", "104225445.874431", "1", "0", "0", "", "", "", "No matches found", " No matches found", " No matches found", " No matches found", " No matches found", "", "No matches found", "PreferredDDA", "", "[M-H]-1", "18872709.6668599", " 31726734.9948547", " 90612700.7890883", " 62867245.9668771", " 38370224.6916898", " 50911530.8171974", "57.5844676722659", " 85.6145430780378", " 26.2342691810877", " 42.6099528248557", " 25.497191804527", " 36.3161505324053", "1.681", " 3.331", " 2.856", " 0.423", " 1.441", " 0.810", " 0.754", "0.75", " 1.74", " 1.51", " -1.24", " 0.53", " -0.30", " -0.41", "0.607475835312538", " 0.0360385219211228", " 0.060999712591652", " 0.24098929427245", " 0.557441772828383", " 0.999958779972578", " 0.99209447991487", "1", " 0.391149811095113", " 1", " 1", " 1", " 1", " 1", "8.0", "5.5", " 6.6", " 5.1", " 6.6", " 6.6", " 6.6", " 6.2", " 6.2", " 6.2", " 6.2", " 6.5", " 7.6", " 8.0", " 7.2", " 6.5", " 8.0", " 6.2", " 4.7", " 6.6", " 6.6", " 6.6", " 6.6", " 5.8", " 7.2", " 7.2", " 7.2", " 4.6", " 7.6", " 7.1", " 6.0", " 6.7", " 6.7", " 6.0", " 5.6", " 7.5"
"13","","False","8Z,11Z,14Z-Eicosatrienoic acid","C20 H34 O2","Full match"," Full match"," No results"," Full match"," Not the top hit","2.73","306.25672","305.24944","11.632","99834757.2846759","38","3","0","97.6","9.9","","No matches found"," No matches found"," No matches found"," No matches found"," No matches found","","Multiple matches found","PreferredDDA","","[M-H]-1","8286677.05599245"," 14253460.7627602"," 42510051.5079462"," 60645329.147321"," 13577266.8047394"," 27324973.4354379","75.3440812056309"," 41.3130892269449"," 19.2179832107253"," 43.0127783697854"," 20.4591733795096"," 49.2821954760229","1.720"," 7.318"," 2.982"," 0.319"," 0.701"," 0.451"," 0.497","0.78"," 2.87"," 1.58"," -1.65"," -0.51"," -1.15"," -1.01","0.434003237055811"," 1.12939909269194E-06"," 0.00398934261139428"," 0.0180018946576438"," 0.940744141143028"," 0.0588823615450371"," 0.511645884987836","1"," 0.000148925474756229"," 0.242062497264915"," 0.323251412765517"," 1"," 0.80921188294751"," 1","7.7","5.8"," 6.6"," 5.0"," 5.5"," 6.0"," 4.3"," 4.7"," 5.5"," 5.1"," 5.8"," 7.0"," 7.7"," 5.8"," 7.0"," 6.2"," 7.0"," 5.5"," 5.5"," 6.6"," 5.1"," 6.2"," 6.2"," 5.8"," 6.5"," 6.5"," 5.3"," 4.2"," 5.7"," 6.6"," 5.5"," 5.1"," 5.1"," 6.2"," 4.3"," 5.5"
"16", "", "False", "Eicosapentaenoic acid", "C20 H30 O2", "Full match", " Full match", " No results", " Full match", " Not the top hit", "3.07", "302.22551", "301.21823", "9.553", "91107292.0294517", "59", "2", "0", "85.8", "57.9", "", "No matches found", " No matches found", " No matches found", " No matches found", " No matches found", "", "Multiple matches found", "PreferredDDA", "CO2", "[M-H]-1", "9378564.76231273", " 7831093.37187205", " 18861000.6538983", " 44632831.4834592", " 6357583.03282707", " 16815883.5028084", "66.5532765647362", " 34.3267304728104", " 41.1339701389342", " 51.5095024260558", " 41.4904153057978", " 44.6836280607481", "0.835", " 4.759", " 2.408", " 0.337", " 0.423", " 0.377", " 0.378", "-0.26", " 2.25", " 1.27", " -1.57", " -1.24", " -1.41", " -1.40", "0.946195280057308", " 5.28758810625085E-06", " 0.155941003328184", " 0.0438363707037188", " 0.0410325026576801", " 0.0106366538955311", " 0.0826466734271037", "1", " 0.000392162784546938", " 1", " 0.597452087159126", " 1", " 0.207340766614926", " 1", "7.1", "6.2", " 5.5", " 3.9", " 5.5", " 5.2", " 6.5", " 7.1", " 7.1", " 7.1", " 6.7", " 6.2", " 6.2", " 5.1", " 6.6", " 6.2", " 6.6", " 6.6", " 5.5", " 6.2", " 6.2", " 7.0", " 6.2", " 6.2", " 5.6", " 5.8", " 6.6", " 6.6", " 6.6", " 6.2", " 6.6", " 6.2", " 6.2", " 4.3", " 6.6", " 5.1"
"12","","False","all-cis-4,7,10,13,16-Docosapentaenoic acid","C22 H34 O2","Full match"," Full match"," No results"," Not the top hit"," Full match","2.89","330.25683","329.24956","11.052","82441701.7622492","17","2","0","91.9","9.6","","No matches found"," No matches found"," No matches found"," No matches found"," No matches found","","Multiple matches found","PreferredDDA","CO2","[M-H]-1","9060059.34452186"," 21234709.2932079"," 32321344.8203125"," 46220206.7228547"," 17193482.0462089"," 18737353.9917934","69.0893662865094"," 50.9614602902244"," 28.2410671642472"," 44.739501640205"," 36.3192565737701"," 45.576155492832","2.344"," 5.102"," 1.522"," 0.532"," 0.699"," 0.405"," 0.918","1.23"," 2.35"," 0.61"," -0.91"," -0.52"," -1.30"," -0.12","0.454608117775042"," 4.41768311425506E-05"," 0.103146764332116"," 0.18762198387788"," 0.915630573566875"," 0.0107765471213579"," 0.999999812559271","1"," 0.00151220691218731"," 1"," 1"," 1"," 0.207340766614926"," 1","7.2","5.5"," 4.7"," 5.4"," 2.8"," 5.8"," 6.2"," 5.5"," 5.8"," 7.0"," 5.8"," 6.8"," 7.2"," 5.7"," 5.7"," 6.8"," 7.2"," 6.6"," 5.8"," 6.2"," 5.5"," 6.6"," 6.2"," 5.5"," 5.6"," 7.1"," 6.0"," 6.7"," 6.3"," 6.2"," 6.6"," 5.8"," 5.5"," 6.2"," 3.9"," 5.5"
"69", "", "False", "4-Dodecylbenzenesulfonic acid", "C18 H30 O3 S", "Not the top hit", " Full match", " No results", " No results", " No results", "3.42", "326.19268", "325.18540", "9.399", "79880714.8351707", "0", "3", "0", "99.6", "10.0", "", "No matches found", " No matches found", " No matches found", " No matches found", " No matches found", "", "No matches found", "PreferredDDA", "", "[M-H]-1", "54150944.9281847", " 60170878.6377749", " 60127006.9072443", " 62638499.7665941", " 54732107.0812533", " 63416278.5767027", "", " 44.5082986862168", " 31.0636183801337", " 22.6842425641125", " 50.7316645576877", " 24.3442202188887", "1.111", " 1.157", " 0.999", " 0.910", " 0.960", " 1.012", " 0.863", "0.15", " 0.21", " 0.00", " -0.14", " -0.06", " 0.02", " -0.21", "", " ", " 0.996644460185358", " 0.977677109290558", " 0.998925171103966", " 0.99936541161567", " 0.681004163111017", "", " ", " 1", " 1", " 1", " 1", " 1", "5.3", "", " ", " ", " ", " 4.3", " 3.9", " 3.9", " 1.3", " 3.9", " ", " 3.7", " 2.9", " 4.8", " 4.1", " 4.8", " ", " 3.4", " 5.3", " 4.6", " 4.9", " ", " 4.9", " 4.6", " 2.8", " 4.7", " 2.8", " 3.9", " 3.9", " 4.9", " 5.3", " 4.9", " 4.6", " 4.9", " 2.3", " 5.3"
"19", "", "False", "Furmecyclox", "C14 H21 N O3", "Invalid mass", " No results", " No results", " Invalid mass", " No results", "5.02", "251.15340", "250.14613", "6.621", "77349927.7525464", "1", "0", "0", "", "", "", "No matches found", " No matches found", " No matches found", " No matches found", " No matches found", "", "No matches found", "PreferredDDA", "", "[M-H]-1", "9935575.12225178", " 14645628.0672728", " 4327780.5029519", " 4938753.80369656", " 3265437.94368317", " 6103696.8098887", "", " 89.5297363714637", " 86.2678737311763", " 150.857764513328", " 44.1569974734785", " 69.0543983049093", "1.474", " 0.497", " 0.295", " 0.755", " 0.876", " 1.236", " 0.535", "0.56", " -1.01", " -1.76", " -0.41", " -0.19", " 0.31", " -0.90", "", " ", " 0.779406040027271", " 0.961747668712509", " 0.775950850066006", " 0.911725781219557", " 0.845310603022072", "", " ", " 1", " 1", " 1", " 1", " 1", "7.0", "", " ", " 6.2", " ", " ", " 5.8", " ", " ", " 5.1", " ", " 5.6", " 6.0", " 6.0", " 3.9", " 5.2", " 5.8", " 7.0", " 6.0", " 6.0", " 6.0", " 5.8", " 4.2", " 5.8", " 5.2", " 4.8", " 5.6", " 3.9", " 2.3", " 6.6", " 6.2", " 4.2", " 6.6", " 5.8", " 5.2", " 3.5"
"15", "", "False", "Adrenic acid", "C22 H36 O2", "Full match", " Full match", " No results", " Full match", " Not the top hit", "2.72", "332.27243", "331.26516", "12.166", "68687218.0463175", "14", "3", "0", "95.7", "9.8", "", "No matches found", " No matches found", " No matches found", " No matches found", " No matches found", "", "Multiple matches found", "PreferredDDA", "", "[M-H]-1", "7240135.57159583", " 14579350.5773907", " 29835788.7789107", " 40815235.3522412", " 10141696.6933378", " 19075224.7314152", "36.6705638863815", " 36.2127685291766", " 18.4959234350297", " 43.3458339205765", " 29.3926194656632", " 46.0498073517544", "2.014", " 5.637", " 2.046", " 0.340", " 0.731", " 0.467", " 0.532", "1.01", " 2.50", " 1.03", " -1.56", " -0.45", " -1.10", " -0.91", "0.438970168143579", " 2.31010060436354E-06", " 0.00270280077010498", " 0.0013917648980788", " 0.941471637152033", " 0.00607928258005874", " 0.408687491006345", "1", " 0.000205598953788355", " 0.242062497264915", " 0.0522544457187766", " 1", " 0.132915223682193", " 1", "7.7", "4.8", " 4.8", " ", " 6.3", " 4.6", " 5.2", " 6.7", " 4.8", " 4.1", " 4.8", " 7.7", " 5.8", " 7.3", " 7.7", " 5.8", " 4.7", " 6.2", " 5.1", " 4.7", " 4.7", " 5.8", " 6.2", " 5.1", " 7.2", " 6.1", " 6.8", " 7.6", " 6.1", " 5.1", " 5.5", " 5.5", " 5.1", " 6.6", " 5.1", " 3.6"
"22", "", "False", "Ethyl myristate", "C16 H32 O2", "Full match", " Full match", " No results", " Not the top hit", " Not the top hit", "4.07", "256.24127", "255.23400", "11.860", "66795212.0686162", "32", "2", "0", "97.2", "9.9", "", "No matches found", " No matches found", " No matches found", " No matches found", " No matches found", "", "Multiple matches found", "PreferredDDA", "", "[M-H]-1", "26485690.0263156", " 36052987.0873806", " 35874612.1939188", " 53830501.3415236", " 40777423.1427847", " 35549859.0801212", "9.30851398709012", " ", " 2.52145716344104", " 34.0603733674596", " 8.82800079046973", " 79.7369804865089", "1.361", " 2.032", " 0.995", " 1.137", " 0.666", " 0.660", " 1.147", "0.44", " 1.02", " -0.01", " 0.18", " -0.59", " -0.60", " 0.20", "", " 0.649778940704455", " ", " 0.999526886171774", " 0.941234367579445", " 0.76725342003753", " 0.965895872849025", "", " 1", " ", " 1", " 1", " 1", " 1", "9.2", "", " ", " 8.7", " 8.0", " ", " ", " 4.7", " ", " ", " ", " ", " 9.2", " ", " ", " ", " 9.2", " ", " 6.3", " ", " ", " ", " ", " 4.4", " ", " ", " 7.6", " 7.2", " ", " ", " ", " ", " 5.5", " ", " 5.5", " "
"20", "", "False", "11(Z)-Eicosenoic acid", "C20 H38 O2", "Full match", " Full match", " No results", " Partial match", " Not the top hit", "2.58", "310.28798", "309.28070", "13.864", "64499586.3010397", "39", "3", "0", "95.7", "9.8", "", "No matches found", " No matches found", " No matches found", " No matches found", " No matches found", "", "Multiple matches found", "PreferredDDA", "", "[M-H]-1", "9705210.21589586", " 17181125.083623", " 42579066.9108039", " 33051116.0832996", " 16080339.9183546", " 23578566.1011664", "52.3787974142901", " 42.3515680997017", " 24.8502611385975", " 37.8802182429318", " 35.4204610504407", " 50.493744592719", "1.770", " 3.406", " 2.478", " 0.378", " 1.288", " 0.713", " 0.682", "0.82", " 1.77", " 1.31", " -1.40", " 0.37", " -0.49", " -0.55", "0.578382599399255", " 0.000303311673036877", " 0.00425680951660878", " 0.0130298017835452", " 0.922012661591922", " 0.753013615312551", " 0.621221712396259", "1", " 0.00899824630009401", " 0.242062497264915", " 0.256252768409722", " 1", " 1", " 1", "7.6", "5.5", " 5.8", " 4.1", " 5.8", " 5.1", " 6.6", " 6.2", " 6.2", " 6.2", " 6.2", " 7.2", " 7.2", " 7.6", " 7.2", " 7.2", " 7.2", " 6.7", " 6.3", " 7.5", " 5.2", " 6.7", " 6.3", " 7.1", " 7.1", " 6.7", " 6.0", " 6.7", " 7.1", " 6.2", " 6.2", " 5.8", " 6.6", " 6.2", " 5.8", " 6.6"
"17", "", "False", "", "C32 H48 N5 O2 P", "Full match", " No results", " No results", " No results", " No results", "-0.12", "565.35450", "564.34722", "13.764", "64146388.2145007", "0", "0", "0", "", "", "", "No matches found", " No matches found", " No matches found", " No matches found", " No matches found", "", "No matches found", "PreferredDDA", "", "[M-H]-1", "6859970.32406659", " 18011045.1249863", " 28715612.1876303", " 34909367.0166409", " 20878689.8693407", " 34037326.5478133", "114.829763227274", " 93.6010444332196", " 51.906934625286", " 50.8269493704242", " 51.7963225225292", " 29.601632829837", "2.626", " 5.089", " 1.594", " 0.727", " 0.823", " 0.975", " 0.613", "1.39", " 2.35", " 0.67", " -0.46", " -0.28", " -0.04", " -0.71", "0.999998048687583", " 0.556054716899514", " 0.877588055878293", " 0.998935364135348", " 0.98181884632673", " 0.996363092764437", " 0.979282518211103", "1", " 1", " 1", " 1", " 1", " 1", " 1", "7.6", "6.6", " 4.7", " 6.6", " 5.5", " 6.0", " 5.5", " 5.8", " 2.6", " 5.5", " 3.0", " 5.8", " 5.5", " 4.3", " 3.9", " 5.1", " 4.7", " 4.7", " 6.6", " 4.7", " 5.5", " 6.6", " 5.8", " 4.3", " 5.5", " 6.6", " 6.6", " 6.2", " 6.2", " 6.1", " 6.5", " 6.5", " 7.2", " 6.8", " 6.5", " 7.6"
"21", "", "False", "a-Eleostearic acid", "C18 H30 O2", "Full match", " Full match", " No results", " Not the top hit", " Not the top hit", "2.51", "278.22528", "277.21800", "10.010", "61221134.6344715", "76", "6", "0", "96.3", "9.8", "", "No matches found", " No matches found", " No matches found", " No matches found", " No matches found", "", "Multiple matches found", "PreferredDDA", "", "[M-H]-1", "8179230.51678659", " 10108057.6757477", " 18817010.102876", " 28579822.0630798", " 10853865.8081149", " 22698450.8508926", "76.4203281509315", " 6.13751719544868", " 44.1052492010533", " 49.4012134544622", " 31.8218997611637", " 43.9266259113364", "1.236", " 3.494", " 1.862", " 0.577", " 0.658", " 0.794", " 0.478", "0.31", " 1.80", " 0.90", " -0.79", " -0.60", " -0.33", " -1.06", "0.954016503797348", " 0.0109267346977777", " 0.457435455398105", " 0.712384964708553", " 0.533930734911837", " 0.495593930855025", " 0.745519133932454", "1", " 0.173657033589682", " 1", " 1", " 1", " 1", " 1", "8.0", "", " 5.8", " ", " ", " 5.6", " ", " 6.5", " ", " 7.6", " 8.0", " 5.1", " ", " 4.7", " 5.5", " 4.3", " 6.2", " 5.5", " 5.1", " ", " 5.5", " 5.5", " 5.5", " 5.5", " ", " 6.0", " 4.4", " 4.8", " 5.6", " 4.7", " 4.7", " 3.9", " 3.6", " ", " 4.7", " "
"51", "", "False", "", "C28 H43 O4 P", "Full match", " No results", " No results", " No results", " No results", "1.93", "474.29081", "473.28353", "12.125", "57409616.2356815", "0", "0", "0", "", "", "", "No matches found", " No matches found", " No matches found", " No matches found", " No matches found", "", "No matches found", "PreferredDDA", "", "[M-H]-1", "32292770.2587162", " 36743446.0153423", " 44708830.9103852", " 39319827.4100985", " 38989890.9089437", " 40418209.6608706", "24.5752390355165", " 18.5918171253713", " 21.1969909780273", " 38.7710704295104", " 24.1166362958591", " 16.7178375312418", "1.138", " 1.218", " 1.217", " 0.872", " 1.137", " 1.028", " 0.965", "0.19", " 0.28", " 0.28", " -0.20", " 0.19", " 0.04", " -0.05", "0.975654280830353", " 0.999998617726727", " 0.99157852793152", " 0.993112698559445", " 0.693319887703739", " 0.924888582948181", " 0.999998276514795", "1", " 1", " 1", " 1", " 1", " 1", " 1", "5.8", "4.2", " 4.2", " 4.9", " 2.7", " 4.2", " 5.1", " 3.9", " ", " 4.3", " 4.3", " 2.7", " 4.6", " 4.2", " 4.6", " 4.6", " 3.8", " 4.4", " 4.1", " 2.9", " 3.7", " 4.1", " 2.2", " 2.2", " 4.9", " 5.3", " 2.7", " 4.9", " ", " 5.5", " 5.8", " 5.1", " 4.7", " 5.1", " 4.3", " 5.1"
"65", "", "False", "PE(18:0/0:0)", "C23 H48 N O7 P", "Not the top hit", " No results", " No results", " Partial match", " Full match", "2.61", "481.31809", "480.31094", "9.007", "50476214.9751016", "5", "0", "0", "", "", "", "No matches found", " No matches found", " No matches found", " No matches found", " No matches found", "", "Multiple matches found", "PreferredDDA", "Fatty_Acid_16:0", "[M-H]-1", "12142377.1701699", " 16184519.3980687", " 19671599.7816814", " 19652325.4744957", " 20759901.8691315", " 23174814.6424226", "66.8379860072076", " 51.2635954209382", " 51.6476532270196", " 29.0787868759599", " 37.4270233211985", " 60.4257542842202", "1.333", " 1.618", " 1.215", " 1.055", " 1.001", " 1.179", " 0.896", "0.41", " 0.69", " 0.28", " 0.08", " 0.00", " 0.24", " -0.16", "0.999999970075934", " 0.99300346745814", " 0.999999999771892", " 0.990125147749945", " 0.995076825976945", " 0.990022598666962", " 0.997993491206016", "1", " 1", " 1", " 1", " 1", " 1", " 1", "5.2", "4.3", " 4.3", " 3.9", " 3.6", " 3.6", " 3.9", " 3.2", " 3.0", " 3.9", " 4.3", " 3.2", " 3.9", " 4.3", " 3.9", " 2.0", " 3.9", " 4.9", " 4.9", " 4.9", " 4.6", " 4.9", " 4.9", " 4.6", " 5.2", " 4.4", " 2.6", " 2.2", " 4.8", " 4.3", " 4.7", " 3.6", " 4.3", " 3.9", " ", " 3.2"
"129", "", "False", "", "C19 H34 O P2", "Full match", " No results", " No results", " No results", " No results", "0.04", "340.20850", "339.20123", "10.235", "49132014.0789018", "0", "0", "0", "", "", "", "No matches found", " No matches found", " No matches found", " No matches found", " No matches found", "", "No matches found", "PreferredDDA", "", "[M-H]-1", "25411024.0565152", " 22937832.8299394", " 39604066.7460657", " 37684255.960388", " 33292769.8314525", " 34424094.9222076", "36.6861372021872", " 51.3401668504708", " 16.073501027058", " 59.2350434163879", " 7.52415041218844", " 26.7957396214864", "0.903", " 1.483", " 1.727", " 0.841", " 1.051", " 0.913", " 0.967", "-0.15", " 0.57", " 0.79", " -0.25", " 0.07", " -0.13", " -0.05", "0.996582742832252", " 0.999881759092636", " 0.316494285831875", " 0.995217213921324", " 0.3924952665969", " 0.868320274517361", " 0.995964783376156", "1", " 1", " 1", " 1", " 1", " 1", " 1", "5.8", "2.2", " 2.9", " ", " 3.7", " 4.1", " 2.8", " 1.7", " ", " 3.6", " 0.9", " ", " 5.8", " 4.7", " 4.7", " 4.3", " ", " 4.3", " 3.9", " 3.6", " ", " ", " 1.3", " 2.8", " 5.7", " 5.7", " 5.3", " 5.3", " 5.3", " 3.1", " 4.2", " 4.2", " 4.2", " 3.1", " ", " 4.2"
"54", "", "False", "LPC 18:2", "C26 H50 N O7 P", "No match", " No results", " Invalid mass", " No results", " No results", "115579.54", "579.35670", "578.34942", "7.625", "45491551.3272532", "0", "0", "5", "", "", "76.5", "No matches found", " No matches found", " No matches found", " Multiple matches found", " No matches found", "", "No matches found", "PreferredDDA", "", "[M-H]-1", "5576236.38655262", " 5842428.2370662", " 14574006.2169533", " 13825641.4319316", " 18676437.877417", " 16436902.4463563", "55.0142659613096", " 26.1394630106172", " 51.0560340333785", " 24.321452431404", " 29.8192201157878", " 78.2709193376811", "1.048", " 2.479", " 2.495", " 1.281", " 1.054", " 1.189", " 1.136", "0.07", " 1.31", " 1.32", " 0.36", " 0.08", " 0.25", " 0.18", "0.999941044249129", " 0.144514365459555", " 0.393697704033833", " 0.796088105694699", " 0.999266648974093", " 0.999993711463066", " 0.873329719597184", "1", " 0.99594908142861", " 1", " 1", " 1", " 1", " 1", "6.5", "2.8", " 3.9", " 3.0", " ", " 2.2", " 4.7", " 4.9", " ", " 5.3", " 3.4", " 3.6", " 4.7", " 5.1", " 3.9", " 3.2", " 4.7", " 5.7", " 5.7", " 5.3", " 6.5", " 4.9", " 5.3", " 5.7", " 3.4", " 6.5", " 4.2", " 6.1", " 5.3", " 3.9", " 5.5", " 4.3", " 4.7", " 5.1", " 3.5", " 4.7"
"28", "", "False", "Myristic acid", "C14 H28 O2", "No results", " Invalid mass", " No results", " No results", " No results", "9.33", "228.21106", "227.20378", "10.227", "44541675.2590597", "0", "2", "0", "97.7", "9.9", "", "No matches found", " No matches found", " No matches found", " No matches found", " No matches found", "", "No matches found", "PreferredDDA", "", "[M-H]-1", "16391775.9229242", " 22953924.7062907", " 24404632.4289393", " 29824113.8063968", " 14400762.305294", " 20921960.8343128", "38.3240957614977", " 18.2897851558765", " 23.9701444686858", " 31.1197660424582", " 22.6240389505095", " 36.6305304149872", "1.400", " 1.819", " 1.063", " 0.590", " 0.818", " 0.702", " 0.688", "0.49", " 0.86", " 0.09", " -0.76", " -0.29", " -0.51", " -0.54", "0.887318006209014", " 0.068360929362829", " 0.992771795934751", " 0.130753490091012", " 0.820280651324212", " 0.0166324817535156", " 0.986822005027343", "1", " 0.608412271329178", " 1", " 1", " 1", " 0.285722275837179", " 1", "7.6", "6.7", " 5.2", " 4.8", " 6.3", " 5.6", " 7.0", " 7.3", " 7.3", " 7.3", " 6.2", " 6.8", " 7.6", " 6.5", " 7.6", " 7.2", " 4.6", " 6.0", " 3.7", " 6.3", " 6.7", " 6.0", " 6.3", " 6.3", " 4.9", " 6.1", " 4.9", " 7.2", " 6.5", " 4.4", " 5.2", " 4.4", " 5.6", " 5.6", " 4.8", " 6.3"
"24", "", "False", "Lignoceric acid", "C24 H48 O2", "Full match", " Full match", " No results", " Full match", " Full match", "4.07", "368.36693", "367.35965", "17.091", "43720663.593119", "14", "2", "0", "94.9", "9.7", "", "No matches found", " No matches found", " No matches found", " No matches found", " No matches found", "", "Multiple matches found", "PreferredDDA", "", "[M-H]-1", "33465037.8167647", " 34570732.0542059", " 37115752.1434637", " 34538273.1958612", " 36176956.7448369", " 34563979.28502", "7.11402980703567", " 1.39663964238279", " 8.3589721278339", " 3.78254569888576", " 4.54647458408013", " 4.04151169264367", "1.033", " 1.032", " 1.074", " 0.975", " 1.075", " 1.001", " 1.047", "0.05", " 0.05", " 0.10", " -0.04", " 0.10", " 0.00", " 0.07", "0.99926230680858", " 0.999999976046147", " 0.12038118937074", " 0.755075793983144", " 0.0338349747913033", " 0.988906023402898", " 0.877786588527743", "1", " 1", " 1", " 1", " 1", " 1", " 1", "9.6", "9.1", " 9.1", " 8.4", " 9.1", " 9.1", " 9.6", " 9.6", " 9.2", " 9.2", " 8.1", " 8.7", " 8.4", " 9.1", " 8.4", " 9.1", " 9.1", " 9.2", " 9.2", " 8.5", " 9.6", " 9.2", " 9.6", " 7.3", " 9.6", " 9.6", " 8.9", " 9.6", " 9.2", " 9.6", " 9.2", " 8.5", " 9.6", " 9.2", " 8.5", " 9.6"
"36", "", "False", "", "", "No results", " No results", " No results", " No results", " No results", "", "243.18518", "242.17791", "1.855", "43680492.6675422", "0", "0", "0", "", "", "", "No matches found", " No matches found", " No matches found", " No matches found", " No matches found", "", "No matches found", "PreferredDDA", "CO2", "[M-H]-1", "12336072.3817467", " 23591343.0795855", " 14179713.3355035", " 20322686.8581673", " 13993741.0262256", " 15631038.6378473", "61.1588729285333", " 50.419193841027", " 36.9520156836675", " 12.7808352719142", " 17.6017676795217", " 30.8023449109298", "1.912", " 1.647", " 0.601", " 0.987", " 0.698", " 0.769", " 0.895", "0.94", " 0.72", " -0.73", " -0.02", " -0.52", " -0.38", " -0.16", "0.0439088937521397", " 0.0670682740978485", " 0.745907982470928", " 0.999886053065542", " 0.905451969536861", " 0.78294477438447", " 0.999999993505769", "1", " 0.608412271329178", " 1", " 1", " 1", " 1", " 1", "7.9", "6.2", " 4.3", " 3.7", " 5.1", " 6.2", " 5.1", " 5.1", " 4.3", " 6.2", " 2.0", " 5.2", " 6.3", " 5.2", " 6.0", " 4.4", " 5.6", " 6.7", " 7.5", " 6.3", " 6.7", " 7.9", " 6.3", " 6.7", " 6.2", " 5.8", " 6.6", " 5.8", " 5.1", " 5.6", " 5.2", " 4.1", " 5.6", " 4.1", " 6.7", " 6.0"
"29", "", "False", "Dinoterb", "C10 H12 N2 O5", "No match", " Invalid mass", " No results", " No results", " No results", "7.66", "240.07646", "239.06918", "4.928", "41759643.0727245", "0", "2", "0", "98.3", "9.9", "", "No matches found", " No matches found", " No matches found", " No matches found", " No matches found", "", "No matches found", "PreferredDDA", "", "[M-H]-1", "10638503.7649654", " 3670259.56997684", " 2609690.89817385", " 3883370.98622909", " 3156736.33531299", " 10317170.5799135", "65.8184898290941", " 130.608379221275", " 24.8154104736326", " 77.1687533620191", " 48.8731565129081", " 55.7995419067389", "0.345", " 0.365", " 0.711", " 1.210", " 0.672", " 2.657", " 0.306", "-1.54", " -1.45", " -0.49", " 0.27", " -0.57", " 1.41", " -1.71", "0.715054331982245", " 0.0805087775301979", " 0.361422453193414", " 0.93300726983276", " 0.961055738510126", " 0.200757506802984", " 0.381894033087081", "1", " 0.67957273276247", " 1", " 1", " 1", " 1", " 1", "6.6", "5.5", " 5.5", " 5.5", " 6.6", " 5.8", " 5.5", " 6.2", " 4.5", " 4.8", " 4.2", " 5.9", " 6.2", " 5.9", " 6.6", " 5.6", " 5.5", " 6.0", " 5.5", " 5.1", " 4.1", " 4.1", " 3.6", " 4.5", " 4.8", " 5.2", " 5.2", " 5.8", " 5.6", " 5.8", " 5.5", " 6.6", " 6.2", " 6.2", " 5.1", " 4.8"
"153", "", "False", "", "C17 H30 O P2", "Full match", " No results", " No results", " No results", " No results", "-0.79", "312.17694", "311.16966", "8.516", "40758904.3551846", "0", "0", "0", "", "", "", "No matches found", " No matches found", " No matches found", " No matches found", " No matches found", "", "No matches found", "PreferredDDA", "", "[M-H]-1", "28459600.6479962", " 30564382.8715443", " 29971130.1530725", " 34403982.5458308", " 40758904.3551846", " 31570522.2528773", "57.2775438246894", " ", " 14.8900315629039", " 6.76567910768154", " ", " 51.3951647720559", "1.074", " 1.209", " 0.981", " 1.360", " 0.871", " 0.918", " 1.291", "0.10", " 0.27", " -0.03", " 0.44", " -0.20", " -0.12", " 0.37", "", " 0.55366094993758", " ", " ", " 0.994953156417414", " 0.675163746469543", " ", "", " 1", " ", " ", " 1", " 1", " ", "6.8", "", " 3.6", " ", " 3.9", " 4.3", " ", " ", " ", " 3.9", " ", " 5.2", " 6.3", " 4.8", " 5.6", " 6.0", " ", " 6.5", " 6.5", " 5.7", " 6.8", " 6.8", " 6.5", " 6.1", " ", " 4.3", " ", " ", " ", " 3.6", " 4.3", " ", " 4.3", " ", " ", " 4.7"
"38","","False","PE(20:2(11Z,14Z)/0:0)","C25 H48 N O7 P","Not the top hit"," No results"," No results"," Not the top hit"," Full match","3.98","505.31885","504.31082","7.618","39008376.6978817","4","0","0","","","","No matches found"," No matches found"," No matches found"," No matches found"," No matches found","","Multiple matches found","PreferredDDA","","[M-H]-1","7557968.73899618"," 9361577.98187331"," 15925893.2570079"," 19980617.9845962"," 19598047.3207725"," 19002806.1181568","107.551913402306"," 47.4394915321186"," 30.3389958100232"," 33.7856029156872"," 50.2762255971046"," 70.7202230809128","1.239"," 2.644"," 1.701"," 1.231"," 0.797"," 0.951"," 1.031","0.31"," 1.40"," 0.77"," 0.30"," -0.33"," -0.07"," 0.04","0.997332543220493"," 0.662721530431034"," 0.537043841715539"," 0.999987345755904"," 0.999693089254561"," 0.998943267560485"," 0.999999000875376","1"," 1"," 1"," 1"," 1"," 1"," 1","5.5","5.1"," 3.9"," 4.1"," "," 3.0"," 2.6"," 4.7"," "," 3.6"," 3.6"," 4.1"," 4.4"," 5.2"," 4.4"," 5.2"," 4.4"," 4.8"," 5.2"," 4.8"," 4.8"," 4.8"," 5.2"," 5.2"," 4.3"," 4.1"," 4.3"," 5.1"," 4.7"," 4.3"," 5.5"," 3.9"," 4.3"," 4.3"," 3.7"," 3.9"
"27","","False","11(Z),14(Z)-Eicosadienoic acid","C20 H36 O2","Full match"," Full match"," No results"," Not the top hit"," Full match","2.83","308.27240","307.26513","12.726","38570676.812001","36","2","0","96.3","9.8","","No matches found"," No matches found"," No matches found"," No matches found"," No matches found","","Multiple matches found","PreferredDDA","","[M-H]-1","5759931.44797214"," 11378074.0254085"," 28340773.4732853"," 25225148.3676927"," 11982736.1284139"," 13847657.8493219","54.6712686673159"," 34.8788331224076"," 21.0102951243267"," 31.6701914409113"," 34.9986668035771"," 47.0209277867915","1.975"," 4.379"," 2.491"," 0.423"," 1.124"," 0.549"," 0.865","0.98"," 2.13"," 1.32"," -1.24"," 0.17"," -0.87"," -0.21","0.464594140101465"," 1.47705262911746E-05"," 0.00134698903947295"," 0.00666904403240454"," 0.996107673324005"," 0.0889409119300582"," 0.913421578363895","1"," 0.000622150015602184"," 0.242062497264915"," 0.172144699086442"," 1"," 1"," 1","7.2","5.1"," 5.8"," 3.0"," 5.1"," 5.6"," 5.6"," 6.3"," 4.8"," 6.3"," 5.6"," 6.5"," 6.5"," 6.5"," 6.1"," 6.1"," 7.2"," 6.0"," 6.3"," 7.1"," 5.6"," 5.6"," 6.3"," 6.0"," 6.3"," 6.0"," 4.4"," 6.0"," 6.0"," 4.3"," 5.8"," 4.7"," 3.6"," 5.1"," 5.8"," 5.5"
"26","","False","all-cis-4,7,10,13,16-Docosapentaenoic acid","C22 H34 O2","Full match"," Full match"," No results"," Not the top hit"," Full match","3.41","330.25701","329.24973","11.569","36843238.0386966","17","2","0","85.0","36.6","","No matches found"," No matches found"," No matches found"," No matches found"," No matches found","","Multiple matches found","PreferredDDA","CO2","[M-H]-1","2221387.41388509"," 5608124.00898984"," 13679790.5669629"," 16599843.7195713"," 5487268.81026333"," 9044472.2984695","55.381928861842"," 39.3027436982288"," 23.7866115750175"," 52.292219182125"," 32.746058627215"," 52.9536818722771","2.525"," 7.473"," 2.439"," 0.401"," 0.824"," 0.545"," 0.607","1.34"," 2.90"," 1.29"," -1.32"," -0.28"," -0.88"," -0.72","0.0960667246145265"," 4.78677460558075E-07"," 0.00445172408763062"," 0.0125012779257658"," 0.999526859955492"," 0.0582988039146073"," 0.763601158281574","1"," 0.00012839196247616"," 0.242062497264915"," 0.256252768409722"," 1"," 0.80921188294751"," 1","7.2","5.2"," 6.0"," 4.9"," 5.0"," 4.8"," 6.5"," 6.7"," 5.4"," 5.2"," 5.6"," 6.5"," 6.5"," 7.2"," 7.2"," 7.2"," 7.2"," 4.7"," 4.7"," 5.1"," 5.1"," 6.2"," 5.5"," 5.8"," 5.4"," 5.2"," 6.5"," 5.2"," 6.3"," 5.5"," 6.0"," 3.5"," 6.2"," 4.3"," 6.2"," 6.6"
"48", "", "False", "(+/-)12(13)-DiHOME", "C18 H34 O4", "No match", " Invalid mass", " No results", " No match", " No match", "-57310.33", "296.23618", "295.22891", "7.317", "32903249.8491123", "55", "9", "0", "95.5", "9.8", "", "No matches found", " No matches found", " No matches found", " No matches found", " No matches found", "", "Multiple matches found", "PreferredDDA", "", "[M-H]-1", "2622383.76626453", " 2085340.05196446", " 1656778.10668504", " 1631122.9846476", " 1550536.56188861", " 2048522.56673083", "152.192681420791", " 77.8514028686937", " 57.8577134702129", " 30.0060186530493", " 27.0800894063917", " 38.649595795616", "0.795", " 0.622", " 0.794", " 0.936", " 1.016", " 1.256", " 0.757", "-0.33", " -0.69", " -0.33", " -0.10", " 0.02", " 0.33", " -0.40", "0.879284361842821", " 0.16525824191591", " 0.898630322318535", " 0.999922440608651", " 0.999904544387669", " 0.999999366828567", " 1", "1", " 1", " 1", " 1", " 1", " 1", " 1", "5.9", "5.6", " 4.2", " ", " 2.8", " 3.5", " 5.4", " 3.5", " 4.7", " 3.9", " ", " 2.0", " 5.4", " 3.3", " 3.3", " 2.5", " 2.9", " 3.4", " 4.1", " 4.5", " 4.0", " 3.6", " 4.7", " 5.9", " ", " ", " 3.7", " ", " 4.6", " 4.1", " 4.5", " 4.7", " ", " 4.7", " ", " 4.4"
"25","","False","4,8,12,15,19,21-tetracosahexaenoic acid","C24 H36 O2","Full match"," No results"," No results"," Partial match"," Full match","3.66","356.27284","355.26556","11.659","32722346.9725835","10","0","0","","","","No matches found"," No matches found"," No matches found"," No matches found"," No matches found","","Multiple matches found","PreferredDDA","","[M-H]-1","2020387.41939597"," 2335184.86398405"," 7790095.61284829"," 14544333.4737776"," 2852112.98318179"," 7810534.93945244","69.4522408404331"," 39.9832337420943"," 17.8850897688529"," 51.8585353855811"," 40.4267562224925"," 51.6000136296757","1.156"," 7.199"," 3.336"," 0.366"," 0.536"," 0.537"," 0.365","0.21"," 2.85"," 1.74"," -1.45"," -0.90"," -0.90"," -1.45","0.999815774860334"," 9.73404358206587E-06"," 0.00270340142998882"," 0.0167414980420316"," 0.256639641510283"," 0.12500664295056"," 0.0243158370252945","1"," 0.000618807056288473"," 0.242062497264915"," 0.314283576879957"," 1"," 1"," 0.954949235902475","7.7","5.2"," 3.3"," "," 4.6"," 3.4"," 5.3"," 5.1"," 4.5"," 5.0"," 6.9"," 7.0"," 6.6"," 7.7"," 7.7"," 7.0"," 7.7"," 7.0"," 5.1"," 6.2"," 5.5"," 6.2"," 5.2"," 5.8"," 3.6"," 6.0"," 4.2"," 6.0"," 4.8"," 5.5"," 3.3"," 5.4"," 5.5"," 5.8"," 5.1"," 4.3"
"23", "", "False", "", "C33 H42 N3 O2 P", "Full match", " No results", " No results", " No results", " No results", "-4.18", "543.29919", "542.29192", "15.355", "31258300.537512", "0", "0", "0", "", "", "", "No matches found", " No matches found", " No matches found", " No matches found", " No matches found", "", "No matches found", "PreferredDDA", "", "[M-H]-1", "2004325.9186679", " 5356730.89464636", " 5882175.92339377", " 13656279.4306527", " 5918826.51408492", " 8675067.47687685", "90.5537045880034", " ", " 96.417386092981", " 83.0139137479264", " 37.7923201840489", " 43.9704246201856", "2.673", " 6.813", " 1.098", " 1.006", " 0.431", " 0.635", " 0.682", "1.42", " 2.77", " 0.13", " 0.01", " -1.22", " -0.65", " -0.55", "", " 0.258841289701259", " ", " 0.980897361943493", " 0.999999967423722", " 0.9999976210348", " 0.984679231182898", "", " 1", " ", " 1", " 1", " 1", " 1", "6.7", "", " 5.2", " 2.5", " ", " ", " ", " ", " ", " 6.2", " ", " 6.2", " 5.1", " 5.8", " 5.8", " 4.7", " 4.5", " ", " 2.1", " 5.8", " 6.2", " 5.6", " 5.5", " 6.2", " 5.6", " 6.7", " 6.0", " 5.4", " 6.1", " 6.2", " 4.8", " 4.7", " 5.8", " 6.6", " 5.8", " 5.6"
"60", "", "False", "ST 27:1;O;S", "C27 H46 O4 S", "Not the top hit", " No results", " Full match", " Partial match", " Partial match", "3.08", "466.31312", "465.30584", "13.519", "30755595.0191776", "1", "0", "1", "", "", "61.9", "No matches found", " No matches found", " No matches found", " Single match found", " No matches found", "", "Single match found", "PreferredDDA", "", "[M-H]-1", "9786274.28442524", " 16723523.144243", " 9671052.55217389", " 9257998.25233892", " 7237211.34008214", " 8567306.23870989", "34.7793026848828", " 53.7663197313326", " 38.8080414618081", " 31.539776010478", " 33.5230811307567", " 21.1237826957979", "1.709", " 0.946", " 0.578", " 0.748", " 1.045", " 0.925", " 0.845", "0.77", " -0.08", " -0.79", " -0.42", " 0.06", " -0.11", " -0.24", "0.662971543652369", " 0.978676279090444", " 0.618535929959254", " 0.508905139091439", " 0.97420256271799", " 0.999988177436695", " 0.829284169635134", "1", " 1", " 1", " 1", " 1", " 1", " 1", "5.5", "4.8", " 4.4", " 4.8", " 4.4", " 4.4", " 5.1", " 3.9", " 2.8", " 5.5", " 4.3", " 3.7", " 4.4", " 2.6", " 4.8", " 4.8", " 4.8", " 2.3", " 4.4", " 4.1", " 3.3", " 4.1", " 4.8", " 4.4", " 4.4", " 3.3", " 4.4", " 3.3", " 3.5", " 5.3", " 4.2", " 4.9", " 4.6", " 5.3", " ", " 4.2"
"34", "", "False", "", "C3 H5 N O8 S", "Full match", " No results", " No results", " No results", " No results", "0.45", "214.97368", "213.96641", "1.944", "30605779.852674", "0", "0", "0", "", "", "", "No matches found", " No matches found", " No matches found", " No matches found", " No matches found", "", "No matches found", "PreferredDDA", "", "[M-H]-1", "2867398.40982239", " ", " 20852484.0944444", " 6024144.45051694", " 946203.180010384", " 2853178.98100377", "", " ", " 66.1467625471015", " 99.7491636972455", " ", " ", "0.000", " 2.101", " Infinity", " 0.045", " 3.461", " 0.474", " 0.332", "-Infinity", " 1.07", " Infinity", " -4.46", " 1.79", " -1.08", " -1.59", "", " ", " ", " ", " 0.665679139467274", " ", " ", "", " ", " ", " ", " 1", " ", " ", "6.6", "", " 4.5", " ", " ", " ", " ", " ", " ", " ", " ", " ", " 6.2", " ", " ", " 6.6", " ", " 5.8", " ", " 5.0", " ", " ", " ", " ", " ", " ", " 4.4", " ", " ", " 5.2", " ", " ", " ", " ", " ", " "
"210", "", "False", "Pentadecanoic acid", "C15 H30 O2", "No results", " Invalid mass", " No results", " No results", " No results", "6.18", "242.22608", "241.21880", "10.945", "30570431.1822068", "0", "2", "0", "97.7", "9.9", "", "No matches found", " No matches found", " No matches found", " No matches found", " No matches found", "", "No matches found", "PreferredDDA", "", "[M-H]-1", "16445570.1870097", " 5111506.12300781", " 6407705.20866611", " 16092228.5418352", " 4906715.7445275", " 10847707.9492798", "121.464745575201", " 27.9637713735539", " 26.2884197075544", " 4.85884356176703", " 80.3151250640756", " 32.7770087232543", "0.311", " 0.979", " 1.254", " 0.766", " 0.398", " 0.674", " 0.452", "-1.69", " -0.03", " 0.33", " -0.39", " -1.33", " -0.57", " -1.14", "0.981497666986435", " 0.928797884795901", " 0.999589902134383", " 0.99996350958096", " 0.761800368948482", " 0.987063453146796", " 0.935938950643399", "1", " 1", " 1", " 1", " 1", " 1", " 1", "6.6", "2.0", " ", " ", " ", " 3.9", " ", " 3.8", " 3.2", " ", " ", " ", " 2.7", " ", " ", " 1.9", " ", " ", " ", " 6.6", " 6.6", " 6.6", " ", " ", " 3.9", " 1.8", " ", " 5.2", " ", " 2.2", " ", " ", " ", " 2.2", " ", " "
"145", "", "False", "Pentadecanoic acid", "C15 H30 O2", "No results", " Invalid mass", " No results", " No results", " No results", "6.44", "242.22614", "241.21886", "11.203", "30143053.6749318", "0", "2", "0", "97.7", "9.9", "", "No matches found", " No matches found", " No matches found", " No matches found", " No matches found", "", "No matches found", "PreferredDDA", "", "[M-H]-1", "22829060.8583739", " 11779348.1352455", " 23329814.831946", " 10659647.8740314", " 10458987.7947518", " 9324053.24047874", "28.7469932680788", " 53.2107295845793", " 40.5403665712943", " 11.1608896407821", " 75.0343770206778", " 58.1149843982055", "0.516", " 0.467", " 1.981", " 0.448", " 2.189", " 0.875", " 1.122", "-0.95", " -1.10", " 0.99", " -1.16", " 1.13", " -0.19", " 0.17", "0.939532025432167", " 0.636905533995726", " 0.946947241801332", " 0.728232177887996", " 0.538345127552723", " 0.984701243858638", " 0.958315497799422", "1", " 1", " 1", " 1", " 1", " 1", " 1", "6.3", "2.7", " ", " 4.9", " ", " ", " 3.9", " 2.0", " 3.6", " 2.8", " 2.4", " ", " 1.7", " 3.6", " ", " 3.9", " 3.6", " 6.3", " 4.4", " 4.4", " 4.4", " 4.8", " 5.6", " 6.0", " 3.0", " 3.6", " 3.6", " 2.4", " 3.2", " 2.4", " 4.7", " 2.6", " 3.2", " 2.0", " 3.2", " 3.6"
"88", "", "False", "", "C H4 Br N O S3", "Full match", " No results", " No results", " No results", " No results", "3.86", "220.86469", "219.85741", "1.704", "28547595.635368", "0", "0", "0", "", "", "", "No matches found", " No matches found", " No matches found", " No matches found", " No matches found", "", "No matches found", "PreferredDDA", "", "[M-H]-1", "4805463.15157286", " 1746423.97560431", " 781936.458600876", " 1071704.54462272", " 1946275.17013903", " 11437651.4038056", "11.125934010741", " 110.333666035739", " 45.1903558873419", " 61.4532142296225", " 65.3927633170536", " 103.972734057858", "0.363", " 0.223", " 0.448", " 2.489", " 0.730", " 10.672", " 0.170", "-1.46", " -2.16", " -1.16", " 1.32", " -0.45", " 3.42", " -2.56", "0.795951184673485", " 0.579730071944618", " 0.999255224906536", " 0.973832230159396", " 0.999967312684636", " 0.35265184346574", " 0.847478663390268", "1", " 1", " 1", " 1", " 1", " 1", " 1", "7.6", "7.6", " ", " ", " 7.1", " ", " 3.8", " ", " 6.0", " ", " ", " ", " 4.5", " 4.0", " ", " ", " ", " 4.6", " 3.8", " ", " 4.2", " ", " 4.6", " ", " ", " ", " 5.9", " ", " 5.6", " ", " ", " ", " ", " 4.2", " 4.7", " 5.5"
"362", "", "False", "", "C36 H80 N6 O13", "Full match", " No results", " No results", " No results", " No results", "0.31", "804.57859", "803.57131", "14.128", "28315297.5132378", "0", "0", "0", "", "", "", "No matches found", " No matches found", " No matches found", " No matches found", " No matches found", "", "No matches found", "PreferredDDA", "", "[M-H]-1", "22606352.1021819", " ", " ", " 19748472.0940749", " ", " 26453256.5190818", "", " ", " ", " 15.1613383737246", " ", " 9.95462931276738", "0.000", " 0.874", " ", " ", " 0.000", " 1.340", " 0.000", "-Infinity", " -0.19", " ", " ", " -Infinity", " 0.42", " -Infinity", "", " ", " ", " ", " ", " 0.256778440213799", " ", "", " ", " ", " ", " ", " 1", " ", "5.3", "2.4", " ", " ", " ", " ", " ", " ", " ", " ", " ", " ", " ", " ", " ", " ", " ", " ", " ", " ", " ", " ", " 4.7", " 3.9", " ", " ", " ", " ", " ", " ", " ", " 5.3", " ", " ", " 4.9", " "
"32", "", "False", "", "C3 H10 O8 P2", "Full match", " No results", " No results", " No results", " No results", "-2.17", "235.98458", "234.97730", "1.256", "27577469.6049993", "0", "0", "0", "", "", "", "No matches found", " No matches found", " No matches found", " No matches found", " No matches found", "", "No matches found", "PreferredDDA", "", "[M-H]-1", "3340504.43922396", " 1394324.4762334", " ", " ", " ", " 19328452.8430666", "52.1053823491648", " ", " ", " ", " ", " 60.3559502443716", "0.417", " 0.000", " 0.000", " ", " ", " Infinity", " 0.000", "-1.26", " -Infinity", " -Infinity", " ", " ", " Infinity", " -Infinity", "", " ", " ", " ", " ", " ", " ", "", " ", " ", " ", " ", " ", " ", "5.1", "3.7", " ", " ", " 3.1", " ", " ", " ", " 2.3", " ", " ", " ", " ", " ", " ", " ", " ", " ", " ", " ", " ", " ", " ", " ", " ", " ", " ", " ", " ", " ", " ", " ", " ", " ", " 5.1", " 3.9"
"85", "", "False", "Pentacosanoic acid", "C25 H50 O2", "Full match", " Full match", " No results", " Full match", " Full match", "3.57", "382.38245", "381.37517", "17.359", "27181179.5217744", "9", "1", "0", "85.7", "9.3", "", "No matches found", " No matches found", " No matches found", " No matches found", " No matches found", "", "Multiple matches found", "PreferredDDA", "", "[M-H]-1", "8338677.3267319", " 7459938.47352639", " 8298075.23063907", " 8574946.06954126", " 8173463.65773973", " 7741182.88482877", "77.9064183942645", " 18.5952403974237", " 78.2658938277062", " 53.1522005324874", " 68.5871632948613", " 15.5833056456206", "0.895", " 1.028", " 1.112", " 0.985", " 0.968", " 0.903", " 1.056", "-0.16", " 0.04", " 0.15", " -0.02", " -0.05", " -0.15", " 0.08", "0.999999995140127", " 0.977031738590105", " 0.961489959663725", " 0.99999993889159", " 0.625759593931728", " 0.900708998816213", " 0.990707622899513", "1", " 1", " 1", " 1", " 1", " 1", " 1", "7.0", "3.6", " ", " 4.5", " 4.7", " 5.1", " 5.5", " 4.3", " 5.8", " 6.2", " 6.6", " 3.6", " 4.7", " ", " 3.6", " ", " 5.5", " ", " 4.3", " 5.1", " 3.5", " 4.7", " ", " 5.2", " 4.3", " ", " 4.3", " 5.1", " ", " 7.0", " 5.1", " 4.3", " 5.1", " 3.9", " 5.8", " 5.5"
"78", "", "False", "", "", "No results", " No results", " No results", " No results", " No results", "", "220.85428", "255.82330", "1.698", "25588471.819445", "0", "0", "0", "", "", "", "No matches found", " No matches found", " No matches found", " No matches found", " No matches found", "", "No matches found", "PreferredDDA", "", "[M+Cl]-1", "4992021.24947974", " 1321448.23407743", " 5511601.36302352", " 6417784.95866481", " 4947046.54559952", " 6954587.21094803", "55.2022034137796", " 110.512306107162", " 63.3600086307821", " 58.6272471059143", " 72.314525634547", " 79.8548274207364", "0.265", " 1.286", " 4.171", " 0.898", " 0.859", " 1.084", " 0.711", "-1.92", " 0.36", " 2.06", " -0.16", " -0.22", " 0.12", " -0.49", "0.812287318955553", " 0.995685049641205", " 0.657529804420176", " 0.999758211982647", " 0.999292874375104", " 0.846133670574622", " 0.872552255555682", "1", " 1", " 1", " 1", " 1", " 1", " 1", "6.6", "5.8", " 5.2", " ", " 6.2", " 6.4", " ", " 5.0", " 5.5", " 2.3", " ", " 6.2", " 5.1", " 5.5", " 6.1", " 5.2", " 4.4", " 5.5", " 5.5", " 6.2", " 6.6", " 5.5", " 5.1", " 6.1", " 6.0", " 5.8", " 4.7", " 6.1", " 5.5", " 6.0", " 6.6", " 6.4", " 6.0", " 4.7", " 5.1", " 4.7"
"102", "", "False", "", "C19 H45 N7 O2 S", "Full match", " No results", " No results", " No results", " No results", "1.03", "435.33599", "434.32872", "11.069", "25355959.8315967", "0", "0", "0", "", "", "", "No matches found", " No matches found", " No matches found", " No matches found", " No matches found", "", "No matches found", "PreferredDDA", "CO2", "[M-H]-1", "14926698.5867348", " 8309694.92590562", " 18519510.0217356", " 19981513.6980514", " 17093155.9451615", " 18066407.7875571", "18.2799367880791", " 58.7934512910445", " 32.6822073060102", " 6.2264699754681", " 48.1298856265437", " 9.81212631820339", "0.557", " 1.339", " 2.229", " 0.923", " 0.927", " 0.904", " 0.946", "-0.85", " 0.42", " 1.16", " -0.12", " -0.11", " -0.15", " -0.08", "0.407404660839765", " 0.793669960860039", " 0.15682979596", " 0.781365721150797", " 0.987742273114778", " 0.997161998785766", " 0.636068370330005", "1", " 1", " 1", " 1", " 1", " 1", " 1", "6.5", "3.6", " 5.5", " 5.1", " 5.1", " 5.5", " 4.1", " 2.4", " 2.4", " ", " 3.6", " 3.3", " 4.1", " 2.9", " 4.1", " ", " 3.3", " 6.5", " 5.7", " ", " 6.1", " 5.7", " 5.7", " 4.9", " 1.8", " 2.8", " 3.6", " 2.8", " 2.4", " 5.3", " 5.7", " 5.7", " 6.5", " ", " 5.7", " 6.1"
"31", "", "False", "FAHFA 18:2/20:4", "C38 H62 O4", "Not the top hit", " No results", " Full match", " No results", " No results", "-0.04", "582.46479", "581.45751", "11.095", "23776963.1579801", "0", "0", "2", "", "", "72.9", "No matches found", " No matches found", " No matches found", " Multiple matches found", " No matches found", "", "No matches found", "PreferredDDA", "", "[M-H]-1", "6974950.84875615", " 6254635.92635485", " 10903685.8075187", " 14827033.7964142", " 3053516.99371748", " 9491593.3013032", "26.4212297760139", " 37.4532381979316", " 29.0801671794375", " 38.9713163203355", " 54.2441762292406", " 47.9017537801354", "0.897", " 2.126", " 1.743", " 0.280", " 0.735", " 0.640", " 0.322", "-0.16", " 1.09", " 0.80", " -1.84", " -0.44", " -0.64", " -1.64", "0.988445894716103", " 0.303517813613357", " 0.225411092962685", " 0.000493186156590886", " 0.93154915779712", " 0.423057249160915", " 0.00283355087769366", "1", " 1", " 1", " 0.0226317647413373", " 1", " 1", " 0.408031326387887", "8.0", "8.0", " 5.3", " ", " 6.5", " ", " 3.8", " 3.7", " 5.7", " 5.2", " 4.4", " 4.9", " 6.5", " 6.5", " 6.8", " 6.1", " 5.7", " 4.1", " 6.0", " 3.7", " 4.8", " 4.4", " 6.7", " 3.7", " 1.2", " 2.6", " 3.9", " 6.2", " 3.0", " 6.2", " 5.5", " 5.2", " 4.3", " 5.1", " 7.0", " 4.7"
"538", "", "False", "", "C11 H7 O3 P", "Full match", " No results", " No results", " No match", " No results", "-4.12", "218.01238", "217.00511", "1.395", "23185370.5570087", "2", "0", "0", "", "", "", "No matches found", " No matches found", " No matches found", " No matches found", " No matches found", "", "No matches found", "PreferredDDA", "", "[M-H]-1", "3508411.44680942", " 3690140.35515647", " 4685941.09820068", " 4188811.99136359", " 3707022.51403955", " 6170802.56304856", "23.4232603254078", " 53.0218398310807", " 50.4555675037949", " 17.8431880979438", " 62.1862883630451", " 85.2582222936817", "1.052", " 1.194", " 1.270", " 0.791", " 1.119", " 1.473", " 0.601", "0.07", " 0.26", " 0.34", " -0.34", " 0.16", " 0.56", " -0.74", "0.88098876637184", " 0.947071483903799", " 0.996068707320637", " 0.975349334157597", " 0.926456355652021", " 0.414700068661034", " 0.59553641537109", "1", " 1", " 1", " 1", " 1", " 1", " 1", "4.8", "2.8", " 4.1", " 2.4", " 4.7", " ", " 1.4", " 2.2", " 3.0", " 1.7", " ", " 2.4", " 3.3", " 2.2", " 1.4", " 1.7", " 2.2", " 4.8", " 4.1", " 3.7", " 3.9", " 4.1", " 3.3", " 4.1", " 3.3", " 1.8", " 2.4", " 1.8", " 3.3", " 2.0", " 1.3", " 1.1", " 3.0", " 2.8", " ", " 3.7"
"37", "", "False", "Cerotic acid", "C26 H52 O2", "Full match", " No results", " No results", " Full match", " Full match", "4.04", "396.39833", "395.39106", "17.859", "22885160.8780589", "14", "0", "0", "", "", "", "No matches found", " No matches found", " No matches found", " No matches found", " No matches found", "", "Multiple matches found", "PreferredDDA", "", "[M-H]-1", "17923637.1334791", " 18243408.982217", " 19151792.8451343", " 18046918.9352626", " 18546421.5526062", " 19033041.7607092", "5.44781296724719", " 2.64015700583665", " 8.69355415307855", " 5.11950878291241", " 7.19135099458928", " 4.85155036422381", "1.018", " 1.007", " 1.050", " 0.968", " 1.061", " 1.055", " 0.974", "0.03", " 0.01", " 0.07", " -0.05", " 0.09", " 0.08", " -0.04", "0.998184384081037", " 0.999913329673216", " 0.303163491140439", " 0.447205151874267", " 0.142158049263444", " 0.881765165646173", " 0.996177026575087", "1", " 1", " 1", " 1", " 1", " 1", " 1", "9.6", "9.1", " 8.4", " 9.1", " 8.4", " 9.1", " 8.9", " 9.2", " 8.9", " 9.6", " 9.2", " 8.4", " 8.7", " 8.4", " 8.0", " 9.1", " 8.4", " 8.4", " 8.7", " 8.4", " 9.1", " 8.7", " 8.7", " 8.4", " 9.1", " 8.7", " 9.1", " 8.4", " 8.7", " 9.6", " 9.6", " 8.9", " 9.6", " 8.9", " 8.9", " 8.5"
"99", "", "False", "Phenylalanocholic Acid", "C33 H49 N O6", "No match", " No results", " No results", " Full match", " Full match", "2.00", "555.35710", "554.34982", "9.001", "22041081.1389644", "1", "0", "0", "", "", "", "No matches found", " No matches found", " No matches found", " No matches found", " No matches found", "", "Single match found", "PreferredDDA", "", "[M-H]-1", "8163113.63959338", " 6680948.59181803", " 9830269.01330812", " 9607627.58204781", " 17745567.5916258", " 11169093.941334", "88.9575654325729", " 60.290057142908", " 49.6331745864683", " 33.5656990539439", " 36.6764862842735", " 52.4296010756287", "0.818", " 1.177", " 1.471", " 1.805", " 1.023", " 1.163", " 1.589", "-0.29", " 0.24", " 0.56", " 0.85", " 0.03", " 0.22", " 0.67", "0.999997068841549", " 0.870643772946883", " 0.979822306624613", " 0.842417781187081", " 0.999653458716516", " 0.999718381455327", " 0.986165712635235", "1", " 1", " 1", " 1", " 1", " 1", " 1", "5.2", "3.9", " 1.3", " 3.0", " ", " 2.0", " 3.2", " 2.4", " ", " 2.2", " 3.6", " 3.6", " 3.6", " 3.0", " 3.9", " 2.6", " 3.2", " 4.4", " 3.3", " 4.8", " 3.7", " 5.2", " 2.9", " 2.6", " 4.4", " 4.4", " 5.2", " 4.4", " 3.7", " 2.4", " 4.3", " 3.9", " 3.2", " 3.6", " ", " 1.8"
"42", "", "False", "triafungin", "C13 H10 N4", "Full match", " No results", " No results", " Full match", " No results", "3.39", "222.09130", "221.08402", "2.380", "22019242.9585382", "1", "0", "0", "", "", "", "No matches found", " No matches found", " No matches found", " No matches found", " No matches found", "", "No matches found", "PreferredDDA", "", "[M-H]-1", "9239112.45156959", " 1051017.89158364", " ", " 2130746.36181076", " 2849022.52842711", " 2263225.8986751", "60.6754840093858", " 131.622198304085", " ", " 145.064881657326", " 80.7623787617656", " 117.715601991562", "0.114", " 0.231", " 0.000", " Infinity", " 0.000", " 1.062", " 1.259", "-3.14", " -2.12", " -Infinity", " Infinity", " -Infinity", " 0.09", " 0.33", "0.73275585455515", " 0.937613393732766", " ", " ", " ", " 0.999833128913382", " 0.999999956756242", "1", " 1", " ", " ", " ", " 1", " 1", "6.6", "4.8", " 6.2", " ", " ", " 5.8", " ", " 6.2", " 4.8", " ", " 3.8", " ", " ", " ", " ", " ", " ", " ", " ", " 6.6", " 5.0", " 3.0", " ", " ", " 4.8", " ", " ", " 5.2", " 6.2", " ", " 6.6", " 5.6", " 6.6", " 4.8", " 3.3", " 4.0"
"141", "", "False", "", "C26 H51 N3 O8 S", "Full match", " No results", " No results", " No results", " No results", "3.13", "565.34145", "564.33418", "7.628", "21516855.2858418", "0", "0", "0", "", "", "", "No matches found", " No matches found", " No matches found", " No matches found", " No matches found", "", "No matches found", "PreferredDDA", "", "[M-H]-1", "2695240.70170076", " 4879094.15127993", " ", " 3759463.22909861", " 14880059.7637052", " ", "123.822196355694", " ", " ", " 46.4111226607088", " 63.0766703034087", " ", "1.810", " 1.395", " 0.000", " Infinity", " 0.000", " 0.000", " Infinity", "0.86", " 0.48", " -Infinity", " Infinity", " -Infinity", " -Infinity", " Infinity", "", " 0.977938908336929", " ", " ", " ", " ", " ", "", " 1", " ", " ", " ", " ", " ", "5.5", "4.7", " ", " 2.3", " ", " 2.6", " ", " ", " ", " 3.7", " ", " ", " ", " ", " ", " ", " ", " ", " ", " 3.7", " ", " ", " 3.7", " ", " 4.7", " 5.5", " ", " ", " ", " ", " ", " ", " ", " ", " ", " "
"87", "", "False", "Pentacosanoic acid", "C25 H50 O2", "Full match", " Full match", " No results", " Full match", " Full match", "3.59", "382.38245", "381.37518", "17.484", "21470481.9258224", "9", "1", "0", "94.5", "9.7", "", "No matches found", " No matches found", " No matches found", " No matches found", " No matches found", "", "Multiple matches found", "PreferredDDA", "", "[M-H]-1", "8663447.52204889", " 10624152.2775584", " 11645171.2325716", " 10262392.3749167", " 10565385.6273134", " 10684108.8318806", "52.955141004816", " 12.5154420596838", " 41.2816526892228", " 41.8473913578166", " 37.692391936131", " 8.14005359229441", "1.226", " 1.185", " 1.096", " 0.907", " 1.135", " 1.041", " 0.989", "0.29", " 0.24", " 0.13", " -0.14", " 0.18", " 0.06", " -0.02", "0.999657343196894", " 0.999837010118208", " 0.822920959789254", " 0.989102742319989", " 0.988149042649687", " 0.979406395133851", " 0.991431284623101", "1", " 1", " 1", " 1", " 1", " 1", " 1", "8.7", "", " 4.7", " 4.7", " ", " 4.7", " 7.9", " 7.1", " 7.1", " 7.5", " 7.1", " 5.8", " ", " 4.7", " 4.3", " 4.7", " 5.8", " 3.9", " 4.3", " 4.3", " ", " 4.7", " 4.7", " 5.1", " 4.1", " 5.2", " ", " 6.0", " 4.4", " 8.7", " ", " 8.7", " 7.2", " 7.2", " 7.6", " 7.6"
"122", "", "False", "", "C27 H52 O3", "Full match", " No results", " No results", " No results", " No results", "2.22", "424.39259", "423.38531", "12.283", "20704336.7685622", "0", "0", "0", "", "", "", "No matches found", " No matches found", " No matches found", " No matches found", " No matches found", "", "No matches found", "PreferredDDA", "", "[M-H]-1", "8740224.19605273", " 16009597.9015805", " 7308270.15156", " 18511487.3070037", " 12717908.498176", " 18847029.5533036", "46.5732133281556", " 25.7437540484076", " 65.7403640379231", " 25.2700046218815", " 64.9817050976409", " 26.810937819835", "1.832", " 2.118", " 0.456", " 1.740", " 0.395", " 1.018", " 0.675", "0.87", " 1.08", " -1.13", " 0.80", " -1.34", " 0.03", " -0.57", "0.860899797158744", " 0.786262053094605", " 0.302415724325921", " 0.996059065097332", " 0.218118543031488", " 0.999967857726065", " 0.458429187131668", "1", " 1", " 1", " 1", " 1", " 1", " 1", "5.3", "3.2", " 4.7", " 3.2", " 3.9", " 3.6", " 3.8", " 5.3", " 3.8", " 3.4", " 3.8", " 2.4", " ", " 3.3", " 3.7", " 2.8", " 2.8", " 4.6", " ", " 3.8", " 3.4", " 3.8", " 4.6", " 3.1", " 3.2", " 3.2", " 2.2", " 3.2", " ", " ", " 4.6", " 4.6", " 4.6", " 4.6", " 3.8", " 1.9"
"45","","False","8Z,11Z,14Z-Eicosatrienoic acid","C20 H34 O2","Full match"," Full match"," No results"," Full match"," Not the top hit","2.03","306.25650","305.24923","12.084","20401237.7319682","38","3","0","96.9","9.8","","No matches found"," No matches found"," No matches found"," No matches found"," No matches found","","Multiple matches found","PreferredDDA","CO2","[M-H]-1","1758556.62312211"," 2184715.96047506"," 5401848.7245511"," 5706852.77173934"," 2725856.47376174"," 4609870.2701782","13.0284938631432"," 14.86387925826"," 39.6954162089609"," 78.545773074528"," 32.290981691554"," 56.1217866432783","1.242"," 3.245"," 2.473"," 0.505"," 0.947"," 0.808"," 0.591","0.31"," 1.70"," 1.31"," -0.99"," -0.08"," -0.31"," -0.76","0.998377329361347"," 0.0393317782077932"," 0.247987454938858"," 0.380333643170218"," 0.999999966848614"," 0.744579238084835"," 0.971426671496975","1"," 0.416729554820666"," 1"," 1"," 1"," 1"," 1","5.5","4.4"," 2.9"," "," 4.4"," "," "," 5.0"," "," "," 5.1"," "," 3.1"," 3.1"," 4.4"," 3.7"," 4.4"," 3.0"," 5.1"," 4.7"," 4.3"," 3.6"," 5.0"," 3.6"," "," 3.1"," 3.8"," 4.6"," 3.1"," "," 1.4"," 2.7"," 3.6"," 4.1"," 5.5"," "
"237", "", "False", "", "C6 H2 N8 S", "Full match", " No results", " No results", " No match", " No results", "1.27", "218.01259", "217.00531", "24.388", "19861216.5190517", "2", "0", "0", "", "", "", "No matches found", " No matches found", " No matches found", " No matches found", " No matches found", "", "No matches found", "PreferredDDA", "", "[M-H]-1", "15694929.2967057", " 15185096.1284619", " 17216218.512176", " 17702177.4308136", " 18727027.5565003", " 17010810.8204969", "7.44459662822236", " 32.056557139758", " 6.10999467002312", " 33.7678474848295", " 0.747711758123699", " 16.6445200703717", "0.968", " 1.128", " 1.134", " 1.088", " 0.973", " 0.961", " 1.101", "-0.05", " 0.17", " 0.18", " 0.12", " -0.04", " -0.06", " 0.14", "0.855442253818396", " 0.989301669866855", " 0.444627023918057", " 0.995263961396908", " 0.749153385902935", " 0.924973036972035", " 0.93225409665743", "1", " 1", " 1", " 1", " 1", " 1", " 1", "6.2", "6.1", " 3.8", " 4.2", " 4.9", " 4.9", " 4.8", " 2.9", " 3.3", " 3.3", " 3.3", " 4.2", " 4.9", " 5.7", " 4.6", " 5.3", " 4.9", " 2.6", " 4.1", " 3.3", " 4.4", " 2.9", " 3.7", " 3.7", " 5.1", " 6.2", " 6.2", " 5.1", " 5.5", " 3.6", " 3.9", " 4.7", " 3.2", " 5.8", " 4.7", " 4.3"
"35","","False","6Z,9Z,12Z,15Z,18Z-tetracosapentaenoic acid","C24 H38 O2","Full match"," No results"," No results"," Not the top hit"," Full match","3.29","358.28836","357.28108","12.510","19739742.7899352","16","0","0","","","","No matches found"," No matches found"," No matches found"," No matches found"," No matches found","","Multiple matches found","PreferredDDA","","[M-H]-1","1092009.75738038"," 4858158.07409837"," 9584196.3044091"," 10999267.8535538"," 2016795.35146523"," 2265293.082536","106.502797534265"," 57.0703536081632"," 18.8722790627485"," 43.7151875059317"," 48.8865824213431"," 27.5246272377542","4.449"," 10.072"," 1.973"," 0.210"," 0.871"," 0.206"," 0.890","2.15"," 3.33"," 0.98"," -2.25"," -0.20"," -2.28"," -0.17","0.0228665637503835"," 1.53789891497169E-05"," 0.141473515332189"," 8.57543790457882E-05"," 0.999961342114028"," 0.00104297762164696"," 0.811880626073271","1"," 0.000622150015602184"," 1"," 0.00709066414285509"," 1"," 0.0295101315301286"," 1","7.3","1.6"," 5.6"," 1.9"," 1.4"," "," 5.2"," 4.5"," 2.3"," 5.1"," 5.1"," 7.3"," 4.3"," 7.3"," 5.8"," 5.1"," 7.3"," 5.1"," 5.5"," 5.1"," 3.6"," 5.1"," 2.0"," 3.6"," 1.7"," 3.9"," 2.5"," 3.7"," 5.8"," 5.6"," "," "," 3.7"," 6.4"," 1.7"," 5.1"
"333", "", "False", "24-hydroxy-10Z-tetracosenoic acid", "C24 H46 O3", "Not the top hit", " No results", " No results", " Partial match", " Full match", "3.52", "382.34604", "381.33876", "10.619", "19299532.3480731", "5", "0", "0", "", "", "", "No matches found", " No matches found", " No matches found", " No matches found", " No matches found", "", "Multiple matches found", "PreferredDDA", "", "[M-H]-1", "12157598.6908757", " 6606333.94615944", " 17518464.3917726", " 10079883.2477573", " 15194598.5006385", " 10955327.1295704", "15.5348730641857", " 77.3595264345148", " 61.513827316237", " 41.569590884508", " 19.1363455161563", " 50.2734104936691", "0.543", " 0.829", " 2.652", " 0.867", " 1.738", " 1.087", " 1.387", "-0.88", " -0.27", " 1.41", " -0.21", " 0.80", " 0.12", " 0.47", "0.549832813991309", " 0.999800367092198", " 0.805858527399236", " 0.925106614773206", " 0.999987954346061", " 0.999980237077078", " 0.91996480027556", "1", " 1", " 1", " 1", " 1", " 1", " 1", "4.7", "4.3", " 3.6", " 3.9", " 3.6", " 4.3", " 2.2", " 1.3", " 1.7", " 0.8", " 3.2", " 1.7", " 2.0", " 0.5", " 2.4", " ", " 2.4", " 2.0", " 3.2", " ", " ", " ", " 1.3", " 1.3", " 3.9", " 3.6", " 3.9", " 4.7", " 3.9", " ", " 1.3", " ", " 2.4", " 1.1", " 2.8", " 0.9"
"43", "", "False", "Arachidic acid", "C20 H40 O2", "Full match", " Full match", " No results", " Full match", " Full match", "2.75", "312.30369", "311.29641", "15.072", "19266306.1862079", "26", "2", "0", "99.7", "10.0", "", "No matches found", " No matches found", " No matches found", " No matches found", " No matches found", "", "Multiple matches found", "PreferredDDA", "", "[M-H]-1", "10163252.2901618", " 12290268.476246", " 14024253.7181987", " 13467501.8043796", " 12388327.9507139", " 14719641.5872319", "19.209078080116", " 6.69077347883545", " 4.19544063392767", " 27.3886576889939", " 3.29223602957577", " 16.0428989067012", "1.209", " 1.325", " 1.141", " 0.883", " 1.041", " 1.093", " 0.842", "0.27", " 0.41", " 0.19", " -0.18", " 0.06", " 0.13", " -0.25", "0.97281221532611", " 0.784729764603537", " 0.650276768775779", " 0.7825341116372", " 0.853228774379116", " 0.547280317230092", " 0.486957302246936", "1", " 1", " 1", " 1", " 1", " 1", " 1", "9.6", "8.1", " 7.7", " 6.6", " 7.3", " 7.7", " 8.7", " 8.4", " 8.0", " 8.7", " 8.4", " 8.9", " 8.1", " 8.9", " 9.6", " 8.1", " 8.9", " 7.2", " 7.2", " 6.8", " 6.8", " 6.8", " 7.2", " 7.6", " 8.9", " 8.9", " 9.2", " 9.2", " 8.9", " 7.3", " 8.1", " 7.0", " 8.1", " 7.3", " 7.7", " 8.1"
"72","","False","9,12-hexadecadienoic acid","C16 H28 O2","Full match"," No results"," No results"," Partial match"," Full match","4.33","252.21002","251.20275","9.299","19102015.876524","50","0","0","","","","No matches found"," No matches found"," No matches found"," No matches found"," No matches found","","Multiple matches found","PreferredDDA","","[M-H]-1","3061969.21486959"," 7596626.68691812"," 14403666.450783"," 8453397.24199732"," 4537877.44774008"," 3481927.01364872","62.7299442337683"," 46.1788140888925"," 22.2006604132878"," 38.9747460728427"," 60.063623660244"," 34.8916707012715","2.481"," 2.761"," 1.896"," 0.315"," 1.704"," 0.412"," 1.303","1.31"," 1.47"," 0.92"," -1.67"," 0.77"," -1.28"," 0.38","0.0560391702839694"," 0.0221971906895148"," 0.447107146334656"," 0.00737795568917166"," 0.448674556362844"," 0.00272336426219599"," 0.576042088183123","1"," 0.290522054612767"," 1"," 0.179240923507523"," 1"," 0.0654969105058136"," 1","6.3","4.1"," 5.8"," 4.8"," 5.8"," 5.2"," 4.3"," 5.1"," 6.0"," 4.3"," 4.7"," 4.6"," 4.6"," 3.8"," 6.1"," 2.7"," 4.6"," 6.0"," 5.7"," 5.6"," 6.3"," 5.6"," 6.0"," 5.6"," 3.3"," 2.4"," 5.0"," 2.8"," 4.5"," 5.7"," 5.5"," 4.5"," 5.7"," 5.0"," 5.7"," 6.1"
"128","","False","PE(22:4(7Z,10Z,13Z,16Z)/0:0)","C27 H48 N O7 P","Not the top hit"," No results"," No results"," Not the top hit"," Full match","3.75","529.31883","528.31087","7.311","18629603.3547632","2","0","0","","","","No matches found"," No matches found"," No matches found"," No matches found"," No matches found","","Multiple matches found","PreferredDDA","","[M-H]-1","4724262.98904599"," 2840791.42385121"," 8517102.36157961"," 6713096.86036495"," 7803127.99563008"," 4046740.68424098","76.6400398107463"," 29.3704932521352"," 54.2866877808391"," 43.1520321176496"," 23.2356299929929"," 58.0015398955159","0.601"," 1.421"," 2.998"," 0.916"," 1.269"," 0.603"," 1.928","-0.73"," 0.51"," 1.58"," -0.13"," 0.34"," -0.73"," 0.95","0.921659130957911"," 0.559433980565723"," 0.00953783146319509"," 0.9852348594695"," 0.995721500173629"," 0.364122557910544"," 0.572946674923496","1"," 1"," 0.345746390540822"," 1"," 1"," 1"," 1","6.5","5.8"," 2.3"," "," "," "," 3.4"," 3.2"," "," 4.0"," 4.7"," 4.7"," 4.3"," 4.3"," 4.7"," 4.1"," 5.1"," 4.5"," 4.7"," 4.3"," 4.7"," 4.7"," 4.7"," 4.3"," 4.9"," 5.7"," 5.3"," 6.5"," 5.1"," 4.5"," 5.5"," 3.7"," 1.8"," 5.1"," "," 3.7"
"131", "", "False", "LPC 20:4", "C28 H50 N O7 P", "No match", " No results", " Invalid mass", " No results", " No results", "110473.65", "603.35641", "602.34914", "7.308", "17727470.8345555", "0", "0", "5", "", "", "64.0", "No matches found", " No matches found", " No matches found", " Multiple matches found", " No matches found", "", "No matches found", "PreferredDDA", "", "[M-H]-1", "4472023.54360804", " 2664956.83646449", " 7955675.58866818", " 5953373.81973284", " 6909667.71767679", " 6267555.27997376", "74.3843282675993", " 29.6380117587745", " 54.1345521237223", " 55.8342931758681", " 22.6573505480527", " 80.3463506623601", "0.596", " 1.331", " 2.985", " 0.869", " 1.336", " 1.053", " 1.102", "-0.75", " 0.41", " 1.58", " -0.20", " 0.42", " 0.07", " 0.14", "0.956143599051543", " 0.904592768192275", " 0.045673721298473", " 0.986515235760549", " 0.955638715840115", " 0.999262092780053", " 0.997307912614872", "1", " 1", " 0.903094034765262", " 1", " 1", " 1", " 1", "5.9", "5.5", " 3.1", " ", " ", " ", " 3.4", " 5.9", " ", " 4.7", " 5.5", " 4.3", " 5.5", " 5.1", " 5.5", " 4.5", " 4.7", " 3.7", " 4.7", " 5.1", " 5.1", " 4.7", " 4.3", " 2.3", " 5.7", " 5.3", " 4.2", " 5.7", " 5.5", " 4.1", " 5.5", " 3.1", " 4.7", " 4.7", " ", " 3.9"
"39", "", "False", "FAHFA 18:1/20:3", "C38 H66 O4", "Not the top hit", " No results", " Full match", " No results", " No results", "-0.12", "586.49604", "585.48876", "12.411", "17578404.5398798", "0", "0", "2", "", "", "74.6", "No matches found", " No matches found", " No matches found", " Multiple matches found", " No matches found", "", "No matches found", "PreferredDDA", "Fatty_Acid_20:4", "[M-H]-1", "3798160.96468636", " 6006794.44025817", " 11364164.9818168", " 9732780.38818881", " 3301312.0129521", " 5486177.78633763", "26.7265673631863", " 39.7528855029518", " 24.8344072180534", " 41.9886630049831", " 57.5706794947293", " 61.2458106013585", "1.582", " 2.562", " 1.892", " 0.291", " 1.168", " 0.564", " 0.602", "0.66", " 1.36", " 0.92", " -1.78", " 0.22", " -0.83", " -0.73", "0.88126031181403", " 0.0647886677324737", " 0.070702754367175", " 0.00530392686993508", " 0.852497915817514", " 0.334571013482287", " 0.862073648950094", "1", " 0.600644940436475", " 1", " 0.146034786485546", " 1", " 1", " 1", "7.0", "7.0", " 5.5", " ", " 5.9", " 6.6", " 6.5", " 4.1", " 4.2", " 6.3", " 4.1", " 6.5", " 4.6", " 6.1", " 4.6", " 6.8", " 5.3", " 6.6", " 3.7", " 5.1", " 4.3", " 5.1", " 3.2", " 1.7", " 5.0", " 4.1", " 3.3", " 5.8", " 5.6", " 3.3", " 3.3", " 3.6", " 2.8", " 4.3", " 6.2", " 4.7"
"232", "", "False", "PE(20:1(11Z)/0:0)", "C25 H50 N O7 P", "Not the top hit", " No results", " No results", " Partial match", " Full match", "3.57", "507.33430", "506.32658", "9.453", "17507046.7888621", "5", "0", "0", "", "", "", "No matches found", " No matches found", " No matches found", " No matches found", " No matches found", "", "Multiple matches found", "PreferredDDA", "Fatty_Acid_18:1", "[M-H]-1", "3126256.45953398", " 4861727.58431962", " 10146913.0592399", " 8794258.53592162", " 8330056.44131469", " 9319463.75870435", "55.548255659405", " 33.6452421496366", " 45.9892622537714", " 35.9555135300461", " 44.4391546763005", " 54.4184230394279", "1.555", " 2.813", " 2.087", " 0.821", " 1.154", " 1.060", " 0.894", "0.64", " 1.49", " 1.06", " -0.28", " 0.21", " 0.08", " -0.16", "0.927455854724442", " 0.0337369171678762", " 0.258443420007955", " 0.999783451551087", " 0.999999999947243", " 0.999581229206048", " 0.999999955616796", "1", " 0.375323203492623", " 1", " 1", " 1", " 1", " 1", "4.1", "3.6", " 1.4", " 2.0", " 2.3", " ", " 1.9", " 2.2", " ", " 1.6", " 2.9", " 2.0", " 2.0", " 2.4", " 2.4", " 4.1", " 3.6", " 2.9", " 2.9", " 4.1", " 3.7", " ", " 2.6", " 2.9", " 3.0", " 3.9", " 3.6", " 3.2", " 3.6", " 2.6", " 3.6", " 2.2", " 3.6", " 3.6", " ", " "
"41", "", "False", "", "C44 H69 P", "Full match", " No results", " No results", " No results", " No results", "-3.38", "628.51156", "627.50426", "15.400", "16154967.9297793", "0", "0", "0", "", "", "", "No matches found", " No matches found", " No matches found", " No matches found", " No matches found", "", "No matches found", "PreferredDDA", "", "[M-H]-1", "8340990.34224399", " 5843746.83771117", " 10554034.4275725", " 12144176.1142385", " 5003319.03322126", " 8383947.75847015", "45.8726743857149", " 53.8572628928433", " 27.2511459804543", " 20.2690835731628", " 15.6292128284879", " 35.5290344534857", "0.701", " 1.456", " 1.806", " 0.474", " 0.869", " 0.690", " 0.597", "-0.51", " 0.54", " 0.85", " -1.08", " -0.20", " -0.53", " -0.74", "0.878451391962435", " 0.324000369797984", " 0.238355824928055", " 0.0548491396093956", " 0.924390642757884", " 0.488215256818118", " 0.19060552128132", "1", " 1", " 1", " 0.597452087159126", " 1", " 1", " 1", "7.6", "4.3", " 6.2", " 5.2", " 5.1", " 6.6", " 5.2", " 5.5", " 4.1", " 6.2", " 5.8", " 6.5", " 6.5", " 7.2", " 7.6", " 6.8", " 7.2", " 6.5", " 7.2", " 6.8", " 6.5", " 6.1", " 7.6", " 7.6", " 7.3", " 7.3", " 6.4", " 6.4", " 6.4", " 5.6", " 5.6", " 6.0", " 6.3", " 6.7", " 6.7", " 6.3"
"216", "", "False", "Myristyl sulfate", "C14 H30 O4 S", "Not the top hit", " Full match", " No results", " No results", " No results", "2.07", "294.18709", "293.17981", "9.241", "15642236.0771258", "0", "2", "0", "90.1", "9.5", "", "No matches found", " No matches found", " No matches found", " No matches found", " No matches found", "", "No matches found", "PreferredDDA", "", "[M-H]-1", "8841152.47351748", " 10236911.6952686", " 12761936.3278959", " 11762372.4154266", " 12510113.3913778", " 11509433.3713259", "71.9913645672897", " 34.0739694182911", " 15.3583920463647", " 16.3297591112392", " 0.22051910259405", " 22.8238478126566", "1.158", " 1.330", " 1.247", " 0.980", " 1.085", " 0.978", " 1.087", "0.21", " 0.41", " 0.32", " -0.03", " 0.12", " -0.03", " 0.12", "0.407964573300448", " 0.0809378760368784", " 0.927410308346233", " 0.999999996504067", " 0.999999999984655", " 0.991914258259135", " 0.997447837056878", "1", " 0.67957273276247", " 1", " 1", " 1", " 1", " 1", "6.6", "", " 1.7", " 0.2", " ", " 3.6", " ", " 5.2", " 3.3", " 2.9", " 4.8", " 3.6", " 4.7", " 4.3", " 5.5", " 4.7", " ", " 6.2", " 6.6", " 3.6", " ", " 5.5", " ", " 3.2", " ", " 5.1", " ", " 5.5", " ", " 3.1", " 5.7", " 4.9", " 3.4", " 4.9", " 3.8", " "
"40","","False","16,16-dimethyl-PGA2","C22 H34 O4","Full match"," No results"," No results"," Not the top hit"," Full match","-3.77","362.24434","361.23707","11.089","15476240.9926561","17","0","0","","","","No matches found"," No matches found"," No matches found"," No matches found"," No matches found","","Multiple matches found","PreferredDDA","","[M-H]-1","5759232.38348334"," 5887177.92272424"," 10088974.7778722"," 9210376.90339598"," 5564115.62671349"," 10019276.5625372","75.9897209837579"," 46.0537626992242"," 29.6877379057031"," 42.7089763606755"," 33.7595330169409"," 30.9185657342742","1.022"," 1.599"," 1.714"," 0.552"," 1.095"," 1.088"," 0.555","0.03"," 0.68"," 0.78"," -0.86"," 0.13"," 0.12"," -0.85","0.735751658591757"," 0.0937537336521468"," 0.672224044704074"," 0.535024001800347"," 0.999702922746443"," 0.999999467149286"," 0.653248197409454","1"," 0.72606915887449"," 1"," 1"," 1"," 1"," 1","6.7","5.8"," 3.6"," 6.5"," 2.9"," 5.5"," 4.7"," 3.9"," 5.8"," 4.3"," 6.5"," 4.6"," 4.6"," 6.1"," 4.9"," 5.3"," 5.7"," 4.5"," 4.3"," 4.3"," 3.2"," 6.7"," 4.3"," 4.7"," 4.2"," 5.2"," 3.8"," 4.8"," 5.6"," 5.2"," 4.8"," 5.4"," 6.3"," 3.7"," 5.2"," "
"176", "", "False", "LPC 16:0", "C24 H50 N O7 P", "No match", " No results", " Invalid mass", " No match", " No match", "92880.18", "541.33906", "540.33178", "9.020", "15382974.5046126", "1", "0", "15", "", "", "86.7", "No matches found", " No matches found", " No matches found", " Multiple matches found", " No matches found", "", "Single match found", "PreferredDDA", "", "[M-H]-1", "1182991.45700021", " 2431171.52984629", " 4170278.52422935", " 11665083.5870502", " 10673918.5904229", " 8596529.11581246", "", " ", " ", " ", " 62.3914327564343", " 75.5849727854834", "2.055", " 9.861", " 1.715", " 2.560", " 0.358", " 0.737", " 1.242", "1.04", " 3.30", " 0.78", " 1.36", " -1.48", " -0.44", " 0.31", "", " ", " ", " ", " ", " ", " 0.997701056364638", "", " ", " ", " ", " ", " ", " 1", "4.7", "", " ", " ", " ", " 3.3", " ", " ", " ", " 2.6", " ", " ", " ", " ", " ", " 3.0", " ", " ", " 3.6", " ", " ", " ", " ", " ", " ", " 4.3", " ", " ", " 4.7", " 3.0", " ", " ", " 4.3", " ", " ", " "
"63", "", "False", "Docosanoic acid", "C22 H44 O2", "Full match", " Full match", " No results", " Full match", " Full match", "3.99", "340.33549", "339.32821", "16.164", "15342758.9710827", "15", "2", "0", "95.5", "9.8", "", "No matches found", " No matches found", " No matches found", " No matches found", " No matches found", "", "Multiple matches found", "PreferredDDA", "", "[M-H]-1", "11743772.7038498", " 12451153.1763933", " 13576961.949777", " 13082998.7741137", " 12241263.8344819", " 12782942.3763157", "10.0482323508124", " 8.41061484526263", " 7.31422802638588", " 8.1294805097998", " 11.3376378819992", " 12.8001357394298", "1.060", " 1.114", " 1.090", " 0.902", " 1.038", " 0.977", " 0.958", "0.08", " 0.16", " 0.12", " -0.15", " 0.05", " -0.03", " -0.06", "0.998833475612465", " 0.910636893431142", " 0.578037775880588", " 0.938757218916012", " 0.852295890691702", " 0.999572352633568", " 0.999993901183732", "1", " 1", " 1", " 1", " 1", " 1", " 1", "8.7", "7.9", " 7.5", " 7.1", " 7.9", " 8.2", " 8.4", " 8.7", " 8.7", " 8.7", " 8.4", " 8.7", " 7.6", " 8.7", " 8.7", " 8.4", " 8.4", " 8.0", " 7.6", " 8.7", " 8.4", " 8.7", " 8.0", " 8.0", " 7.9", " 8.6", " 7.1", " 7.9", " 7.5", " 7.9", " 7.1", " 7.9", " 8.6", " 8.2", " 7.9", " 7.9"
"50","","False","11-deoxy-16,16-dimethyl-PGE2","C22 H36 O4","Full match"," No results"," No results"," Full match"," Full match","-3.47","364.26009","363.25282","12.408","15282921.1110724","8","0","0","","","","No matches found"," No matches found"," No matches found"," No matches found"," No matches found","","Multiple matches found","PreferredDDA","","[M-H]-1","4819299.408022"," 7117055.61958272"," 11093099.2469036"," 10567020.6487505"," 5475464.74474897"," 7689734.00431027","41.9968566848833"," 36.2807412384658"," 19.2559638378376"," 26.4045676851034"," 31.5087423906786"," 42.7865279244931","1.477"," 2.193"," 1.559"," 0.494"," 1.050"," 0.728"," 0.712","0.56"," 1.13"," 0.64"," -1.02"," 0.07"," -0.46"," -0.49","0.623804738760231"," 0.00526130310125805"," 0.0861820661910231"," 0.0564179937026777"," 0.985689754637592"," 0.51796638890745"," 0.946280669172715","1"," 0.0936511952023933"," 1"," 0.597452087159126"," 1"," 1"," 1","7.7","4.8"," 4.3"," 3.9"," 4.3"," 4.1"," 6.1"," 2.9"," 5.0"," 6.0"," 4.8"," 7.0"," 7.7"," 5.1"," 5.8"," 7.3"," 4.3"," 7.2"," 3.4"," 6.5"," 5.7"," 6.5"," 6.1"," 4.9"," 5.7"," 4.4"," 3.5"," 6.0"," 5.2"," 5.5"," 5.5"," 4.5"," 3.2"," 4.7"," 5.1"," 0.9"
"185", "", "False", "(+/-)9-HODE", "C18 H32 O3", "Full match", " Full match", " No results", " Not the top hit", " Not the top hit", "3.65", "296.23623", "295.22895", "7.548", "14900959.1474492", "55", "9", "0", "88.4", "9.4", "", "No matches found", " No matches found", " No matches found", " No matches found", " No matches found", "", "Multiple matches found", "PreferredDDA", "CO2", "[M-H]-1", "2213486.46684948", " 3124489.14915", " 1823178.57338887", " 1398406.75882082", " 1527026.85162596", " 1241519.62725705", "44.4714714477077", " 108.997486077158", " 31.7530978226409", " 40.2787802759465", " 23.5753903436589", " 39.4785866719306", "1.412", " 0.632", " 0.584", " 0.838", " 1.304", " 0.888", " 1.230", "0.50", " -0.66", " -0.78", " -0.26", " 0.38", " -0.17", " 0.30", "0.776274836082231", " 0.522824187675134", " 0.397669744937708", " 0.99943577530202", " 0.997421970055099", " 0.99882249032774", " 0.996035815471724", "1", " 1", " 1", " 1", " 1", " 1", " 1", "5.4", "4.6", " 3.9", " ", " 4.5", " 1.2", " ", " 3.7", " ", " 4.6", " 4.7", " ", " 4.7", " ", " ", " 3.6", " ", " 2.9", " 3.6", " ", " ", " 3.9", " 3.1", " 5.2", " ", " 3.0", " 3.7", " 4.1", " 5.4", " 3.8", " ", " ", " ", " 2.9", " 3.8", " 4.0"
"166", "", "False", "NP-021701", "C15 H22 O4", "No match", " Invalid mass", " No results", " No results", " No results", "14.73", "266.15573", "265.14845", "7.283", "14867252.0313273", "0", "5", "0", "86.3", "9.3", "", "No matches found", " No matches found", " No matches found", " No matches found", " No matches found", "", "No matches found", "PreferredDDA", "", "[M-H]-1", "6676163.56206083", " 9503675.87279185", " 8472992.05909968", " 7051000.67135512", " 7258321.86039472", " 8347447.91349738", "2.91280003910707", " 34.5582056047062", " 31.8987316798873", " 37.5223231713208", " 15.0272085293195", " 22.2232420884534", "1.424", " 1.056", " 0.892", " 0.857", " 1.202", " 1.184", " 0.870", "0.51", " 0.08", " -0.17", " -0.22", " 0.27", " 0.24", " -0.20", "0.768265848891465", " 0.737098401665915", " 0.968391454510557", " 0.999750184619635", " 0.965057964507513", " 0.98378226590607", " 0.998701890731321", "1", " 1", " 1", " 1", " 1", " 1", " 1", "7.7", "", " 7.7", " ", " 5.8", " 7.3", " ", " 5.6", " 4.4", " 3.7", " 5.6", " 3.1", " 5.6", " 3.3", " 6.0", " 5.2", " 3.7", " 5.2", " 6.3", " 3.7", " 3.3", " 5.2", " 4.4", " 3.7", " 4.7", " 5.1", " 4.7", " 5.5", " ", " 4.9", " 5.3", " 4.0", " 3.8", " 5.7", " ", " 3.8"
"76", "", "False", "", "C36 H70 O3", "Full match", " No results", " No results", " No results", " No results", "1.29", "550.53321", "549.52592", "15.912", "14649621.7496858", "0", "0", "0", "", "", "", "No matches found", " No matches found", " No matches found", " No matches found", " No matches found", "", "No matches found", "PreferredDDA", "", "[M-H]-1", "10111038.4238313", " 11619753.6226568", " 13257611.8642953", " 10371243.9579098", " 10144247.1544734", " 11015928.707947", "12.182088658482", " 18.9606266430593", " 17.7042118404034", " 8.97807277050145", " 13.7180964484518", " 19.218961088617", "1.149", " 1.026", " 1.141", " 0.765", " 1.278", " 1.062", " 0.921", "0.20", " 0.04", " 0.19", " -0.39", " 0.35", " 0.09", " -0.12", "0.348925002986526", " 0.927916925673652", " 0.999879551371561", " 0.650090422475984", " 0.666432109863405", " 0.99960777094899", " 0.997991151513522", "1", " 1", " 1", " 1", " 1", " 1", " 1", "8.7", "7.9", " 7.9", " 7.9", " 6.3", " 6.0", " 7.3", " 5.1", " 6.2", " 6.6", " 6.2", " ", " 5.8", " 6.6", " 6.2", " 7.3", " 7.0", " 6.5", " 5.3", " 8.7", " 7.2", " 7.6", " 7.6", " 7.2", " 7.1", " 5.6", " 6.0", " 7.5", " 4.8", " 6.2", " 6.6", " 7.0", " 7.0", " 6.2", " 5.5", " 8.1"
"52","","False","8R,9S-cis-epoxy-10S-hydroxy-eicosa-11Z,14Z-dienoic acid.","C20 H34 O4","No match"," No results"," No results"," Not the top hit"," Full match","-4.70","338.24412","337.23684","12.166","14632602.4950347","20","0","0","","","","No matches found"," No matches found"," No matches found"," No matches found"," No matches found","","Multiple matches found","PreferredDDA","","[M-H]-1","6842547.42288563"," 7913764.25556342"," 10416829.7804363"," 9389490.02306458"," 8073995.14568672"," 9546776.6220941","19.753450730795"," 16.9808975372219"," 21.1140211363818"," 21.1641176029034"," 8.15194847140399"," 27.6964577376002","1.157"," 1.372"," 1.316"," 0.775"," 1.109"," 1.017"," 0.846","0.21"," 0.46"," 0.40"," -0.37"," 0.15"," 0.02"," -0.24","0.982634478201697"," 0.0295017797842713"," 0.161604369091749"," 0.237696203261117"," 0.999999995466143"," 0.763980080811257"," 0.876510413797767","1"," 0.35481870281083"," 1"," 1"," 1"," 1"," 1","7.6","4.3"," 6.2"," 3.2"," 7.0"," 5.8"," 5.8"," 6.6"," 3.9"," 5.1"," 3.9"," 5.7"," 5.7"," 5.3"," 5.3"," 4.9"," 4.9"," 4.9"," 5.7"," 4.2"," 4.9"," 6.1"," 4.9"," 4.9"," 7.2"," 6.8"," 6.8"," 7.6"," 6.8"," 5.7"," 5.3"," 5.3"," 4.6"," 4.9"," 4.9"," 3.8"
"150", "", "False", "29-Oxotriacontanoic acid", "C30 H58 O3", "Full match", " No results", " No results", " Full match", " Full match", "2.79", "466.43990", "465.43262", "13.702", "14439232.8450677", "1", "0", "0", "", "", "", "No matches found", " No matches found", " No matches found", " No matches found", " No matches found", "", "Single match found", "PreferredDDA", "", "[M-H]-1", "8050384.86327847", " 7362636.08540624", " 11924092.0308728", " 8192123.81180487", " 6505429.23236715", " 8198794.1539838", "39.7977082000734", " 15.0324419418188", " 22.5300914264183", " 23.2720551285387", " 27.8354910488517", " 40.4288573529716", "0.915", " 1.018", " 1.620", " 0.546", " 1.456", " 1.001", " 0.793", "-0.13", " 0.03", " 0.70", " -0.87", " 0.54", " 0.00", " -0.33", "0.999997470179603", " 0.999999999489751", " 0.447604496722136", " 0.0477945135857009", " 0.437046973947902", " 0.999983126396968", " 0.811120909750337", "1", " 1", " 1", " 0.597452087159126", " 1", " 1", " 1", "6.8", "2.2", " 4.8", " 4.1", " 3.7", " 4.2", " 6.2", " 5.5", " 6.2", " 5.1", " 4.7", " 4.6", " 2.7", " 4.9", " 3.8", " 5.3", " 5.7", " 3.8", " 4.9", " 4.2", " 3.1", " 6.8", " 4.3", " 6.5", " 2.7", " 3.2", " 6.1", " 5.3", " 5.7", " 4.3", " 3.9", " 1.8", " 3.6", " 3.9", " 2.4", " 4.7"
"67", "", "False", "Arachidonic acid", "C20 H32 O2", "Full match", " Full match", " No results", " Full match", " Not the top hit", "2.55", "304.24101", "303.23373", "10.435", "14180976.1550266", "51", "2", "0", "94.2", "9.7", "", "No matches found", " No matches found", " No matches found", " No matches found", " No matches found", "", "Multiple matches found", "PreferredDDA", "CO2", "[M-H]-1", "2184070.72597621", " 1089933.55681242", " 3426890.29043968", " 8076245.41224201", " 1643926.80995588", " 6577485.81190865", "57.786384504314", " 17.937140880703", " 10.0581628142483", " 38.0913467579767", " 72.926503563706", " 34.9898127579833", "0.499", " 3.698", " 3.144", " 0.480", " 0.424", " 0.814", " 0.250", "-1.00", " 1.89", " 1.65", " -1.06", " -1.24", " -0.30", " -2.00", "0.620911427947064", " 0.00318471041660184", " 0.0852576160680586", " 0.387496952486613", " 0.23477186496442", " 0.774003506390106", " 0.0139353087176306", "1", " 0.0644180061539918", " 1", " 1", " 1", " 1", " 0.752506670752052", "6.3", "4.5", " 4.2", " ", " 4.8", " ", " ", " 3.6", " 5.2", " 5.5", " 4.2", " 3.8", " ", " ", " ", " ", " 6.1", " 6.0", " 5.6", " 4.1", " 3.7", " 2.6", " ", " 2.2", " ", " 5.2", " ", " 4.8", " ", " 6.0", " ", " 5.1", " 4.4", " 2.9", " 3.3", " 6.3"
"160", "", "False", "Tricosylic acid", "C23 H46 O2", "Full match", " No results", " No results", " Full match", " Full match", "3.83", "354.35114", "353.34386", "16.646", "13632979.7573536", "8", "0", "0", "", "", "", "No matches found", " No matches found", " No matches found", " No matches found", " No matches found", "", "Multiple matches found", "PreferredDDA", "", "[M-H]-1", "7148286.58096242", " 6784875.78161494", " 8037661.70389732", " 7251722.08052707", " 11524509.3689723", " 9823293.03391116", "19.8510648279226", " 14.7353125244103", " 29.6193741602303", " 5.49331719028138", " 28.0673932775296", " 16.1189769156997", "0.949", " 1.014", " 1.185", " 1.434", " 1.108", " 1.355", " 1.173", "-0.08", " 0.02", " 0.24", " 0.52", " 0.15", " 0.44", " 0.23", "0.990937898087121", " 0.930440669480104", " 0.777699732901844", " 0.951949055483491", " 0.510827995819377", " 0.182724418240867", " 0.999237881607309", "1", " 1", " 1", " 1", " 1", " 1", " 1", "8.4", "7.3", " 6.2", " 7.0", " 6.6", " 7.7", " 7.9", " 6.3", " 8.2", " 6.7", " 7.1", " 4.6", " 5.7", " 4.2", " 5.3", " 6.1", " 5.3", " 8.0", " 8.0", " 7.6", " 8.0", " 8.4", " 8.0", " 8.0", " 5.7", " 5.7", " 5.7", " 5.7", " 5.7", " 6.6", " 7.0", " 6.2", " 6.2", " 5.8", " 7.0", " 7.3"
"119", "", "False", "trans-10-Heptadecenoic acid", "C17 H32 O2", "Full match", " Full match", " No results", " Not the top hit", " Not the top hit", "1.51", "268.24064", "267.23336", "11.551", "13562680.8961462", "51", "2", "0", "96.4", "9.8", "", "No matches found", " No matches found", " No matches found", " No matches found", " No matches found", "", "Multiple matches found", "PreferredDDA", "", "[M-H]-1", "7109081.20140809", " 9392665.04661504", " 10620118.9926671", " 10485157.7075386", " 7836396.7214066", " 9215837.51436983", "25.4021012188241", " 18.3612774627854", " 14.7464358886812", " 20.157426045802", " 11.2567210203278", " 21.9337280607075", "1.321", " 1.475", " 1.131", " 0.738", " 1.013", " 0.879", " 0.850", "0.40", " 0.56", " 0.18", " -0.44", " 0.02", " -0.19", " -0.23", "0.343626274108615", " 0.00203341334093865", " 0.418299161257451", " 0.235802302286493", " 0.999983181337728", " 0.756202036937597", " 0.795041442327214", "1", " 0.0430889969865571", " 1", " 1", " 1", " 1", " 1", "7.1", "5.7", " 5.3", " 3.6", " 4.9", " 4.2", " 5.5", " 6.2", " 5.8", " 5.5", " 6.2", " 6.7", " 6.0", " 6.3", " 6.0", " 6.7", " 6.7", " 5.7", " 5.3", " 4.2", " 6.1", " 6.5", " 5.7", " 5.7", " 4.1", " 7.1", " 6.0", " 7.1", " 6.3", " 5.3", " 5.3", " 4.6", " 5.3", " 5.3", " 6.5", " 6.1"
"83","","False","2-[(1S,2S,4aR,8aS)-1-hydroxy-4a-methyl-8-methylidene-decahydronaphthalen-2-yl]prop-2-enoic acid","C15 H22 O3","Full match"," Full match"," No results"," Partial match"," Partial match","4.81","250.15810","249.15082","8.097","13289248.5240245","23","7","0","96.2","9.8","","No matches found"," No matches found"," No matches found"," No matches found"," No matches found","","Multiple matches found","PreferredDDA","CO2","[M-H]-1","5635395.34235085"," 3205331.39220361"," 5753088.25781512"," 4050047.23905938"," 3417266.73025289"," 3250790.94796661","85.702693617287"," 68.1226341078463"," 45.2883661853341"," 44.5473130947254"," 39.6978775978849"," 14.8535043077236","0.569"," 0.719"," 1.795"," 0.594"," 1.420"," 0.803"," 1.051","-0.81"," -0.48"," 0.84"," -0.75"," 0.51"," -0.32"," 0.07","0.999996814576088"," 0.999999388671162"," 0.788850532957419"," 0.862644130801179"," 0.750567717880366"," 0.996218290108213"," 0.992705643165921","1"," 1"," 1"," 1"," 1"," 1"," 1","8.4","6.2"," 6.6"," 4.8"," 3.6"," 6.6"," 5.0"," 6.6"," 5.0"," 6.2"," 5.6"," 5.8"," 6.6"," 4.8"," 5.8"," 6.2"," 5.6"," 3.5"," 5.2"," 5.1"," 6.6"," 4.5"," 6.0"," 6.0"," 5.7"," 6.9"," 6.9"," 6.7"," 6.9"," 7.2"," 6.5"," 8.4"," 7.2"," 7.2"," 8.0"," 8.0"
"408", "", "False", "", "", "No results", " No results", " No results", " No results", " No results", "", "202.81216", "201.80488", "1.698", "13169090.4739047", "0", "0", "0", "", "", "", "No matches found", " No matches found", " No matches found", " No matches found", " No matches found", "", "No matches found", "PreferredDDA", "", "[M-H]-1", "3736169.18506311", " 2011474.60186663", " 1030813.28008567", " 2026548.56506715", " 2340972.67519299", " 7015692.99970797", "82.0091582500511", " 102.100785980019", " 57.5466029278084", " 49.2086499493891", " 49.4841270420049", " 87.3630677533503", "0.538", " 0.542", " 0.512", " 2.271", " 0.509", " 3.462", " 0.334", "-0.89", " -0.88", " -0.96", " 1.18", " -0.98", " 1.79", " -1.58", "0.999999676942884", " 0.999999967542866", " 0.996012392227453", " 0.938159461942975", " 0.991184001967325", " 0.849469283558162", " 0.985144563991204", "1", " 1", " 1", " 1", " 1", " 1", " 1", "5.0", "3.0", " ", " ", " 2.6", " 3.8", " 3.4", " ", " 2.6", " ", " ", " 3.4", " 4.0", " 3.9", " ", " ", " ", " 3.5", " ", " ", " 4.4", " ", " 4.6", " ", " ", " ", " 5.0", " ", " 3.7", " ", " ", " ", " ", " 4.4", " 2.8", " 2.8"
"172", "", "False", "NP-011548", "C18 H34 O3", "Full match", " Full match", " No results", " Partial match", " Partial match", "3.34", "298.25179", "297.24452", "8.664", "13081157.3300836", "73", "1", "0", "93.1", "9.7", "", "No matches found", " No matches found", " No matches found", " No matches found", " No matches found", "", "Multiple matches found", "PreferredDDA", "CO2", "[M-H]-1", "4886805.72562363", " 4904410.35617268", " 3483300.18927953", " 4069215.2532768", " 2871908.49353551", " 4293811.42822682", "66.2379469368094", " 34.0667602789397", " 48.3348346198111", " 23.9940275343089", " 31.9954851126872", " 28.4093587093154", "1.004", " 0.833", " 0.710", " 0.824", " 0.856", " 1.055", " 0.669", "0.01", " -0.26", " -0.49", " -0.28", " -0.22", " 0.08", " -0.58", "0.968705219561527", " 0.587043766020033", " 0.914359474667182", " 0.99914597573304", " 0.999999976985599", " 0.999999271189554", " 0.998192412948425", "1", " 1", " 1", " 1", " 1", " 1", " 1", "5.2", "4.1", " 3.0", " ", " 4.7", " 2.8", " 4.2", " 5.2", " 4.2", " 4.2", " 2.6", " 1.8", " 2.8", " 3.3", " 5.1", " 3.7", " 2.3", " ", " ", " 3.6", " 4.7", " 3.6", " 3.6", " 5.1", " ", " ", " 3.5", " 3.1", " 2.3", " ", " 2.8", " ", " ", " 4.3", " ", " 4.3"
"118", "", "False", "13(S)-HOTrE", "C18 H30 O3", "Full match", " Full match", " No results", " Not the top hit", " Not the top hit", "3.51", "294.22053", "293.21325", "6.292", "13040332.8208313", "66", "3", "0", "88.9", "9.4", "", "No matches found", " No matches found", " No matches found", " No matches found", " No matches found", "", "Multiple matches found", "PreferredDDA", "CO2", "[M-H]-1", "1863874.11550684", " 3217062.3609698", " 1512790.80226268", " 1606134.94581101", " 841000.918368099", " 871983.492890422", "131.052398002823", " 74.0328830459861", " ", " 33.2990876774197", " ", " 20.9988066240492", "1.726", " 0.862", " 0.470", " 0.556", " 0.942", " 0.543", " 0.964", "0.79", " -0.21", " -1.09", " -0.85", " -0.09", " -0.88", " -0.05", "0.999991991574741", " 0.909154275341451", " ", " ", " ", " 0.77938325579813", " ", "1", " 1", " ", " ", " ", " 1", " ", "3.9", "0.8", " 1.0", " ", " 2.4", " 2.0", " ", " 0.6", " 3.9", " ", " 2.2", " ", " 3.1", " ", " ", " ", " ", " 2.9", " 3.6", " ", " 1.9", " 2.2", " 3.1", " 3.6", " ", " ", " ", " ", " 1.7", " ", " 3.1", " 3.1", " ", " 2.8", " ", " 2.4"
"296", "", "False", "", "C32 H55 N O6 S", "Full match", " No results", " No results", " No results", " No results", "-4.82", "581.37220", "580.36493", "9.447", "12851332.9583121", "0", "0", "0", "", "", "", "No matches found", " No matches found", " No matches found", " No matches found", " No matches found", "", "No matches found", "PreferredDDA", "", "[M-H]-1", "2188176.39956667", " 2657254.18411764", " 6033490.22620899", " 6223543.41462166", " 6433542.4796092", " 3910179.59688664", "37.3923484235478", " 8.6580302293884", " 60.3557003431315", " 34.5751528495927", " 60.9902258571733", " 88.3001143756981", "1.214", " 2.844", " 2.271", " 1.066", " 0.969", " 0.628", " 1.645", "0.28", " 1.51", " 1.18", " 0.09", " -0.04", " -0.67", " 0.72", "0.99950374214098", " 0.128340267788895", " 0.744987951248608", " 0.99999973843886", " 0.969071758153996", " 0.760125611425294", " 0.986120653167102", "1", " 0.921151922033195", " 1", " 1", " 1", " 1", " 1", "5.1", "3.6", " 2.7", " 1.3", " ", " ", " 5.1", " ", " ", " 4.7", " ", " 1.7", " 1.0", " 3.2", " 3.2", " 2.6", " 3.6", " 2.3", " 3.3", " 3.3", " 2.6", " 3.7", " 2.6", " 2.9", " 3.0", " 3.6", " 3.2", " 3.3", " ", " 1.8", " ", " ", " 3.6", " 1.4", " ", " 0.8"
"59", "", "False", "", "C22 H39 P", "Full match", " No results", " No results", " No results", " No results", "2.58", "334.27980", "333.27252", "9.515", "12695487.271499", "0", "0", "0", "", "", "", "No matches found", " No matches found", " No matches found", " No matches found", " No matches found", "", "No matches found", "PreferredDDA", "", "[M-H]-1", "5615132.98606987", " 7228201.40014104", " 9072708.33657258", " 10413362.0033945", " 7182751.18963515", " 7683150.77184319", "49.0344551721094", " 31.7034150585488", " 22.9254533139197", " 21.245333126762", " 19.7758783694861", " 23.9154085148142", "1.287", " 1.855", " 1.255", " 0.792", " 0.871", " 0.738", " 0.935", "0.36", " 0.89", " 0.33", " -0.34", " -0.20", " -0.44", " -0.10", "0.647937653996512", " 0.0128734176127648", " 0.638246379897171", " 0.934219306302235", " 0.998789498336604", " 0.914966634031454", " 0.998133983696523", "1", " 0.197540373713116", " 1", " 1", " 1", " 1", " 1", "8.0", "6.2", " 5.5", " 4.8", " 6.2", " 4.7", " 6.5", " 7.1", " 6.7", " 5.6", " 6.0", " 7.2", " 6.8", " 6.8", " 7.2", " 7.2", " 6.8", " 7.6", " 8.0", " 5.3", " 6.8", " 7.2", " 6.1", " 6.5", " 6.2", " 7.3", " 7.0", " 7.7", " 7.3", " 7.2", " 7.2", " 5.5", " 6.8", " 6.8", " 8.0", " 7.6"
"924", "", "False", "(3'-sulfo)Galbeta-Cer(d18:1/22:0(2OH))", "C46 H89 N O12 S", "No match", " No results", " No results", " Full match", " Full match", "-2.03", "879.60876", "878.60148", "15.308", "12664123.2372112", "1", "0", "0", "", "", "", "No matches found", " No matches found", " No matches found", " No matches found", " No matches found", "", "Single match found", "PreferredDDA", "", "[M-H]-1", "", " ", " 12245074.5437314", " 8155434.64383678", " 9522575.34234602", " ", "", " ", " 4.83969569558308", " 13.9458357677366", " 21.8201509562971", " ", "", " Infinity", " Infinity", " 0.778", " 1.501", " 0.000", " Infinity", "", " Infinity", " Infinity", " -0.36", " 0.59", " -Infinity", " Infinity", "", " ", " ", " 0.333586472588068", " 0.144671226266073", " ", " ", "", " ", " ", " 1", " 1", " ", " ", "4.7", "", " ", " ", " ", " ", " ", " ", " ", " ", " ", " ", " 4.3", " ", " ", " 4.7", " ", " ", " ", " ", " ", " 4.1", " 3.7", " ", " ", " 2.3", " 3.1", " ", " ", " ", " ", " ", " ", " ", " ", " "
"203", "", "False", "", "C12 H32 N6 O S2", "Full match", " No results", " No results", " No results", " No results", "1.41", "340.20838", "339.20110", "9.871", "12659487.1745017", "0", "0", "0", "", "", "", "No matches found", " No matches found", " No matches found", " No matches found", " No matches found", "", "No matches found", "PreferredDDA", "", "[M-H]-1", "6802278.08180366", " ", " 6721095.97854441", " ", " ", " 10225456.3853689", "", " ", " ", " ", " ", " 33.663430007394", "0.000", " 0.000", " Infinity", " 0.000", " Infinity", " Infinity", " 0.000", "-Infinity", " -Infinity", " Infinity", " -Infinity", " Infinity", " Infinity", " -Infinity", "", " ", " ", " ", " ", " ", " ", "", " ", " ", " ", " ", " ", " ", "5.6", "", " 4.3", " ", " ", " ", " ", " ", " ", " ", " ", " ", " ", " ", " ", " ", " 5.1", " ", " ", " ", " ", " ", " ", " ", " ", " ", " ", " ", " ", " ", " ", " ", " ", " 4.8", " 5.6", " "
"329", "", "False", "", "", "No results", " No results", " No results", " No results", " No results", "", "224.85872", "223.85145", "1.681", "12174493.0801369", "0", "0", "0", "", "", "", "No matches found", " No matches found", " No matches found", " No matches found", " No matches found", "", "No matches found", "PreferredDDA", "", "[M-H]-1", "1621197.21141937", " 1059085.90150999", " ", " 528882.599464573", " 939310.092001998", " 7978531.97251782", "10.5286217235857", " ", " ", " 2.81754870589222", " ", " 74.3743977717283", "0.653", " 0.326", " 0.000", " Infinity", " 0.000", " 15.086", " 0.118", "-0.61", " -1.62", " -Infinity", " Infinity", " -Infinity", " 3.92", " -3.09", "", " 0.334917354338824", " ", " ", " ", " 0.0500689633965917", " ", "", " 1", " ", " ", " ", " 0.752599106055019", " ", "7.2", "5.5", " ", " ", " 5.5", " ", " ", " ", " 3.3", " ", " ", " ", " ", " ", " ", " ", " ", " 6.1", " ", " ", " ", " ", " 7.2", " ", " ", " ", " ", " ", " 4.0", " ", " ", " ", " ", " ", " 4.3", " 4.5"
"62", "", "False", "FAHFA 16:0/18:2", "C34 H62 O4", "Not the top hit", " No results", " Full match", " No results", " No results", "-3.62", "534.46287", "533.45560", "12.161", "12122821.6733049", "0", "0", "1", "", "", "73.4", "No matches found", " No matches found", " No matches found", " Single match found", " No matches found", "", "No matches found", "PreferredDDA", "", "[M-H]-1", "3851195.58907954", " 5202683.27886458", " 6322743.15266555", " 7553049.98057969", " 4121292.76833378", " 5925435.68926916", "42.1296377675136", " 24.1882197420497", " 31.2626549846823", " 31.6738302782376", " 51.388146880318", " 40.3720264747553", "1.351", " 1.961", " 1.215", " 0.652", " 0.837", " 0.785", " 0.696", "0.43", " 0.97", " 0.28", " -0.62", " -0.26", " -0.35", " -0.52", "0.98275324553024", " 0.15284738797963", " 0.71164640673054", " 0.130418242139199", " 0.99881924724294", " 0.952130430947891", " 0.188877986588807", "1", " 1", " 1", " 1", " 1", " 1", " 1", "6.9", "3.5", " 4.1", " ", " 6.2", " 3.7", " 5.5", " 6.5", " 5.1", " 4.9", " 4.9", " ", " 6.9", " 6.0", " 6.0", " 6.0", " 5.2", " 4.4", " 6.3", " 4.1", " 4.1", " 4.8", " 6.0", " 4.8", " 2.1", " 5.2", " 4.5", " 5.8", " 5.2", " 4.3", " 3.0", " 3.3", " 2.8", " 5.1", " 5.1", " 5.5"
"217", "", "False", "", "C35 H53 N O4 P2", "Full match", " No results", " No results", " No results", " No results", "-1.95", "613.34379", "612.33651", "6.972", "12003491.8489712", "0", "0", "0", "", "", "", "No matches found", " No matches found", " No matches found", " No matches found", " No matches found", "", "No matches found", "PreferredDDA", "", "[M-H]-1", "2735132.26479833", " 2327621.91509191", " 4993494.09966124", " 3975132.17239355", " 3209582.02514012", " 3246127.91858167", "61.0912778424201", " 34.2485742329657", " 60.7577003236472", " 43.9737046526734", " 25.570867662014", " 70.1675706459969", "0.851", " 1.453", " 2.145", " 0.643", " 1.256", " 0.817", " 0.989", "-0.23", " 0.54", " 1.10", " -0.64", " 0.33", " -0.29", " -0.02", "0.999999710444373", " 0.876482856636455", " 0.368664010431254", " 0.664670670146731", " 0.981413406592299", " 0.703915405831533", " 0.998175002849487", "1", " 1", " 1", " 1", " 1", " 1", " 1", "5.1", "3.3", " 2.7", " ", " ", " ", " 2.9", " 3.2", " ", " 4.2", " 4.2", " 4.5", " 4.3", " 4.5", " 5.1", " 3.9", " ", " 3.0", " 3.7", " 3.7", " 4.7", " 3.9", " 4.5", " 3.0", " 4.3", " 4.3", " 5.1", " 5.1", " 4.5", " 4.1", " 3.3", " 2.0", " 3.6", " 3.3", " ", " 2.3"
"77", "", "False", "LMST01031183", "C29 H44 O4", "Not the top hit", " No results", " No results", " Not the top hit", " Full match", "1.75", "456.32476", "455.31748", "11.080", "11681409.5765271", "11", "0", "0", "", "", "", "No matches found", " No matches found", " No matches found", " No matches found", " No matches found", "", "Multiple matches found", "PreferredDDA", "CO2", "[M-H]-1", "3111496.47597873", " 9487309.59267779", " ", " 4726583.83150899", " ", " 4786030.85816331", "79.8071584730371", " 32.7060682910259", " ", " 57.826749447047", " ", " 54.7006798220234", "3.049", " 1.519", " 0.000", " ", " 0.000", " 1.013", " 0.000", "1.61", " 0.60", " -Infinity", " ", " -Infinity", " 0.02", " -Infinity", "0.390181537608622", " 0.9677338262372", " ", " ", " ", " 0.99303416955336", " ", "1", " 1", " ", " ", " ", " 1", " ", "6.2", "2.0", " 3.7", " 5.9", " 6.2", " 5.5", " 5.2", " 4.8", " ", " ", " ", " ", " ", " ", " ", " ", " ", " 5.6", " 4.7", " ", " ", " ", " ", " ", " ", " ", " ", " ", " ", " ", " 4.7", " ", " 2.7", " 4.1", " ", " "
"58", "", "False", "ascr#30", "C23 H44 O6", "Not the top hit", " No results", " No results", " Full match", " Full match", "2.71", "416.31492", "415.30764", "10.743", "11324417.326927", "2", "0", "0", "", "", "", "No matches found", " No matches found", " No matches found", " No matches found", " No matches found", "", "Multiple matches found", "PreferredDDA", "", "[M-H]-1", "2805396.87719443", " 1838751.45960706", " 3922032.24040266", " 2021456.99575895", " 2121373.19339508", " 3399725.60059743", "", " 29.2947922161126", " 44.2046305430483", " 87.7376164467858", " 62.9467257283343", " 71.2192097384726", "0.655", " 0.721", " 2.133", " 0.541", " 1.940", " 1.682", " 0.624", "-0.61", " -0.47", " 1.09", " -0.89", " 0.96", " 0.75", " -0.68", "", " ", " 0.868324937096998", " 0.895124112725737", " 0.999999982466578", " 0.999988592135903", " 0.796298533628166", "", " ", " 1", " 1", " 1", " 1", " 1", "5.6", "4.1", " ", " ", " ", " ", " 3.7", " 5.6", " ", " 5.6", " 5.5", " 4.8", " ", " 3.9", " 3.0", " 2.6", " 4.8", " 3.9", " 1.6", " 5.2", " 5.5", " 5.1", " 2.0", " 5.2", " 3.3", " 4.0", " 4.6", " 3.7", " 3.7", " 3.1", " 2.7", " ", " 4.7", " 3.7", " 5.5", " 3.7"
"197","","False","PE(0:0/24:6(6Z,9Z,12Z,15Z,18Z,21Z))","C29 H48 N O7 P","Full match"," No results"," No results"," Full match"," Full match","-0.37","553.31664","552.30936","6.974","11080538.4875578","2","0","0","","","","No matches found"," No matches found"," No matches found"," No matches found"," No matches found","","Multiple matches found","PreferredDDA","","[M-H]-1","4286778.11823136"," 2504686.78729402"," 5147232.0462434"," 3273281.00522577"," 2795211.13607833"," 3589735.23697623",""," 48.5146794922072"," 50.605378358519"," 52.319642493085"," 30.3850331392045"," 69.7014448726694","0.584"," 0.764"," 2.055"," 0.543"," 1.572"," 1.097"," 0.779","-0.78"," -0.39"," 1.04"," -0.88"," 0.65"," 0.13"," -0.36",""," "," 0.417283690265044"," 0.564938929717596"," 0.925793101680149"," 0.918260037493398"," 0.99999646189921",""," "," 1"," 1"," 1"," 1"," 1","4.7","1.8"," "," "," "," "," "," 1.4"," "," 1.8"," 3.7"," 4.5"," 3.9"," 4.7"," 4.3"," 3.3"," 3.7"," 2.6"," 3.7"," 3.7"," 4.3"," 4.3"," 3.3"," 2.0"," 3.1"," 3.8"," 2.7"," 3.8"," 2.9"," 2.6"," 3.7"," 2.3"," 3.2"," 4.1"," "," 1.5"
"140", "", "False", "", "C40 H45 N5 O2", "Full match", " No results", " No results", " No results", " No results", "2.93", "627.35917", "626.35189", "6.984", "10999431.2785945", "0", "0", "0", "", "", "", "No matches found", " No matches found", " No matches found", " No matches found", " No matches found", "", "No matches found", "PreferredDDA", "", "[M-H]-1", "3771066.06283649", " 3319996.21994838", " 6652890.93182886", " 5418697.29408788", " 4509323.71432575", " 3748460.54832959", "60.187335427197", " 31.0608984035145", " 31.5752866814038", " 43.2801637094481", " 32.648186703925", " 70.7241185274208", "0.880", " 1.437", " 2.004", " 0.678", " 1.228", " 0.692", " 1.203", "-0.18", " 0.52", " 1.00", " -0.56", " 0.30", " -0.53", " 0.27", "0.99999967651204", " 0.73403579073084", " 0.308922730248155", " 0.58867973010451", " 0.999185706382715", " 0.730481159930846", " 0.999999998533702", "1", " 1", " 1", " 1", " 1", " 1", " 1", "5.8", "4.7", " 2.7", " ", " ", " ", " 4.0", " 3.5", " ", " 4.2", " 4.2", " 4.4", " 4.4", " 5.2", " 4.8", " 4.6", " 4.1", " 3.3", " 4.8", " 4.7", " 5.5", " 5.8", " 4.8", " 4.3", " 3.8", " 5.2", " 5.0", " 5.6", " 3.8", " 3.7", " 4.8", " 3.7", " 4.7", " 4.3", " ", " 2.7"
"70", "", "False", "", "C22 H37 P", "Full match", " No results", " No results", " No results", " No results", "2.76", "332.26420", "331.25693", "8.925", "10726214.1881688", "0", "0", "0", "", "", "", "No matches found", " No matches found", " No matches found", " No matches found", " No matches found", "", "No matches found", "PreferredDDA", "", "[M-H]-1", "4020919.538762", " 6074988.83317456", " 6626323.25530169", " 7489121.50207831", " 6387160.75837426", " 6613580.04924256", "57.2363966395935", " 32.8033323138213", " 30.6900406382058", " 26.2629356734284", " 19.7676320332855", " 25.5367273198476", "1.511", " 1.863", " 1.091", " 0.964", " 0.885", " 0.883", " 0.966", "0.60", " 0.90", " 0.13", " -0.05", " -0.18", " -0.18", " -0.05", "0.165574811165877", " 0.0049314826010125", " 0.856980706654315", " 0.999382710335999", " 0.99999017914048", " 0.993117404995802", " 0.999999998746194", "1", " 0.0914379065604402", " 1", " 1", " 1", " 1", " 1", "7.6", "5.8", " 5.2", " 4.8", " 6.0", " 5.8", " 6.1", " 6.3", " 6.0", " 6.0", " 5.6", " 6.0", " 5.6", " 5.7", " 6.3", " 6.7", " 5.6", " 7.0", " 6.5", " 6.8", " 6.5", " 7.6", " 6.8", " 7.6", " 7.3", " 5.1", " 5.1", " 7.3", " 6.7", " 6.8", " 6.1", " 7.0", " 6.8", " 6.8", " 7.6", " 6.6"
"393", "", "False", "", "C38 H77 N2 P", "Full match", " No results", " No results", " No results", " No results", "-0.24", "592.58230", "591.57502", "16.735", "10505002.7367098", "0", "0", "0", "", "", "", "No matches found", " No matches found", " No matches found", " No matches found", " No matches found", "", "No matches found", "PreferredDDA", "", "[M-H]-1", "3284761.73524945", " 4351479.81129294", " 3110810.46603934", " 3086781.45345595", " 2881780.01758975", " 3079782.5491869", "15.3470039227797", " 45.7594089741298", " 69.8068297697284", " 21.5379520927445", " 35.5077969275745", " 45.2020267145287", "1.325", " 0.940", " 0.715", " 0.926", " 1.008", " 0.998", " 0.936", "0.41", " -0.09", " -0.48", " -0.11", " 0.01", " 0.00", " -0.10", "0.709982555880863", " 0.999999994935753", " 0.995559823744659", " 0.990831343644194", " 0.900225481157077", " 0.982850239086212", " 0.999869600278965", "1", " 1", " 1", " 1", " 1", " 1", " 1", "5.6", "5.6", " 4.5", " 3.0", " 5.6", " 3.0", " 4.1", " 3.9", " 2.6", " 3.0", " 3.0", " 4.5", " 3.6", " 3.0", " 4.1", " 3.3", " 3.7", " 3.2", " 4.7", " 3.6", " 4.0", " 3.6", " 5.5", " 3.2", " 4.2", " 3.7", " 1.6", " 3.8", " 2.7", " 2.6", " 2.2", " 3.6", " 2.2", " 1.8", " 3.7", " 3.0"
"96", "", "False", "ADB-CHMICA", "C22 H31 N3 O2", "No match", " Invalid mass", " No results", " No results", " No results", "7.05", "369.24423", "368.23695", "13.047", "10409254.617684", "0", "2", "0", "93.5", "9.7", "", "No matches found", " No matches found", " No matches found", " No matches found", " No matches found", "", "No matches found", "PreferredDDA", "", "[M-H]-1", "2919263.7349841", " 3270217.5058896", " 1271612.25553746", " 2258568.82063078", " 1966709.05354042", " 1972336.07742774", "60.2602051560402", " 81.9652235606529", " 33.290167799698", " 64.3886732881884", " 53.5798797546654", " 46.0141647915748", "1.120", " 0.774", " 0.389", " 1.547", " 0.563", " 0.873", " 0.997", "0.16", " -0.37", " -1.36", " 0.63", " -0.83", " -0.20", " 0.00", "0.880242770675974", " 0.837888055660683", " 0.076399484586479", " 0.97823005163392", " 0.963316325766824", " 0.99959173489352", " 0.999935480302485", "1", " 1", " 1", " 1", " 1", " 1", " 1", "6.3", "5.6", " 4.8", " 1.7", " 3.9", " 6.2", " 4.8", " 5.5", " ", " ", " 3.7", " 5.1", " 6.3", " 1.6", " 6.3", " 4.1", " 4.5", " 3.8", " 3.0", " 6.0", " 3.5", " ", " ", " 3.6", " 4.4", " 5.5", " 5.4", " 5.6", " 3.1", " 5.4", " 5.2", " 2.3", " 4.6", " 6.1", " 3.5", " 1.1"
"94", "", "False", "", "", "No results", " No results", " No results", " No results", " No results", "", "220.85421", "255.82326", "1.447", "10148956.0244908", "0", "0", "0", "", "", "", "No matches found", " No matches found", " No matches found", " No matches found", " No matches found", "", "No matches found", "PreferredDDA", "", "[M+Cl]-1", "3225293.497315", " 3193990.48903855", " ", " ", " 3456079.05849172", " 10148956.0244908", "29.2008839967104", " ", " ", " ", " ", " ", "0.990", " 0.000", " 0.000", " Infinity", " ", " Infinity", " 0.341", "-0.01", " -Infinity", " -Infinity", " Infinity", " ", " Infinity", " -1.55", "", " ", " ", " ", " ", " ", " ", "", " ", " ", " ", " ", " ", " ", "6.6", "6.2", " ", " ", " 6.6", " ", " ", " ", " 5.6", " ", " ", " ", " ", " ", " ", " ", " ", " ", " ", " ", " ", " ", " ", " ", " ", " ", " ", " ", " 5.2", " ", " ", " ", " ", " ", " 3.6", " "
"57", "", "False", "", "C38 H77 N2 O3 P", "Full match", " No results", " No results", " No results", " No results", "2.15", "640.56856", "639.56128", "12.411", "10024144.2953866", "0", "0", "0", "", "", "", "No matches found", " No matches found", " No matches found", " No matches found", " No matches found", "", "No matches found", "PreferredDDA", "", "[M-H]-1", "3492222.81960815", " 3734903.92818914", " 7634057.80704587", " 7133445.06824955", " 2710353.91397947", " 5047915.48287685", "16.6874950426684", " 48.2062216601052", " 13.8612601800722", " 30.1841557377261", " 23.9795914830677", " 51.6243462039703", "1.069", " 2.043", " 2.044", " 0.355", " 1.070", " 0.708", " 0.537", "0.10", " 1.03", " 1.03", " -1.49", " 0.10", " -0.50", " -0.90", "0.99999292111224", " 0.0632537292330626", " 0.0612237160756698", " 0.00314970384452362", " 0.999950408944193", " 0.349057557149343", " 0.210651804994445", "1", " 0.598891691674742", " 1", " 0.0929162634134468", " 1", " 1", " 1", "7.9", "6.7", " 6.4", " ", " 6.0", " 7.1", " 3.9", " 2.2", " 4.5", " 4.5", " 5.5", " 7.9", " 6.7", " 7.1", " ", " 3.3", " 6.7", " 5.4", " 4.6", " 4.8", " 4.8", " 3.3", " 4.4", " 4.4", " 7.4", " 4.3", " 5.6", " 5.5", " 5.3", " 5.2", " ", " 4.2", " 4.3", " 2.6", " 3.9", " 1.7"
"95", "", "False", "Stoloniferone A", "C28 H42 O3", "Full match", " No results", " No results", " Not the top hit", " Full match", "2.62", "426.31451", "425.30724", "13.046", "9843817.79225219", "12", "0", "0", "", "", "", "No matches found", " No matches found", " No matches found", " No matches found", " No matches found", "", "Multiple matches found", "PreferredDDA", "", "[M-H]-1", "2690220.76537121", " 2419964.30231995", " 861649.28069101", " 2150985.35016404", " 1733640.59311119", " 1900642.33515726", "52.5316185186836", " 104.087362939084", " 62.2519064214381", " 37.1827099623136", " 50.4073734787866", " 22.5921314070363", "0.900", " 0.800", " 0.356", " 2.012", " 0.401", " 0.884", " 0.912", "-0.15", " -0.32", " -1.49", " 1.01", " -1.32", " -0.18", " -0.13", "1", " 0.993321444549361", " 0.0814868419959937", " 0.503376370252066", " 0.215690027603033", " 0.999934467074182", " 0.998592757977284", "1", " 1", " 1", " 1", " 1", " 1", " 1", "6.4", "4.8", " 1.8", " ", " 5.0", " 6.4", " 4.5", " 5.1", " ", " 2.5", " 3.5", " ", " 3.0", " ", " 4.6", " 3.6", " 5.2", " 5.7", " 2.3", " 5.4", " 5.9", " ", " ", " ", " ", " 2.1", " 2.7", " 3.7", " 2.7", " 4.9", " 5.6", " ", " 6.0", " 6.4", " ", " "
"84", "", "False", "11-deoxy-11-methylene-15-keto-PGD2", "C21 H32 O4", "No results", " No results", " No results", " Partial match", " Full match", "-4.21", "348.22859", "347.22132", "11.093", "9831684.30482973", "21", "0", "0", "", "", "", "No matches found", " No matches found", " No matches found", " No matches found", " No matches found", "", "Multiple matches found", "PreferredDDA", "", "[M-H]-1", "5065234.47091562", " 4349192.52067241", " 6687429.0569908", " 6061052.12308857", " 3998341.57291927", " 6936885.01799291", "53.8600782973708", " 53.2237605788853", " 31.986611230256", " 37.5856599457186", " 30.7427503064626", " 43.4178044510528", "0.859", " 1.197", " 1.538", " 0.598", " 1.103", " 1.145", " 0.576", "-0.22", " 0.26", " 0.62", " -0.74", " 0.14", " 0.19", " -0.79", "0.999998749267198", " 0.656822444279413", " 0.778558472229775", " 0.897166775320787", " 0.99940931835932", " 0.993316841768708", " 0.93272869008219", "1", " 1", " 1", " 1", " 1", " 1", " 1", "7.2", "4.3", " 3.6", " 5.9", " 3.3", " ", " 5.2", " ", " 6.0", " 3.2", " 6.5", " ", " 4.1", " 5.6", " 4.1", " 6.5", " 5.7", " ", " 5.7", " ", " 4.1", " 7.2", " 3.7", " 2.9", " 3.8", " 3.8", " 5.4", " 3.7", " 5.0", " 3.9", " 5.1", " 4.5", " 5.8", " 3.9", " 3.6", " 4.7"
"227", "", "False", "Hexacosanedioic acid", "C26 H50 O4", "Not the top hit", " No results", " No results", " Full match", " Full match", "3.18", "426.37227", "425.36499", "15.618", "9541984.57958614", "2", "0", "0", "", "", "", "No matches found", " No matches found", " No matches found", " No matches found", " No matches found", "", "Multiple matches found", "PreferredDDA", "", "[M-H]-1", "6450662.09717976", " 6247335.87305602", " 6531538.2043483", " 5977106.78763549", " 6235195.48952863", " 5966815.28003343", "13.6851447008749", " 9.0492248600421", " 19.8158998360266", " 9.12083322296031", " 11.9784602502153", " 17.0845540716483", "0.968", " 0.927", " 1.045", " 0.955", " 1.093", " 0.998", " 1.045", "-0.05", " -0.11", " 0.06", " -0.07", " 0.13", " 0.00", " 0.06", "0.999562704685238", " 0.994532971528158", " 0.970836441332739", " 0.789256625109911", " 0.514243285850638", " 0.960830707460525", " 0.998072131576511", "1", " 1", " 1", " 1", " 1", " 1", " 1", "8.0", "7.5", " 5.2", " 6.5", " 7.1", " 7.1", " 6.8", " 6.5", " 6.1", " 7.6", " 8.0", " 4.7", " 6.6", " 5.5", " 7.0", " 7.3", " 3.9", " 7.2", " 6.8", " 6.8", " 6.5", " 7.6", " 7.2", " 6.1", " 6.7", " 6.3", " 7.1", " 6.7", " 6.7", " 5.8", " 6.0", " 6.6", " 6.2", " 6.6", " 6.6", " 5.5"
"111", "", "False", "9-deoxy-9-methylene-PGE2", "C21 H34 O4", "Full match", " No results", " No results", " Not the top hit", " Full match", "-4.20", "350.24424", "349.23696", "12.412", "9473666.95201044", "15", "0", "0", "", "", "", "No matches found", " No matches found", " No matches found", " No matches found", " No matches found", "", "Multiple matches found", "PreferredDDA", "", "[M-H]-1", "3908029.86954186", " 4735225.42988524", " 6912376.80117801", " 6408742.03577445", " 3570345.65506911", " 4336855.17516058", "16.1802572324308", " 24.2686099668648", " 35.3968923455392", " 30.3506827736837", " 57.6801238634167", " 44.5793626922435", "1.212", " 1.640", " 1.460", " 0.517", " 1.079", " 0.677", " 0.823", "0.28", " 0.71", " 0.55", " -0.95", " 0.11", " -0.56", " -0.28", "0.988924233972218", " 0.646202000345252", " 0.84848321979079", " 0.132511246760585", " 0.999915731747271", " 0.846823666405781", " 0.705243831701237", "1", " 1", " 1", " 1", " 1", " 1", " 1", "7.5", "6.0", " 7.5", " ", " 7.1", " 4.8", " 5.1", " 3.6", " 5.5", " 6.5", " 5.9", " 6.9", " 4.4", " 4.6", " 3.7", " 7.1", " 3.3", " 6.0", " 3.8", " ", " 4.4", " 5.2", " 4.2", " 4.1", " 5.2", " ", " 5.5", " 3.6", " 3.0", " 3.7", " 3.3", " 4.5", " 4.6", " 3.9", " 3.9", " 4.3"
"79", "", "False", "2-(Methylsulfonyl)-3-(pyrazin-2-ylamino)acrylonitrile", "C8 H8 N4 O2 S", "Full match", " Full match", " No results", " No results", " No results", "3.97", "224.03768", "223.03041", "14.896", "9468725.89917058", "0", "1", "0", "95.0", "9.7", "", "No matches found", " No matches found", " No matches found", " No matches found", " No matches found", "", "No matches found", "PreferredDDA", "", "[M-H]-1", "3086545.4458947", " 4499505.00131821", " 2107284.06336116", " 2865098.4312364", " 2765924.68684753", " 3045503.91921667", "64.0363059864104", " 69.9150063219413", " 45.6410013804416", " 44.4805497004868", " 45.3955185823077", " 47.4982805548578", "1.458", " 0.928", " 0.468", " 1.313", " 0.736", " 1.063", " 0.908", "0.54", " -0.11", " -1.09", " 0.39", " -0.44", " 0.09", " -0.14", "0.646228232149261", " 0.957349512698092", " 0.297075975973164", " 0.999998557890544", " 0.626740817089454", " 0.999597932873911", " 0.874825650076831", "1", " 1", " 1", " 1", " 1", " 1", " 1", "6.2", "5.6", " 5.6", " 5.8", " 5.8", " 4.4", " ", " 6.0", " ", " 5.4", " 5.5", " 2.5", " 4.2", " 5.6", " 5.6", " 5.2", " 4.4", " 5.6", " 6.2", " ", " 5.6", " 4.5", " 5.2", " 5.8", " 3.6", " 5.2", " 5.6", " 5.2", " 5.2", " 4.6", " ", " 5.8", " 6.0", " 6.0", " 6.0", " 5.2"
"98", "", "False", "", "C36 H73 N2 O P", "Full match", " No results", " No results", " No results", " No results", "0.42", "580.54629", "579.53902", "15.966", "9163448.29100785", "0", "0", "0", "", "", "", "No matches found", " No matches found", " No matches found", " No matches found", " No matches found", "", "No matches found", "PreferredDDA", "", "[M-H]-1", "5743368.82360701", " 7500605.81972203", " 6781882.88221646", " 6435071.00061249", " 6946516.46822277", " 6466108.36209108", "12.2115672459883", " 15.0450726417093", " 12.6799701118627", " 5.65026950174063", " 5.12740961654722", " 10.4784232754996", "1.306", " 1.120", " 0.904", " 1.024", " 1.054", " 1.005", " 1.074", "0.39", " 0.16", " -0.15", " 0.03", " 0.08", " 0.01", " 0.10", "0.00732863271941664", " 0.503179575248195", " 0.653981588230832", " 0.999999989536136", " 0.954119232483616", " 0.999994012145007", " 0.976416849386531", "1", " 1", " 1", " 1", " 1", " 1", " 1", "9.1", "6.7", " 8.6", " 5.4", " 6.7", " 8.2", " 7.7", " 6.6", " 7.0", " 7.7", " 7.0", " 7.5", " 7.1", " 8.6", " 7.5", " 7.1", " 7.5", " 9.1", " 9.1", " 7.6", " 7.6", " 9.1", " 7.6", " 8.0", " 6.5", " 8.4", " 8.4", " 8.4", " 9.1", " 7.5", " 7.5", " 6.7", " 7.1", " 6.7", " 7.1", " 6.3"
"73", "", "False", "", "", "No results", " No results", " No results", " No results", " No results", "", "220.85424", "219.84753", "1.585", "9004484.28028566", "0", "0", "0", "", "", "", "No matches found", " No matches found", " No matches found", " No matches found", " No matches found", "", "No matches found", "PreferredDDA", "", "[M-H]-1", "5078941.34462332", " 2815613.67256974", " 2429871.94082037", " 2707105.12156376", " 1971257.60946389", " 7187411.28059592", "25.3422245800121", " ", " ", " 17.3260395757608", " 15.0068335123393", " 35.7531965218237", "0.554", " 0.533", " 0.863", " 0.811", " 0.898", " 2.655", " 0.274", "-0.85", " -0.91", " -0.21", " -0.30", " -0.16", " 1.41", " -1.87", "", " 0.309816018591406", " ", " ", " ", " 0.101818092874162", " 0.0406987925159952", "", " 1", " ", " ", " ", " 1", " 1", "6.5", "5.9", " ", " ", " 3.4", " ", " ", " ", " 3.3", " ", " ", " ", " ", " 5.2", " ", " ", " ", " 6.4", " ", " ", " ", " ", " 6.4", " ", " ", " ", " 6.5", " ", " 6.5", " ", " ", " ", " ", " ", " 6.0", " 4.1"
"721", "", "False", "NP-014839", "C19 H22 O3", "No match", " Invalid mass", " No results", " No results", " No results", "14.27", "298.16115", "297.15387", "7.567", "8991537.09874492", "0", "3", "0", "83.0", "9.2", "", "No matches found", " No matches found", " No matches found", " No matches found", " No matches found", "", "No matches found", "PreferredDDA", "", "[M-H]-1", "6523276.69786127", " 7040039.02947586", " 7255909.25827116", " 6778918.64533775", " 7220228.80294625", " 5979729.73005451", "53.5106434400146", " 11.8740429230264", " 9.78465381129588", " 11.4587090047738", " 51.7588148457343", " 42.4622633970275", "1.079", " 1.039", " 1.031", " 0.995", " 1.070", " 0.882", " 1.207", "0.11", " 0.06", " 0.04", " -0.01", " 0.10", " -0.18", " 0.27", "0.999644419456961", " 0.999963932988803", " 0.999999995389274", " 0.811653979193754", " 0.999967453509113", " 0.992419034680737", " 0.99423704491479", "1", " 1", " 1", " 1", " 1", " 1", " 1", "6.8", "3.2", " ", " ", " ", " 2.2", " ", " ", " ", " 5.2", " 6.0", " ", " ", " 4.9", " 6.5", " 6.8", " 5.7", " 5.6", " 5.2", " 5.2", " 6.3", " 5.2", " 6.3", " ", " 3.6", " 2.6", " 1.7", " 3.2", " 3.2", " ", " 4.3", " ", " 1.1", " ", " 1.4", " 3.9"
"196", "", "False", "Axillarenic acid", "C24 H46 O4", "Not the top hit", " No results", " No results", " Not the top hit", " Full match", "3.92", "398.34117", "397.33390", "14.522", "8891926.82243612", "8", "0", "0", "", "", "", "No matches found", " No matches found", " No matches found", " No matches found", " No matches found", "", "Multiple matches found", "PreferredDDA", "", "[M-H]-1", "6200833.20333947", " 6195204.06753421", " 6371450.47081248", " 6469591.20417937", " 5833590.22337056", " 6429867.27421113", "5.76463474631415", " 10.5813600006583", " 18.2980699151653", " 7.01583261930325", " 20.1542326334538", " 5.88043395339642", "0.999", " 1.043", " 1.028", " 0.916", " 0.985", " 0.994", " 0.907", "0.00", " 0.06", " 0.04", " -0.13", " -0.02", " -0.01", " -0.14", "0.998728099185223", " 0.999714590295388", " 0.807153273033478", " 0.418611457039091", " 0.988499391199628", " 0.999998570790883", " 0.684909325943704", "1", " 1", " 1", " 1", " 1", " 1", " 1", "8.4", "7.6", " 6.5", " 7.2", " 6.8", " 7.6", " 7.9", " 7.9", " 5.2", " 7.5", " 6.7", " 6.2", " 7.0", " 6.2", " 4.3", " 5.8", " 6.6", " 6.1", " 6.8", " 6.8", " 6.8", " 6.8", " 8.4", " 7.2", " 6.5", " 5.7", " 4.9", " 5.9", " 4.9", " 6.5", " 7.6", " 7.6", " 6.5", " 6.1", " 7.2", " 8.0"
"113", "", "False", "Erucic acid", "C22 H42 O2", "Full match", " Full match", " No results", " Full match", " Not the top hit", "3.01", "338.31950", "337.31222", "15.102", "8850950.84374635", "18", "1", "0", "95.6", "9.8", "", "No matches found", " No matches found", " No matches found", " No matches found", " No matches found", "", "Multiple matches found", "PreferredDDA", "", "[M-H]-1", "1914747.03786207", " 2789679.22680105", " 5250929.50329517", " 5228595.57588312", " 2856572.49524287", " 4705252.45060333", "51.9879099684788", " 24.7431721767388", " 12.4903751444854", " 29.1096568038234", " 14.5846950647596", " 39.8418929608776", "1.457", " 2.731", " 1.882", " 0.544", " 1.004", " 0.900", " 0.607", "0.54", " 1.45", " 0.91", " -0.88", " 0.01", " -0.15", " -0.72", "0.718833980201617", " 0.000248614717810458", " 0.0314117534028708", " 0.0524096783119223", " 0.999892095088225", " 0.999965677666581", " 0.0366913412305264", "1", " 0.0079023963875467", " 0.80377133707346", " 0.597452087159126", " 1", " 1", " 1", "8.6", "5.2", " 3.9", " 3.9", " 4.6", " 4.6", " 6.0", " 5.9", " 3.7", " 6.6", " 5.9", " 8.6", " 8.2", " 7.2", " 8.2", " 7.6", " 8.2", " 6.8", " 7.2", " 5.9", " 7.2", " 6.2", " 6.2", " 7.6", " 6.9", " 6.9", " 5.9", " 6.1", " 7.6", " 6.5", " 6.9", " 5.7", " 7.1", " 5.7", " 6.3", " 7.1"
"355", "", "False", "", "C41 H83 N2 P", "Full match", " No results", " No results", " No results", " No results", "3.31", "634.63149", "633.62421", "17.476", "8849266.97310788", "0", "0", "0", "", "", "", "No matches found", " No matches found", " No matches found", " No matches found", " No matches found", "", "No matches found", "PreferredDDA", "", "[M-H]-1", "5871596.20213834", " 4504410.49695763", " 5305220.75294328", " 3607798.54595287", " 4033494.88106245", " 3299284.40610675", "39.6796449257673", " 36.8607121797505", " 46.0612446888087", " 30.1944855109767", " 24.9584302256355", " 46.6165251929825", "0.767", " 0.614", " 1.178", " 0.760", " 1.470", " 0.914", " 1.223", "-0.38", " -0.70", " 0.24", " -0.40", " 0.56", " -0.13", " 0.29", "0.999999990741589", " 0.984280510986221", " 0.999671585954137", " 0.999242631964236", " 0.892273542048746", " 0.972836203305429", " 0.762251202798575", "1", " 1", " 1", " 1", " 1", " 1", " 1", "5.9", "2.9", " 4.1", " 3.2", " 4.1", " 4.2", " 4.6", " 4.1", " 3.7", " 2.7", " 2.7", " 3.9", " 3.6", " 4.5", " 1.8", " 3.6", " 4.6", " 4.1", " 5.0", " 2.7", " 2.9", " 2.7", " 2.7", " 4.6", " 4.0", " 3.4", " 3.4", " 5.1", " 5.9", " 4.1", " 2.2", " 3.2", " 3.6", " 0.7", " 3.3", " 1.4"
"90","","False","6Z,9Z,12Z,15Z,18Z-tetracosapentaenoic acid","C24 H38 O2","Full match"," No results"," No results"," Not the top hit"," Full match","3.61","358.28847","357.28120","12.700","8763286.01072533","16","0","0","","","","No matches found"," No matches found"," No matches found"," No matches found"," No matches found","","Multiple matches found","PreferredDDA","CO2","[M-H]-1",""," 918853.770946667"," 4596152.34055185"," 3760247.90773611"," 1217761.22694596"," 2539082.66311529",""," 23.9520340500872"," "," 50.3378093266407"," 40.0973565525743"," 60.0672998825347","Infinity"," Infinity"," 5.002"," 0.265"," 1.222"," 0.675"," 0.480","Infinity"," Infinity"," 2.32"," -1.92"," 0.29"," -0.57"," -1.06",""," "," "," "," "," 0.376883643949241"," 0.114940461804267",""," "," "," "," "," 1"," 1","5.8",""," "," "," "," "," "," "," "," 4.6"," 5.8"," "," "," "," 3.3"," "," "," 4.1"," 5.2"," 5.2"," 5.8"," 3.9"," "," "," 2.7"," "," 4.4"," 3.1"," 3.9"," 5.2"," 2.0"," 2.1"," 4.8"," 4.8"," 5.8"," 4.5"
"278", "", "False", "FAHFA 18:0/10:0", "C28 H54 O4", "Not the top hit", " No results", " Full match", " No results", " No results", "1.71", "454.40299", "453.39571", "12.488", "8760553.70527629", "0", "0", "1", "", "", "13.9", "No matches found", " No matches found", " No matches found", " Single match found", " No matches found", "", "No matches found", "PreferredDDA", "", "[M-H]-1", "6924918.59229457", " 5760550.89038853", " 6105459.16534572", " 7129134.71521751", " 4293047.7191046", " 6421112.9169745", "66.2880123007991", " 50.7128673067845", " 13.8404133203895", " 18.4899177633087", " 51.8224995941997", " 29.4494540244129", "0.832", " 1.029", " 1.060", " 0.703", " 0.856", " 0.901", " 0.669", "-0.27", " 0.04", " 0.08", " -0.51", " -0.22", " -0.15", " -0.58", "0.978955953588841", " 0.713961204672465", " 0.985834735619858", " 0.74009393851525", " 0.999999955801052", " 0.999481240801871", " 0.841579401429387", "1", " 1", " 1", " 1", " 1", " 1", " 1", "5.6", "2.4", " ", " 1.7", " ", " 3.2", " 1.8", " 3.2", " 3.2", " 3.0", " ", " 5.6", " 4.8", " 3.7", " 4.4", " ", " 5.6", " 4.3", " 4.7", " 3.7", " 3.2", " 5.1", " 4.3", " ", " 2.3", " 2.2", " 2.0", " 2.2", " 1.7", " 3.2", " 3.1", " 4.2", " 3.2", " 3.8", " 3.1", " "
"387", "", "False", "29-Oxotriacontanoic acid", "C30 H58 O3", "Full match", " No results", " No results", " Full match", " Full match", "2.70", "466.43986", "465.43258", "13.959", "8684917.55293921", "1", "0", "0", "", "", "", "No matches found", " No matches found", " No matches found", " No matches found", " No matches found", "", "Single match found", "PreferredDDA", "", "[M-H]-1", "6225866.36966672", " 6326513.60562397", " ", " 6979724.86877889", " 8317528.18867788", " 6448568.08026433", "", " 27.0311243572506", " ", " 23.7458279980478", " 2.99994654885766", " 23.5548771446287", "1.016", " 1.121", " 0.000", " Infinity", " 0.000", " 0.924", " 1.290", "0.02", " 0.16", " -Infinity", " Infinity", " -Infinity", " -0.11", " 0.37", "", " ", " ", " ", " ", " 0.988643956744809", " 0.629274987449586", "", " ", " ", " ", " ", " 1", " 1", "6.6", "", " ", " ", " 3.6", " ", " 2.1", " ", " 3.1", " 4.9", " ", " ", " ", " ", " ", " ", " ", " ", " ", " ", " ", " 3.8", " 3.1", " ", " ", " 6.6", " 6.2", " ", " ", " ", " ", " 4.2", " 4.9", " 2.8", " 4.2", " 3.8"
"93", "", "False", "", "", "No results", " No results", " No results", " No results", " No results", "", "942.22478", "941.21750", "15.558", "8624437.8023319", "0", "0", "0", "", "", "", "No matches found", " No matches found", " No matches found", " No matches found", " No matches found", "", "No matches found", "PreferredDDA", "", "[M-H]-1", "2513438.78306332", " 3165504.56258114", " 1837577.62829555", " 2373885.70576939", " 2123460.1911774", " 2251370.93647054", "72.4972188696113", " 85.2682063327544", " 53.1988381925105", " 57.5290379385767", " 68.3643268035303", " 54.4928260392077", "1.259", " 0.944", " 0.581", " 1.156", " 0.774", " 0.948", " 0.943", "0.33", " -0.08", " -0.78", " 0.21", " -0.37", " -0.08", " -0.08", "0.992807480564754", " 0.999843500513287", " 0.854473684771363", " 0.999962009997462", " 0.947307692261078", " 0.999944441484914", " 0.959218653828844", "1", " 1", " 1", " 1", " 1", " 1", " 1", "6.0", "3.7", " 5.6", " 4.7", " 5.2", " 3.8", " 3.4", " 6.0", " 5.6", " 4.2", " 5.1", " 4.0", " 5.2", " 4.5", " 5.6", " 4.1", " 4.2", " 5.6", " 5.6", " 3.3", " 5.2", " 5.6", " 6.0", " 5.4", " 3.6", " 4.6", " 4.5", " 3.3", " 4.2", " 5.2", " 5.0", " 5.8", " 5.8", " 5.6", " 6.0", " 5.8"
"600","","False","2,3-Dinor prostaglandin E1","C18 H30 O5","No match"," Invalid mass"," No results"," No results"," No results","-55198.77","308.20297","307.19569","9.849","8599339.35864749","0","2","0","75.4","8.8","","No matches found"," No matches found"," No matches found"," No matches found"," No matches found","","No matches found","PreferredDDA","","[M-H]-1","6877306.75944465"," 6781537.89038323"," "," 7808822.22544131"," 7385355.97619588"," 6595029.28129169","9.0414621353154"," 3.16159930295791"," "," 30.5125336448213"," 24.427156654915"," 28.9792990259478","0.986"," 1.135"," 0.000"," Infinity"," 0.000"," 0.845"," 1.120","-0.02"," 0.18"," -Infinity"," Infinity"," -Infinity"," -0.24"," 0.16","0.999890873135557"," 0.999997943285064"," "," "," "," 0.999997307003281"," 0.998942049929158","1"," 1"," "," "," "," 1"," 1","5.8","4.6"," 4.2"," "," 3.8"," 4.2"," 5.5"," 4.7"," 4.3"," "," 5.8"," "," "," "," "," "," "," "," 2.2"," 2.6"," "," 2.6"," 2.3"," "," 3.4"," 1.7"," "," 3.1"," 3.1"," "," "," "," "," "," 4.9"," 3.1"
"167", "", "False", "13(S)-HOTrE", "C18 H30 O3", "Full match", " Full match", " No results", " Not the top hit", " Not the top hit", "3.25", "294.22045", "293.21317", "6.650", "8541677.49311807", "66", "3", "0", "92.9", "9.6", "", "No matches found", " No matches found", " No matches found", " No matches found", " No matches found", "", "Multiple matches found", "PreferredDDA", "CO2", "[M-H]-1", "4645907.02463355", " 2131778.45864805", " ", " 534402.164526392", " 636414.764871786", " ", "118.587208121281", " 58.599683418747", " ", " ", " ", " ", "0.459", " 0.115", " 0.000", " Infinity", " 0.000", " 0.000", " Infinity", "-1.12", " -3.12", " -Infinity", " Infinity", " -Infinity", " -Infinity", " Infinity", "0.979525996042636", " ", " ", " ", " ", " ", " ", "1", " ", " ", " ", " ", " ", " ", "5.2", "", " ", " ", " 5.1", " 3.3", " ", " 2.1", " 5.2", " ", " 4.2", " ", " ", " ", " ", " ", " ", " ", " ", " ", " ", " ", " 2.7", " ", " ", " ", " ", " ", " 2.3", " ", " ", " ", " ", " ", " ", " "
"121","","False","3E,9Z,12Z,15Z-octadecatetraenoic acid","C18 H28 O2","Full match"," No results"," No results"," Partial match"," Full match","2.81","276.20971","275.20243","8.657","8489536.80306626","73","0","0","","","","No matches found"," No matches found"," No matches found"," No matches found"," No matches found","","Multiple matches found","PreferredDDA","CO2","[M-H]-1","1607571.88029818"," 631663.470683051"," 1041858.60010077"," 2970740.54946179"," 670001.101918199"," 2597000.53795835","48.9577095337589"," 22.2888181495774"," 51.0219849717181"," 60.6991850526476"," 33.4033830055566"," 37.380638313247","0.393"," 1.848"," 1.649"," 0.643"," 0.351"," 0.874"," 0.258","-1.35"," 0.89"," 0.72"," -0.64"," -1.51"," -0.19"," -1.95","0.238456789888168"," 0.0309111888476983"," 0.568014101018831"," 0.927210764142098"," 0.00105879912937923"," 0.668625236530338"," 0.0084284691491372","1"," 0.361986290453309"," 1"," 1"," 0.506105983843271"," 1"," 0.668135733427901","6.5","5.4"," 4.2"," "," 5.0"," 3.0"," 3.7"," 5.8"," 5.6"," 4.8"," 3.7"," 4.6"," 5.8"," 1.5"," 4.4"," 3.3"," 4.9"," 6.0"," 5.4"," 4.8"," 5.2"," 5.2"," 5.0"," 5.8"," "," 3.2"," 3.9"," 4.1"," 4.1"," 6.5"," 3.6"," 5.3"," 5.4"," 6.5"," 5.7"," 6.1"
"502", "", "False", "", "C28 H56 N O6 P S", "Full match", " No results", " No results", " No results", " No results", "-2.85", "565.35498", "564.34771", "9.381", "8433611.3078504", "0", "0", "0", "", "", "", "No matches found", " No matches found", " No matches found", " No matches found", " No matches found", "", "No matches found", "PreferredDDA", "", "[M-H]-1", "1307171.84530594", " 909053.877321768", " 736671.189881892", " 951262.570086648", " 3225039.60465631", " 893901.424288756", "", " 26.1128504550033", " 33.6081102966163", " 39.1570678229943", " 92.3872621617086", " 60.0954098391112", "0.695", " 0.728", " 0.810", " 4.378", " 0.774", " 0.940", " 3.608", "-0.52", " -0.46", " -0.30", " 2.13", " -0.37", " -0.09", " 1.85", "", " ", " 0.998615638191912", " 0.560959881100685", " 0.999719402222807", " 0.998510738317121", " 0.238442399630766", "", " ", " 1", " 1", " 1", " 1", " 1", "5.8", "", " ", " 5.4", " ", " ", " 5.8", " 4.6", " ", " 3.1", " ", " ", " ", " ", " ", " 3.4", " 2.8", " 3.4", " 4.3", " ", " 2.8", " 3.4", " 1.9", " 3.6", " 1.9", " 3.2", " 4.8", " 2.2", " 2.6", " 4.6", " 4.6", " 4.4", " 1.9", " ", " 4.9", " 4.9"
"385", "", "False", "Carboceric acid", "C27 H54 O2", "Full match", " No results", " No results", " Full match", " Full match", "3.67", "410.41389", "409.40661", "18.195", "8132802.68227933", "3", "0", "0", "", "", "", "No matches found", " No matches found", " No matches found", " No matches found", " No matches found", "", "Multiple matches found", "PreferredDDA", "", "[M-H]-1", "3001094.69132889", " 6894814.73808608", " 6151811.42770664", " 2875896.97218209", " 4266836.76239018", " 5737701.39712142", "64.2420776322061", " 18.6553513554254", " 9.4990482665213", " 41.3208681685456", " 44.8893068944071", " 28.7043297961877", "2.297", " 0.958", " 0.892", " 0.694", " 2.139", " 1.995", " 0.744", "1.20", " -0.06", " -0.16", " -0.53", " 1.10", " 1.00", " -0.43", "0.332267464201115", " 0.984658989392935", " 0.998790669944262", " 0.792867657888238", " 0.21830897338261", " 0.464462326523315", " 0.988589360040177", "1", " 1", " 1", " 1", " 1", " 1", " 1", "6.8", "4.8", " ", " 2.4", " 3.0", " 3.7", " 4.7", " 5.5", " ", " 4.7", " ", " 6.5", " ", " 5.3", " ", " 6.8", " ", " 3.2", " 4.1", " ", " 4.1", " 3.9", " 4.1", " ", " ", " 4.5", " 3.9", " 4.5", " 4.7", " ", " 5.9", " 5.3", " 4.6", " ", " 5.5", " 4.6"
"134", "", "False", "", "", "No results", " No results", " No results", " No results", " No results", "", "238.19498", "237.18771", "7.704", "8070605.59517532", "0", "0", "0", "", "", "", "No matches found", " No matches found", " No matches found", " No matches found", " No matches found", "", "No matches found", "PreferredDDA", "", "[M-H]-1", "1042710.82383974", " 1024308.68312754", " 4019291.80390331", " 2638638.60672892", " 1708695.74435559", " 1635576.90228942", "40.9597595152674", " 51.0441999767928", " 37.7006283962565", " 54.2758926019664", " 48.930188786327", " 85.96355612781", "0.982", " 2.531", " 3.924", " 0.425", " 1.523", " 0.620", " 1.045", "-0.03", " 1.34", " 1.97", " -1.23", " 0.61", " -0.69", " 0.06", "0.999119198914877", " 0.413426851235564", " 0.0375626013349025", " 0.147324471923719", " 0.845329511400958", " 0.99658872495794", " 0.88092527621157", "1", " 1", " 0.859985872667505", " 1", " 1", " 1", " 1", "6.9", "3.6", " 5.0", " ", " ", " 4.0", " 3.3", " 2.9", " ", " 3.9", " ", " 5.2", " 5.7", " 6.5", " 4.4", " 6.9", " 4.6", " 6.2", " 4.0", " 5.8", " 5.6", " 4.1", " 5.2", " 4.6", " 5.6", " 5.6", " 4.8", " 4.0", " 5.0", " 4.2", " 4.6", " 5.0", " 5.6", " 6.2", " 3.9", " 5.6"
"164", "", "False", "PA(16:0/0:0)", "C19 H39 O7 P", "No match", " No results", " No results", " Full match", " Full match", "3.07", "410.24460", "409.23732", "10.410", "8067598.21859389", "6", "0", "0", "", "", "", "No matches found", " No matches found", " No matches found", " No matches found", " No matches found", "", "Multiple matches found", "PreferredDDA", "", "[M-H]-1", "1078102.87063601", " 1982233.36981524", " 3589102.8329441", " 4749530.8719898", " 745544.021888014", " 1534353.6068843", "52.0675957304773", " 27.1503930930325", " 14.1380061738793", " 30.1248524119325", " 42.0008279002769", " 42.3098829864727", "1.839", " 4.405", " 1.811", " 0.208", " 0.756", " 0.323", " 0.486", "0.88", " 2.14", " 0.86", " -2.27", " -0.40", " -1.63", " -1.04", "0.386550474055432", " 1.46676972634374E-05", " 0.139817701531265", " 0.000120180748183984", " 0.521666106249223", " 9.48616169271776E-06", " 0.387020576963734", "1", " 0.000622150015602184", " 1", " 0.00709066414285509", " 1", " 0.000912568754839449", " 1", "7.2", "3.6", " 3.5", " ", " 2.7", " 3.4", " 6.4", " 5.5", " 2.4", " 6.4", " 4.1", " 6.9", " 7.2", " 5.4", " 6.1", " ", " 5.7", " 5.0", " 5.4", " 4.2", " 2.6", " 4.8", " 6.5", " 2.9", " 3.0", " ", " 1.1", " 4.4", " 1.0", " 5.4", " 1.7", " 0.4", " 3.3", " 3.5", " 2.3", " 3.5"
"109", "", "False", "", "C45 H63 N2 O P", "Full match", " No results", " No results", " No results", " No results", "2.61", "678.46957", "677.46230", "10.403", "8022441.11555932", "0", "0", "0", "", "", "", "No matches found", " No matches found", " No matches found", " No matches found", " No matches found", "", "No matches found", "PreferredDDA", "", "[M-H]-1", "483782.028652208", " 789902.33052", " 1623565.74389836", " 3135897.7164674", " ", " ", "", " 28.6690488714088", " 38.7922497370006", " 59.3935444420591", " ", " ", "1.633", " 6.482", " 2.055", " 0.000", " 0.518", " 0.000", " ", "0.71", " 2.70", " 1.04", " -Infinity", " -0.95", " -Infinity", " ", "", " ", " 0.195299529664066", " ", " 0.13002764395094", " ", " ", "", " ", " 1", " ", " 1", " ", " ", "6.2", "", " 1.9", " ", " ", " ", " ", " 6.2", " ", " 2.8", " 3.3", " 4.6", " 5.9", " ", " 2.9", " 4.4", " 4.5", " 6.0", " 4.5", " 3.7", " 2.8", " 3.6", " 3.6", " 5.1", " ", " ", " ", " ", " ", " ", " ", " ", " ", " ", " ", " "
"146", "", "False", "", "C21 H32", "Full match", " No results", " No results", " No results", " No results", "1.59", "284.25085", "283.24358", "10.407", "7990245.95135377", "0", "0", "0", "", "", "", "No matches found", " No matches found", " No matches found", " No matches found", " No matches found", "", "No matches found", "PreferredDDA", "", "[M-H]-1", "628409.392426804", " 1614644.24203998", " 2622115.87755823", " 4219127.71311316", " 773543.99447058", " 1369752.22287233", "70.3681978884126", " 38.4373103126684", " 39.468349574309", " 38.6316676198004", " 8.08807407604473", " 13.13524826062", "2.569", " 6.714", " 1.624", " 0.295", " 0.621", " 0.325", " 0.565", "1.36", " 2.75", " 0.70", " -1.76", " -0.69", " -1.62", " -0.82", "0.23456196572628", " 4.1886494746679E-05", " 0.575595686089732", " 0.0277514790938806", " 0.178566075239309", " 0.00154892442534282", " 0.649607199907847", "1", " 0.00151220691218731", " 1", " 0.44162861602991", " 1", " 0.0413907026994388", " 1", "7.4", "3.4", " 4.2", " ", " ", " 3.8", " 4.5", " ", " ", " 3.6", " 5.1", " 4.2", " 6.1", " 3.8", " ", " 4.6", " 5.0", " 6.5", " 6.1", " 5.0", " 4.1", " 6.0", " 4.6", " 5.0", " ", " 6.9", " ", " 3.5", " ", " 4.9", " ", " ", " ", " 7.4", " 5.1", " 6.3"
"550", "", "False", "FAHFA(3:0/2-O-22:0)", "C25 H48 O4", "No results", " No results", " No results", " Not the top hit", " Full match", "3.34", "412.35664", "411.34936", "11.058", "7976159.85757528", "3", "0", "0", "", "", "", "No matches found", " No matches found", " No matches found", " No matches found", " No matches found", "", "Multiple matches found", "PreferredDDA", "", "[M-H]-1", "6633262.65743082", " ", " 1010707.24548382", " 7853997.5239405", " 7422314.83803196", " 1496191.85481423", "", " ", " ", " 12.6037689082454", " ", " ", "0.000", " 1.184", " Infinity", " 7.344", " 0.129", " 0.191", " 4.961", "-Infinity", " 0.24", " Infinity", " 2.88", " -2.96", " -2.39", " 2.31", "", " ", " ", " ", " ", " ", " ", "", " ", " ", " ", " ", " ", " ", "4.8", "", " ", " 2.0", " ", " ", " ", " ", " ", " ", " ", " ", " ", " ", " ", " ", " 4.8", " ", " 4.4", " 3.7", " ", " ", " 3.3", " ", " ", " ", " 1.7", " ", " ", " ", " ", " 4.2", " ", " ", " ", " "
"97","","False","11(Z),14(Z)-Eicosadienoic Acid","C20 H36 O2","Full match"," Full match"," No results"," Partial match"," Partial match","2.45","308.27229","307.26501","12.995","7904726.58961807","36","2","0","96.0","9.8","","No matches found"," No matches found"," No matches found"," No matches found"," No matches found","","Multiple matches found","PreferredDDA","","[M-H]-1",""," 1947316.65767231"," "," 4035599.109144"," "," 3709325.23780058",""," "," "," 43.9975133193929"," "," 44.1156914381684","Infinity"," Infinity"," 0.000"," "," 0.000"," 0.919"," 0.000","Infinity"," Infinity"," -Infinity"," "," -Infinity"," -0.12"," -Infinity",""," "," "," "," "," 0.931997703007313"," ",""," "," "," "," "," 1"," ","5.8",""," "," "," "," "," "," "," "," 4.6"," "," "," "," "," "," "," "," 3.7"," 3.3"," 5.6"," 5.8"," 5.6"," "," "," "," "," "," "," "," 4.8"," 3.9"," "," 4.3"," "," 4.3"," 4.1"
"475", "", "False", "Carboceric acid", "C27 H54 O2", "Full match", " No results", " No results", " Full match", " Full match", "3.73", "410.41391", "409.40664", "18.093", "7903931.86261854", "3", "0", "0", "", "", "", "No matches found", " No matches found", " No matches found", " No matches found", " No matches found", "", "Multiple matches found", "PreferredDDA", "", "[M-H]-1", "2115075.93139335", " 7425081.08891916", " 2038376.5168357", " 4905902.69894201", " 4684116.00165312", " 2222008.22287604", "15.4685503110362", " 9.12040219370973", " 79.088212797277", " 54.8766746992016", " 83.8064967185624", " 78.0561630142316", "3.511", " 2.319", " 0.275", " 2.298", " 0.415", " 0.453", " 2.108", "1.81", " 1.21", " -1.86", " 1.20", " -1.27", " -1.14", " 1.08", "0.221186082130661", " 0.633924755205398", " 0.554969969675541", " 0.996884852803182", " 0.972406250255808", " 0.911789389147183", " 0.985722399757678", "1", " 1", " 1", " 1", " 1", " 1", " 1", "6.5", "5.4", " 3.1", " ", " 3.7", " 5.4", " ", " ", " 6.5", " ", " 6.1", " ", " 3.6", " ", " 2.0", " ", " 3.5", " ", " ", " 3.9", " ", " 1.4", " 5.0", " 3.9", " 3.9", " ", " ", " 3.9", " ", " 3.9", " 3.1", " ", " ", " 2.2", " 1.6", " "
"219", "", "False", "2-(Methylsulfonyl)-3-(pyrazin-2-ylamino)acrylonitrile", "C8 H8 N4 O2 S", "Unused", " Invalid mass", " No results", " No results", " No results", "5.56", "224.03804", "223.03077", "2.825", "7887104.25994571", "0", "1", "0", "95.6", "9.8", "", "No matches found", " No matches found", " No matches found", " No matches found", " No matches found", "", "No matches found", "PreferredDDA", "", "[M-H]-1", "6377018.90414984", " 5988222.33643863", " 5666436.62847067", " 6775419.77200105", " 5724556.79118248", " 6337981.12771168", "7.55693520401173", " 11.5342220887784", " 31.7460949981412", " 7.44916265344507", " 12.952560945134", " 12.3886189906649", "0.939", " 1.062", " 0.946", " 1.010", " 0.836", " 0.935", " 0.903", "-0.09", " 0.09", " -0.08", " 0.01", " -0.26", " -0.10", " -0.15", "0.998398340766711", " 0.992977679905125", " 0.521341380724307", " 0.568199397657866", " 0.0638626574309432", " 0.993984696449406", " 0.991363108600434", "1", " 1", " 1", " 1", " 1", " 1", " 1", "8.7", "7.2", " 7.2", " 7.6", " 8.0", " 7.6", " 7.1", " 6.7", " 7.5", " 7.1", " 7.9", " 5.2", " 5.4", " 5.6", " 5.5", " 5.6", " 5.6", " 7.6", " 7.6", " 7.2", " 8.4", " 7.6", " 8.7", " 8.0", " 7.1", " 7.5", " 7.1", " 7.5", " 7.5", " 6.7", " 7.9", " 7.1", " 7.5", " 8.2", " 7.5", " 7.1"
"107","","False","(6RS)-6,19-epidioxy-24,24-difluoro-25-hydroxy-6,19-dihydrovitamin D3 / (6RS)-6,19-epidioxy-24,24-difluoro-25-hydroxy-6,19-dihydrocholecalciferol","C27 H42 F2 O4","No match"," No results"," No results"," Not the top hit"," Full match","3.03","468.30653","467.29926","12.828","7831815.9105701","3","0","0","","","","No matches found"," No matches found"," No matches found"," No matches found"," No matches found","","Single match found","PreferredDDA","","[M-H]-1","2931742.20747874"," 1813847.92873576"," 1322231.69193996"," 1201508.85149145"," 1484767.07921555"," 908527.078530529","68.808135815472"," 113.30411931641"," 24.6714633379884"," 67.118630885509"," 60.3047247669272"," 55.4107932930836","0.619"," 0.410"," 0.729"," 1.123"," 1.100"," 0.756"," 1.634","-0.69"," -1.29"," -0.46"," 0.17"," 0.14"," -0.40"," 0.71","0.998150745960626"," 0.416551740917562"," 0.947480631853138"," 0.999916492643159"," 0.999774629646709"," 0.999915500987552"," 0.975340719173884","1"," 1"," 1"," 1"," 1"," 1"," 1","6.2","2.7"," 4.5"," 3.3"," 4.5"," 3.9"," "," 6.2"," 2.7"," 0.8"," "," 2.6"," 4.1"," "," "," 2.4"," "," 1.1"," 3.1"," 3.6"," 2.6"," "," 1.9"," "," "," "," 1.4"," 3.0"," 3.5"," 1.5"," 1.2"," 1.7"," 3.4"," 1.7"," 2.7"," 1.7"
"152","","False","4,7,10-hexadecatrienoic acid","C16 H26 O2","No results"," No results"," No results"," Not the top hit"," Full match","4.86","250.19449","249.18722","8.407","7826582.91554231","21","0","0","","","","No matches found"," No matches found"," No matches found"," No matches found"," No matches found","","Multiple matches found","PreferredDDA","","[M-H]-1","1358624.85538053"," 3174315.31093075"," 4077680.56967347"," 4668622.1589201"," 839942.758609874"," 1020714.56941902","70.5972064597411"," 26.7770490156694"," 29.5330855878587"," 47.6687700595821"," 33.4869544929899"," 23.6900316456614","2.336"," 3.436"," 1.285"," 0.206"," 0.873"," 0.219"," 0.823","1.22"," 1.78"," 0.36"," -2.28"," -0.20"," -2.19"," -0.28","0.164398209058722"," 0.0139156521373697"," 0.864194688336301"," 0.000113050360514788"," 0.999810919437406"," 0.000294185959487603"," 0.994523741120571","1"," 0.206415506704317"," 1"," 0.00709066414285509"," 1"," 0.0116299969967566"," 1","7.2","4.4"," 5.6"," 5.9"," 6.4"," 3.9"," 6.0"," 5.1"," 6.6"," 6.6"," 5.5"," 7.2"," 5.9"," 7.0"," 6.2"," 6.2"," 5.5"," 6.0"," 4.8"," 5.2"," 6.2"," 4.7"," 6.0"," 6.2"," 4.3"," 5.7"," 1.9"," 5.9"," 4.5"," 5.0"," 4.3"," "," 4.6"," 4.9"," 5.0"," 5.8"
"637", "", "False", "29-Oxotriacontanoic acid", "C30 H58 O3", "Full match", " No results", " No results", " Full match", " Full match", "2.47", "466.43975", "465.43247", "15.936", "7738340.13664776", "1", "0", "0", "", "", "", "No matches found", " No matches found", " No matches found", " No matches found", " No matches found", "", "Single match found", "PreferredDDA", "", "[M-H]-1", "2503786.87064548", " 2884677.73229788", " 2422055.75549549", " 2885020.2139704", " 2870627.79858704", " 2897901.6623052", "31.5640235218045", " 60.0716963771515", " 32.5735422607908", " 8.1888737531201", " 7.22100545783109", " 49.8657646245137", "1.152", " 1.152", " 0.840", " 1.185", " 0.840", " 1.004", " 0.991", "0.20", " 0.20", " -0.25", " 0.25", " -0.25", " 0.01", " -0.01", "0.224104943695759", " 0.604552068856838", " 0.788308852493011", " 0.999824909626769", " 0.997113188593039", " 0.996526171447324", " 0.996562128009556", "1", " 1", " 1", " 1", " 1", " 1", " 1", "5.1", "4.2", " 3.0", " 2.1", " 1.6", " 1.9", " 1.1", " 0.8", " 1.4", " 0.7", " 1.7", " 1.7", " 1.9", " 2.1", " 3.1", " 1.9", " 1.0", " 4.7", " 4.0", " 5.1", " 5.1", " 5.1", " 4.7", " 4.7", " 4.0", " 4.3", " 4.3", " ", " ", " 2.3", " 1.8", " 1.7", " 1.8", " 0.7", " 1.8", " 1.4"
"127", "", "False", "", "", "No results", " No results", " No results", " No results", " No results", "", "226.19543", "225.18815", "8.871", "7670903.98322868", "0", "0", "0", "", "", "", "No matches found", " No matches found", " No matches found", " No matches found", " No matches found", "", "No matches found", "PreferredDDA", "", "[M-H]-1", "2569993.21524956", " 5454377.0405438", " 3565703.03414618", " 4555073.03148585", " 1057866.62486216", " 867310.551733245", "72.499692219694", " 28.1905008887284", " 39.6938676702618", " 32.2240157457283", " 21.3689370773713", " 9.82454552375716", "2.122", " 1.772", " 0.654", " 0.297", " 0.783", " 0.190", " 1.220", "1.09", " 0.83", " -0.61", " -1.75", " -0.35", " -2.39", " 0.29", "0.0137586851297024", " 0.0432868212113356", " 0.865800607907536", " 5.65628186739442E-05", " 0.998513841179983", " 1.75403027480314E-06", " 0.999088663787906", "1", " 0.43778716906919", " 1", " 0.00709066414285509", " 1", " 0.00028122952072677", " 1", "7.6", "2.9", " 4.7", " 3.3", " 5.6", " 6.4", " 7.4", " 7.6", " 6.8", " 6.8", " 7.2", " 5.7", " 6.0", " 6.1", " 5.0", " 5.7", " 5.7", " 6.9", " 5.4", " 6.5", " 6.3", " 5.6", " 6.1", " 6.3", " ", " 4.6", " 4.6", " 3.1", " 5.0", " 5.4", " 4.6", " ", " ", " 6.5", " 4.6", " 6.5"
"184", "", "False", "", "", "No results", " No results", " No results", " No results", " No results", "", "224.17983", "223.17255", "7.327", "7288587.94321507", "0", "0", "0", "", "", "", "No matches found", " No matches found", " No matches found", " No matches found", " No matches found", "", "No matches found", "PreferredDDA", "", "[M-H]-1", "3068880.02413238", " 4643992.99562465", " 2371178.23885468", " 4287091.37249383", " 640647.731638342", " 496841.254772582", "83.5454987379432", " 23.4140017628536", " 47.3758432089509", " 40.3417098998929", " 15.4785272910733", " 0.222744687719806", "1.513", " 1.397", " 0.511", " 0.270", " 0.553", " 0.116", " 1.289", "0.60", " 0.48", " -0.97", " -1.89", " -0.85", " -3.11", " 0.37", "0.768902191177335", " 0.831932670769406", " 0.840688827286596", " 0.0535868948580177", " 0.897645301073939", " 0.00294757315651828", " 0.998004996792229", "1", " 1", " 1", " 0.597452087159126", " 1", " 0.0675134613469187", " 1", "6.8", "5.9", " 6.6", " 5.2", " 6.2", " 6.0", " 6.6", " 6.8", " 5.1", " 6.2", " 5.9", " 4.5", " 6.6", " 4.1", " 5.4", " 3.5", " 4.6", " 6.4", " 5.0", " 5.6", " 5.6", " 6.2", " 6.0", " 5.8", " ", " 4.2", " ", " 5.5", " ", " ", " ", " ", " ", " 6.4", " ", " 6.8"
"193","","False","methyl-10-hydroperoxy-8E,12Z,15Z-octadecatrienoate","C19 H32 O4","No results"," No results"," No results"," Partial match"," Full match","-4.82","324.22850","323.22122","12.170","7275221.17053266","6","0","0","","","","No matches found"," No matches found"," No matches found"," No matches found"," No matches found","","Multiple matches found","PreferredDDA","","[M-H]-1","3751132.63592965"," 4678638.27999614"," 5760131.38456115"," 6515600.27879338"," 4734499.60282673"," 5743388.9943101","36.5786052237374"," 10.5302273705981"," 64.4372774957881"," 1.76458917385207"," 47.1491256079752"," 27.6250472670719","1.247"," 1.737"," 1.231"," 0.822"," 0.884"," 0.881"," 0.824","0.32"," 0.80"," 0.30"," -0.28"," -0.18"," -0.18"," -0.28","0.979848982079329"," 0.831915961618147"," 0.992118723534825"," 0.999845930441819"," 0.889993730030072"," 0.999778752979649"," 0.901298418365262","1"," 1"," 1"," 1"," 1"," 1"," 1","6.3","3.6"," 4.6"," "," 5.2"," 2.7"," 4.2"," "," "," 6.3"," 4.6"," "," 4.3"," "," "," 3.9"," 2.8"," "," "," "," 6.2"," "," "," 5.8"," 3.7"," "," 3.3"," 5.9"," 4.7"," "," 4.7"," "," "," "," "," 5.7"
"453", "", "False", "Heneicosylic acid", "C21 H42 O2", "Full match", " No results", " No results", " Full match", " Full match", "3.45", "326.31961", "325.31233", "15.641", "7213863.07129773", "12", "0", "0", "", "", "", "No matches found", " No matches found", " No matches found", " No matches found", " No matches found", "", "Multiple matches found", "PreferredDDA", "", "[M-H]-1", "3421821.99983531", " 3294856.63760397", " 4979952.68301877", " 5712874.23006155", " 6090787.52187486", " 3760065.25353716", "47.0240890378515", " 44.8327823664588", " 31.5723219178058", " 36.7932582749305", " 32.4892275343671", " 34.1192703252441", "0.963", " 1.670", " 1.511", " 1.223", " 0.872", " 0.658", " 1.620", "-0.05", " 0.74", " 0.60", " 0.29", " -0.20", " -0.60", " 0.70", "0.999998770225194", " 0.977659312084454", " 0.970399662557499", " 0.992012219489373", " 0.999964587616994", " 0.982156109623875", " 0.741223196790328", "1", " 1", " 1", " 1", " 1", " 1", " 1", "5.0", "2.8", " 3.6", " 3.3", " 3.5", " 2.2", " 2.0", " 2.4", " 3.2", " 3.0", " 4.1", " 2.7", " 2.7", " 4.4", " 3.3", " 3.8", " 4.1", " 4.1", " 4.8", " 4.2", " 2.6", " 4.2", " 2.3", " 4.4", " 4.4", " 3.8", " 2.6", " 4.4", " 4.8", " 4.4", " 5.0", " 3.5", " 3.1", " 4.2", " 3.8", " "
"725", "", "False", "", "C10 H5 O3 P", "Full match", " No results", " No results", " No results", " No results", "0.50", "203.99773", "202.99045", "24.357", "7201712.56176922", "0", "0", "0", "", "", "", "No matches found", " No matches found", " No matches found", " No matches found", " No matches found", "", "No matches found", "PreferredDDA", "", "[M-H]-1", "5955438.71820624", " 6010592.60853885", " 6398099.77487478", " 6737935.31215999", " 6855336.68864774", " 6730079.3372106", "3.46101007390893", " 30.7204021609001", " 4.5560072747901", " 15.7720497529149", " 0.926992179900947", " 4.65680281403542", "1.009", " 1.131", " 1.064", " 1.071", " 0.950", " 0.999", " 1.019", "0.01", " 0.18", " 0.09", " 0.10", " -0.07", " 0.00", " 0.03", "0.606407572072407", " 0.995029092992595", " 0.203867500958549", " 0.982747156465186", " 0.999785010440648", " 0.967848812669918", " 0.999871055449059", "1", " 1", " 1", " 1", " 1", " 1", " 1", "7.0", "6.6", " 5.8", " 5.8", " 5.8", " 5.5", " 4.2", " ", " 4.1", " 3.7", " 4.1", " 6.2", " 6.6", " 6.2", " 5.5", " 5.8", " 5.8", " 4.1", " 5.1", " 4.7", " 5.1", " 4.7", " 5.1", " 4.7", " 6.2", " 5.8", " 7.0", " 6.6", " 6.2", " 6.2", " 6.2", " 6.2", " 5.5", " 6.6", " 6.2", " 6.2"
"147", "", "False", "2-(Methylsulfonyl)-3-(pyrazin-2-ylamino)acrylonitrile", "C8 H8 N4 O2 S", "Full match", " Full match", " No results", " No results", " No results", "3.91", "224.03767", "223.03040", "10.541", "7120327.49164547", "0", "1", "0", "95.3", "9.8", "", "No matches found", " No matches found", " No matches found", " No matches found", " No matches found", "", "No matches found", "PreferredDDA", "", "[M-H]-1", "5731365.95092706", " 4482564.99147187", " 3849562.82793818", " 5401923.16737332", " 4288711.72162889", " 4889997.77483615", "16.2914630905112", " 36.7564165952862", " 23.0931211221971", " 28.6530399958112", " 30.2560081505587", " 34.095115902374", "0.782", " 0.943", " 0.859", " 1.114", " 0.713", " 0.905", " 0.877", "-0.35", " -0.09", " -0.22", " 0.16", " -0.49", " -0.14", " -0.19", "0.83770126301871", " 0.999957297253561", " 0.999999935824397", " 0.999999889958289", " 0.765008576641534", " 0.877359266175441", " 0.999472703500594", "1", " 1", " 1", " 1", " 1", " 1", " 1", "7.3", "6.7", " 7.3", " 7.3", " ", " ", " 4.7", " 6.0", " ", " 5.7", " 4.6", " 4.3", " 4.7", " 6.5", " 6.8", " 5.5", " 3.6", " 6.8", " 6.8", " 2.4", " 6.5", " 6.5", " 6.1", " 3.2", " 4.7", " 5.4", " 6.0", " 5.7", " 6.1", " 4.0", " 5.4", " 6.3", " 5.4", " 5.7", " 5.2", " 5.7"
"304", "", "False", "", "C17 H23 N2 O2 P", "Full match", " No results", " No results", " No results", " No results", "-3.47", "318.14861", "317.14133", "5.732", "7086846.25228565", "0", "0", "0", "", "", "", "No matches found", " No matches found", " No matches found", " No matches found", " No matches found", "", "No matches found", "PreferredDDA", "CO2", "[M-H]-1", "3522274.90763221", " 3107034.09002465", " 2997232.25552495", " 1609294.87839273", " 1536494.04434595", " 1561773.07822468", "52.5350604139626", " 72.5369734835525", " 52.5087666632715", " 52.7698534154515", " 32.0396508641311", " 12.7999952589938", "0.882", " 0.457", " 0.965", " 0.513", " 1.862", " 0.970", " 0.984", "-0.18", " -1.13", " -0.05", " -0.96", " 0.90", " -0.04", " -0.02", "0.948412641879858", " 0.243859600944536", " 0.99998512370956", " 0.638549532967883", " 0.566389060412629", " 0.999176052213019", " 0.999567408581193", "1", " 1", " 1", " 1", " 1", " 1", " 1", "6.3", "1.2", " 3.0", " ", " 3.7", " 5.1", " 2.5", " 4.8", " 1.6", " 4.5", " 5.1", " 4.1", " 4.7", " 2.9", " 4.8", " 3.3", " 4.2", " 3.3", " 3.1", " 3.7", " 4.5", " 3.1", " 3.1", " 3.5", " 3.4", " 3.6", " 4.7", " 3.8", " 3.2", " 6.3", " 5.3", " 4.4", " 4.0", " 5.5", " ", " "
"477", "", "False", "FAHFA 2:0/20:0", "C22 H42 O4", "Full match", " No results", " Full match", " Partial match", " Partial match", "4.03", "370.30980", "369.30252", "13.205", "7061333.57080254", "8", "0", "1", "", "", "0.5", "No matches found", " No matches found", " No matches found", " Single match found", " No matches found", "", "Multiple matches found", "PreferredDDA", "", "[M-H]-1", "5709384.4129486", " 5238085.75516699", " 5344507.09593374", " 5941491.36670656", " 5593947.72725661", " 5204865.21424453", "9.21717460909022", " 36.1317381236071", " 19.6702923033825", " 6.83602994029435", " 13.8465487405354", " 13.9506906861643", "0.917", " 1.041", " 1.020", " 1.047", " 0.900", " 0.876", " 1.075", "-0.12", " 0.06", " 0.03", " 0.07", " -0.15", " -0.19", " 0.10", "0.87401331956903", " 0.977973069723749", " 0.942920462646153", " 0.994118646348714", " 0.933935771743865", " 0.972750654676266", " 0.999318528588614", "1", " 1", " 1", " 1", " 1", " 1", " 1", "6.1", "4.9", " 4.7", " 4.9", " 5.3", " 6.1", " 2.9", " 2.2", " 2.6", " 2.2", " 2.9", " ", " 4.7", " 4.3", " 4.7", " 4.3", " 3.0", " 4.9", " 5.3", " 6.1", " 4.6", " ", " 5.3", " 4.6", " 3.3", " 4.4", " ", " 4.4", " 4.4", " 5.4", " 4.1", " 4.8", " 4.6", " 6.0", " 4.4", " 4.6"
"106", "", "False", "", "C36 H72 N2 O2", "Invalid mass", " No results", " No results", " No results", " No results", "5.31", "564.56238", "599.53124", "17.853", "7035730.72293", "0", "0", "0", "", "", "", "No matches found", " No matches found", " No matches found", " No matches found", " No matches found", "", "No matches found", "PreferredDDA", "", "[M+Cl]-1", "2444714.53296071", " 2453663.13352787", " 2940350.30601506", " 3107499.40277134", " 4468274.05115918", " 6270367.35773553", "19.8896804273578", " 0.913302812634378", " 22.4798547949322", " 10.6444923398966", " 11.1757871735443", " 12.2428320596799", "1.004", " 1.271", " 1.198", " 1.520", " 0.946", " 2.018", " 0.713", "0.01", " 0.35", " 0.26", " 0.60", " -0.08", " 1.01", " -0.49", "0.999933760355604", " 0.284200390198554", " 0.773511454112433", " 0.00197360662293689", " 0.985248586596853", " 6.05318297708379E-08", " 0.00918074332435292", "1", " 1", " 1", " 0.0626999642517641", " 1", " 1.45579050598865E-05", " 0.668135733427901", "8.6", "7.1", " 6.1", " 6.9", " 7.9", " ", " ", " ", " 8.3", " ", " 7.5", " 6.2", " 6.6", " 6.2", " ", " ", " 6.0", " 8.4", " 7.2", " 7.2", " 8.4", " 7.6", " 7.6", " 7.6", " 8.0", " 8.4", " 8.0", " 7.6", " 7.9", " 8.6", " 8.6", " 7.9", " 8.2", " 7.1", " 7.9", " 8.4"
"274", "", "False", "", "C31 H60 O4", "Full match", " No results", " No results", " No results", " No results", "1.82", "496.45007", "495.44279", "13.899", "7016475.50917183", "0", "0", "0", "", "", "", "No matches found", " No matches found", " No matches found", " No matches found", " No matches found", "", "No matches found", "PreferredDDA", "", "[M-H]-1", "3523938.83345179", " 4297028.67695825", " 4311417.36297082", " 3807051.29148715", " 4563572.57554922", " 3222652.03918204", "11.9219946526011", " 18.4870729124155", " 25.8214818726427", " 31.4777078042802", " 11.9350898176122", " 36.1600574890431", "1.219", " 1.080", " 1.003", " 1.058", " 1.132", " 0.846", " 1.416", "0.29", " 0.11", " 0.00", " 0.08", " 0.18", " -0.24", " 0.50", "0.818550169834405", " 0.999994975255879", " 0.999999637865641", " 0.999952396226143", " 0.840370614648684", " 0.671702800443363", " 0.116445237189653", "1", " 1", " 1", " 1", " 1", " 1", " 1", "6.9", "3.8", " 3.1", " 3.8", " 6.9", " 4.2", " 5.5", " 3.3", " 4.1", " 5.5", " 4.5", " 3.6", " 3.6", " 2.4", " 4.6", " 1.7", " 3.2", " 3.5", " 2.7", " 2.7", " 1.9", " 3.1", " 1.6", " 2.6", " 4.8", " 3.8", " 4.6", " 3.8", " 4.6", " ", " 2.7", " 4.2", " 1.9", " 5.5", " 1.9", " 3.8"
"300", "", "False", "LPC 18:2", "C26 H50 N O7 P", "No match", " No results", " Invalid mass", " No results", " No results", "115579.75", "579.35681", "578.34953", "7.075", "6961671.23012097", "0", "0", "5", "", "", "49.5", "No matches found", " No matches found", " No matches found", " Multiple matches found", " No matches found", "", "No matches found", "PreferredDDA", "", "[M-H]-1", "2263537.79137701", " 1681721.00360921", " 2158874.45251694", " 2942165.02843399", " 2467391.04157675", " 2783435.00708129", "68.0482471343888", " 68.1595573320784", " 56.4302848492694", " 53.621814348289", " 21.464766009342", " 72.6964095470524", "0.743", " 1.300", " 1.284", " 1.143", " 0.734", " 0.946", " 0.886", "-0.43", " 0.38", " 0.36", " 0.19", " -0.45", " -0.08", " -0.17", "0.999602165224108", " 0.955641677702358", " 0.987785633128569", " 0.999998296652585", " 0.940760553814506", " 0.999189352612512", " 0.998579774608029", "1", " 1", " 1", " 1", " 1", " 1", " 1", "3.7", "1.8", " 1.4", " ", " ", " ", " ", " 1.8", " ", " 1.4", " 2.3", " 1.2", " 2.6", " 1.2", " 3.3", " 1.0", " 1.6", " 0.8", " 2.0", " 2.6", " 2.8", " 3.7", " ", " 2.6", " 3.4", " 3.6", " 3.6", " 3.2", " 3.0", " ", " 1.8", " 2.0", " 2.0", " 3.3", " ", " 1.4"
"499", "", "False", "", "C40 H84 N8", "Full match", " No results", " No results", " No results", " No results", "-1.37", "676.68097", "675.67369", "18.102", "6921062.13596864", "0", "0", "0", "", "", "", "No matches found", " No matches found", " No matches found", " No matches found", " No matches found", "", "No matches found", "PreferredDDA", "", "[M-H]-1", "2527645.85309926", " 2885239.54173848", " 4904049.50938863", " 3772334.75337585", " 5626000.12353371", " 4896028.40959945", "48.5116244039229", " 9.17858946002651", " 30.3966458891211", " 30.8107236317105", " 37.8153368801819", " 23.9858957716193", "1.141", " 1.492", " 1.700", " 1.147", " 1.300", " 1.298", " 1.149", "0.19", " 0.58", " 0.77", " 0.20", " 0.38", " 0.38", " 0.20", "0.999669095196771", " 0.866951690462793", " 0.364839417689922", " 0.999949370105691", " 0.765795064743336", " 0.816250167034314", " 0.999999723700487", "1", " 1", " 1", " 1", " 1", " 1", " 1", "7.0", "2.6", " 2.3", " 3.2", " 2.3", " 1.8", " 5.1", " 4.7", " 4.3", " 7.0", " 3.6", " 3.7", " 3.7", " 2.3", " 3.5", " 2.3", " 3.8", " 2.7", " 3.5", " 4.2", " 2.3", " 4.6", " 2.9", " 2.3", " 4.2", " 4.1", " 3.7", " 3.2", " 4.1", " 3.6", " 4.2", " 3.4", " 2.8", " 5.3", " 3.6", " 3.2"
"103", "", "False", "", "", "No results", " No results", " No results", " No results", " No results", "", "868.20406", "867.19678", "14.896", "6857356.16336076", "0", "0", "0", "", "", "", "No matches found", " No matches found", " No matches found", " No matches found", " No matches found", "", "No matches found", "PreferredDDA", "", "[M-H]-1", "2411503.16922371", " 2741293.9067264", " 1493118.22221848", " 2180940.98599171", " 2172386.31885745", " 2423830.21770213", "72.6330897091953", " 80.5347990796871", " 55.4052790862397", " 60.2409142515988", " 65.9048532416573", " 49.932865716899", "1.137", " 0.904", " 0.545", " 1.455", " 0.685", " 1.111", " 0.896", "0.18", " -0.14", " -0.88", " 0.54", " -0.55", " 0.15", " -0.16", "0.997190612903111", " 0.999124654168254", " 0.865927770998242", " 0.990540483835717", " 0.883694879246643", " 0.999517040188975", " 0.979877317963211", "1", " 1", " 1", " 1", " 1", " 1", " 1", "6.4", "4.5", " 5.6", " 5.6", " 4.4", " 3.8", " 3.8", " 5.2", " 5.6", " 5.4", " 5.5", " 3.6", " 3.3", " 5.6", " 4.1", " 4.6", " 4.2", " 6.0", " 5.2", " 4.2", " 4.2", " 5.0", " 5.4", " 5.2", " 4.4", " 4.2", " 5.2", " 4.0", " 5.0", " 5.2", " 4.6", " 5.2", " 6.4", " 6.4", " 6.0", " 5.4"
"418", "", "False", "Pentacosanoic acid", "C25 H50 O2", "Full match", " Full match", " No results", " Full match", " Full match", "3.66", "382.38248", "381.37520", "15.875", "6671044.22954391", "9", "1", "0", "85.6", "9.3", "", "No matches found", " No matches found", " No matches found", " No matches found", " No matches found", "", "Multiple matches found", "PreferredDDA", "", "[M-H]-1", "4651041.15840638", " 4645906.72126164", " 5096748.6497256", " 5224464.99017185", " 2695396.13248641", " 2694163.96345008", "11.8926046172615", " 24.2564724352112", " 16.0241239677393", " 31.6540707642676", " 43.5644718130064", " 46.9782257164531", "0.999", " 1.123", " 1.097", " 0.529", " 0.976", " 0.516", " 1.000", "0.00", " 0.17", " 0.13", " -0.92", " -0.04", " -0.96", " 0.00", "0.999928347128113", " 0.999868459368346", " 0.977364870122717", " 0.409668146780412", " 0.965322649362309", " 0.132736849577787", " 0.863207063309082", "1", " 1", " 1", " 1", " 1", " 1", " 1", "6.1", "3.8", " 6.1", " 5.7", " 6.1", " 5.4", " 4.7", " 5.5", " 4.2", " 4.3", " 2.4", " 3.6", " 5.1", " 3.2", " 4.5", " 4.8", " 6.0", " 5.1", " 4.2", " 4.8", " 5.2", " 3.3", " 4.4", " 3.5", " 4.5", " 2.3", " 2.6", " 3.3", " 3.6", " 3.7", " 3.7", " 1.2", " 2.3", " 2.2", " 2.5", " 3.0"
"452", "", "False", "Nonadecylic acid", "C19 H38 O2", "Full match", " No results", " No results", " Not the top hit", " Full match", "2.79", "298.28801", "297.28074", "14.432", "6651170.39274387", "26", "0", "0", "", "", "", "No matches found", " No matches found", " No matches found", " No matches found", " No matches found", "", "Multiple matches found", "PreferredDDA", "", "[M-H]-1", "4297366.43063285", " 4007611.82175665", " 4103619.11230732", " 3885804.78005552", " 4902645.37073244", " 5062662.13982728", "14.2593798330928", " 8.88484109093114", " 29.0768099665241", " 19.1682893623565", " 10.5728020010811", " 18.0514090586286", "0.933", " 0.904", " 1.024", " 1.195", " 1.056", " 1.303", " 0.968", "-0.10", " -0.15", " 0.03", " 0.26", " 0.08", " 0.38", " -0.05", "0.999957584707601", " 0.999999989842797", " 0.999994958313422", " 0.870925762555657", " 0.999995874313345", " 0.758012501647262", " 0.999962312386239", "1", " 1", " 1", " 1", " 1", " 1", " 1", "7.0", "5.0", " 6.1", " 6.1", " 5.7", " 6.1", " 7.0", " 6.2", " 5.5", " 6.6", " 6.2", " 5.5", " 3.8", " 5.1", " 4.7", " 5.1", " 5.1", " 5.1", " 4.8", " 5.8", " 6.0", " 5.2", " 5.6", " 4.1", " 5.0", " 6.7", " 5.4", " 6.1", " 5.0", " 6.4", " 4.5", " 4.8", " 4.8", " 5.5", " 5.8", " 5.1"
"105", "", "False", "", "C18 H43 N8 O P", "Full match", " No results", " No results", " No results", " No results", "2.07", "418.33061", "417.32333", "12.414", "6629174.65089621", "0", "0", "0", "", "", "", "No matches found", " No matches found", " No matches found", " No matches found", " No matches found", "", "No matches found", "PreferredDDA", "", "[M-H]-1", "3884437.52035617", " 3367692.79160009", " 3878296.0454556", " 6534033.37128058", " 2240074.76511992", " 3709104.80854691", "51.988469841229", " 25.4286805342976", " 33.5550551636301", " 47.5504673360002", " 68.605757150774", " 26.6481784395318", "0.867", " 1.682", " 1.152", " 0.578", " 0.594", " 0.568", " 0.604", "-0.21", " 0.75", " 0.20", " -0.79", " -0.75", " -0.82", " -0.73", "0.99983866149161", " 0.856874275172355", " 0.999999801992706", " 0.917091156645342", " 0.947171379031418", " 0.995973916348456", " 0.574925374391162", "1", " 1", " 1", " 1", " 1", " 1", " 1", "6.6", "5.1", " 3.5", " 2.7", " 4.8", " 3.7", " 4.7", " 3.6", " 6.6", " ", " 4.7", " ", " 4.6", " 3.8", " ", " 6.6", " ", " ", " ", " 3.9", " ", " 4.2", " 5.1", " ", " 6.2", " 4.6", " 5.2", " ", " 1.8", " 6.6", " ", " 6.2", " 4.6", " 4.0", " ", " 3.6"
"199", "", "False", "", "C22 H38 O4", "Full match", " No results", " No results", " No results", " No results", "-2.73", "366.27601", "365.26873", "13.759", "6577893.71074172", "0", "0", "0", "", "", "", "No matches found", " No matches found", " No matches found", " No matches found", " No matches found", "", "No matches found", "PreferredDDA", "", "[M-H]-1", "4531046.46185097", " 4766825.56137562", " 5089121.87758823", " 4373540.78779277", " 4019960.49076292", " 4499469.709415", "13.5992092195532", " 21.34384943427", " 31.612124973246", " 25.357067659203", " 27.4269272551811", " 35.5910490497302", "1.052", " 0.965", " 1.068", " 0.790", " 1.164", " 1.029", " 0.893", "0.07", " -0.05", " 0.09", " -0.34", " 0.22", " 0.04", " -0.16", "0.999997134390897", " 0.99998359125819", " 0.999666061275062", " 0.971560061531975", " 0.988831313187261", " 0.999904025934959", " 0.999999977429729", "1", " 1", " 1", " 1", " 1", " 1", " 1", "6.9", "6.1", " 6.1", " 6.1", " 6.9", " 6.5", " 4.7", " 5.5", " 5.1", " 5.7", " 5.9", " 3.8", " 4.8", " 5.6", " 5.7", " 5.2", " 4.2", " 6.6", " 4.7", " 5.1", " 5.9", " 6.2", " 4.0", " 6.1", " 4.7", " 5.5", " ", " 4.6", " 4.3", " 4.2", " 3.8", " 4.2", " 5.5", " 4.6", " 6.0", " 6.0"
"162", "", "False", "ascr#29", "C23 H42 O6", "Not the top hit", " No results", " No results", " Full match", " Full match", "3.57", "414.29962", "413.29234", "9.336", "6534160.23595325", "2", "0", "0", "", "", "", "No matches found", " No matches found", " No matches found", " No matches found", " No matches found", "", "Multiple matches found", "PreferredDDA", "", "[M-H]-1", "1337271.83076486", " 1531373.79085896", " 1737797.79484889", " 4856350.39805693", " 934030.851116829", " 2895966.95829772", "71.9870094360684", " 29.8731026080835", " 42.6470699975367", " 49.1740602898484", " 57.3100298019076", " 59.7067226134675", "1.145", " 3.632", " 1.135", " 0.537", " 0.358", " 0.596", " 0.323", "0.20", " 1.86", " 0.18", " -0.90", " -1.48", " -0.75", " -1.63", "0.999072651079094", " 0.298852668376093", " 0.998393422128555", " 0.833070830542955", " 0.111933361162708", " 0.960985345206085", " 0.0692731293873167", "1", " 1", " 1", " 1", " 1", " 1", " 1", "6.0", "6.0", " 4.2", " ", " 3.6", " ", " 5.4", " 5.3", " 5.0", " 4.1", " 3.4", " 3.5", " 3.0", " 1.0", " 5.2", " 4.2", " 4.2", " 5.4", " 3.5", " 4.5", " 5.5", " 5.1", " 5.2", " 4.5", " 2.7", " ", " 3.3", " 5.0", " 2.9", " 2.1", " 4.6", " 2.7", " 6.0", " 5.2", " 5.8", " 5.2"
"202", "", "False", "Montanic acid", "C28 H56 O2", "Full match", " No results", " No results", " Full match", " Full match", "3.33", "424.42944", "423.42217", "18.523", "6522759.84077673", "8", "0", "0", "", "", "", "No matches found", " No matches found", " No matches found", " No matches found", " No matches found", "", "Multiple matches found", "PreferredDDA", "", "[M-H]-1", "5736887.92089849", " 5375289.53950991", " 5471953.32914005", " 5459621.32582447", " 5437124.61426457", " 5327507.03344629", "11.0786299230841", " 5.09226771374171", " 9.94823132119134", " 7.6503915649994", " 2.62662032931969", " 2.90039236352244", "0.937", " 0.952", " 1.018", " 0.994", " 1.002", " 0.976", " 1.021", "-0.09", " -0.07", " 0.03", " -0.01", " 0.00", " -0.04", " 0.03", "0.999925361327611", " 0.671787140490839", " 0.999990109929521", " 0.998395673124571", " 0.849106911085028", " 0.997168705151673", " 0.999796006899408", "1", " 1", " 1", " 1", " 1", " 1", " 1", "9.6", "8.2", " 8.0", " 7.6", " 7.9", " 7.9", " 8.7", " 6.8", " 8.0", " 7.6", " 8.0", " 8.7", " 7.6", " 7.8", " 8.0", " 7.6", " 7.6", " 7.8", " 8.1", " 7.6", " 9.1", " 8.7", " 8.4", " 8.4", " 8.9", " 8.9", " 9.2", " 8.9", " 8.9", " 8.9", " 8.5", " 8.1", " 9.6", " 8.5", " 8.9", " 8.5"
"120", "", "False", "2-(Methylsulfonyl)-3-(pyrazin-2-ylamino)acrylonitrile", "C8 H8 N4 O2 S", "Full match", " Full match", " No results", " No results", " No results", "3.91", "224.03767", "223.03040", "14.099", "6519902.02092198", "0", "1", "0", "95.7", "9.8", "", "No matches found", " No matches found", " No matches found", " No matches found", " No matches found", "", "No matches found", "PreferredDDA", "", "[M-H]-1", "3448320.99848928", " 2971331.85574576", " 3438110.57422702", " 3856961.24031022", " 2185997.07162431", " 3062612.28781837", "53.0459621349523", " 44.9878231135136", " 50.9140294758197", " 25.359873860793", " 65.1981615620406", " 50.5052494209446", "0.862", " 1.119", " 1.157", " 0.636", " 0.891", " 0.794", " 0.714", "-0.21", " 0.16", " 0.21", " -0.65", " -0.17", " -0.33", " -0.49", "0.980390767987946", " 0.988559000769189", " 0.999443082699275", " 0.999999658268716", " 0.496682853647742", " 0.910487508364187", " 0.968827733016141", "1", " 1", " 1", " 1", " 1", " 1", " 1", "7.4", "5.6", " 6.4", " 6.6", " 3.9", " ", " 4.0", " 4.8", " ", " 5.6", " 5.6", " 3.9", " ", " 4.8", " 6.0", " 5.6", " 3.3", " 7.4", " 6.1", " ", " 6.2", " 6.6", " 7.4", " ", " 3.9", " ", " 6.4", " 4.6", " 4.5", " 5.4", " 4.6", " 5.5", " 5.2", " 5.6", " 5.6", " 5.6"
"451", "", "False", "11-Oxoceromelissic acid", "C33 H64 O3", "Not the top hit", " No results", " No results", " Full match", " Full match", "2.28", "508.48670", "507.47943", "15.172", "6503767.67157104", "1", "0", "0", "", "", "", "No matches found", " No matches found", " No matches found", " No matches found", " No matches found", "", "Single match found", "PreferredDDA", "", "[M-H]-1", "5079399.21008062", " 5072682.35012741", " 4844607.20229845", " 4223839.18725937", " 4829935.77597047", " 3529226.73712699", "23.5334728014624", " 11.4824227846182", " 27.1658945553044", " 17.3382013428607", " 29.0402984784877", " 38.3184612262855", "0.999", " 0.832", " 0.955", " 0.997", " 1.147", " 0.836", " 1.369", "0.00", " -0.27", " -0.07", " 0.00", " 0.20", " -0.26", " 0.45", "0.99960442151049", " 0.999997232937414", " 1", " 0.984625248320906", " 0.99604542358618", " 0.590462254752166", " 0.793862980919643", "1", " 1", " 1", " 1", " 1", " 1", " 1", "4.8", "2.8", " 2.3", " 3.6", " 2.4", " 3.1", " 4.2", " 4.8", " 4.2", " ", " ", " 3.4", " 1.9", " 2.4", " ", " 3.2", " 3.2", " 2.2", " 3.0", " 2.6", " 3.3", " 4.1", " 3.0", " 3.6", " 4.7", " 2.1", " 4.0", " 3.1", " 2.7", " 3.1", " 1.8", " 2.5", " 2.7", " ", " 2.7", " 2.3"
"161", "", "False", "", "C39 H69 Cl", "Full match", " No results", " No results", " No results", " No results", "-1.67", "572.50782", "571.50055", "17.163", "6462076.00095892", "0", "0", "0", "", "", "", "No matches found", " No matches found", " No matches found", " No matches found", " No matches found", "", "No matches found", "PreferredDDA", "", "[M-H]-1", "2191464.47638055", " 2241243.83678706", " 2926906.74272041", " 2935136.98977234", " 4155383.56973058", " 6119852.06443758", "16.2890495896711", " 12.5774923637711", " 16.0149289864935", " 16.4591238833687", " 8.46624894436757", " 8.24479628616509", "1.023", " 1.339", " 1.306", " 1.420", " 0.997", " 2.085", " 0.679", "0.03", " 0.42", " 0.39", " 0.51", " 0.00", " 1.06", " -0.56", "0.999938834744263", " 0.0627493519895116", " 0.125283261723384", " 0.0375445209034572", " 0.999999969948817", " 9.29020649409473E-06", " 0.0452231276568351", "1", " 0.598891691674742", " 1", " 0.534685763211304", " 1", " 0.000912568754839449", " 1", "9.1", "6.4", " 5.4", " 4.6", " 6.4", " 5.8", " 6.3", " ", " 7.2", " 5.9", " ", " 6.4", " 6.0", " 6.0", " 7.1", " ", " ", " 7.5", " ", " 7.5", " 7.5", " 5.2", " ", " 6.7", " 8.1", " ", " 7.8", " 7.8", " ", " 8.4", " ", " ", " 8.0", " 9.1", " 8.4", " "
"169","","False","(9S,10S)-10-hydroxy-9-(phosphonooxy)octadecanoic acid","C18 H37 O7 P","Not the top hit"," No results"," No results"," No match"," Full match","3.34","396.22901","395.22174","10.402","6351338.58761126","2","0","0","","","","No matches found"," No matches found"," No matches found"," No matches found"," No matches found","","Multiple matches found","PreferredDDA","","[M-H]-1","1033761.45886749"," 2029663.32606364"," 3524188.98508904"," 4126614.95598665"," 877304.556942626"," 1706119.57520191","55.8349036499411"," 34.6274123754145"," 18.3997188822861"," 26.4938682751232"," 37.4210458845832"," 20.6316444800912","1.963"," 3.992"," 1.736"," 0.249"," 0.854"," 0.413"," 0.514","0.97"," 2.00"," 0.80"," -2.01"," -0.23"," -1.27"," -0.96","0.157392124485964"," 1.3275483502162E-05"," 0.068548644624116"," 5.78782417015589E-06"," 0.885681959602745"," 0.00069632215186699"," 0.0383552228671631","1"," 0.000622150015602184"," 1"," 0.00239037138227438"," 1"," 0.0209331846905014"," 1","6.7","2.9"," 3.1"," "," 2.5"," 4.2"," 5.3"," 5.7"," 1.1"," 4.6"," 3.2"," 6.7"," 6.7"," 3.7"," 6.0"," "," 5.2"," 4.3"," 4.7"," 4.0"," 4.7"," 5.3"," 6.6"," "," 3.5"," 4.5"," 2.0"," 5.7"," 3.0"," "," 4.6"," "," 4.9"," 4.9"," 4.1"," 4.5"
"258", "", "False", "11-Oxoceromelissic acid", "C33 H64 O3", "Not the top hit", " No results", " No results", " Full match", " Full match", "2.39", "508.48676", "507.47948", "14.888", "6288771.647696", "1", "0", "0", "", "", "", "No matches found", " No matches found", " No matches found", " No matches found", " No matches found", "", "Single match found", "PreferredDDA", "", "[M-H]-1", "4433391.90670487", " 4803707.88668543", " 4999901.25310808", " 4442037.87516981", " 4828015.40324675", " 4648175.22638004", "11.4388699481981", " 18.8590980735585", " 13.8637656254466", " 15.1609985636337", " 6.24599372144998", " 9.48964464571394", "1.084", " 1.002", " 1.041", " 0.966", " 1.126", " 1.046", " 1.039", "0.12", " 0.00", " 0.06", " -0.05", " 0.17", " 0.07", " 0.05", "0.999353621733635", " 0.980695934851516", " 0.716701120738272", " 0.897834427232228", " 0.114640081074599", " 0.92157070804955", " 0.993216191617012", "1", " 1", " 1", " 1", " 1", " 1", " 1", "7.8", "5.7", " 6.9", " 5.4", " 4.2", " 5.7", " 5.6", " 4.5", " 5.2", " 6.4", " 4.3", " 5.7", " 4.8", " 5.7", " 6.0", " 5.2", " 5.7", " 6.0", " 4.5", " 4.5", " 5.2", " 4.5", " 3.3", " 5.2", " 6.2", " 5.5", " 6.8", " 7.8", " 5.9", " 7.8", " 6.2", " 5.7", " 7.8", " 7.4", " 6.6", " 6.2"
"461", "", "False", "", "C39 H79 N2 O P", "Full match", " No results", " No results", " No results", " No results", "4.44", "622.59576", "621.58849", "16.798", "6230504.93412984", "0", "0", "0", "", "", "", "No matches found", " No matches found", " No matches found", " No matches found", " No matches found", "", "No matches found", "PreferredDDA", "", "[M-H]-1", "2516644.11129851", " 3101921.71065351", " 4136481.88605674", " 2725595.96772664", " 3112312.22003595", " 3469140.1956778", "17.3671338709147", " 22.7167107726546", " 37.9799911292607", " 35.5934837391177", " 29.0309543993042", " 17.7279878533502", "1.233", " 1.083", " 1.334", " 0.752", " 1.518", " 1.273", " 0.897", "0.30", " 0.12", " 0.42", " -0.41", " 0.60", " 0.35", " -0.16", "0.968330542127581", " 0.996767803705777", " 0.930475330304833", " 0.390538869094495", " 0.712926974793573", " 0.984699232157854", " 0.795729266141814", "1", " 1", " 1", " 1", " 1", " 1", " 1", "6.0", "2.6", " 5.2", " 2.6", " 5.2", " 5.2", " 4.7", " 5.1", " 4.7", " 5.1", " 3.2", " 3.8", " 4.1", " 2.7", " 2.9", " 3.6", " 1.6", " 2.5", " 3.2", " 3.1", " 3.5", " 3.1", " 2.9", " 3.8", " 5.6", " 4.3", " 5.3", " 4.3", " 1.7", " 4.5", " 6.0", " 3.0", " 4.5", " 3.7", " 4.8", " 3.7"
"251", "", "False", "", "C13 H27 N2 P", "Full match", " No results", " No results", " No results", " No results", "-3.87", "242.19025", "241.18297", "5.900", "6212082.86787293", "0", "0", "0", "", "", "", "No matches found", " No matches found", " No matches found", " No matches found", " No matches found", "", "No matches found", "PreferredDDA", "", "[M-H]-1", "2100473.5277958", " 2488511.81121522", " 1288851.89998538", " 1035218.37823599", " ", " ", "94.4843137749899", " 27.7121080163965", " 41.2847470171325", " 47.5189044719986", " ", " ", "1.185", " 0.493", " 0.518", " 0.000", " 1.245", " 0.000", " ", "0.24", " -1.02", " -0.95", " -Infinity", " 0.32", " -Infinity", " ", "0.999936721673026", " 0.433481752715066", " 0.614691879026004", " ", " 0.941310237163513", " ", " ", "1", " 1", " 1", " ", " 1", " ", " ", "6.6", "", " 3.9", " ", " 6.2", " 2.9", " 5.3", " 4.7", " 5.9", " 6.6", " ", " 5.0", " 4.1", " 4.0", " 4.2", " 2.9", " 3.3", " 4.8", " 2.5", " 3.9", " 2.9", " 4.2", " 2.5", " 4.2", " ", " ", " ", " ", " ", " ", " ", " ", " ", " ", " ", " "
"419", "", "False", "FAHFA(16:0/5-O-18:0)", "C34 H66 O4", "Full match", " No results", " No results", " Not the top hit", " Full match", "1.40", "538.49686", "537.48959", "15.043", "6208672.39667126", "20", "0", "0", "", "", "", "No matches found", " No matches found", " No matches found", " No matches found", " No matches found", "", "Multiple matches found", "PreferredDDA", "", "[M-H]-1", "3350751.16798734", " 5117096.93009031", " 3806373.48820709", " 3617646.09863023", " 3659483.62348213", " 3579682.82370527", "15.1459208153381", " 20.7222236806588", " 12.6191331769992", " 23.6103587443706", " 26.4806406474105", " 10.581086766182", "1.527", " 1.080", " 0.744", " 0.961", " 1.052", " 0.990", " 1.022", "0.61", " 0.11", " -0.43", " -0.06", " 0.07", " -0.02", " 0.03", "0.150546667661598", " 0.99990407041455", " 0.14510240068286", " 0.951595568547251", " 0.999991746499572", " 0.995650569447058", " 0.822373743459688", "1", " 1", " 1", " 1", " 1", " 1", " 1", "6.5", "4.8", " 4.5", " 5.2", " 5.2", " 4.5", " 4.7", " 4.3", " 4.6", " 4.3", " 4.6", " 4.2", " 5.7", " 4.2", " 5.7", " 5.4", " 6.1", " 3.6", " 3.2", " 4.6", " 5.5", " 4.0", " 5.5", " 4.7", " 4.2", " 3.6", " 4.7", " 4.2", " 3.6", " 6.1", " 6.5", " 5.0", " 5.4", " 2.7", " 6.5", " 5.0"
"438", "", "False", "(+/-)12(13)-DiHOME", "C18 H34 O4", "No match", " Invalid mass", " No results", " No match", " No match", "-57309.05", "296.23659", "295.22931", "6.095", "6144918.29414214", "55", "9", "0", "94.3", "54.6", "", "No matches found", " No matches found", " No matches found", " No matches found", " No matches found", "", "Multiple matches found", "PreferredDDA", "", "[M-H]-1", "1057110.3795058", " 1129652.67799521", " 1298695.52159751", " 1336478.7740835", " 920925.845687291", " 995141.915483553", "79.423041372405", " 17.0254606553014", " 87.1519748713233", " 46.0379581629064", " 15.6394752794475", " 26.3799996214111", "1.069", " 1.264", " 1.150", " 0.709", " 0.972", " 0.745", " 0.925", "0.10", " 0.34", " 0.20", " -0.50", " -0.04", " -0.43", " -0.11", "0.978353810993886", " 0.999963382698374", " 0.528116174896483", " 0.332543646862147", " 0.954462033001005", " 0.641695125817103", " 0.99999988424179", "1", " 1", " 1", " 1", " 1", " 1", " 1", "4.0", "2.1", " 2.1", " ", " 1.4", " 2.9", " 4.0", " 4.0", " 2.9", " ", " 3.3", " 1.6", " 3.0", " 1.7", " 2.1", " 2.8", " ", " 3.3", " 2.1", " 2.9", " 2.3", " ", " 3.1", " ", " ", " ", " 3.3", " 2.5", " 2.9", " 2.8", " ", " 3.5", " ", " 3.5", " 3.3", " "
"414", "", "False", "", "", "No results", " No results", " No results", " No results", " No results", "", "260.82374", "259.81647", "1.700", "6118107.22047153", "0", "0", "0", "", "", "", "No matches found", " No matches found", " No matches found", " No matches found", " No matches found", "", "No matches found", "PreferredDDA", "", "[M-H]-1", "2074322.54946", " 1312578.26001231", " 1513067.73683297", " 2894298.33670293", " 1617163.29517874", " 1861436.75064822", "104.525244413802", " 91.5418032619734", " ", " 53.285414176549", " 80.4314337280647", " 46.8970346875449", "0.633", " 1.395", " 1.153", " 1.069", " 0.523", " 0.643", " 0.869", "-0.66", " 0.48", " 0.21", " 0.10", " -0.94", " -0.64", " -0.20", "0.992775994291675", " 0.999835029812043", " ", " ", " ", " 0.999999927975026", " 0.996870211997526", "1", " 1", " ", " ", " ", " 1", " 1", "5.9", "5.4", " 3.8", " ", " 2.4", " ", " ", " 3.8", " ", " ", " 4.2", " ", " ", " ", " ", " 5.4", " ", " 4.5", " 4.1", " ", " 4.8", " ", " ", " 4.9", " ", " 5.3", " 3.7", " 5.9", " 4.8", " 5.4", " 5.4", " ", " 5.8", " 4.5", " ", " "
"315", "", "False", "", "C27 H55 N2 O P", "Full match", " No results", " No results", " No results", " No results", "-3.49", "454.40361", "453.39634", "16.547", "6066580.21909091", "0", "0", "0", "", "", "", "No matches found", " No matches found", " No matches found", " No matches found", " No matches found", "", "No matches found", "PreferredDDA", "", "[M-H]-1", "4696207.33229625", " 4363907.15356819", " 5024034.55284604", " 4346229.34071352", " 4646302.20696599", " 4676722.28288206", "3.24667766063552", " 16.5342229648799", " 16.130034841081", " 10.1568150830667", " 12.5542623785356", " 22.2073785617464", "0.929", " 0.925", " 1.151", " 0.925", " 1.156", " 1.076", " 0.993", "-0.11", " -0.11", " 0.20", " -0.11", " 0.21", " 0.11", " -0.01", "0.985478425309724", " 0.95739908079831", " 0.899157253750792", " 0.979702467213596", " 0.795814787636871", " 0.999997443145766", " 0.998846998338451", "1", " 1", " 1", " 1", " 1", " 1", " 1", "8.0", "7.9", " 6.7", " 7.9", " 7.1", " 7.1", " 5.6", " 5.1", " 5.2", " 5.2", " 6.4", " 6.4", " 5.8", " 5.2", " 6.0", " 6.4", " 6.4", " 5.7", " 5.4", " 6.9", " 6.5", " 4.6", " 8.0", " 6.9", " 7.6", " 6.3", " 6.1", " 5.7", " 6.1", " 5.9", " 5.5", " 6.1", " 5.5", " 5.5", " 6.4", " 5.1"
"733", "", "False", "", "", "No results", " No results", " No results", " No results", " No results", "", "802.82260", "801.81532", "19.552", "5953290.88347901", "0", "0", "0", "", "", "", "No matches found", " No matches found", " No matches found", " No matches found", " No matches found", "", "No matches found", "PreferredDDA", "", "[M-H]-1", "4119240.20019654", " 3415956.66525171", " 3399137.29544024", " 3856811.09055013", " 4144899.93294987", " 3707438.64854736", "31.4161826701899", " 59.3296719020707", " 27.0774138623831", " 6.23712289561122", " 7.67812134513806", " 22.2091151724467", "0.829", " 0.936", " 0.995", " 1.219", " 0.881", " 0.961", " 1.118", "-0.27", " -0.09", " -0.01", " 0.29", " -0.18", " -0.06", " 0.16", "0.991068285795722", " 0.994978087672585", " 0.999993741178062", " 0.825201128534124", " 0.88562735146466", " 0.982049396931232", " 0.955869415829644", "1", " 1", " 1", " 1", " 1", " 1", " 1", "5.9", "1.0", " 3.1", " 3.5", " 1.6", " 2.3", " 1.4", " 2.0", " ", " 0.7", " 3.6", " 4.3", " 4.1", " 4.0", " 2.8", " 2.8", " 1.7", " 4.7", " 4.3", " 3.6", " 4.3", " 4.3", " 5.1", " ", " 5.1", " 5.1", " 5.1", " 4.7", " 5.9", " 4.7", " 3.2", " 3.0", " 3.6", " 3.2", " 3.2", " 2.1"
"156", "", "False", "2-(Methylsulfonyl)-3-(pyrazin-2-ylamino)acrylonitrile", "C8 H8 N4 O2 S", "Not the top hit", " Full match", " No results", " No results", " No results", "4.30", "224.03776", "223.03048", "16.617", "5823767.01237125", "0", "1", "0", "93.9", "9.7", "", "No matches found", " No matches found", " No matches found", " No matches found", " No matches found", "", "No matches found", "PreferredDDA", "", "[M-H]-1", "1450558.06316714", " 1777012.65664132", " 1218967.39361261", " 1340877.07280562", " 970422.954679927", " 1420714.31738315", "56.2291013811981", " 88.6006773961983", " 25.8307567290143", " 43.555438634063", " 59.784912098434", " 40.1297922601146", "1.225", " 0.924", " 0.686", " 0.796", " 0.909", " 1.060", " 0.683", "0.29", " -0.11", " -0.54", " -0.33", " -0.14", " 0.08", " -0.55", "0.992547162638297", " 0.99999936203106", " 0.624047987970174", " 0.999930079827883", " 0.931602025192686", " 0.99990837299033", " 0.958938599910635", "1", " 1", " 1", " 1", " 1", " 1", " 1", "6.4", "5.4", " 4.6", " 5.6", " 4.8", " 3.6", " 3.4", " 4.6", " 5.0", " 4.8", " 5.8", " 4.6", " 3.9", " 5.3", " 5.6", " 4.9", " 4.0", " 4.6", " 6.4", " 2.5", " 4.0", " 3.5", " 4.2", " ", " 3.6", " ", " 5.2", " 5.2", " 4.8", " ", " 5.4", " 6.0", " 4.8", " 4.6", " 3.9", " 5.2"
"263", "", "False", "Equisetolic acid", "C30 H58 O4", "Not the top hit", " No results", " No results", " Full match", " Full match", "3.02", "482.43497", "481.42769", "17.339", "5778888.19330887", "3", "0", "0", "", "", "", "No matches found", " No matches found", " No matches found", " No matches found", " No matches found", "", "Multiple matches found", "PreferredDDA", "", "[M-H]-1", "4031953.40993685", " 4664610.21528221", " 4854348.40559403", " 4554421.16804564", " 4673172.68168761", " 4795361.65632007", "21.5363315954917", " 3.86046798883034", " 9.00804935775109", " 4.07269382858993", " 9.76047931117308", " 3.15744132994264", "1.157", " 1.130", " 1.041", " 0.963", " 1.066", " 1.053", " 0.975", "0.21", " 0.18", " 0.06", " -0.05", " 0.09", " 0.07", " -0.04", "0.0992437396537286", " 0.220408233230274", " 0.840625423235686", " 0.940828519148673", " 0.389983722747382", " 0.848916312068546", " 0.999989672635038", "1", " 1", " 1", " 1", " 1", " 1", " 1", "9.0", "4.7", " 5.9", " 5.5", " 5.1", " 5.9", " 7.9", " 7.5", " 7.9", " 8.3", " 8.6", " 7.8", " 6.8", " 7.4", " 7.0", " 6.6", " 8.4", " 7.1", " 9.0", " 7.9", " 7.9", " 8.3", " 7.5", " 8.3", " 6.2", " 7.4", " 8.7", " 7.0", " 7.8", " 8.3", " 7.5", " 7.9", " 7.9", " 8.6", " 7.9", " 8.3"
"930", "", "False", "", "C18 H42 N4 O10", "Full match", " No results", " No results", " No results", " No results", "-0.98", "474.28963", "473.28236", "15.926", "5701146.06329437", "0", "0", "0", "", "", "", "No matches found", " No matches found", " No matches found", " No matches found", " No matches found", "", "No matches found", "PreferredDDA", "", "[M-H]-1", "2097060.56715569", " 2865494.25605962", " 2840945.52170512", " 1850928.81804674", " 2160610.82022434", " 2042690.01021843", "15.2664789418972", " 56.0255706536104", " 49.2928264868533", " 2.48610504084664", " ", " 22.1899303409418", "1.366", " 0.883", " 0.991", " 0.761", " 1.535", " 1.104", " 1.058", "0.45", " -0.18", " -0.01", " -0.39", " 0.62", " 0.14", " 0.08", "0.721897493710719", " 0.999924228911955", " 0.999873485848346", " ", " 0.91543975197556", " 0.987110570743464", " ", "1", " 1", " 1", " ", " 1", " 1", " ", "4.6", "4.2", " 3.1", " 2.7", " 3.5", " ", " 1.6", " 1.8", " 1.3", " ", " 1.4", " 0.5", " 1.8", " ", " ", " ", " ", " ", " ", " ", " 4.6", " ", " 4.2", " ", " ", " ", " ", " 0.5", " ", " ", " 4.5", " ", " 2.8", " ", " 2.2", " "
"525", "", "False", "", "C42 H89 Br3 N5 P S", "Full match", " No results", " No results", " No results", " No results", "0.45", "963.41307", "962.40602", "11.823", "5680657.84445584", "0", "0", "0", "", "", "", "No matches found", " No matches found", " No matches found", " No matches found", " No matches found", "", "No matches found", "PreferredDDA", "", "[M-H]-1", "4731669.11161416", " 4341308.84025024", " 4090922.10756281", " 4651850.52285224", " 4261118.64515314", " 5044236.58530387", "15.1264390325052", " 17.1944405750281", " 18.3303600895801", " 31.8000767776528", " 28.4961299337995", " 10.4009759755483", "0.918", " 0.983", " 0.942", " 1.042", " 0.879", " 1.084", " 0.845", "-0.12", " -0.02", " -0.09", " 0.06", " -0.19", " 0.12", " -0.24", "0.999773060684589", " 0.972571290559297", " 0.996315682215274", " 0.999999801477742", " 0.999999929334976", " 0.853431998295281", " 0.911603264012214", "1", " 1", " 1", " 1", " 1", " 1", " 1", "4.1", "2.8", " 3.2", " ", " 2.6", " 2.6", " 3.3", " 3.3", " 3.9", " 2.2", " 2.6", " 2.2", " ", " 2.2", " 2.2", " 2.2", " ", " 1.8", " 2.7", " 3.2", " 1.2", " 1.2", " 1.2", " 1.2", " ", " 3.6", " 2.7", " 1.7", " 1.7", " 4.1", " 3.3", " ", " ", " ", " 3.5", " 2.7"
"878", "", "False", "nonacosanoic acid", "C29 H58 O2", "Full match", " No results", " No results", " Full match", " Full match", "3.30", "438.44513", "437.43785", "18.812", "5583773.75288319", "2", "0", "0", "", "", "", "No matches found", " No matches found", " No matches found", " No matches found", " No matches found", "", "Multiple matches found", "PreferredDDA", "", "[M-H]-1", "1752916.9018016", " 1811491.86515315", " 1743142.46815797", " 1626386.43128387", " 1650960.33523306", " 1626105.89853695", "75.3237267129269", " 13.0682653275742", " 15.0008243242646", " 71.9887079275552", " 10.8056493113055", " 9.51892804043945", "1.033", " 0.928", " 0.962", " 0.947", " 1.072", " 1.000", " 1.015", "0.05", " -0.11", " -0.06", " -0.08", " 0.10", " 0.00", " 0.02", "0.966824843240289", " 0.993152151832283", " 0.999996460031323", " 0.999846009502754", " 0.999976111562642", " 0.961034625824394", " 0.999601204407296", "1", " 1", " 1", " 1", " 1", " 1", " 1", "6.8", "3.5", " 2.9", " 2.3", " 3.2", " 3.1", " 6.3", " 4.7", " 4.7", " 4.0", " 5.5", " 5.0", " 3.9", " 4.2", " 5.4", " ", " 3.5", " 5.8", " 3.1", " 2.7", " 2.7", " 2.4", " 3.9", " 3.5", " 5.1", " 4.7", " 6.3", " 4.7", " 5.5", " 5.3", " 5.6", " 5.6", " 6.8", " 4.9", " 5.6", " 6.0"
"168", "", "False", "tetracosatetraenoic acid n-6", "C24 H40 O2", "Full match", " No results", " No results", " Not the top hit", " Full match", "3.50", "360.30409", "359.29681", "13.484", "5566838.49728046", "6", "0", "0", "", "", "", "No matches found", " No matches found", " No matches found", " No matches found", " No matches found", "", "Multiple matches found", "PreferredDDA", "", "[M-H]-1", "653602.534091087", " 2449819.08062966", " 4545464.32735634", " 3072171.9553722", " 744702.527439111", " 676210.569885408", "65.3440085969662", " 55.8872665041661", " 16.5960579494827", " 37.4480129137459", " 31.7908612599638", " 39.3274356707546", "3.748", " 4.700", " 1.855", " 0.164", " 1.480", " 0.220", " 1.101", "1.91", " 2.23", " 0.89", " -2.61", " 0.57", " -2.18", " 0.14", "0.027922526911458", " 0.00186662597001919", " 0.0863852965757681", " 1.45145948166059E-05", " 0.58412673032924", " 0.000484194410643846", " 0.994834127644139", "1", " 0.0425256459757025", " 1", " 0.00299726382962912", " 1", " 0.0166355365371207", " 1", "7.5", "", " 5.2", " ", " ", " 3.8", " 5.4", " 4.1", " 1.4", " 6.0", " 5.2", " 7.1", " 7.5", " 7.1", " 7.0", " 7.5", " 6.0", " 5.7", " 5.5", " 5.0", " 6.1", " 4.2", " 5.1", " 6.9", " ", " 4.9", " 3.5", " 4.9", " 5.7", " 4.5", " ", " ", " 3.5", " 5.1", " 4.4", " 4.9"
"426", "", "False", "17-methyl-6Z-octadecenoic acid", "C19 H36 O2", "Full match", " No results", " No results", " Partial match", " Full match", "3.10", "296.27245", "295.26516", "13.210", "5491764.14315866", "31", "0", "0", "", "", "", "No matches found", " No matches found", " No matches found", " No matches found", " No matches found", "", "Multiple matches found", "PreferredDDA", "", "[M-H]-1", "3189270.37408125", " 3785118.02563728", " 4458696.08904747", " 3982044.38653101", " 3368147.99580409", " 3316939.88496179", "24.6568730491596", " 13.3430482896378", " 9.80316849914423", " 14.8803467663929", " 14.771032816268", " 26.9573996911781", "1.187", " 1.249", " 1.178", " 0.755", " 1.120", " 0.833", " 1.015", "0.25", " 0.32", " 0.24", " -0.40", " 0.16", " -0.26", " 0.02", "0.974694501359587", " 0.4920510555401", " 0.419133125355193", " 0.104764216842267", " 0.899345941510991", " 0.567132617667425", " 0.997447486723494", "1", " 1", " 1", " 0.883012684813396", " 1", " 1", " 1", "7.0", "2.4", " 3.6", " 2.1", " 3.2", " 3.6", " 3.5", " 5.4", " 4.6", " 4.6", " 4.6", " 5.1", " 4.7", " 5.5", " 5.7", " 7.0", " 6.2", " 5.7", " 5.0", " 5.4", " 5.7", " 5.4", " 5.7", " 6.5", " 4.6", " ", " 3.1", " 4.6", " 3.8", " 4.3", " 2.8", " 3.2", " 3.6", " 4.7", " 4.9", " 4.7"
"693", "", "False", "", "", "No results", " No results", " No results", " No results", " No results", "", "760.77651", "759.76923", "19.135", "5455585.83594861", "0", "0", "0", "", "", "", "No matches found", " No matches found", " No matches found", " No matches found", " No matches found", "", "No matches found", "PreferredDDA", "", "[M-H]-1", "3805885.45954373", " 4761473.00473963", " 4230710.67542486", " 4155284.85714498", " 4021626.47338883", " 4110498.70753286", "28.1125846514179", " 14.8850051141572", " 32.9709947782959", " 5.51890181489823", " 30.7944495374344", " 27.6382171265931", "1.251", " 1.092", " 0.889", " 0.951", " 1.018", " 0.989", " 0.978", "0.32", " 0.13", " -0.17", " -0.07", " 0.03", " -0.02", " -0.03", "0.838429517626104", " 0.99379009914149", " 0.688416963095501", " 0.993477838287695", " 0.964509086489878", " 0.905202126076635", " 0.998780575804518", "1", " 1", " 1", " 1", " 1", " 1", " 1", "5.9", "3.6", " 2.4", " 3.4", " 4.2", " 2.8", " 5.0", " 4.2", " 4.6", " 4.6", " 2.9", " 3.8", " 3.7", " 3.5", " 2.9", " 3.1", " 3.5", " 5.5", " 5.9", " 5.9", " ", " 5.9", " 4.3", " 5.1", " 2.5", " 3.1", " 2.7", " 3.1", " 2.3", " 4.3", " 3.2", " 4.7", " 2.8", " 3.6", " 3.6", " 3.4"
"1403", "", "False", "Psyllic acid", "C33 H66 O2", "Full match", " No results", " No results", " Full match", " Full match", "2.21", "494.50737", "493.50010", "19.579", "5449289.95350978", "4", "0", "0", "", "", "", "No matches found", " No matches found", " No matches found", " No matches found", " No matches found", "", "Multiple matches found", "PreferredDDA", "", "[M-H]-1", "4318605.90418148", " 4513275.11226021", " 3940633.54180474", " 3678426.71776546", " 3946784.11227961", " 3482046.92829929", "53.532165947617", " 17.0526641688047", " 12.7185351137512", " 5.45192935693936", " 7.00134073590458", " 7.45184639742244", "1.045", " 0.852", " 0.873", " 1.002", " 1.071", " 0.947", " 1.133", "0.06", " -0.23", " -0.20", " 0.00", " 0.10", " -0.08", " 0.18", "0.194688606933664", " 0.663669692023842", " 0.973202548618368", " 0.999998244996019", " 0.994664341361762", " 0.993289975245921", " 0.986079272189223", "1", " 1", " 1", " 1", " 1", " 1", " 1", "5.9", "", " ", " 2.5", " 2.2", " 2.2", " 2.2", " 3.9", " 2.2", " 2.2", " ", " 3.5", " 3.8", " 4.2", " 3.8", " ", " 3.8", " 5.9", " 4.0", " 4.3", " 4.0", " 3.6", " 3.6", " 3.6", " ", " 4.0", " 4.0", " ", " ", " 4.0", " 4.0", " 3.2", " 4.0", " 4.3", " ", " 3.2"
"592", "", "False", "", "", "No results", " No results", " No results", " No results", " No results", "", "531.30943", "530.30216", "8.996", "5436812.37437162", "0", "0", "0", "", "", "", "No matches found", " No matches found", " No matches found", " No matches found", " No matches found", "", "No matches found", "PreferredDDA", "", "[M-H]-1", "2824319.56468281", " 1266910.34649591", " 1969791.58457299", " 2171034.97604973", " 2685745.04202414", " 2323308.64158875", "16.1865985567537", " 70.6603673983086", " 51.7375598501595", " 24.1391940097974", " 12.8145600387762", " 61.3713221083854", "0.449", " 0.769", " 1.555", " 1.363", " 0.907", " 1.070", " 1.156", "-1.16", " -0.38", " 0.64", " 0.45", " -0.14", " 0.10", " 0.21", "0.671067402601685", " 0.975661360058659", " 0.999999619913081", " 0.375396805390602", " 0.714040442114304", " 0.989358748631915", " 0.999995721383581", "1", " 1", " 1", " 1", " 1", " 1", " 1", "4.2", "3.7", " 3.0", " ", " ", " ", " 0.6", " 2.2", " ", " 0.6", " ", " 1.0", " 0.7", " 0.5", " 2.0", " ", " 0.0", " 2.4", " 3.2", " 2.2", " 1.5", " 3.6", " 1.8", " 1.5", " 4.2", " 3.8", " 3.1", " 3.8", " 3.2", " 0.5", " 0.6", " 1.2", " 3.6", " 3.3", " ", " "
"563", "", "False", "", "C17 H30 N4 S", "Full match", " No results", " No results", " No results", " No results", "-2.42", "322.21834", "321.21106", "10.793", "5408802.43479372", "0", "0", "0", "", "", "", "No matches found", " No matches found", " No matches found", " No matches found", " No matches found", "", "No matches found", "PreferredDDA", "", "[M-H]-1", "1842200.01725349", " 942152.331985434", " 3091551.62077671", " 3850912.7928061", " 4297568.14144559", " 2290139.69320817", "53.4893015730954", " 8.73021428270984", " 9.64272658957622", " ", " 10.1748672998214", " 64.9422437839017", "0.511", " 2.090", " 3.281", " 1.390", " 0.803", " 0.595", " 1.877", "-0.97", " 1.06", " 1.71", " 0.48", " -0.32", " -0.75", " 0.91", "0.36644915650122", " ", " 0.120389855810373", " 0.930353512087052", " ", " ", " 0.667580015588169", "1", " ", " 1", " 1", " ", " ", " 1", "5.4", "0.8", " 0.8", " 1.8", " ", " 0.5", " ", " ", " ", " 5.4", " 5.0", " ", " 4.7", " 5.1", " ", " 5.1", " ", " ", " 1.8", " ", " ", " ", " ", " ", " 4.2", " ", " 3.8", " ", " ", " 2.7", " 1.7", " 1.7", " ", " 0.7", " ", " "
"631", "", "False", "8-Iso-15-keto-prostaglandin-F2ß", "C20 H32 O5", "No match", " Invalid mass", " No results", " No results", " No results", "12.80", "352.22948", "351.22221", "10.607", "5398906.73457803", "0", "20", "0", "94.3", "9.7", "", "No matches found", " No matches found", " No matches found", " No matches found", " No matches found", "", "No matches found", "PreferredDDA", "", "[M-H]-1", "3462923.66628065", " ", " ", " 3842473.57899651", " 4119236.11475284", " 3491677.84665417", "1.6805751291117", " ", " ", " 73.1879045882957", " 16.9786096207452", " 34.4891213146557", "0.000", " 1.110", " ", " Infinity", " 0.000", " 0.909", " 1.180", "-Infinity", " 0.15", " ", " Infinity", " -Infinity", " -0.14", " 0.24", "", " 0.755051090268653", " ", " ", " ", " 0.600259829633093", " 0.997780170295094", "", " 1", " ", " ", " ", " 1", " 1", "5.2", "", " 4.1", " ", " ", " 5.2", " ", " ", " ", " ", " ", " ", " ", " ", " ", " ", " ", " 1.0", " 0.7", " 1.1", " 0.0", " ", " ", " 1.1", " ", " 3.0", " 3.3", " ", " 2.6", " 1.2", " 4.4", " 1.2", " 1.2", " ", " ", " "
"225", "", "False", "5(S)-HpETE", "C20 H32 O4", "Full match", " No results", " Full match", " Partial match", " Partial match", "-4.03", "336.22870", "335.22143", "10.605", "5372756.32918535", "78", "0", "4", "", "", "1.5", "Multiple matches found", " No matches found", " No matches found", " No matches found", " No matches found", "", "Multiple matches found", "PreferredDDA", "", "[M-H]-1", "1605195.58146664", " 2046826.46870572", " 2781203.67452836", " 3236001.99596742", " 1498152.95017037", " 2388184.47543293", "53.6693611449674", " 20.7387507096228", " 20.7355383161807", " 36.7679829666305", " 44.4330318859186", " 43.7492022470543", "1.275", " 2.016", " 1.359", " 0.539", " 0.859", " 0.738", " 0.627", "0.35", " 1.01", " 0.44", " -0.89", " -0.22", " -0.44", " -0.67", "0.958443220797414", " 0.0946337330667875", " 0.789022147964068", " 0.0683454569841359", " 0.992980285135541", " 0.391662902555545", " 0.51486231751876", "1", " 0.72606915887449", " 1", " 0.656434272894142", " 1", " 1", " 1", "6.3", "2.7", " 4.5", " 2.5", " 5.6", " 3.3", " 1.8", " 2.8", " 5.6", " 3.0", " 2.6", " ", " 3.6", " 2.8", " 4.0", " 2.8", " 4.7", " 5.4", " 4.7", " 5.0", " ", " 3.5", " 5.4", " 6.3", " 1.4", " 4.6", " 2.3", " 1.1", " 2.7", " 2.0", " 4.8", " ", " 0.8", " 4.1", " 3.7", " 4.5"
"614", "", "False", "", "C38 H77 N2 P", "Full match", " No results", " No results", " No results", " No results", "-0.35", "592.58223", "591.57495", "17.031", "5354176.89548162", "0", "0", "0", "", "", "", "No matches found", " No matches found", " No matches found", " No matches found", " No matches found", "", "No matches found", "PreferredDDA", "", "[M-H]-1", "3885862.48395149", " 3832171.93143685", " 3038063.53721989", " 4308034.72979748", " 3672158.11413408", " 4048891.35765991", "58.9263040351621", " 7.27583967713869", " 60.3396476010038", " 6.12396862996668", " 0.364412660758062", " 46.742998168446", "0.986", " 1.109", " 0.793", " 1.209", " 0.705", " 0.940", " 0.907", "-0.02", " 0.15", " -0.34", " 0.27", " -0.50", " -0.09", " -0.14", "0.993640781423802", " 0.914524013902491", " 0.928489354950697", " 0.952603407800164", " 0.634737882145006", " 0.913590209996082", " 0.997196766203078", "1", " 1", " 1", " 1", " 1", " 1", " 1", "5.5", "2.4", " ", " 1.7", " 1.4", " ", " 4.7", " ", " ", " 4.3", " ", " 1.8", " ", " 2.1", " 1.2", " 2.6", " ", " 5.5", " 3.6", " ", " 3.6", " 5.5", " 5.1", " ", " 4.8", " ", " ", " 4.1", " ", " 1.4", " ", " ", " ", " ", " 2.3", " 1.8"
"1196", "", "False", "hentriacontanoic acid", "C31 H62 O2", "Full match", " No results", " No results", " Full match", " Full match", "3.21", "466.47648", "465.46920", "19.086", "5344102.84097965", "24", "0", "0", "", "", "", "No matches found", " No matches found", " No matches found", " No matches found", " No matches found", "", "Multiple matches found", "PreferredDDA", "", "[M-H]-1", "3998814.00483414", " 4402662.9452998", " 4656281.70054984", " 4120783.27666155", " 4359079.66656851", " 4279608.14197128", "40.737583397399", " 21.4228965612671", " 54.1853605565746", " 42.8747990870987", " 16.7937762480338", " 4.15867799775324", "1.101", " 1.031", " 1.058", " 0.936", " 1.130", " 1.039", " 1.019", "0.14", " 0.04", " 0.08", " -0.10", " 0.18", " 0.05", " 0.03", "0.95415982523438", " 1", " 0.803888253553234", " 0.852147021700767", " 0.999325139308727", " 0.968336151666814", " 0.999992310652956", "1", " 1", " 1", " 1", " 1", " 1", " 1", "4.8", "1.4", " 2.2", " 1.4", " 0.8", " ", " 2.8", " 1.7", " 2.1", " ", " 3.1", " 1.8", " 0.8", " 2.0", " 2.2", " 1.1", " ", " 3.0", " ", " 2.0", " ", " ", " 0.7", " ", " 2.6", " 2.2", " ", " 2.2", " 3.0", " ", " 4.8", " ", " 3.7", " 4.1", " ", " "
"1025", "", "False", "Docosanoic Acid", "C22 H44 O2", "Full match", " Full match", " No results", " Full match", " Full match", "3.60", "340.33535", "339.32808", "14.476", "5336203.94421747", "15", "2", "0", "80.8", "9.0", "", "No matches found", " No matches found", " No matches found", " No matches found", " No matches found", "", "Multiple matches found", "PreferredDDA", "", "[M-H]-1", "1872547.80982946", " 1297824.64577294", " 3937529.96156677", " 3869645.05212385", " 3223855.00204433", " 3441279.26057676", "", " ", " 11.3042417411378", " 31.9428846662044", " 4.56225928052582", " 52.4976571023391", "0.693", " 2.067", " 3.034", " 0.819", " 1.018", " 0.889", " 0.937", "-0.53", " 1.05", " 1.60", " -0.29", " 0.03", " -0.17", " -0.09", "", " ", " ", " 0.992480432083303", " 0.972220206381338", " 0.999277472859924", " 0.999723618237852", "", " ", " ", " 1", " 1", " 1", " 1", "4.8", "", " ", " ", " 0.5", " ", " ", " 2.0", " ", " ", " ", " 2.7", " 3.8", " ", " 3.1", " ", " ", " ", " 1.9", " 1.6", " 1.6", " 1.9", " 1.9", " 1.6", " 4.8", " ", " 3.7", " ", " ", " 1.1", " ", " 2.1", " ", " ", " 2.0", " 1.1"
"910", "", "False", "Equisetolic acid", "C30 H58 O4", "Full match", " No results", " No results", " Full match", " Full match", "2.58", "482.43476", "481.42748", "15.873", "5276817.98424677", "3", "0", "0", "", "", "", "No matches found", " No matches found", " No matches found", " No matches found", " No matches found", "", "Multiple matches found", "PreferredDDA", "", "[M-H]-1", "1291502.99186048", " ", " 2094842.77332464", " 1497608.97944863", " 1540739.22204469", " 1348963.55528654", "10.944016364399", " ", " 89.9528462345077", " 6.61716929525089", " 83.7810786300276", " 44.8188569008815", "0.000", " 1.160", " Infinity", " 0.735", " 1.399", " 0.901", " 1.142", "-Infinity", " 0.21", " Infinity", " -0.44", " 0.48", " -0.15", " 0.19", "", " 0.984612680619726", " ", " 0.996182202682526", " 0.999967782477404", " 0.864086458100958", " 0.587849062493064", "", " 1", " ", " 1", " 1", " 1", " 1", "4.5", "3.8", " ", " 2.2", " 3.2", " 2.5", " ", " ", " ", " ", " ", " ", " 2.5", " ", " ", " 1.1", " ", " ", " ", " 4.5", " 4.5", " 3.4", " ", " 4.1", " 2.8", " 0.6", " 2.0", " 0.8", " ", " ", " ", " 0.8", " ", " ", " 0.8", " 2.3"
"394", "", "False", "4-Dodecylbenzenesulfonic acid", "C18 H30 O3 S", "Not the top hit", " Full match", " No results", " No results", " No results", "3.36", "326.19266", "325.18538", "15.918", "5261449.76670306", "0", "3", "0", "92.1", "9.6", "", "No matches found", " No matches found", " No matches found", " No matches found", " No matches found", "", "No matches found", "PreferredDDA", "", "[M-H]-1", "3575671.83728204", " 4889570.50913509", " 3138061.56393492", " 3375833.81765356", " 3934223.30959265", " 4031772.93383297", "0.205025586532", " 12.1624807753903", " 2.23817227104254", " 19.9852367268162", " 16.5613423993653", " 12.4133156967372", "1.367", " 0.944", " 0.642", " 1.254", " 0.930", " 1.194", " 0.976", "0.45", " -0.08", " -0.64", " 0.33", " -0.11", " 0.26", " -0.04", "0.374248149888022", " 0.999978632034878", " 0.0799309282365012", " 0.428207581534207", " 0.94578737324981", " 0.600556481557302", " 0.999984814931887", "1", " 1", " 1", " 1", " 1", " 1", " 1", "6.4", "6.0", " ", " 6.0", " ", " ", " ", " 4.4", " ", " 5.4", " 5.0", " 6.4", " ", " ", " ", " 5.2", " ", " 4.5", " 3.3", " ", " 4.5", " 4.5", " 4.1", " 2.6", " 4.1", " 3.0", " 3.3", " 3.3", " 4.1", " 4.6", " 4.2", " ", " ", " 3.5", " 3.8", " 4.6"
"535", "", "False", "", "", "No results", " No results", " No results", " No results", " No results", "", "718.72710", "717.71983", "18.654", "5201322.93828084", "0", "0", "0", "", "", "", "No matches found", " No matches found", " No matches found", " No matches found", " No matches found", "", "No matches found", "PreferredDDA", "", "[M-H]-1", "4332908.03049306", " 4091891.28353491", " 4580218.65897023", " 4683725.08231117", " 4314851.51450772", " 4248579.681689", "37.0569720531146", " 28.880239722542", " 24.0224663414392", " 6.5946500969634", " 37.5731092699949", " 42.7640574373887", "0.944", " 1.081", " 1.119", " 0.942", " 0.978", " 0.907", " 1.016", "-0.08", " 0.11", " 0.16", " -0.09", " -0.03", " -0.14", " 0.02", "0.988120373569858", " 0.702940427750377", " 0.999492366327626", " 0.995542661967665", " 0.997308966730064", " 0.610085240090535", " 0.995851318158937", "1", " 1", " 1", " 1", " 1", " 1", " 1", "5.5", "4.4", " 3.8", " 1.6", " 3.1", " 3.8", " 4.3", " 3.0", " 3.2", " 3.1", " 1.7", " 3.6", " 2.1", " 2.8", " 2.8", " 3.6", " 4.0", " 5.1", " 5.5", " 4.3", " 4.0", " 5.5", " 3.2", " 4.7", " 3.1", " 4.2", " 3.7", " 2.5", " 3.5", " 2.2", " 2.6", " 2.6", " 2.7", " 2.6", " 2.6", " 2.3"
"244", "", "False", "", "C30 H46 O4 S", "Full match", " No results", " No results", " No results", " No results", "-0.41", "502.31148", "501.30420", "12.833", "5181628.03149321", "0", "0", "0", "", "", "", "No matches found", " No matches found", " No matches found", " No matches found", " No matches found", "", "No matches found", "PreferredDDA", "", "[M-H]-1", "1231722.70816692", " 1206822.39404561", " 840500.316139498", " 940852.838427482", " 1140577.6901995", " 899715.901296561", "46.1309705669041", " 117.837054537884", " 5.38672589514173", " 35.770619642612", " 49.254048082602", " 42.8640720184178", "0.980", " 0.764", " 0.696", " 1.357", " 0.893", " 0.956", " 1.268", "-0.03", " -0.39", " -0.52", " 0.44", " -0.16", " -0.06", " 0.34", "0.999999999923298", " 0.999561695650992", " 0.996998633338898", " 0.99960180955179", " 0.999998248228244", " 0.999991232863002", " 0.999074796847869", "1", " 1", " 1", " 1", " 1", " 1", " 1", "5.8", "2.1", " 2.3", " ", " ", " ", " ", " 5.8", " 1.7", " 1.5", " ", " 3.5", " 4.6", " ", " ", " ", " ", " ", " ", " 2.2", " 4.1", " ", " ", " ", " ", " ", " ", " 2.3", " 2.1", " ", " 4.8", " ", " ", " ", " 1.4", " 0.8"
"457", "", "False", "", "", "No results", " No results", " No results", " No results", " No results", "", "229.16942", "228.16215", "1.420", "5172644.34819521", "0", "0", "0", "", "", "", "No matches found", " No matches found", " No matches found", " No matches found", " No matches found", "", "No matches found", "PreferredDDA", "", "[M-H]-1", "1480929.12303395", " 2856599.02534954", " 1524062.16039567", " 2107221.27814821", " 1435505.18211531", " 1348411.93121426", "41.9186408804544", " 73.1546857685199", " 30.0146764045049", " 17.1609336360105", " 30.670827101001", " 30.6428234256695", "1.929", " 1.423", " 0.534", " 0.942", " 0.723", " 0.640", " 1.065", "0.95", " 0.51", " -0.91", " -0.09", " -0.47", " -0.64", " 0.09", "0.973365298200409", " 0.997120821026448", " 0.812402380371582", " 0.99918213104992", " 0.926403968612026", " 0.454584985178287", " 0.997507288061016", "1", " 1", " 1", " 1", " 1", " 1", " 1", "5.8", "1.0", " 2.7", " ", " ", " 1.8", " 1.9", " ", " 3.9", " 1.8", " 3.6", " 3.6", " 4.7", " 1.9", " 3.2", " 3.5", " 1.9", " ", " 3.9", " 5.8", " 5.0", " 5.4", " 4.6", " 5.0", " 3.2", " 2.5", " 2.9", " 1.9", " 2.2", " 1.7", " 4.5", " 2.2", " 5.3", " 1.7", " 3.6", " 1.7"
"1014", "", "False", "", "C6 H9 Cl2 N2 O2 P", "Full match", " No results", " No results", " No results", " No results", "3.83", "241.97880", "240.97152", "24.670", "5106368.17888405", "0", "0", "0", "", "", "", "No matches found", " No matches found", " No matches found", " No matches found", " No matches found", "", "No matches found", "PreferredDDA", "", "[M-H]-1", "2859567.36010977", " 3694044.0662157", " 4617783.62499246", " 4131568.15584879", " 4121557.92852826", " 4241813.0573483", "34.5694734792133", " 23.5586557097478", " 4.73360651406296", " 19.2422277526628", " 41.1348176712868", " 12.6694829128224", "1.292", " 1.445", " 1.250", " 0.893", " 1.118", " 1.027", " 0.972", "0.37", " 0.53", " 0.32", " -0.16", " 0.16", " 0.04", " -0.04", "0.693772413170187", " 0.148735894612024", " 0.579959796406469", " 0.58414259752324", " 0.969043202210558", " 0.999988061642321", " 0.88263946121315", "1", " 1", " 1", " 1", " 1", " 1", " 1", "5.7", "1.9", " 1.1", " 1.6", " 1.9", " 3.1", " 2.4", " 2.4", " 2.8", " 2.8", " 2.2", " 4.1", " 4.1", " 4.1", " 5.6", " 5.6", " 4.1", " 4.1", " 4.5", " 2.6", " 3.0", " 3.7", " 4.5", " 3.0", " 2.6", " 2.6", " 3.0", " 2.6", " 1.2", " 5.7", " 4.2", " 5.4", " 4.6", " 5.0", " 5.0", " 3.5"
"553", "", "False", "Melissic acid", "C30 H60 O2", "Full match", " No results", " No results", " Full match", " Full match", "3.16", "452.46076", "451.45348", "19.091", "5091713.50418129", "9", "0", "0", "", "", "", "No matches found", " No matches found", " No matches found", " No matches found", " No matches found", "", "Multiple matches found", "PreferredDDA", "", "[M-H]-1", "2032599.18476009", " 2145226.10030647", " 1999624.37378258", " 1909908.58821703", " 1961146.36831071", " 1971109.45707627", "14.6376305056269", " 5.44086266209674", " 11.813699027239", " 6.10648678893398", " 4.64641608779528", " 50.2113180236562", "1.055", " 0.940", " 0.932", " 0.981", " 1.047", " 1.032", " 0.995", "0.08", " -0.09", " -0.10", " -0.03", " 0.07", " 0.05", " -0.01", "0.999916471957811", " 0.997656053367987", " 0.999999999968841", " 0.992794158400345", " 0.976531896538682", " 0.795165160315861", " 0.896069219065749", "1", " 1", " 1", " 1", " 1", " 1", " 1", "8.0", "5.9", " 6.3", " 6.3", " 6.9", " 7.0", " 7.1", " 6.4", " 7.5", " 5.6", " 4.5", " 7.0", " 8.0", " 7.8", " 5.9", " 6.6", " 6.6", " 7.5", " 5.6", " 7.5", " 6.8", " 7.1", " 6.0", " 6.4", " 6.9", " 7.7", " 5.8", " 8.0", " 8.0", " 5.0", " 3.9", " 2.6", " 5.0", " 4.6", " 5.0", " 2.7"
"788", "", "False", "Lignoceric acid", "C24 H48 O2", "Full match", " Full match", " No results", " Full match", " Full match", "3.99", "368.36690", "367.35962", "15.396", "5037814.1589717", "14", "2", "0", "95.1", "9.8", "", "No matches found", " No matches found", " No matches found", " No matches found", " No matches found", "", "Multiple matches found", "PreferredDDA", "", "[M-H]-1", "3824022.59302534", " 3524012.06141922", " 2026926.90942796", " 3778692.17214413", " 2609062.94923679", " 1999647.29220525", "36.1963787663228", " 11.870629691277", " 51.308286424529", " 30.8404659319826", " 37.0113233465955", " 29.411915794184", "0.922", " 0.988", " 0.575", " 1.287", " 0.536", " 0.529", " 1.305", "-0.12", " -0.02", " -0.80", " 0.36", " -0.90", " -0.92", " 0.38", "0.946095534706328", " 0.998550561303342", " 0.604780250508214", " 0.999981725684768", " 0.879918711960912", " 0.205403977452841", " 0.72177471401906", "1", " 1", " 1", " 1", " 1", " 1", " 1", "4.9", "1.2", " 2.9", " 2.3", " 2.3", " 4.7", " 3.5", " 3.8", " 3.8", " 4.2", " 2.7", " 3.5", " 2.2", " 0.8", " 1.6", " 1.1", " 2.3", " 3.1", " 1.9", " 2.9", " 3.1", " 2.7", " ", " ", " 1.6", " ", " 3.2", " 1.6", " 1.0", " ", " 1.6", " 2.8", " 4.9", " ", " 3.4", " 3.0"
"441", "", "False", "", "C27 H47 Cl N5 O3 P", "Full match", " No results", " No results", " No match", " No results", "3.65", "555.31253", "554.30525", "7.594", "4984849.72827001", "1", "0", "0", "", "", "", "No matches found", " No matches found", " No matches found", " No matches found", " No matches found", "", "No matches found", "PreferredDDA", "", "[M-H]-1", "2578337.3334381", " 763568.151668085", " 2478080.08447443", " 2297032.23996584", " 3072137.91912659", " 4162783.32124792", "73.437041330908", " 8.05040780488555", " 28.4466354094017", " 22.9052525396818", " 24.5443095365372", " 33.0021832678558", "0.296", " 0.891", " 3.245", " 1.240", " 1.079", " 1.812", " 0.738", "-1.76", " -0.17", " 1.70", " 0.31", " 0.11", " 0.86", " -0.44", "0.0365479869561767", " 0.999697307897783", " 0.0122496636753913", " 0.376358683981565", " 0.991005947838576", " 0.316504673250638", " 0.99543627825912", "1", " 1", " 0.409892592215015", " 1", " 1", " 1", " 1", "5.5", "3.3", " 1.0", " ", " ", " ", " ", " 3.1", " ", " ", " 3.5", " 3.4", " 3.2", " 3.6", " 2.1", " ", " 1.5", " 2.6", " 4.1", " 2.8", " 2.4", " 3.6", " 3.0", " 3.0", " 3.6", " 5.5", " 2.8", " 2.1", " 2.4", " 3.1", " 4.6", " 2.1", " 2.7", " 2.7", " ", " "
"171", "", "False", "2-(Methylsulfonyl)-3-(pyrazin-2-ylamino)acrylonitrile", "C8 H8 N4 O2 S", "Full match", " Full match", " No results", " No results", " No results", "3.99", "224.03769", "223.03041", "15.559", "4928963.95710843", "0", "1", "0", "95.3", "9.8", "", "No matches found", " No matches found", " No matches found", " No matches found", " No matches found", "", "No matches found", "PreferredDDA", "", "[M-H]-1", "1485558.56722062", " 1894587.08533128", " 1142021.70317962", " 1309322.45074063", " 1235917.64185799", " 1290423.95732478", "46.5897865248047", " 69.5945018361599", " 42.9658087255293", " 43.9258121225848", " 36.3179229431699", " 43.2748525245562", "1.275", " 0.881", " 0.603", " 1.082", " 0.872", " 0.986", " 0.958", "0.35", " -0.18", " -0.73", " 0.11", " -0.20", " -0.02", " -0.06", "0.905759884884216", " 0.999795076538714", " 0.244978027968627", " 0.946027973779901", " 0.869148642591699", " 0.999831087728083", " 0.999769046338298", "1", " 1", " 1", " 1", " 1", " 1", " 1", "5.6", "5.0", " 3.1", " 5.2", " 3.6", " ", " ", " 5.4", " 3.9", " 4.4", " 5.2", " ", " 2.5", " 4.6", " 4.6", " ", " 3.4", " 3.5", " 5.6", " 1.0", " 4.4", " 4.4", " 5.0", " ", " ", " 4.1", " 5.1", " ", " 3.8", " ", " 3.5", " 5.2", " 4.0", " 4.6", " 4.0", " 4.4"
"785", "", "False", "", "C55 H114 N8", "Full match", " No results", " No results", " No results", " No results", "1.33", "886.91782", "885.91055", "20.417", "4915232.55173703", "0", "0", "0", "", "", "", "No matches found", " No matches found", " No matches found", " No matches found", " No matches found", "", "No matches found", "PreferredDDA", "", "[M-H]-1", "3629260.79546687", " 4583582.698081", " 3097697.22565026", " 3177098.18099896", " 3244632.31315174", " 3326091.71479327", "9.67000866786291", " 18.0669720399299", " 18.2389931347086", " 36.9720350916835", " 7.56942042679827", " 7.82250281095312", "1.263", " 0.875", " 0.676", " 1.047", " 0.975", " 1.047", " 0.976", "0.34", " -0.19", " -0.57", " 0.07", " -0.04", " 0.07", " -0.04", "0.993598961148722", " 0.379055914497142", " 0.832063148513713", " 0.999999547801259", " 0.730312912128788", " 0.630262481601684", " 0.999999999620414", "1", " 1", " 1", " 1", " 1", " 1", " 1", "6.2", "5.9", " 6.2", " 4.3", " 5.5", " 5.5", " 2.6", " 4.1", " 4.1", " 2.6", " 3.0", " 3.0", " 3.0", " 2.6", " 3.0", " 4.1", " 3.7", " 2.3", " 5.1", " 3.8", " 1.6", " 1.9", " 3.5", " 2.3", " 6.2", " 4.3", " 5.1", " 5.1", " 3.6", " 4.7", " 5.5", " 5.9", " 6.2", " 4.7", " 4.0", " 4.0"
"222","","False","PS(17:1(9Z)/22:6(4Z,7Z,10Z,13Z,16Z,19Z))","C45 H74 N O10 P","No match"," No results"," No results"," Full match"," Full match","-4.65","819.50123","818.49395","13.761","4827505.92649595","2","0","0","","","","No matches found"," No matches found"," No matches found"," No matches found"," No matches found","","Multiple matches found","PreferredDDA","","[M-H]-1","4246479.75149778"," 2978894.06397861"," 1131408.77906942"," 2542601.51887734"," 2125547.11619393"," 2124450.09307559",""," 44.8888307517632"," 79.4303996767642"," 41.4821905004433"," 49.8785283463215"," 49.7481565548212","0.701"," 0.599"," 0.380"," 1.879"," 0.445"," 0.836"," 1.001","-0.51"," -0.74"," -1.40"," 0.91"," -1.17"," -0.26"," 0.00",""," "," 0.404355209040475"," 0.655322051423012"," 0.202122839316494"," 0.995435538555323"," 0.998566351208233",""," "," 1"," 1"," 1"," 1"," 1","5.6",""," "," 3.7"," "," "," "," 1.2"," "," 4.1"," "," "," 4.8"," 1.5"," "," 2.3"," 1.5"," 1.8"," 4.2"," "," "," 5.6"," 1.4"," 4.1"," "," 5.2"," 2.7"," 3.0"," 2.5"," 4.5"," 5.2"," "," 2.9"," 0.8"," 2.3"," 3.5"
"186", "", "False", "", "", "No results", " No results", " No results", " No results", " No results", "", "220.85435", "255.82341", "1.010", "4802749.46621015", "0", "0", "0", "", "", "", "No matches found", " No matches found", " No matches found", " No matches found", " No matches found", "", "No matches found", "PreferredDDA", "", "[M+Cl]-1", "1705180.93850501", " 1373196.57559203", " 1857937.61234619", " 2086881.96256272", " 2303834.54954005", " 3013327.81511138", "21.4251097934866", " 15.7916597848094", " 12.9915104948992", " 9.36332453901092", " 3.92681001911272", " 21.7395798543615", "0.805", " 1.224", " 1.353", " 1.240", " 0.890", " 1.444", " 0.765", "-0.31", " 0.29", " 0.44", " 0.31", " -0.17", " 0.53", " -0.39", "0.536195926520667", " 0.0209132264755663", " 0.00815074338611432", " 0.189018225570881", " 0.721390475676446", " 0.000125823708178041", " 0.0092796629642764", "1", " 0.282011690352333", " 0.322324852087248", " 1", " 1", " 0.00605212036336378", " 0.668135733427901", "8.6", "6.0", " 6.0", " 6.4", " 5.8", " 6.2", " 6.1", " 6.5", " 6.5", " 6.5", " 5.9", " 7.0", " 7.0", " 7.0", " 7.0", " 7.4", " 7.0", " 6.8", " 7.5", " 7.1", " 7.5", " 7.9", " 7.5", " 7.5", " 7.9", " 7.7", " 8.6", " 8.0", " 8.0", " 6.2", " 6.2", " 5.9", " 6.2", " 6.2", " 5.9", " 6.2"
"1308", "", "False", "", "C35 H70 N4 O S", "Full match", " No results", " No results", " No results", " No results", "-2.58", "594.52550", "593.51822", "14.282", "4751745.3773308", "0", "0", "0", "", "", "", "No matches found", " No matches found", " No matches found", " No matches found", " No matches found", "", "No matches found", "PreferredDDA", "", "[M-H]-1", "2944958.11623398", " 3777731.48604912", " 4028067.71986969", " 3257315.19490037", " 3445705.43443561", " 3382616.89140394", "20.7840977556066", " 6.01770683795875", " 20.3663959362807", " 15.5860862003696", " 7.27901629146367", " 15.7376405984258", "1.283", " 1.106", " 1.066", " 0.855", " 1.237", " 1.038", " 1.019", "0.36", " 0.15", " 0.09", " -0.23", " 0.31", " 0.05", " 0.03", "0.752747939298663", " 0.996946933376628", " 0.999989273915174", " 0.918589388810901", " 0.711058378747425", " 0.999847732105992", " 0.999937635805978", "1", " 1", " 1", " 1", " 1", " 1", " 1", "4.7", "1.7", " ", " 3.2", " ", " 2.8", " ", " 3.6", " 3.6", " ", " ", " ", " 2.4", " 2.8", " 2.8", " ", " 2.4", " 2.2", " 2.6", " ", " ", " ", " 3.3", " 3.3", " ", " 4.3", " 4.7", " 4.0", " 4.0", " 2.6", " 3.0", " 3.7", " ", " ", " ", " 3.7"
"240", "", "False", "", "C16 H37 Cl N2 O2 P2", "Invalid mass", " No results", " No results", " No results", " No results", "-5.01", "386.19994", "385.19267", "10.401", "4743632.02838131", "0", "0", "0", "", "", "", "No matches found", " No matches found", " No matches found", " No matches found", " No matches found", "", "No matches found", "PreferredDDA", "", "[M-H]-1", "1091768.48790059", " 1140249.92395906", " 1905167.56611893", " 2199603.27179285", " 568669.185942919", " 1113846.37956391", "", " 23.4535461378448", " 7.37094285604674", " 50.959046270613", " ", " 2.80303300416405", "1.044", " 2.015", " 1.671", " 0.298", " 0.866", " 0.506", " 0.511", "0.06", " 1.01", " 0.74", " -1.74", " -0.21", " -0.98", " -0.97", "", " ", " 0.209436022071623", " ", " 0.720742502171111", " 0.0630176122551553", " ", "", " ", " 1", " ", " 1", " 0.841985319298048", " ", "6.8", "", " 2.9", " ", " ", " ", " 4.6", " 4.3", " ", " 3.4", " 4.3", " ", " 6.8", " 6.8", " 6.8", " ", " 5.6", " ", " ", " 3.0", " 3.3", " ", " 4.2", " 3.1", " ", " 3.4", " ", " ", " ", " ", " ", " ", " ", " 5.5", " ", " 5.9"
"472", "", "False", "", "C42 H85 N2 O P", "Full match", " No results", " No results", " No results", " No results", "2.12", "664.64136", "663.63408", "17.470", "4714048.66224445", "0", "0", "0", "", "", "", "No matches found", " No matches found", " No matches found", " No matches found", " No matches found", "", "No matches found", "PreferredDDA", "", "[M-H]-1", "3087142.70095309", " 3167053.36651938", " 2758402.25924097", " 2993279.91618975", " 2962896.71126947", " 3517216.17275257", "19.2920450429683", " 18.5385013038728", " 12.3637863820695", " 15.390124825831", " 23.751298419765", " 17.8904418171586", "1.026", " 0.970", " 0.871", " 1.074", " 0.922", " 1.175", " 0.842", "0.04", " -0.04", " -0.20", " 0.10", " -0.12", " 0.23", " -0.25", "0.999909717401739", " 0.447358814551182", " 0.745261523895705", " 0.942711840126923", " 0.999938652290054", " 0.186210874409505", " 0.890127565874801", "1", " 1", " 1", " 1", " 1", " 1", " 1", "6.9", "4.5", " 3.7", " 5.2", " 4.8", " 3.7", " 6.0", " 4.8", " 3.7", " 5.2", " 4.8", " 6.5", " 5.0", " 6.9", " 4.2", " 5.7", " 5.4", " 3.7", " 4.5", " 4.8", " 3.9", " 3.3", " 4.1", " 4.1", " 4.7", " 4.0", " 3.6", " 6.2", " 3.6", " 3.7", " 3.0", " 5.2", " 4.8", " 3.7", " 4.8", " 4.1"
"205", "", "False", "Bufalin", "C24 H34 O4", "Not the top hit", " No results", " No results", " Not the top hit", " Full match", "-2.45", "386.24476", "385.23749", "10.796", "4696464.32921823", "20", "0", "0", "", "", "", "No matches found", " No matches found", " No matches found", " No matches found", " No matches found", "", "Multiple matches found", "PreferredDDA", "", "[M-H]-1", "882522.044558351", " 1262943.71138337", " 2124113.76483654", " 3344118.82198303", " 1091707.27343038", " 1546934.28973158", "13.1199117070112", " 29.8716441907184", " 37.656132515443", " 30.1271869642464", " 32.3826681044383", " 34.6746099190344", "1.431", " 3.789", " 1.682", " 0.514", " 0.635", " 0.463", " 0.706", "0.52", " 1.92", " 0.75", " -0.96", " -0.65", " -1.11", " -0.50", "0.896496406517157", " 0.000359186138294998", " 0.520925249076537", " 0.0601447491089268", " 0.255575045521817", " 0.0195627599924059", " 0.42273507151286", "1", " 0.00998986447132963", " 1", " 0.620994534549669", " 1", " 0.324471984701628", " 1", "6.5", "3.8", " 3.4", " ", " 4.9", " ", " ", " ", " ", " 4.9", " 3.9", " 5.0", " 6.5", " 4.7", " 5.0", " 5.9", " 5.3", " 3.5", " 6.5", " 6.1", " 5.9", " 5.7", " 3.2", " 5.7", " 1.6", " 3.0", " 4.9", " 4.0", " ", " 2.9", " 3.2", " ", " 6.0", " 5.9", " 3.2", " 4.7"
"513", "", "False", "Perfluoro-1-octanesulfonic acid (PFOS)", "C8 H F17 O3 S", "No match", " Full match", " No results", " Full match", " No results", "4.03", "499.93951", "498.93223", "5.939", "4676675.64812985", "1", "1", "0", "97.6", "9.9", "", "No matches found", " No matches found", " No matches found", " No matches found", " No matches found", "", "No matches found", "PreferredDDA", "", "[M-H]-1", "2374901.22109451", " 4075938.82575982", " 2179810.5117211", " 2425849.77466606", " 2349292.93664612", " 2840800.38865753", "58.852155159184", " 37.9759786791652", " 16.8660120064892", " 16.8256922525278", " 11.2873153059702", " 21.4235809924702", "1.716", " 1.021", " 0.535", " 1.078", " 0.899", " 1.171", " 0.827", "0.78", " 0.03", " -0.90", " 0.11", " -0.15", " 0.23", " -0.27", "0.401243661748959", " 0.999317986611239", " 0.520354344926957", " 0.9999842418027", " 0.99999996409552", " 0.986384782660671", " 0.996865168751325", "1", " 1", " 1", " 1", " 1", " 1", " 1", "6.9", "4.1", " 4.5", " 2.5", " 2.6", " 2.9", " 4.0", " 5.0", " 4.6", " 5.4", " 5.0", " 6.1", " 6.7", " 4.2", " 6.0", " 5.8", " 5.4", " 5.6", " 5.8", " 6.4", " 6.1", " 6.4", " 4.8", " 6.1", " 5.9", " 6.9", " 5.9", " 6.9", " 5.0", " 5.1", " 5.9", " 5.3", " 5.5", " 5.5", " 5.5", " 4.5"
"1351", "", "False", "Gheddic acid", "C34 H68 O2", "Full match", " No results", " No results", " Not the top hit", " Full match", "2.95", "508.52343", "507.51615", "19.807", "4659958.53855613", "9", "0", "0", "", "", "", "No matches found", " No matches found", " No matches found", " No matches found", " No matches found", "", "Multiple matches found", "PreferredDDA", "", "[M-H]-1", "3667139.10761974", " 3843488.97728243", " 4137453.05254084", " 3505570.41680259", " 3049277.29915325", " 4004144.43292146", "38.2875768552211", " 59.2921004429316", " 7.6198836789392", " 26.5887919284654", " 61.8448581489965", " 5.3657755320866", "1.048", " 0.956", " 1.076", " 0.737", " 1.180", " 1.142", " 0.762", "0.07", " -0.07", " 0.11", " -0.44", " 0.24", " 0.19", " -0.39", "0.980147123158576", " 0.999933982897313", " 0.908474441419619", " 0.743297607108807", " 0.993171164035577", " 0.994935818283423", " 0.70934026751803", "1", " 1", " 1", " 1", " 1", " 1", " 1", "4.3", "2.3", " 3.1", " ", " ", " ", " ", " ", " 1.4", " 0.2", " 1.8", " ", " 3.6", " ", " ", " ", " 4.3", " ", " 3.2", " ", " 2.6", " 2.4", " 2.4", " ", " 0.2", " ", " 1.4", " 1.8", " ", " ", " ", " ", " 4.3", " 3.6", " 4.0", " "
"256", "", "False", "2-(Methylsulfonyl)-3-(pyrazin-2-ylamino)acrylonitrile", "C8 H8 N4 O2 S", "Not the top hit", " Full match", " No results", " No results", " No results", "4.06", "224.03771", "223.03043", "16.133", "4599407.61623621", "0", "1", "0", "93.8", "9.7", "", "No matches found", " No matches found", " No matches found", " No matches found", " No matches found", "", "No matches found", "PreferredDDA", "", "[M-H]-1", "1329601.69918073", " 1751258.87704083", " 766902.821176609", " 1227710.17674553", " 1173828.19191372", " 1116511.42284127", "44.0107579994815", " 79.874884917837", " 39.5666093909806", " 39.6853690487587", " 49.49218679106", " 37.2632700360303", "1.317", " 0.923", " 0.438", " 1.531", " 0.625", " 0.909", " 1.051", "0.40", " -0.12", " -1.19", " 0.61", " -0.68", " -0.14", " 0.07", "0.998465137541832", " 0.999792664583074", " 0.722427141637301", " 0.994953441921436", " 0.964858188556115", " 0.999993325620267", " 0.9999967070946", "1", " 1", " 1", " 1", " 1", " 1", " 1", "5.7", "4.2", " 5.2", " 4.6", " 4.0", " ", " 1.9", " 2.7", " 3.9", " 2.1", " 5.2", " 4.1", " 4.1", " 5.1", " ", " ", " ", " ", " 4.4", " ", " 4.9", " 4.1", " 5.7", " 3.0", " 3.8", " 4.8", " 3.9", " ", " ", " 1.9", " 3.8", " 5.5", " ", " 3.6", " 3.4", " 5.7"
"340", "", "False", "", "", "No results", " No results", " No results", " No results", " No results", "", "226.19549", "225.18821", "8.508", "4541035.63880643", "0", "0", "0", "", "", "", "No matches found", " No matches found", " No matches found", " No matches found", " No matches found", "", "No matches found", "PreferredDDA", "", "[M-H]-1", "1241292.27558702", " 1358507.02952331", " 1392475.96816927", " 3257315.18375874", " 990464.015283207", " 1139825.18527781", "59.8238497071837", " 34.6805466461401", " 23.1187775631847", " 33.4744467086996", " 29.5623529796676", " 20.6096934532589", "1.094", " 2.624", " 1.025", " 0.711", " 0.427", " 0.350", " 0.869", "0.13", " 1.39", " 0.04", " -0.49", " -1.23", " -1.51", " -0.20", "0.99999621195607", " 0.0544686550429353", " 0.9997023886965", " 0.680454140029804", " 0.0132708197739057", " 0.000613742066918554", " 0.997664161782965", "1", " 0.538634477646805", " 1", " 1", " 1", " 0.0196806622791883", " 1", "6.5", "2.9", " 3.3", " 2.9", " 6.0", " 3.3", " 4.1", " 4.7", " 4.4", " 3.4", " 4.0", " 3.4", " 5.6", " 2.8", " 3.7", " 3.9", " 2.4", " 6.5", " 5.5", " 5.4", " 5.4", " 5.4", " 4.4", " 6.1", " ", " 3.1", " 4.3", " 4.5", " 3.9", " 3.5", " 3.9", " ", " 5.0", " 5.3", " 6.4", " 4.3"
"249", "", "False", "", "C18 H40 N4 O6 P2", "Full match", " No results", " No results", " No results", " No results", "2.21", "470.24335", "469.23607", "13.023", "4493441.46281719", "0", "0", "0", "", "", "", "No matches found", " No matches found", " No matches found", " No matches found", " No matches found", "", "No matches found", "PreferredDDA", "", "[M-H]-1", "", " 1177605.72485678", " 2269770.58500477", " 1991706.89868802", " 1072606.05801797", " 1438560.69099179", "", " 81.6727516676601", " 47.5014901695754", " 22.0415109242866", " 42.5766777506837", " 30.9103669902966", "Infinity", " Infinity", " 1.927", " 0.473", " 1.140", " 0.722", " 0.746", "Infinity", " Infinity", " 0.95", " -1.08", " 0.19", " -0.47", " -0.42", "", " ", " 0.492768257936506", " 0.140357350186485", " 0.970715044757321", " 0.401998988484498", " 0.993809363992077", "", " ", " 1", " 1", " 1", " 1", " 1", "6.4", "", " ", " ", " ", " ", " 1.7", " ", " 0.2", " 6.0", " ", " 3.7", " 4.5", " 2.0", " 5.6", " 2.9", " 5.0", " ", " ", " 5.3", " 4.3", " 3.0", " 6.4", " 4.5", " 4.0", " ", " 3.5", " 3.3", " ", " 5.5", " ", " 2.8", " 4.7", " 5.5", " 4.7", " 2.2"
"872", "", "False", "Heneicosylic acid", "C21 H42 O2", "Full match", " No results", " No results", " Full match", " Full match", "3.16", "326.31951", "325.31224", "14.020", "4487330.70633647", "12", "0", "0", "", "", "", "No matches found", " No matches found", " No matches found", " No matches found", " No matches found", "", "Multiple matches found", "PreferredDDA", "", "[M-H]-1", "1303052.02930992", " 2947951.59712169", " 3528070.66697765", " 3401458.74618789", " 3040715.77510107", " 3879254.1695353", "70.5844953278304", " 7.44374807350727", " 47.7371887641388", " 32.1216963252392", " 19.6543392893115", " 10.3484131828003", "2.262", " 2.610", " 1.197", " 0.862", " 1.037", " 1.140", " 0.784", "1.18", " 1.38", " 0.26", " -0.21", " 0.05", " 0.19", " -0.35", "0.649294032973555", " 0.41333551478673", " 0.999911990706771", " 0.999999987889311", " 0.996580526283017", " 0.996847804812215", " 0.946961239254012", "1", " 1", " 1", " 1", " 1", " 1", " 1", "4.3", "1.4", " ", " 1.1", " 1.6", " 0.6", " ", " 3.6", " ", " 4.3", " ", " 0.7", " 1.4", " 1.4", " 1.4", " ", " 0.6", " 1.2", " ", " ", " ", " ", " 1.7", " 1.9", " 2.2", " ", " ", " 2.3", " 2.6", " ", " 3.8", " 3.1", " 4.2", " 3.1", " ", " "
"250", "", "False", "2-(Methylsulfonyl)-3-(pyrazin-2-ylamino)acrylonitrile", "C8 H8 N4 O2 S", "Full match", " Full match", " No results", " No results", " No results", "4.48", "224.03780", "223.03052", "8.781", "4442113.1069457", "0", "1", "0", "95.4", "9.8", "", "No matches found", " No matches found", " No matches found", " No matches found", " No matches found", "", "No matches found", "PreferredDDA", "", "[M-H]-1", "3384302.67375802", " 3991201.85568227", " 3239200.42036772", " 3709319.16495905", " 2963793.39204767", " 3254029.4943359", "26.0897820602725", " 27.4442190083752", " 19.5775867222759", " 23.22310036872", " 26.1333936461234", " 26.4537700018315", "1.179", " 1.096", " 0.812", " 0.915", " 0.873", " 0.877", " 0.911", "0.24", " 0.13", " -0.30", " -0.13", " -0.20", " -0.19", " -0.13", "0.997103777142006", " 0.982331502373543", " 0.995975319647502", " 0.996978669732726", " 0.978017450554066", " 0.999437497061834", " 0.934131563202154", "1", " 1", " 1", " 1", " 1", " 1", " 1", "7.5", "7.4", " 7.4", " 7.4", " 6.2", " 5.6", " 6.4", " 6.2", " 7.4", " 6.6", " 6.6", " ", " 6.7", " 6.7", " 7.5", " 7.5", " 5.8", " ", " 7.4", " 5.3", " 6.6", " 6.2", " 6.6", " 6.2", " 6.4", " 5.9", " 7.4", " 6.0", " 6.2", " 6.4", " 6.6", " 6.6", " 7.4", " 6.6", " 7.4", " 5.5"
"1160", "", "False", "DG(13:0/18:1(9Z)/0:0)[iso2]", "C34 H64 O5", "Full match", " No results", " No results", " Not the top hit", " Full match", "0.39", "552.47559", "551.46831", "13.055", "4436547.10214742", "5", "0", "0", "", "", "", "No matches found", " No matches found", " No matches found", " No matches found", " No matches found", "", "Multiple matches found", "PreferredDDA", "", "[M-H]-1", "3438923.17912146", " 3374134.02479159", " 3752906.3695677", " 3477397.41435305", " 4436547.10214742", " 3186098.59643794", "7.38143811025858", " 24.3767960727496", " 4.38222667803431", " ", " ", " 21.0004773526942", "0.981", " 1.011", " 1.112", " 1.182", " 1.079", " 0.916", " 1.392", "-0.03", " 0.02", " 0.15", " 0.24", " 0.11", " -0.13", " 0.48", "0.996207514639514", " ", " 0.822292398838682", " ", " ", " ", " ", "1", " ", " 1", " ", " ", " ", " ", "5.2", "3.6", " 3.2", " ", " 4.7", " 5.1", " ", " 2.1", " ", " 2.1", " 1.7", " 3.7", " ", " ", " ", " 5.2", " 5.2", " ", " 0.7", " ", " ", " ", " ", " ", " ", " ", " ", " ", " 1.4", " 2.4", " ", " 2.8", " ", " 3.2", " 2.6", " 3.2"
"297","","False","2-(8-Hydroxy-4a,8-dimethyldecahydro-2-naphthalenyl)acrylic acid","C15 H24 O3","No results"," Invalid mass"," No results"," No results"," No results","-71413.67","234.16398","233.15670","5.136","4413462.88853174","0","2","0","97.2","9.9","","No matches found"," No matches found"," No matches found"," No matches found"," No matches found","","No matches found","PreferredDDA","","[M-H]-1","631539.982305697"," 1695013.77065036"," 1710797.38857765"," 1171551.04807922"," 671413.341374996"," 1173156.85143279","10.8616273153814"," 40.5611586971746"," 30.9823022516163"," 86.9183005111149"," 21.3653723825389"," 27.1836066544181","2.684"," 1.855"," 1.009"," 0.392"," 1.460"," 1.001"," 0.572","1.42"," 0.89"," 0.01"," -1.35"," 0.55"," 0.00"," -0.81","0.236758223036143"," 0.278302542374021"," 0.999963459128193"," 0.0643415948233775"," 0.848530605260161"," 0.997895175582563"," 0.609493002076303","1"," 1"," 1"," 0.632692349096546"," 1"," 1"," 1","6.0","5.8"," "," 5.7"," 5.1"," "," 4.0"," "," "," 5.0"," "," 4.5"," 5.9"," 4.7"," "," 4.4"," 5.4"," 6.0"," "," 3.6"," 3.6"," 4.4"," 3.4"," 4.2"," 5.8"," 4.4"," 4.6"," 4.4"," "," 6.0"," 4.3"," "," 4.5"," 5.4"," 5.4"," "
"353", "", "False", "Heptacosanedioic acid", "C27 H52 O4", "Not the top hit", " No results", " No results", " Not the top hit", " Full match", "3.89", "440.38827", "439.38100", "15.937", "4412991.18654294", "3", "0", "0", "", "", "", "No matches found", " No matches found", " No matches found", " No matches found", " No matches found", "", "Multiple matches found", "PreferredDDA", "", "[M-H]-1", "3682693.9426221", " 3791093.36648918", " 3802431.29229879", " 4093909.91694141", " 4138771.21263901", " 4199872.96346625", "26.586464893303", " 23.7350459702208", " 22.6108880967751", " 11.4700517778886", " 43.13081169574", " 20.5114233645009", "1.029", " 1.112", " 1.003", " 1.088", " 0.929", " 1.026", " 0.985", "0.04", " 0.15", " 0.00", " 0.12", " -0.11", " 0.04", " -0.02", "0.999999968312822", " 0.937782619717025", " 0.99989217735659", " 0.982256969530628", " 0.984667307783803", " 0.999897384637755", " 0.866471867950934", "1", " 1", " 1", " 1", " 1", " 1", " 1", "6.1", "4.9", " 3.6", " 5.1", " 3.2", " 4.3", " 4.7", " 5.3", " 2.8", " 4.0", " 3.6", " 5.5", " 4.5", " 3.6", " 3.2", " 5.1", " 3.6", " 6.1", " 5.0", " 5.4", " 5.4", " 4.2", " 5.0", " 5.4", " 2.6", " 2.6", " 3.0", " 1.8", " 1.0", " 5.5", " 5.9", " 4.7", " 4.0", " 3.7", " 4.7", " 5.5"
"483", "", "False", "", "C40 H45 N5 O2", "Full match", " No results", " No results", " No results", " No results", "3.44", "627.35949", "626.35221", "6.603", "4399020.43974529", "0", "0", "0", "", "", "", "No matches found", " No matches found", " No matches found", " No matches found", " No matches found", "", "No matches found", "PreferredDDA", "", "[M-H]-1", "1219599.32907858", " 1478458.35817223", " 1730935.10726974", " 1496280.80731832", " 833655.689678199", " 1410230.42656307", "", " 37.9560241822517", " 54.0535463859586", " 64.9084310027417", " 34.8049772639528", " 46.0749526776781", "1.212", " 1.227", " 1.171", " 0.482", " 1.157", " 0.942", " 0.591", "0.28", " 0.29", " 0.23", " -1.05", " 0.21", " -0.09", " -0.76", "", " ", " 0.842557212149111", " 0.258077613617479", " 0.960103877008102", " 0.93575696208793", " 0.98534733888109", "", " ", " 1", " 1", " 1", " 1", " 1", "4.2", "1.7", " ", " ", " ", " ", " ", " 2.9", " ", " 1.5", " 3.2", " 4.2", " 3.1", " 3.1", " 2.2", " ", " 3.1", " 2.5", " 2.1", " 1.2", " 3.3", " 1.8", " ", " 3.1", " ", " 1.9", " 2.0", " 1.9", " ", " 0.4", " ", " ", " 3.1", " 1.2", " ", " "
"2418", "", "False", "Todralazine", "C11 H12 N4 O2", "Full match", " No results", " No results", " Full match", " No results", "1.49", "232.09637", "231.08909", "20.913", "4386810.06822558", "2", "0", "0", "", "", "", "No matches found", " No matches found", " No matches found", " No matches found", " No matches found", "", "No matches found", "PreferredDDA", "", "[M-H]-1", "4075353.42701664", " 3991755.34584183", " 4104730.68826811", " ", " 3568898.80822544", " ", "", " ", " 7.3861196144447", " ", " ", " ", "0.979", " 0.000", " 1.028", " 0.869", " Infinity", " ", " Infinity", "-0.03", " -Infinity", " 0.04", " -0.20", " Infinity", " ", " Infinity", "", " ", " ", " ", " ", " ", " ", "", " ", " ", " ", " ", " ", " ", "5.1", "", " ", " 2.6", " ", " ", " 2.6", " ", " ", " ", " ", " ", " ", " 5.1", " 5.1", " 4.0", " 5.1", " ", " ", " ", " ", " ", " ", " ", " ", " ", " ", " ", " 2.6", " ", " ", " ", " ", " ", " ", " "
"228", "", "False", "Bendigole E", "C23 H32 O4", "Full match", " No results", " No results", " Not the top hit", " Full match", "-2.17", "372.22925", "371.22198", "10.796", "4301885.60514316", "7", "0", "0", "", "", "", "No matches found", " No matches found", " No matches found", " No matches found", " No matches found", "", "Single match found", "PreferredDDA", "", "[M-H]-1", "908465.388775902", " 959182.84273743", " 2295036.26597113", " 3070286.71725123", " 864860.326834413", " 1624418.31646454", "8.1667984829455", " 33.6898085943263", " 28.622728573577", " 38.1959198961609", " 27.2016557874367", " 22.7911730138988", "1.056", " 3.380", " 2.393", " 0.377", " 0.747", " 0.529", " 0.532", "0.08", " 1.76", " 1.26", " -1.41", " -0.42", " -0.92", " -0.91", "0.999999316428479", " 0.00643049359415604", " 0.0445979414732141", " 0.0017336173674718", " 0.89266504564782", " 0.224296627954721", " 0.0334735123263357", "1", " 0.105984061088868", " 0.903094034765262", " 0.059665331063821", " 1", " 1", " 1", "6.2", "6.2", " 5.0", " ", " ", " ", " 4.1", " ", " ", " ", " 3.0", " 5.5", " 6.0", " 3.0", " 5.5", " 5.3", " 5.1", " 2.9", " 6.1", " 5.7", " 4.4", " 5.0", " 4.0", " 2.3", " 3.3", " 3.5", " 4.3", " ", " 4.6", " 4.1", " 3.0", " ", " 4.1", " 4.5", " ", " 5.3"
"1519", "", "False", "Hexatriacontylic acid", "C36 H72 O2", "Full match", " No results", " No results", " Not the top hit", " Full match", "2.20", "536.55441", "535.54714", "20.177", "4296618.57183942", "7", "0", "0", "", "", "", "No matches found", " No matches found", " No matches found", " No matches found", " No matches found", "", "Multiple matches found", "PreferredDDA", "", "[M-H]-1", "3780008.5457038", " 3954014.03722488", " 3142963.57329409", " 3450651.53332202", " 3227298.63378074", " 1996234.19931953", "8.11552803321549", " 9.48513402352909", " 20.5369627317217", " 6.76750470352717", " 4.91102147888295", " 63.8742914758734", "1.046", " 0.913", " 0.795", " 1.027", " 0.911", " 0.579", " 1.617", "0.06", " -0.13", " -0.33", " 0.04", " -0.13", " -0.79", " 0.69", "0.999988423574489", " 0.998546068381041", " 0.986613479468325", " 0.999991716531905", " 0.999999888555076", " 0.201142013201185", " 0.26945401200792", "1", " 1", " 1", " 1", " 1", " 1", " 1", "6.0", "5.5", " 4.7", " ", " ", " 4.3", " 4.3", " 3.2", " ", " 3.6", " ", " 3.2", " 2.1", " 2.1", " ", " 3.2", " ", " 4.7", " ", " 4.7", " 3.6", " ", " ", " ", " 5.2", " ", " ", " 6.0", " 4.8", " 1.4", " 2.6", " 1.0", " ", " ", " ", " 1.4"
"1220", "", "False", "Lacceroic acid", "C32 H64 O2", "Full match", " No results", " No results", " Not the top hit", " Full match", "2.47", "480.49182", "479.48454", "19.343", "4264636.83207001", "11", "0", "0", "", "", "", "No matches found", " No matches found", " No matches found", " No matches found", " No matches found", "", "Multiple matches found", "PreferredDDA", "", "[M-H]-1", "3674787.06330836", " 3184341.54350292", " 3640479.2774334", " 3221203.76620333", " 3515396.8325823", " 3002560.08773515", "17.1512676093409", " 38.8778929175835", " 13.1962231170349", " 57.9631991391335", " 20.4625512079672", " 10.9328394577817", "0.867", " 0.877", " 1.143", " 0.966", " 1.130", " 0.932", " 1.171", "-0.21", " -0.19", " 0.19", " -0.05", " 0.18", " -0.10", " 0.23", "0.747297204514961", " 0.383682168569573", " 0.744916372975887", " 0.999952467137961", " 0.366707023326796", " 0.686992404236898", " 0.998008697530198", "1", " 1", " 1", " 1", " 1", " 1", " 1", "4.6", "4.1", " ", " 3.0", " 3.3", " 2.2", " 1.2", " ", " ", " 1.9", " 2.9", " 2.7", " 2.7", " 3.5", " 2.7", " 4.6", " ", " ", " 2.2", " ", " 2.2", " 1.7", " ", " ", " 2.4", " ", " 3.6", " ", " 2.8", " 2.7", " 3.1", " 3.8", " 2.7", " ", " 3.1", " 3.5"
"526", "", "False", "Mycolipanolic acid (C24)", "C24 H48 O3", "Full match", " No results", " No results", " Not the top hit", " Full match", "3.87", "384.36183", "383.35456", "16.012", "4218275.22277181", "6", "0", "0", "", "", "", "No matches found", " No matches found", " No matches found", " No matches found", " No matches found", "", "Multiple matches found", "PreferredDDA", "", "[M-H]-1", "3284705.24516152", " 3596585.3618351", " 3727999.26388601", " 3484396.02928649", " 3506738.89766347", " 3751093.23072028", "8.88829611847613", " 6.53074609882865", " 10.3066431019575", " 9.36290205043033", " 6.8916239206627", " 6.93337952703634", "1.095", " 1.061", " 1.037", " 0.941", " 1.070", " 1.077", " 0.935", "0.13", " 0.09", " 0.05", " -0.09", " 0.10", " 0.11", " -0.10", "0.421479567390183", " 0.799386254296917", " 0.987686239316809", " 0.997913360708202", " 0.65855275498024", " 0.252285839013142", " 0.896951545395264", "1", " 1", " 1", " 1", " 1", " 1", " 1", "7.8", "7.0", " 6.2", " 6.2", " 6.6", " 7.4", " 7.0", " 7.0", " 6.6", " 6.2", " 6.2", " 6.1", " 5.4", " 5.0", " 6.1", " 5.7", " 7.6", " 5.9", " 7.0", " 5.9", " 7.0", " 6.6", " 6.2", " 6.6", " 7.0", " 6.6", " 6.6", " 6.6", " 6.6", " 7.0", " 7.4", " 7.4", " 7.8", " 6.6", " 7.4", " 7.0"
"545", "", "False", "", "", "No results", " No results", " No results", " No results", " No results", "", "748.73804", "747.73077", "18.587", "4214733.7429362", "0", "0", "0", "", "", "", "No matches found", " No matches found", " No matches found", " No matches found", " No matches found", "", "No matches found", "PreferredDDA", "", "[M-H]-1", "3399435.86745886", " 3404878.82138197", " 3116652.59269302", " 3556099.80081571", " 3258561.1460702", " 3125221.75334954", "27.0952088093561", " 16.4257566713618", " 20.8452011095905", " 12.773987139547", " 24.0686244609322", " 23.0030816148115", "1.002", " 1.046", " 0.915", " 1.046", " 0.876", " 0.879", " 1.043", "0.00", " 0.07", " -0.13", " 0.06", " -0.19", " -0.19", " 0.06", "0.999999871638861", " 0.997689972121292", " 0.995414496483347", " 0.99999978893366", " 0.882963000215553", " 0.837254996099804", " 0.999995218952437", "1", " 1", " 1", " 1", " 1", " 1", " 1", "6.5", "4.3", " 3.7", " 3.2", " 3.6", " 5.1", " 5.2", " 3.3", " 5.2", " 4.5", " 4.8", " 4.0", " 6.0", " 3.2", " 4.0", " 5.5", " 5.5", " 5.7", " 4.6", " 5.4", " 5.4", " 5.0", " 6.5", " 5.7", " 3.7", " 4.0", " 3.6", " 4.0", " 4.0", " 2.8", " 3.6", " 4.7", " 4.7", " 3.2", " 4.5", " 3.6"
"143", "", "False", "", "C33 H67 N4 O3 P S", "Full match", " No results", " No results", " No results", " No results", "0.42", "630.46742", "629.46014", "10.798", "4202852.9343243", "0", "0", "0", "", "", "", "No matches found", " No matches found", " No matches found", " No matches found", " No matches found", "", "No matches found", "PreferredDDA", "", "[M-H]-1", "", " 162613.500082852", " 699049.228052377", " 1567567.48576383", " ", " 570829.801964767", "", " ", " 62.1126382017721", " 61.2223346910277", " ", " ", "Infinity", " Infinity", " 4.299", " 0.000", " 0.446", " 0.364", " 0.000", "Infinity", " Infinity", " 2.10", " -Infinity", " -1.17", " -1.46", " -Infinity", "", " ", " ", " ", " 0.174332868449521", " ", " ", "", " ", " ", " ", " 1", " ", " ", "6.4", "", " ", " ", " ", " ", " ", " ", " ", " 4.5", " ", " 3.1", " 4.0", " 3.0", " ", " 2.7", " ", " 1.7", " 5.4", " 5.0", " 1.8", " 5.4", " 3.4", " 6.4", " ", " ", " ", " ", " ", " ", " ", " ", " 0.0", " ", " ", " "
"369", "", "False", "", "", "No results", " No results", " No results", " No results", " No results", "", "254.18971", "253.18243", "4.749", "4160818.41881043", "0", "0", "0", "", "", "", "No matches found", " No matches found", " No matches found", " No matches found", " No matches found", "", "No matches found", "PreferredDDA", "", "[M-H]-1", "1278348.72068366", " 937246.931929508", " 1072244.16059203", " 1442330.2876534", " ", " ", "53.6362829264063", " 83.6390863630811", " 80.06940047235", " 66.5328334752692", " ", " ", "0.733", " 1.128", " 1.144", " 0.000", " 0.743", " 0.000", " ", "-0.45", " 0.17", " 0.19", " -Infinity", " -0.43", " -Infinity", " ", "0.999989014710391", " 0.966128431025127", " 0.983511392051804", " ", " 0.998314585581298", " ", " ", "1", " 1", " 1", " ", " 1", " ", " ", "5.6", "", " 3.5", " 4.0", " ", " ", " 3.4", " 3.6", " ", " 4.5", " ", " 5.2", " 5.6", " 3.6", " 3.6", " 4.8", " 3.6", " 5.6", " ", " 4.6", " 3.6", " 4.6", " 4.2", " 3.3", " ", " ", " ", " ", " ", " ", " ", " ", " ", " ", " ", " "
"376", "", "False", "Symplocosidin", "C16 H16 O6", "Not the top hit", " No results", " No results", " Full match", " Full match", "-4.74", "304.09325", "303.08597", "2.379", "4125424.99675732", "15", "0", "0", "", "", "", "No matches found", " No matches found", " No matches found", " No matches found", " No matches found", "", "Multiple matches found", "PreferredDDA", "", "[M-H]-1", "2014502.22981125", " 1981410.77030831", " ", " 2318092.22397401", " 1093323.02970754", " 1880583.0544268", "56.2653997616302", " ", " ", " 110.261123028563", " 54.2550274518491", " 57.063399494913", "0.984", " 1.151", " 0.000", " Infinity", " 0.000", " 0.811", " 0.581", "-0.02", " 0.20", " -Infinity", " Infinity", " -Infinity", " -0.30", " -0.78", "", " 0.999999332066801", " ", " ", " ", " 0.999800542837194", " 0.965710162200371", "", " 1", " ", " ", " ", " 1", " 1", "6.0", "2.7", " 4.2", " ", " ", " 4.8", " ", " 5.0", " ", " ", " ", " ", " ", " ", " ", " ", " ", " ", " ", " 6.0", " 2.7", " ", " ", " ", " ", " ", " ", " 4.0", " 4.2", " ", " 5.2", " 4.4", " 4.2", " ", " ", " "
"981", "", "False", "", "", "No results", " No results", " No results", " No results", " No results", "", "620.65316", "619.64589", "19.966", "4099498.35315085", "0", "0", "0", "", "", "", "No matches found", " No matches found", " No matches found", " No matches found", " No matches found", "", "No matches found", "PreferredDDA", "", "[M-H]-1", "2298516.82981297", " 3297260.61256699", " 1712440.92800489", " 1937510.00048149", " 1557792.17541847", " 1803120.9575959", "14.4694525087136", " 13.0980058250762", " 21.7637602084864", " 10.0941810002273", " 5.75154395218862", " 8.37314846730934", "1.435", " 0.843", " 0.519", " 0.910", " 0.884", " 0.931", " 0.864", "0.52", " -0.25", " -0.95", " -0.14", " -0.18", " -0.10", " -0.21", "0.000157427420164336", " 0.828588240990535", " 5.92697990509095E-06", " 0.427420174299986", " 0.984130261533248", " 0.669696509632397", " 0.773613447926548", "0.0667492261496783", " 1", " 0.00257823625871456", " 1", " 1", " 1", " 1", "4.7", "4.7", " 3.2", " 2.5", " 2.7", " 2.9", " 4.6", " 4.6", " 3.1", " 3.5", " 3.8", " 2.6", " 2.1", " ", " 2.2", " ", " 1.8", " 3.6", " 2.5", " 2.9", " 2.9", " 3.6", " 3.6", " 3.6", " 3.0", " ", " 3.7", " 3.0", " 3.7", " ", " 3.0", " 4.1", " 4.5", " 3.0", " ", " 4.1"
"856", "", "False", "", "C38 H9 N O13 P2 S3", "Full match", " No results", " No results", " No results", " No results", "1.43", "844.87233", "843.86506", "19.906", "4096309.26951105", "0", "0", "0", "", "", "", "No matches found", " No matches found", " No matches found", " No matches found", " No matches found", "", "No matches found", "PreferredDDA", "", "[M-H]-1", "960919.701775191", " 1040284.63817563", " 3233384.64883551", " 3649048.88594236", " 1327093.24299786", " 2401995.47215823", "21.7085472715372", " 42.7943156611504", " 28.7741991182116", " 45.1327399194879", " 16.3685203579009", " 57.4194443112175", "1.083", " 3.797", " 3.108", " 0.410", " 0.886", " 0.658", " 0.552", "0.11", " 1.93", " 1.64", " -1.28", " -0.17", " -0.60", " -0.86", "0.988982107870403", " 0.071257406955519", " 0.245154726766901", " 0.433944347125172", " 0.999997741208789", " 0.956595839660411", " 0.855865574708066", "1", " 0.621755805788352", " 1", " 1", " 1", " 1", " 1", "5.4", "4.1", " 3.5", " ", " 5.4", " 3.9", " 2.9", " 1.7", " ", " ", " 0.8", " ", " 1.8", " 2.8", " ", " 2.8", " 2.8", " 2.2", " 1.8", " ", " ", " ", " 2.6", " 2.1", " 2.0", " ", " 3.3", " ", " ", " ", " 0.2", " ", " 1.4", " 1.8", " ", " 2.2"
"295", "", "False", "Docosatrienoic acid", "C22 H38 O2", "Full match", " Full match", " No results", " Full match", " Not the top hit", "3.07", "334.28821", "333.28093", "13.098", "4061844.78580769", "22", "2", "0", "94.6", "9.7", "", "No matches found", " No matches found", " No matches found", " No matches found", " No matches found", "", "Multiple matches found", "PreferredDDA", "", "[M-H]-1", "1101669.78600111", " 529145.913334011", " 1636764.65062089", " 2402659.95133089", " 666812.636214699", " 1756091.91320144", "", " 12.2902952580207", " 11.2000280156282", " 35.1679290085074", " 29.0740646828694", " 35.0810032078877", "0.480", " 2.181", " 3.093", " 0.407", " 0.681", " 0.731", " 0.380", "-1.06", " 1.12", " 1.63", " -1.30", " -0.55", " -0.45", " -1.40", "", " ", " 0.00694421785310884", " 0.0334556312955369", " 0.526108429920899", " 0.552655886726917", " 0.0235053927505322", "", " ", " 0.302073476610234", " 0.493470561609169", " 1", " 1", " 0.954949235902475", "6.6", "2.1", " ", " ", " ", " ", " ", " 2.4", " ", " 6.6", " ", " 3.6", " 3.6", " ", " 4.7", " 5.1", " 5.9", " 5.7", " 4.7", " 2.5", " 2.7", " 5.7", " 2.6", " 4.6", " 2.1", " ", " ", " ", " 4.3", " 4.0", " ", " 2.6", " 4.0", " 4.4", " 3.1", " 3.8"
"348", "", "False", "LPE 22:6", "C27 H44 N O7 P", "No match", " No results", " Full match", " Partial match", " Partial match", "2.88", "525.28705", "524.27977", "6.656", "4042200.01190951", "2", "0", "1", "", "", "36.8", "No matches found", " No matches found", " No matches found", " Single match found", " No matches found", "", "Multiple matches found", "PreferredDDA", "", "[M-H]-1", "", " 3161132.00045412", " 2501035.9517196", " 1561069.6704983", " 981830.460473442", " 769380.108838287", "", " ", " 53.7132996152095", " 54.7353125450918", " 18.937102616532", " 58.3038169035147", "Infinity", " Infinity", " 0.791", " 0.393", " 1.602", " 0.493", " 1.276", "Infinity", " Infinity", " -0.34", " -1.35", " 0.68", " -1.02", " 0.35", "", " ", " ", " 0.775967760179894", " 0.997110118374664", " 0.266507659680823", " 0.999983344315459", "", " ", " ", " 1", " 1", " 1", " 1", "6.4", "", " ", " ", " ", " ", " 4.8", " ", " ", " ", " ", " 5.2", " 5.2", " 4.4", " ", " 3.6", " 5.6", " 4.0", " 5.0", " 6.4", " 3.1", " 4.8", " 5.8", " 5.6", " ", " 4.8", " ", " 5.9", " ", " 2.9", " 2.9", " 2.7", " 3.5", " 4.4", " ", " "
"1010", "", "False", "FAHFA(3:0/2-O-22:0)", "C25 H48 O4", "Not the top hit", " No results", " No results", " Not the top hit", " Full match", "3.35", "412.35664", "411.34937", "14.436", "4036531.97281277", "3", "0", "0", "", "", "", "No matches found", " No matches found", " No matches found", " No matches found", " No matches found", "", "Multiple matches found", "PreferredDDA", "", "[M-H]-1", "1803083.75825543", " 1529263.04684537", " 1752050.07517772", " 2080802.70493432", " 1348217.27843218", " 1840366.82432496", "49.8853856070488", " ", " 24.9598362100484", " 28.0731239014454", " 23.3858273538082", " 20.2635978985457", "0.848", " 1.154", " 1.146", " 0.770", " 0.842", " 0.884", " 0.733", "-0.24", " 0.21", " 0.20", " -0.38", " -0.25", " -0.18", " -0.45", "", " 0.999998809351401", " ", " 0.941279303499738", " 0.688352828023163", " 0.990734735782662", " 0.549451083463155", "", " 1", " ", " 1", " 1", " 1", " 1", "3.4", "1.2", " 0.8", " 0.7", " 1.6", " ", " 1.2", " ", " ", " ", " ", " 1.5", " 3.0", " ", " ", " 3.0", " 3.1", " ", " 2.2", " 3.2", " 2.6", " 1.8", " 1.7", " 1.7", " ", " ", " ", " 1.5", " 2.0", " ", " 2.6", " 2.2", " 1.8", " 2.1", " 3.4", " 1.7"
"722", "", "False", "FAHFA(3:0/2-O-22:0)", "C25 H48 O4", "Not the top hit", " No results", " No results", " Not the top hit", " Full match", "3.56", "412.35673", "411.34945", "14.882", "4024448.32604626", "3", "0", "0", "", "", "", "No matches found", " No matches found", " No matches found", " No matches found", " No matches found", "", "Multiple matches found", "PreferredDDA", "", "[M-H]-1", "1875759.7364543", " 2305790.59323457", " 2759416.02296684", " 3000825.77713711", " 2698751.13118161", " 2092285.45362047", "46.1659114481822", " 34.8710946188836", " 31.5052906217098", " 25.0526068221148", " 23.2084738954959", " 25.8395839584898", "1.229", " 1.600", " 1.197", " 0.978", " 0.920", " 0.697", " 1.290", "0.30", " 0.68", " 0.26", " -0.03", " -0.12", " -0.52", " 0.37", "0.923445168412562", " 0.505017288463558", " 0.992512326150358", " 0.999966288251566", " 0.999999997218474", " 0.934191992741558", " 0.908250098413587", "1", " 1", " 1", " 1", " 1", " 1", " 1", "4.3", "0.6", " 1.2", " 1.1", " 2.2", " 2.0", " 2.9", " 1.9", " 1.6", " ", " 2.1", " 1.6", " 1.6", " 2.5", " 2.3", " 2.5", " 2.7", " 2.8", " 2.6", " 2.1", " 3.0", " 2.1", " 1.8", " 2.4", " 2.1", " 3.2", " 4.3", " 3.4", " 2.8", " 3.7", " 2.2", " 2.8", " 3.6", " 3.6", " 4.1", " 2.2"
"626", "", "False", "", "C36 H70 O3", "Full match", " No results", " No results", " No results", " No results", "1.21", "550.53316", "549.52589", "16.238", "3988339.92915398", "0", "0", "0", "", "", "", "No matches found", " No matches found", " No matches found", " No matches found", " No matches found", "", "No matches found", "PreferredDDA", "", "[M-H]-1", "3284724.29406262", " 3820822.97576428", " 3988339.92915398", " 2294771.63158557", " 2499460.47227366", " 2047463.3361068", "", " ", " ", " 18.7476367040869", " ", " ", "1.163", " 0.699", " 1.044", " 0.627", " 1.738", " 0.892", " 1.221", "0.22", " -0.52", " 0.06", " -0.67", " 0.80", " -0.16", " 0.29", "", " ", " ", " ", " ", " ", " ", "", " ", " ", " ", " ", " ", " ", "5.2", "", " ", " 3.0", " ", " ", " ", " ", " ", " 3.0", " ", " ", " ", " ", " ", " ", " 2.6", " 2.3", " ", " ", " ", " ", " 5.2", " 4.6", " ", " ", " ", " ", " 3.7", " ", " ", " 2.7", " ", " ", " ", " "
"869", "", "False", "", "", "No results", " No results", " No results", " No results", " No results", "", "844.87235", "843.86507", "20.160", "3954047.3570254", "0", "0", "0", "", "", "", "No matches found", " No matches found", " No matches found", " No matches found", " No matches found", "", "No matches found", "PreferredDDA", "", "[M-H]-1", "3334402.02517976", " 3650193.30188607", " 1744059.02872044", " 2669402.15912369", " 2781495.80510157", " 2450889.83000849", "22.9586166333154", " 11.7344381035366", " 67.1043936218873", " 38.9763566758082", " 44.6682246607044", " 46.3113407014541", "1.095", " 0.801", " 0.478", " 1.595", " 0.653", " 0.918", " 1.135", "0.13", " -0.32", " -1.07", " 0.67", " -0.61", " -0.12", " 0.18", "0.997304028076491", " 0.997658202991185", " 0.480276735425112", " 0.833609327593653", " 0.780634841971947", " 0.995618392926283", " 0.998838224722512", "1", " 1", " 1", " 1", " 1", " 1", " 1", "5.0", "3.2", " 3.0", " 3.2", " 3.2", " 4.7", " 5.0", " ", " 4.2", " ", " ", " 1.6", " 2.2", " ", " 0.6", " ", " ", " ", " ", " 1.7", " 2.3", " 3.1", " ", " 1.7", " 1.6", " ", " 1.6", " 2.2", " 2.2", " 1.8", " 3.0", " 1.4", " 2.3", " ", " 0.6", " "
"242", "", "False", "", "", "No results", " No results", " No results", " No results", " No results", "", "794.18326", "793.17598", "14.097", "3949352.83904995", "0", "0", "0", "", "", "", "No matches found", " No matches found", " No matches found", " No matches found", " No matches found", "", "No matches found", "PreferredDDA", "", "[M-H]-1", "1657230.14717473", " 2201062.22122526", " 1359218.44149841", " 1956551.45934679", " 1855734.67681559", " 1753823.00216309", "74.7886041287364", " 37.9036215571343", " 58.8004025289807", " 41.072516493818", " 66.1718199083415", " 52.523536500413", "1.328", " 1.181", " 0.618", " 1.365", " 0.695", " 0.896", " 1.058", "0.41", " 0.24", " -0.70", " 0.45", " -0.53", " -0.16", " 0.08", "0.860995694288332", " 0.84217890216454", " 0.520542725097581", " 0.986033272939812", " 0.448207863531814", " 0.992025969998017", " 0.988794512967648", "1", " 1", " 1", " 1", " 1", " 1", " 1", "5.9", "5.0", " 5.4", " 5.6", " 5.2", " 3.4", " ", " 4.6", " 5.9", " 5.5", " 5.4", " 1.5", " 3.6", " 5.4", " 4.2", " 3.5", " 3.4", " 5.6", " 5.2", " ", " 4.2", " 5.0", " 5.4", " 5.2", " 4.0", " 5.4", " 5.2", " 4.5", " 3.1", " 5.2", " 3.3", " 4.8", " 4.2", " 4.6", " 4.6", " 5.0"
"359", "", "False", "Tretinoin", "C20 H28 O2", "Full match", " Full match", " No results", " Full match", " Not the top hit", "3.69", "300.21004", "299.20276", "8.518", "3940406.26248607", "31", "1", "0", "98.1", "9.9", "", "No matches found", " No matches found", " No matches found", " No matches found", " No matches found", "", "Multiple matches found", "PreferredDDA", "", "[M-H]-1", "524320.31720316", " ", " 1947175.72186768", " 1985604.69783138", " ", " 646790.20763794", "", " ", " 77.3428424789957", " 72.6103450625809", " ", " ", "0.000", " 3.787", " Infinity", " 0.000", " 0.981", " 0.326", " 0.000", "-Infinity", " 1.92", " Infinity", " -Infinity", " -0.03", " -1.62", " -Infinity", "", " ", " ", " ", " 0.999995424564148", " ", " ", "", " ", " ", " ", " 1", " ", " ", "6.5", "", " 2.3", " ", " ", " ", " ", " ", " ", " ", " ", " 2.3", " 6.5", " ", " ", " 6.4", " ", " 6.4", " ", " ", " ", " ", " ", " 3.6", " ", " ", " ", " ", " ", " 3.8", " ", " ", " ", " ", " ", " "
"367", "", "False", "?8-THC", "C21 H30 O2", "Full match", " Full match", " No results", " Partial match", " Partial match", "2.96", "314.22551", "313.21831", "9.694", "3934190.45754243", "21", "4", "0", "96.3", "9.8", "", "No matches found", " No matches found", " No matches found", " No matches found", " No matches found", "", "Multiple matches found", "PreferredDDA", "", "[M-H]-1", "3191821.55888345", " 1651996.55409442", " 1350989.93125662", " 714957.517666126", " 749960.549171643", " 643427.030162204", "47.7809366380759", " 71.7302721465835", " 56.3703363114042", " 64.1120134379869", " 46.1444797972191", " 9.61988818651636", "0.518", " 0.224", " 0.818", " 0.555", " 1.890", " 0.900", " 1.166", "-0.95", " -2.16", " -0.29", " -0.85", " 0.92", " -0.15", " 0.22", "0.607833084127058", " 0.0972538241419924", " 0.999985498874368", " 0.606487647293934", " 0.66828598258419", " 0.967512101128057", " 0.996418289390663", "1", " 0.733524605816722", " 1", " 1", " 1", " 1", " 1", "5.9", "2.7", " 4.1", " ", " ", " 5.6", " 2.3", " 4.5", " 1.5", " 2.7", " 2.6", " 1.4", " 3.1", " ", " 3.0", " 2.7", " 1.7", " ", " 2.3", " 2.5", " 3.1", " 3.0", " 2.5", " 0.8", " 1.1", " 3.4", " ", " 4.2", " 4.0", " ", " 5.9", " 4.3", " 2.9", " 5.0", " ", " "
"1047", "", "False", "Montanic acid", "C28 H56 O2", "Full match", " No results", " No results", " Full match", " Full match", "2.97", "424.42929", "423.42202", "16.874", "3931534.81707077", "8", "0", "0", "", "", "", "No matches found", " No matches found", " No matches found", " No matches found", " No matches found", "", "Multiple matches found", "PreferredDDA", "", "[M-H]-1", "3374133.02783495", " 3207675.8423917", " 3245721.90083058", " 874150.760718668", " 2873335.83599257", " 2563125.71727695", "1.97884947323625", " 18.3390402837659", " 5.59697102022061", " 84.2323791808884", " 52.0829946845814", " 28.997000079669", "0.951", " 0.259", " 1.012", " 0.885", " 3.713", " 2.932", " 1.121", "-0.07", " -1.95", " 0.02", " -0.18", " 1.89", " 1.55", " 0.16", "0.99956516677173", " 0.112123096121703", " 0.999991871036933", " 0.996368954561562", " 0.209937541137243", " 0.491504214231224", " 0.999984811433765", "1", " 0.81794717662554", " 1", " 1", " 1", " 1", " 1", "4.1", "4.1", " ", " 4.1", " ", " 3.7", " ", " 2.2", " 2.2", " 3.0", " 2.6", " ", " ", " 4.0", " 3.2", " ", " ", " 1.1", " 1.7", " 1.7", " ", " ", " ", " ", " 0.7", " ", " ", " ", " 3.1", " ", " ", " ", " 1.8", " 1.7", " ", " "
"511", "", "False", "", "C13 H25 N2 P", "Full match", " No results", " No results", " No results", " No results", "-3.97", "240.17458", "239.16730", "4.626", "3919352.64833823", "0", "0", "0", "", "", "", "No matches found", " No matches found", " No matches found", " No matches found", " No matches found", "", "No matches found", "PreferredDDA", "", "[M-H]-1", "1473061.25285325", " 1973215.75576434", " 1131326.56459397", " 1260155.73141447", " ", " ", "86.3865746628349", " 35.5271398221669", " 56.0451770954932", " 36.3071320439666", " ", " ", "1.340", " 0.855", " 0.573", " 0.000", " 0.898", " 0.000", " ", "0.42", " -0.23", " -0.80", " -Infinity", " -0.16", " -Infinity", " ", "0.83100870398982", " 0.999995462364596", " 0.593871225272043", " ", " 0.974188163533241", " ", " ", "1", " 1", " 1", " ", " 1", " ", " ", "5.9", "", " 4.6", " 3.0", " 4.5", " 2.7", " 3.0", " 3.2", " 5.9", " 5.4", " ", " 3.5", " 4.1", " 2.9", " 4.6", " 3.6", " 2.1", " 4.5", " 4.9", " 4.4", " 4.1", " 5.1", " 4.5", " 5.5", " ", " ", " ", " ", " ", " ", " ", " ", " ", " ", " ", " "
"927", "", "False", "", "", "No results", " No results", " No results", " No results", " No results", "", "662.69944", "661.69217", "20.405", "3880803.74938757", "0", "0", "0", "", "", "", "No matches found", " No matches found", " No matches found", " No matches found", " No matches found", "", "No matches found", "PreferredDDA", "", "[M-H]-1", "2411562.34607856", " 3522222.21797022", " 1903908.42719659", " 2276844.0249526", " 2524964.43871857", " 2116133.07379588", "24.1025954210651", " 10.0695786955068", " 26.9548470584108", " 19.6346622686543", " 9.95245374912015", " 21.8636064322225", "1.461", " 0.944", " 0.541", " 1.326", " 0.836", " 0.929", " 1.193", "0.55", " -0.08", " -0.89", " 0.41", " -0.26", " -0.11", " 0.25", "0.0504364557451308", " 0.992624887310901", " 0.00669469652818711", " 0.859274979671542", " 0.999975279055879", " 0.999674501201269", " 0.79704502578431", "1", " 1", " 0.302073476610234", " 1", " 1", " 1", " 1", "5.7", "3.6", " 4.9", " 4.0", " 2.8", " 1.5", " 4.2", " 3.8", " 5.7", " 3.5", " 5.0", " 1.8", " 3.2", " 2.2", " 3.0", " 2.4", " 1.8", " 3.7", " 3.1", " 4.1", " 2.7", " 3.0", " 3.9", " 2.7", " 4.0", " 4.7", " ", " 4.5", " 5.5", " 1.8", " 2.4", " 4.0", " 3.4", " 2.2", " 3.0", " 1.8"
"756", "", "False", "", "C32 H74 N6 O4 P2", "Full match", " No results", " No results", " No results", " No results", "2.96", "668.52665", "667.51938", "16.911", "3868010.19954217", "0", "0", "0", "", "", "", "No matches found", " No matches found", " No matches found", " No matches found", " No matches found", "", "No matches found", "PreferredDDA", "", "[M-H]-1", "2587069.48877543", " 2814258.95206893", " 2499157.8273525", " 2667685.55336725", " 2047310.33891033", " 2714733.02564244", "24.8941107566651", " 1.62502125309882", " 40.9732569479595", " 2.42915618181984", " 16.4715185003959", " 6.57161945705958", "1.088", " 1.031", " 0.888", " 0.819", " 0.937", " 1.018", " 0.754", "0.12", " 0.04", " -0.17", " -0.29", " -0.09", " 0.03", " -0.41", "0.71244833855279", " 0.861497167935958", " 0.59154185297158", " 0.999983146191386", " 0.758694825714089", " 0.999996945459321", " 0.86304320315881", "1", " 1", " 1", " 1", " 1", " 1", " 1", "6.0", "3.7", " 3.6", " 4.0", " 2.2", " 4.0", " 5.6", " 5.6", " 5.6", " 5.2", " 4.8", " 1.7", " 3.0", " 1.6", " 2.2", " 2.6", " 0.8", " 5.2", " 5.6", " 6.0", " 5.2", " 5.2", " 5.2", " 5.6", " 3.9", " 3.5", " 4.1", " 4.5", " 3.9", " ", " 5.5", " 5.1", " ", " 4.7", " 4.3", " 5.9"
"269", "", "False", "16:0 Cholesterol ester", "C43 H76 O2", "Not the top hit", " No results", " No results", " Full match", " Full match", "0.98", "624.58514", "623.57787", "17.853", "3854136.31833666", "1", "0", "0", "", "", "", "No matches found", " No matches found", " No matches found", " No matches found", " No matches found", "", "Single match found", "PreferredDDA", "", "[M-H]-1", "1727299.15889104", " 1346587.14509104", " 1772164.11195302", " 1880812.45896287", " 2789741.24474987", " 2721192.57388463", "25.1250228216216", " 12.1769133604956", " 10.3437129890901", " 13.3237123356059", " 12.8567590846896", " 58.8794936523943", "0.780", " 1.089", " 1.316", " 1.574", " 0.942", " 1.447", " 1.025", "-0.36", " 0.12", " 0.40", " 0.65", " -0.09", " 0.53", " 0.04", "0.823553447387664", " 0.970955109404961", " 0.473166313858174", " 0.387792246215707", " 0.999999997151112", " 0.615811908402176", " 0.994878355091528", "1", " 1", " 1", " 1", " 1", " 1", " 1", "8.0", "5.6", " 2.8", " ", " 6.0", " 4.9", " 5.3", " 4.9", " 5.5", " 4.0", " 5.9", " ", " 6.6", " ", " 5.9", " 5.9", " ", " 4.7", " 5.9", " 5.9", " ", " 7.4", " ", " 4.0", " ", " 6.9", " ", " ", " 8.0", " ", " ", " 4.5", " ", " 6.1", " ", " "
"838", "", "False", "", "C11 H23 O12 P", "Full match", " No results", " No results", " No results", " No results", "3.76", "378.09413", "377.08686", "1.767", "3834247.2410862", "0", "0", "0", "", "", "", "No matches found", " No matches found", " No matches found", " No matches found", " No matches found", "", "No matches found", "PreferredDDA", "", "[M-H]-1", "1226376.156081", " 1085717.96119725", " ", " ", " 917746.449576335", " 2745526.89872086", "27.5747511776522", " ", " ", " ", " ", " 56.079693647215", "0.885", " 0.000", " 0.000", " Infinity", " ", " Infinity", " 0.334", "-0.18", " -Infinity", " -Infinity", " Infinity", " ", " Infinity", " -1.58", "", " ", " ", " ", " ", " ", " ", "", " ", " ", " ", " ", " ", " ", "5.0", "5.0", " ", " ", " 4.1", " ", " ", " ", " 4.4", " ", " ", " ", " ", " ", " ", " ", " ", " ", " ", " ", " ", " ", " ", " ", " ", " ", " ", " ", " 3.6", " ", " ", " ", " ", " ", " 3.3", " 3.9"
"621", "", "False", "Tricosanedioic acid", "C23 H44 O4", "Not the top hit", " No results", " No results", " Full match", " Full match", "3.01", "384.32512", "383.31784", "13.676", "3830478.12237228", "2", "0", "0", "", "", "", "No matches found", " No matches found", " No matches found", " No matches found", " No matches found", "", "Multiple matches found", "PreferredDDA", "", "[M-H]-1", "2882770.70384593", " 3057262.10882654", " 3490663.07896395", " 2585425.48254216", " 2924693.03198481", " 3268032.33998033", "5.6673348110015", " 26.3315797347972", " 20.032051865021", " 26.7936194443255", " 7.91074106080349", " 4.69062723972631", "1.061", " 0.897", " 1.142", " 0.838", " 1.350", " 1.264", " 0.895", "0.08", " -0.16", " 0.19", " -0.26", " 0.43", " 0.34", " -0.16", "0.996216152532971", " 0.989033996796693", " 0.649342033649599", " 0.92843335282641", " 0.528819490791676", " 0.481175979354919", " 0.914343079989167", "1", " 1", " 1", " 1", " 1", " 1", " 1", "5.9", "5.1", " ", " 4.0", " 5.1", " 5.9", " 3.6", " 3.6", " 2.8", " 5.6", " 1.8", " 4.3", " 3.6", " 4.0", " 2.8", " 4.5", " 3.6", " 4.1", " 4.1", " 3.6", " 3.2", " ", " 2.8", " 2.2", " 5.9", " 4.7", " 5.5", " 5.1", " 5.1", " 4.8", " 4.5", " 4.8", " 5.6", " 4.8", " 4.8", " 5.2"
"346", "", "False", "Ceriporic acid C", "C21 H36 O4", "Unused", " No results", " No results", " Not the top hit", " Full match", "-3.56", "352.26010", "351.25283", "13.761", "3823621.00655091", "7", "0", "0", "", "", "", "No matches found", " No matches found", " No matches found", " No matches found", " No matches found", "", "Multiple matches found", "PreferredDDA", "", "[M-H]-1", "2322410.66968119", " 2738590.50188484", " 3533904.50487007", " 3059195.61440533", " ", " 2856568.6615679", "21.7264936674073", " 14.7097985335032", " 5.66104103724754", " 12.5683868979501", " ", " 20.675612096307", "1.179", " 1.317", " 1.290", " 0.000", " 1.155", " 0.934", " 0.000", "0.24", " 0.40", " 0.37", " -Infinity", " 0.21", " -0.10", " -Infinity", "0.810334250178149", " 0.108076579509342", " 0.145390545442233", " ", " 0.757847528036944", " 0.985480750691396", " ", "1", " 0.801567964694286", " 1", " ", " 1", " 1", " ", "6.5", "5.5", " ", " ", " 4.5", " ", " ", " ", " 4.7", " 5.7", " 6.1", " ", " 6.2", " ", " 4.7", " 5.9", " ", " 6.5", " 5.4", " 6.5", " 5.7", " 6.5", " 5.4", " ", " ", " ", " ", " ", " ", " ", " ", " ", " 4.3", " ", " 4.7", " 4.7"
"684", "", "False", "", "", "No results", " No results", " No results", " No results", " No results", "", "790.78757", "789.78029", "19.035", "3753699.28144306", "0", "0", "0", "", "", "", "No matches found", " No matches found", " No matches found", " No matches found", " No matches found", "", "No matches found", "PreferredDDA", "", "[M-H]-1", "3128198.14436695", " 2449527.24986987", " 2865707.21075481", " 3064116.54927165", " 3002479.8824499", " 2192369.10211652", "19.2122305570924", " 29.1262198145735", " 22.2026277266919", " 16.8412948182071", " 17.2831713407065", " 22.3641051764709", "0.783", " 0.980", " 1.170", " 1.048", " 0.935", " 0.715", " 1.370", "-0.35", " -0.03", " 0.23", " 0.07", " -0.10", " -0.48", " 0.45", "0.799085928950365", " 0.999999312435869", " 0.870393164949161", " 0.996471749030822", " 0.999533723794319", " 0.374472943969453", " 0.361165524905977", "1", " 1", " 1", " 1", " 1", " 1", " 1", "5.2", "4.6", " 5.2", " 4.8", " 4.5", " 4.8", " 3.2", " 2.4", " 4.3", " 3.4", " 2.6", " 3.7", " 3.6", " 3.7", " 3.6", " 4.7", " 4.7", " 4.5", " 4.6", " 4.5", " 5.2", " 4.8", " 4.8", " 4.8", " 3.7", " 3.7", " 4.6", " 4.5", " 3.7", " 2.6", " 3.4", " 3.0", " 5.1", " 2.6", " 2.2", " 4.3"
"422", "", "False", "Megestrol", "C22 H30 O3", "Invalid mass", " No results", " No results", " Invalid mass", " No results", "5.25", "342.22129", "341.21402", "9.690", "3739252.69869741", "12", "0", "0", "", "", "", "No matches found", " No matches found", " No matches found", " No matches found", " No matches found", "", "No matches found", "PreferredDDA", "", "[M-H]-1", "3332948.46776957", " 2251791.97743171", " 1292613.21515499", " 480494.785370748", " 437891.251475812", " 570402.069376539", "17.2400191417375", " 37.8398476415867", " 59.0895727551461", " 87.657299428645", " 47.2179018468896", " ", "0.676", " 0.144", " 0.574", " 0.339", " 2.690", " 1.187", " 0.768", "-0.57", " -2.79", " -0.80", " -1.56", " 1.43", " 0.25", " -0.38", "0.968439463582207", " 0.0336667643572977", " 0.864356697108122", " 0.231138931773921", " 0.276063303941296", " ", " ", "1", " 0.375323203492623", " 1", " 1", " 1", " ", " ", "7.1", "", " 4.8", " ", " ", " 7.1", " ", " 3.6", " ", " 2.1", " 4.2", " 2.5", " 3.1", " ", " 4.5", " 2.1", " ", " ", " 1.1", " 1.5", " 2.0", " ", " 0.0", " ", " ", " 0.0", " 1.1", " 2.1", " ", " ", " ", " 2.3", " ", " ", " ", " "
"897", "", "False", "", "C26 H53 N2 P", "Full match", " No results", " No results", " No results", " No results", "-4.21", "424.39285", "423.38558", "15.915", "3731504.75955174", "0", "0", "0", "", "", "", "No matches found", " No matches found", " No matches found", " No matches found", " No matches found", "", "No matches found", "PreferredDDA", "", "[M-H]-1", "1934341.79060045", " 2871848.0576496", " 2176438.36178901", " 2360884.19087959", " 2185373.08010915", " 2093774.41003837", "22.0354331331403", " 42.3329557278154", " 7.35765416553132", " 14.2393393075955", " 7.36153707336357", " 14.1172700607554", "1.485", " 1.221", " 0.758", " 1.004", " 0.922", " 0.887", " 1.044", "0.57", " 0.29", " -0.40", " 0.01", " -0.12", " -0.17", " 0.06", "0.103573194931687", " 0.156379551910854", " 0.711894067820594", " 0.999741957291691", " 0.98015611028289", " 0.699640227131106", " 0.999207797552895", "1", " 1", " 1", " 1", " 1", " 1", " 1", "5.5", "5.1", " 2.4", " 2.6", " 1.8", " 1.8", " 2.3", " ", " 1.1", " ", " ", " 3.7", " ", " 3.7", " 3.7", " 3.6", " 5.3", " 4.0", " ", " 3.6", " 4.2", " 3.8", " 3.8", " 4.6", " 3.7", " 3.7", " 4.1", " ", " 3.7", " 3.2", " 4.4", " 3.2", " ", " 3.8", " 2.5", " 5.5"
"1235", "", "False", "11-keto-Octacosanoic acid", "C28 H54 O3", "No results", " No results", " No results", " Not the top hit", " Full match", "3.25", "438.40872", "437.40144", "12.666", "3703805.6361", "3", "0", "0", "", "", "", "No matches found", " No matches found", " No matches found", " No matches found", " No matches found", "", "Multiple matches found", "PreferredDDA", "", "[M-H]-1", "2746652.44410548", " 2476183.10593465", " 3011975.79074505", " 2979157.78908938", " 1473132.30482408", " 1166349.95238472", "4.07034461208282", " 41.754873548923", " 17.6843674279444", " 3.19226300747361", " 65.4454319543687", " 12.9749793864616", "0.902", " 1.085", " 1.216", " 0.489", " 1.011", " 0.392", " 1.263", "-0.15", " 0.12", " 0.28", " -1.03", " 0.02", " -1.35", " 0.34", "0.857174868935586", " 0.999621340040931", " 0.462440514214271", " 0.175797502616901", " 0.999986651500513", " 0.0137408223915481", " 0.736426246587778", "1", " 1", " 1", " 1", " 1", " 0.244790206308689", " 1", "5.6", "", " 5.6", " 5.6", " ", " ", " 2.2", " 1.2", " 2.2", " 1.4", " 1.1", " 2.6", " 3.7", " 3.7", " 3.7", " 2.7", " 3.7", " 4.8", " ", " ", " ", " 4.8", " ", " 5.6", " ", " 1.0", " 0.5", " ", " 2.2", " 2.2", " 3.0", " ", " 2.2", " ", " ", " 3.4"
"519", "", "False", "", "C39 H76 N4 O4 S", "Full match", " No results", " No results", " No results", " No results", "2.83", "696.56070", "695.55344", "17.536", "3685443.30082249", "0", "0", "0", "", "", "", "No matches found", " No matches found", " No matches found", " No matches found", " No matches found", "", "No matches found", "PreferredDDA", "", "[M-H]-1", "2533625.01702963", " 2699633.58142822", " 2895622.8183881", " 2598875.02100472", " 2810738.32922806", " 2824405.87132069", "9.46949766455908", " 12.0209845106165", " 14.1452459601147", " 9.1790966385647", " 5.13132794384343", " 8.38944075125017", "1.066", " 1.026", " 1.073", " 0.971", " 1.114", " 1.087", " 0.995", "0.09", " 0.04", " 0.10", " -0.04", " 0.16", " 0.12", " -0.01", "0.947852938061304", " 0.999999999900319", " 0.942290914200027", " 0.967832433817307", " 0.365622183359954", " 0.498268724605638", " 0.994569272594841", "1", " 1", " 1", " 1", " 1", " 1", " 1", "7.6", "6.6", " 5.9", " 4.0", " 5.1", " 5.5", " 4.6", " 5.7", " 5.7", " 5.4", " 4.2", " 5.0", " 6.1", " 7.6", " 5.7", " 4.6", " 4.2", " 5.1", " 6.6", " 6.6", " 4.3", " 6.6", " 4.3", " 4.7", " 5.1", " 6.6", " 5.9", " 5.1", " 6.6", " 6.2", " 5.5", " 5.1", " 4.7", " 4.3", " 4.7", " 7.0"
"1202", "", "False", "", "C16 H36 O3 P2", "Full match", " No results", " No results", " No results", " No results", "-1.38", "338.21350", "337.20622", "9.799", "3682119.78609964", "0", "0", "0", "", "", "", "No matches found", " No matches found", " No matches found", " No matches found", " No matches found", "", "No matches found", "PreferredDDA", "", "[M-H]-1", "2948690.15741992", " 2906524.47541002", " 3203351.58307104", " 3077547.64174796", " 3179936.45834989", " 2199758.98574412", "9.34420884556086", " 9.95290890185197", " 14.0859664563581", " 9.3703331554475", " 9.68549070599948", " 48.789056082861", "0.986", " 1.044", " 1.102", " 0.993", " 1.041", " 0.715", " 1.446", "-0.02", " 0.06", " 0.14", " -0.01", " 0.06", " -0.48", " 0.53", "0.999996710924293", " 0.999819555127034", " 0.981547169029865", " 1", " 0.999931638199263", " 0.308121111223931", " 0.239536600985148", "1", " 1", " 1", " 1", " 1", " 1", " 1", "5.9", "3.6", " ", " 4.0", " 3.6", " 5.5", " 3.6", " ", " 3.6", " 3.2", " 5.9", " 3.1", " 4.2", " 2.7", " 4.2", " ", " ", " ", " ", " 3.2", " ", " ", " 4.7", " ", " 3.6", " 5.9", " ", " ", " ", " ", " ", " 1.1", " ", " ", " 2.0", " "
"577", "", "False", "", "C30 H59 N2 O P", "Full match", " No results", " No results", " No results", " No results", "-4.77", "494.43414", "493.42686", "12.492", "3671341.80110634", "0", "0", "0", "", "", "", "No matches found", " No matches found", " No matches found", " No matches found", " No matches found", "", "No matches found", "PreferredDDA", "CO2", "[M-H]-1", "3274792.44261873", " 2060624.77224799", " 2742694.2517698", " 3100366.93446809", " 3130357.88233406", " 2374603.61214727", "6.19617045772269", " 51.0493027997027", " ", " 28.4795191721459", " 0.57202643863166", " 25.8889777490163", "0.629", " 0.947", " 1.331", " 1.141", " 0.885", " 0.766", " 1.318", "-0.67", " -0.08", " 0.41", " 0.19", " -0.18", " -0.38", " 0.40", "0.382576907194847", " 0.984569855842856", " ", " ", " ", " 0.947790301632574", " 0.85728252552146", "1", " 1", " ", " ", " ", " 1", " 1", "5.2", "", " 4.7", " 4.3", " ", " 4.7", " ", " 2.2", " 2.0", " ", " ", " ", " 1.4", " ", " ", " ", " ", " ", " 3.2", " 3.2", " 1.8", " 3.2", " ", " ", " ", " ", " 5.2", " ", " 5.2", " 3.2", " 3.4", " 3.2", " 2.8", " 1.8", " ", " "
"512", "", "False", "Alosetron", "C17 H18 N4 O", "Full match", " No results", " No results", " Full match", " No results", "-0.70", "294.14786", "293.14058", "4.449", "3658624.48547561", "1", "0", "0", "", "", "", "No matches found", " No matches found", " No matches found", " No matches found", " No matches found", "", "No matches found", "PreferredDDA", "", "[M-H]-1", "1697217.38463716", " 944215.390321808", " ", " 1957585.7142362", " 1153303.32018359", " 2176124.49452402", "34.2010393757486", " 48.9214427636994", " ", " 68.3430324309951", " 27.060921399203", " 56.6372201662869", "0.556", " 1.153", " 0.000", " Infinity", " 0.000", " 1.112", " 0.530", "-0.85", " 0.21", " -Infinity", " Infinity", " -Infinity", " 0.15", " -0.92", "0.786054849363193", " 0.99991958481517", " ", " ", " ", " 0.999884704613834", " 0.852162389336578", "1", " 1", " ", " ", " ", " 1", " 1", "5.0", "4.4", " 4.4", " ", " ", " 5.0", " ", " 2.7", " 3.3", " ", " 3.3", " ", " ", " ", " ", " ", " ", " ", " ", " 3.3", " 2.5", " ", " ", " ", " ", " ", " ", " 3.1", " 3.7", " ", " 4.2", " 3.9", " 4.1", " ", " 2.5", " "
"328","","False","17-hydroxy-1-oxo-2,3-seco-androstan-3-oic acid","C19 H30 O4","Full match"," No results"," No results"," Not the top hit"," Full match","-1.59","322.21390","321.20662","10.607","3505734.30506531","4","0","0","","","","No matches found"," No matches found"," No matches found"," No matches found"," No matches found","","Multiple matches found","PreferredDDA","","[M-H]-1","1905253.52399063"," 880192.24476562"," 1989184.58812823"," 2109636.27508593"," 1911509.24811838"," 1540328.16021422","18.4924796449033"," 55.4210977031391"," 4.54067730300153"," 37.7406018903023"," 40.1810480234453"," 38.1880507962585","0.462"," 1.107"," 2.260"," 0.961"," 0.943"," 0.730"," 1.241","-1.11"," 0.15"," 1.18"," -0.06"," -0.08"," -0.45"," 0.31","0.269232709974005"," 0.962244173877008"," 0.215462123777542"," 0.999891404448446"," 0.999797418627902"," 0.815881421434592"," 0.989775003970971","1"," 1"," 1"," 1"," 1"," 1"," 1","6.9","4.6"," 5.4"," "," 6.5"," "," "," 4.0"," "," "," 4.5"," "," 5.4"," "," "," "," 6.9"," 2.9"," 2.9"," 1.0"," "," 2.3"," "," 3.5"," "," "," "," 3.0"," 1.6"," 3.8"," "," "," "," "," 3.6"," "
"557", "", "False", "icos#3", "C24 H31 N O7", "Not the top hit", " No results", " No results", " Full match", " Full match", "3.66", "445.21168", "444.20440", "7.462", "3502849.95358049", "1", "0", "0", "", "", "", "No matches found", " No matches found", " No matches found", " No matches found", " No matches found", "", "Single match found", "PreferredDDA", "", "[M-H]-1", "1420599.33215137", " 1380147.13337486", " 1770782.48935769", " 1640498.07395633", " 1404892.55770402", " 873128.086073673", "14.0976325606829", " 26.4396823305946", " 43.4691459758568", " 39.9639786594459", " 46.1141894465377", " 82.1688327179802", "0.972", " 1.155", " 1.283", " 0.793", " 1.079", " 0.532", " 1.609", "-0.04", " 0.21", " 0.36", " -0.33", " 0.11", " -0.91", " 0.69", "0.999916544343621", " 0.994852127401838", " 0.988223365791653", " 0.992362033833845", " 0.999429160212188", " 0.884531235052807", " 0.956204255871749", "1", " 1", " 1", " 1", " 1", " 1", " 1", "6.3", "3.6", " 5.7", " ", " ", " 6.3", " ", " 4.9", " 3.9", " 4.6", " 5.3", " ", " 4.5", " 1.7", " 3.7", " 3.1", " 2.5", " ", " 4.1", " 4.7", " 4.2", " ", " 3.8", " 4.4", " 3.1", " 3.7", " 3.1", " 4.2", " 2.9", " 4.6", " 2.5", " 2.9", " 3.3", " 2.3", " ", " "
"529", "", "False", "", "C20 H34 N5 P", "Full match", " No results", " No results", " No results", " No results", "-2.97", "375.25407", "374.24679", "2.965", "3469421.30904679", "0", "0", "0", "", "", "", "No matches found", " No matches found", " No matches found", " No matches found", " No matches found", "", "No matches found", "PreferredDDA", "", "[M-H]-1", "680788.358982483", " 793136.219096279", " 993646.526348401", " 828528.768693808", " 2319400.43661615", " 2247489.46383841", "44.1851025726802", " 30.3515879268983", " 43.4831799698915", " 19.2356697006784", " 25.3729112787973", " 25.2387075376178", "1.165", " 1.217", " 1.253", " 2.334", " 1.199", " 2.713", " 1.032", "0.22", " 0.28", " 0.33", " 1.22", " 0.26", " 1.44", " 0.05", "0.989523870314146", " 0.948789159468275", " 0.848595948323602", " 0.000887458883957803", " 0.877048780605312", " 3.31138298820255E-05", " 0.997395083370398", "1", " 1", " 1", " 0.0366520519074573", " 1", " 0.00227539316760775", " 1", "6.0", "2.5", " 2.3", " ", " ", " 2.1", " ", " 3.0", " 3.0", " 3.2", " 3.4", " 2.9", " 3.6", " 1.4", " 3.1", " 2.9", " 2.7", " 5.5", " 4.0", " 4.0", " 3.6", " 4.8", " 5.2", " 5.5", " 4.7", " 5.3", " 4.7", " 4.9", " 4.9", " 5.5", " 5.9", " 4.1", " 6.0", " 5.5", " 5.3", " 4.9"
"1007", "", "False", "", "C44 H19 N O15 S4", "Full match", " No results", " No results", " No results", " No results", "-0.16", "928.96360", "927.95633", "20.695", "3460734.21194583", "0", "0", "0", "", "", "", "No matches found", " No matches found", " No matches found", " No matches found", " No matches found", "", "No matches found", "PreferredDDA", "", "[M-H]-1", "2893302.7990633", " 3019134.25439593", " 2674753.50920871", " 2833855.68892273", " 3052861.32895667", " 2968449.7574949", "6.15224324825144", " 12.8073747282417", " 22.2785447437769", " 31.5233508933982", " 7.01692772656671", " 6.18148630255891", "1.043", " 0.979", " 0.886", " 1.141", " 0.944", " 1.047", " 1.028", "0.06", " -0.03", " -0.17", " 0.19", " -0.08", " 0.07", " 0.04", "0.999999967053783", " 0.35037646684132", " 0.779563995012904", " 0.744318492678047", " 0.970308051307055", " 0.295363843051539", " 0.999997678885982", "1", " 1", " 1", " 1", " 1", " 1", " 1", "6.6", "4.0", " 4.3", " 4.3", " 5.9", " 4.3", " 4.6", " 2.7", " 2.7", " 4.6", " 3.5", " 2.1", " 2.6", " 3.6", " 3.6", " 3.2", " 3.6", " 3.5", " 0.7", " 3.5", " 1.2", " 3.1", " 2.1", " 3.8", " 6.6", " 4.7", " 4.3", " 5.1", " 5.1", " 4.3", " 4.7", " 4.7", " 5.9", " 5.5", " ", " 4.7"
"1081", "", "False", "", "C37 H22 N5 O8 P3 S5", "Full match", " No results", " No results", " No results", " No results", "0.79", "916.92920", "915.92192", "20.208", "3447623.42160047", "0", "0", "0", "", "", "", "No matches found", " No matches found", " No matches found", " No matches found", " No matches found", "", "No matches found", "PreferredDDA", "", "[M-H]-1", "2293926.04245808", " 2857438.7454327", " 1900609.10224118", " 2017856.42947484", " 2105092.93338856", " 1866149.04801768", "20.3332718529287", " 42.73241669143", " 33.6745298847187", " 9.69154873950496", " 12.0742436182696", " 15.8431091204401", "1.246", " 0.880", " 0.665", " 1.108", " 0.942", " 0.925", " 1.128", "0.32", " -0.18", " -0.59", " 0.15", " -0.09", " -0.11", " 0.17", "0.999995637914318", " 0.989301393632186", " 0.911335853629745", " 0.991921919260709", " 0.999543892800666", " 0.999987063827745", " 0.99998520599454", "1", " 1", " 1", " 1", " 1", " 1", " 1", "4.5", "2.4", " 2.4", " 3.4", " 1.8", " 4.1", " 1.1", " 1.7", " 1.1", " 1.4", " 1.1", " 2.1", " 2.3", " 1.3", " 2.1", " 2.6", " 1.0", " 4.5", " 3.7", " 4.1", " 3.4", " 4.5", " 3.4", " 4.1", " 2.5", " 3.6", " 3.2", " 3.8", " 2.9", " 2.3", " 2.3", " 2.2", " 3.3", " 2.0", " 2.7", " 2.0"
"462", "", "False", "Ambrettolic acid", "C16 H30 O3", "Full match", " No results", " No results", " Not the top hit", " Full match", "2.86", "270.22027", "269.21299", "6.468", "3444168.94416605", "20", "0", "0", "", "", "", "No matches found", " No matches found", " No matches found", " No matches found", " No matches found", "", "Multiple matches found", "PreferredDDA", "", "[M-H]-1", "2342779.7847387", " 899108.73938372", " 1113678.06368254", " 1117009.38073118", " 1043111.7227752", " ", "66.4851001728527", " 8.89529348725612", " ", " 3.65429925408272", " 8.69832548920471", " ", "0.384", " 0.477", " 1.239", " 0.937", " 0.997", " 0.000", " Infinity", "-1.38", " -1.07", " 0.31", " -0.09", " 0.00", " -Infinity", " Infinity", "0.0838582648827935", " 0.222215847198758", " ", " ", " ", " ", " ", "1", " 1", " ", " ", " ", " ", " ", "4.6", "", " 1.4", " ", " 3.7", " ", " ", " 2.8", " 3.9", " ", " 3.1", " ", " ", " ", " 2.9", " ", " ", " ", " ", " ", " 4.4", " 3.6", " ", " 4.4", " ", " ", " 4.6", " 3.1", " 2.8", " ", " ", " ", " ", " ", " ", " "
"889", "", "False", "", "C6 H2 N8 S", "Full match", " No results", " No results", " No match", " No results", "1.49", "218.01264", "217.00536", "0.889", "3432289.78766613", "2", "0", "0", "", "", "", "No matches found", " No matches found", " No matches found", " No matches found", " No matches found", "", "No matches found", "PreferredDDA", "", "[M-H]-1", "1987579.48416035", " 1790864.09048964", " 3432289.78766613", " 2333048.282107", " 2095075.59752281", " 1794105.15569105", "", " ", " ", " 44.3346948976906", " 4.5862733280083", " 12.0651698560569", "0.901", " 1.174", " 1.917", " 0.610", " 1.471", " 0.769", " 1.168", "-0.15", " 0.23", " 0.94", " -0.71", " 0.56", " -0.38", " 0.22", "", " ", " ", " ", " ", " 0.954055772964438", " 0.986185859995677", "", " ", " ", " ", " ", " 1", " 1", "5.4", "", " ", " 1.6", " ", " ", " ", " 1.2", " ", " ", " ", " ", " ", " ", " 1.4", " ", " ", " ", " 1.1", " 2.0", " ", " ", " ", " ", " 4.2", " ", " ", " ", " 5.4", " ", " ", " 3.2", " 4.0", " ", " ", " "
"2416", "", "False", "Tridecylic acid", "C13 H26 O2", "No results", " Invalid mass", " No results", " No results", " No results", "12.24", "214.19590", "213.18863", "7.916", "3432151.4716304", "0", "1", "0", "88.7", "9.4", "", "No matches found", " No matches found", " No matches found", " No matches found", " No matches found", "", "No matches found", "PreferredDDA", "", "[M-H]-1", "", " 2160327.64564435", " 3432151.4716304", " 2468328.86996876", " 2058901.70678831", " 2089025.18122878", "", " 28.9817318568486", " ", " 27.1410712665992", " 43.8268315417283", " ", "Infinity", " Infinity", " 1.589", " 0.600", " 1.390", " 0.846", " 0.986", "Infinity", " Infinity", " 0.67", " -0.74", " 0.48", " -0.24", " -0.02", "", " ", " ", " ", " ", " ", " ", "", " ", " ", " ", " ", " ", " ", "5.1", "", " ", " ", " ", " ", " ", " 1.8", " 5.1", " ", " ", " ", " 3.0", " ", " ", " ", " ", " 3.6", " ", " ", " 3.6", " 1.8", " 2.6", " ", " ", " 2.6", " 0.5", " ", " ", " ", " ", " ", " ", " ", " 3.1", " "
"1561", "", "False", "Ceroplastic acid", "C35 H70 O2", "Full match", " No results", " No results", " Partial match", " Full match", "2.04", "522.53865", "521.53137", "20.000", "3431707.96860023", "2", "0", "0", "", "", "", "No matches found", " No matches found", " No matches found", " No matches found", " No matches found", "", "Multiple matches found", "PreferredDDA", "", "[M-H]-1", "2574263.90261669", " 3051371.74612056", " 1710370.54922364", " 2850768.46417338", " 2593055.47850807", " 2662486.31443337", "15.4350555242477", " 9.10281588962742", " 59.6175353970504", " 1.76199552593082", " 6.56600784082927", " 5.91652262427312", "1.185", " 1.107", " 0.561", " 1.516", " 0.600", " 0.934", " 0.974", "0.25", " 0.15", " -0.84", " 0.60", " -0.74", " -0.10", " -0.04", "0.928277984854364", " 0.999253480963141", " 0.00409038837058218", " 0.0238547138436721", " 0.00840467454153715", " 0.96401396561507", " 0.999999904860999", "1", " 1", " 0.242062497264915", " 0.410499867393191", " 1", " 1", " 1", "5.6", "3.0", " 2.6", " ", " 3.0", " ", " 4.0", " ", " 4.7", " 4.3", " ", " 2.9", " ", " ", " ", " 1.1", " ", " 4.5", " ", " 5.6", " ", " 5.2", " 4.8", " ", " 4.7", " 4.3", " 4.7", " 4.0", " 3.2", " 4.7", " 3.6", " 4.0", " 3.6", " 4.7", " ", " 4.1"
"794", "", "False", "Sarpogrelate", "C24 H31 N O6", "Full match", " No results", " No results", " Full match", " No results", "4.38", "429.21702", "428.20974", "8.217", "3422013.29518566", "1", "0", "0", "", "", "", "No matches found", " No matches found", " No matches found", " No matches found", " No matches found", "", "No matches found", "PreferredDDA", "", "[M-H]-1", "1258962.68370245", " 1262832.08121563", " 2036349.58014211", " 1586971.58476483", " 1399967.2480331", " 1679437.67326207", "5.37194079893986", " 35.080133767588", " 31.8568767712712", " 29.9409995696524", " 29.6520315899263", " 39.6995240992254", "1.003", " 1.261", " 1.613", " 0.687", " 1.283", " 1.058", " 0.834", "0.00", " 0.33", " 0.69", " -0.54", " 0.36", " 0.08", " -0.26", "0.999999999998022", " 0.940025655623681", " 0.213246342556496", " 0.185158462820206", " 0.740693595573428", " 0.91910499242094", " 0.999474258297008", "1", " 1", " 1", " 1", " 1", " 1", " 1", "5.4", "5.4", " ", " ", " ", " 4.1", " 2.6", " 2.2", " ", " 3.6", " 2.1", " 3.6", " 4.6", " 3.2", " 2.1", " 2.9", " 3.6", " 3.5", " ", " 3.0", " 4.0", " 3.0", " 4.5", " 4.9", " ", " 3.7", " 4.1", " ", " 2.8", " 3.2", " ", " 2.6", " ", " 2.9", " ", " "
"841", "", "False", "", "C30 H6 N5 O13 P3 S3", "Full match", " No results", " No results", " No results", " No results", "-0.16", "832.83357", "831.82629", "19.445", "3411745.31124973", "0", "0", "0", "", "", "", "No matches found", " No matches found", " No matches found", " No matches found", " No matches found", "", "No matches found", "PreferredDDA", "", "[M-H]-1", "2555858.92584595", " 2641495.39121887", " 2663854.48772437", " 2379940.91080637", " 2582742.11073504", " 2720622.60438183", "22.026946032062", " 24.1518211972868", " 22.9526603314948", " 24.6490512580911", " 5.94334462718435", " 17.8114219768222", "1.034", " 0.931", " 1.008", " 0.970", " 1.119", " 1.143", " 0.949", "0.05", " -0.10", " 0.01", " -0.04", " 0.16", " 0.19", " -0.08", "0.995942323130861", " 0.992878521355078", " 0.999998732159065", " 0.999371731161915", " 0.89739219944684", " 0.900186994000727", " 0.99930492028138", "1", " 1", " 1", " 1", " 1", " 1", " 1", "5.8", "4.3", " 3.2", " 3.4", " 3.4", " 3.6", " 3.6", " 2.8", " 4.3", " 2.4", " 1.8", " 3.6", " 3.2", " 3.0", " 4.0", " 4.5", " 4.3", " 2.2", " 4.1", " 4.3", " 3.0", " 3.6", " 4.0", " 3.6", " 5.1", " 5.1", " 5.1", " 4.3", " 5.1", " 5.2", " 4.8", " 4.5", " 3.0", " 5.8", " ", " 4.5"
"1124", "", "False", "nonacosanoic acid", "C29 H58 O2", "Full match", " No results", " No results", " Full match", " Full match", "3.33", "438.44514", "437.43786", "18.526", "3405774.43338492", "2", "0", "0", "", "", "", "No matches found", " No matches found", " No matches found", " No matches found", " No matches found", "", "Multiple matches found", "PreferredDDA", "", "[M-H]-1", "", " 3323620.8341327", " 2755064.56381366", " 3333062.38667797", " 2245783.08295184", " 2626636.35534624", "", " 2.66484190717424", " 13.6145765498675", " 4.11593769023621", " 23.1020972601536", " 21.2017068839379", "Infinity", " Infinity", " 0.829", " 0.815", " 0.827", " 0.788", " 0.855", "Infinity", " Infinity", " -0.27", " -0.29", " -0.27", " -0.34", " -0.23", "", " ", " 0.771789946931429", " 0.600112257558304", " 0.675625939065817", " 0.200377586944647", " 0.987582211779917", "", " ", " 1", " 1", " 1", " 1", " 1", "6.4", "", " ", " ", " ", " ", " 4.1", " ", " ", " 3.7", " ", " 4.2", " ", " 2.7", " 2.7", " ", " 2.7", " 4.1", " ", " ", " 6.4", " ", " 4.1", " 3.7", " 1.8", " 3.4", " ", " 3.2", " 2.1", " 1.7", " ", " ", " 1.8", " 1.8", " ", " 2.1"
"371", "", "False", "28:7(n-6)", "C28 H42 O2", "Full match", " No results", " No results", " Not the top hit", " Full match", "3.48", "410.31991", "409.31263", "14.581", "3387960.52815041", "5", "0", "0", "", "", "", "No matches found", " No matches found", " No matches found", " No matches found", " No matches found", "", "Multiple matches found", "PreferredDDA", "", "[M-H]-1", "704847.242312692", " 2177204.95442918", " 1886841.43378289", " 1725810.30462708", " 550146.553803455", " 1159465.35366422", "", " 78.6451890802492", " 45.2539390526761", " 31.6734265917978", " 50.8389729108496", " 46.2289741968492", "3.089", " 2.448", " 0.867", " 0.292", " 1.093", " 0.672", " 0.474", "1.63", " 1.29", " -0.21", " -1.78", " 0.13", " -0.57", " -1.08", "", " ", " 0.99999878671062", " 0.0500205220177908", " 0.983252718005432", " 0.959758300217536", " 0.457030393572044", "", " ", " 1", " 0.597452087159126", " 1", " 1", " 1", "5.9", "", " ", " 1.7", " ", " ", " 4.0", " ", " ", " 5.6", " ", " 4.6", " 5.6", " 4.4", " ", " 4.6", " 4.8", " 4.0", " ", " 4.5", " 4.1", " 5.9", " ", " 4.7", " 3.3", " 0.4", " ", " 3.0", " ", " 4.0", " ", " ", " 5.0", " 4.0", " 3.6", " "
"599", "", "False", "", "C18 H30 Cl P", "Full match", " No results", " No results", " No results", " No results", "-1.67", "312.17684", "311.16957", "15.917", "3383617.78303688", "0", "0", "0", "", "", "", "No matches found", " No matches found", " No matches found", " No matches found", " No matches found", "", "No matches found", "PreferredDDA", "", "[M-H]-1", "2586120.82029867", " 2601940.50546434", " 1908042.55288716", " 2517494.58717198", " 2049813.81141943", " 2349047.65586262", "48.2170569652957", " 24.8773849834406", " 19.7192161254926", " 12.6335861401062", " 22.3524898882973", " 26.9426043888626", "1.006", " 0.973", " 0.733", " 1.074", " 0.758", " 0.933", " 0.873", "0.01", " -0.04", " -0.45", " 0.10", " -0.40", " -0.10", " -0.20", "0.963387488473595", " 0.983429658312339", " 0.836009847134352", " 0.984047450805583", " 0.897343929356316", " 0.999996828850907", " 0.99726711700631", "1", " 1", " 1", " 1", " 1", " 1", " 1", "5.4", "3.7", " 2.6", " 1.4", " ", " ", " 3.0", " 4.3", " 3.0", " 2.4", " 3.2", " 3.1", " ", " 3.5", " 3.5", " 4.1", " ", " 3.8", " ", " 2.7", " 5.1", " ", " 2.9", " 5.4", " 4.0", " 2.2", " 1.5", " ", " 1.8", " ", " 2.4", " 1.5", " 3.2", " ", " 2.8", " 4.5"
"823", "", "False", "", "C23 H49 N8 O2 P", "Full match", " No results", " No results", " No results", " No results", "1.09", "500.37215", "499.36488", "11.626", "3381660.17445329", "0", "0", "0", "", "", "", "No matches found", " No matches found", " No matches found", " No matches found", " No matches found", "", "No matches found", "PreferredDDA", "", "[M-H]-1", "1980773.50677756", " 1926209.76788839", " 2694211.9925744", " 1797109.58147756", " 1827726.57294497", " 1926244.06511788", "10.2485850537855", " 2.41711266805267", " 36.084708438733", " 6.68828479723104", " 12.0337336476059", " 3.05965977087429", "0.972", " 0.907", " 1.399", " 0.678", " 1.499", " 1.072", " 0.949", "-0.04", " -0.14", " 0.48", " -0.56", " 0.58", " 0.10", " -0.08", "0.999964329343238", " 0.980726633072019", " 0.343526707936231", " 0.0959851940136783", " 0.175680782470692", " 0.990774040240108", " 0.976714798382582", "1", " 1", " 1", " 0.836997588786086", " 1", " 1", " 1", "4.6", "", " ", " ", " 4.0", " 2.9", " ", " 4.6", " 4.2", " ", " ", " ", " 3.1", " ", " 1.0", " ", " ", " 4.5", " 3.4", " ", " ", " ", " ", " ", " 2.9", " 2.9", " 2.5", " ", " 4.0", " 3.5", " 4.2", " 3.5", " ", " ", " ", " 4.6"
"842", "", "False", "", "C31 H60 O4", "Full match", " No results", " No results", " No results", " No results", "1.82", "496.45006", "495.44279", "14.175", "3325221.66834691", "0", "0", "0", "", "", "", "No matches found", " No matches found", " No matches found", " No matches found", " No matches found", "", "No matches found", "PreferredDDA", "", "[M-H]-1", "2868451.90715089", " ", " 3300069.93663164", " 3151504.04819643", " ", " 3209569.46210778", "12.1652592726437", " ", " ", " ", " ", " 12.1559183579486", "0.000", " 1.099", " Infinity", " 0.000", " 1.047", " 1.018", " 0.000", "-Infinity", " 0.14", " Infinity", " -Infinity", " 0.07", " 0.03", " -Infinity", "", " ", " ", " ", " ", " ", " ", "", " ", " ", " ", " ", " ", " ", "5.0", "", " ", " 3.5", " 4.6", " ", " ", " ", " ", " ", " ", " 1.4", " ", " ", " ", " ", " ", " 1.4", " ", " ", " ", " ", " ", " ", " ", " ", " ", " ", " ", " 3.8", " ", " 5.0", " 3.8", " ", " ", " "
"1059", "", "False", "", "", "No results", " No results", " No results", " No results", " No results", "", "874.88358", "873.87630", "19.827", "3300808.0217768", "0", "0", "0", "", "", "", "No matches found", " No matches found", " No matches found", " No matches found", " No matches found", "", "No matches found", "PreferredDDA", "", "[M-H]-1", "2225769.09686883", " 3255074.72100833", " 2081743.88984619", " 2192370.19860188", " 1982832.67669939", " 2224831.83340245", "15.3626499787032", " 4.61892463016814", " 23.9716977829275", " 6.2545583957813", " 27.639210082054", " 5.71861810866005", "1.462", " 0.985", " 0.640", " 0.952", " 0.950", " 1.015", " 0.891", "0.55", " -0.02", " -0.64", " -0.07", " -0.07", " 0.02", " -0.17", "0.160139559914471", " 0.999854375074456", " 0.130384120499958", " 0.381678277214982", " 0.999997148044714", " 0.999999999962459", " 0.386916946122527", "1", " 1", " 1", " 1", " 1", " 1", " 1", "5.6", "3.9", " 3.0", " 3.5", " 4.5", " 2.0", " 4.8", " ", " ", " 5.2", " 4.1", " 3.4", " 4.3", " ", " 2.6", " 1.5", " 1.8", " 3.6", " 5.6", " 4.5", " 5.3", " 5.3", " 4.0", " 3.7", " 2.8", " 3.0", " 2.4", " 3.4", " 2.2", " ", " 4.1", " 3.7", " 5.1", " 3.0", " 3.4", " 4.1"
"741", "", "False", "(+/-)13-HODE", "C18 H32 O3", "Full match", " Full match", " No results", " Full match", " Not the top hit", "4.60", "296.23651", "295.22923", "5.254", "3295792.46696171", "55", "9", "0", "95.0", "9.8", "", "No matches found", " No matches found", " No matches found", " No matches found", " No matches found", "", "Multiple matches found", "PreferredDDA", "CO2", "[M-H]-1", "2038137.77952418", " 1008519.61423467", " 1177186.29157019", " 1026653.93708839", " 993758.924718019", " 859687.882284364", "87.2655584732588", " 12.8233658405745", " 40.7157333056324", " 30.188436471229", " ", " 22.826835294045", "0.495", " 0.504", " 1.167", " 0.844", " 1.147", " 0.837", " 1.156", "-1.02", " -0.99", " 0.22", " -0.24", " 0.20", " -0.26", " 0.21", "0.71459415906526", " 0.792156407661168", " 0.990554845629996", " ", " 0.999719149541533", " 0.660442000926714", " ", "1", " 1", " 1", " ", " 1", " 1", " ", "5.3", "", " ", " ", " 3.0", " 2.1", " 4.9", " ", " 4.9", " ", " 5.3", " 2.1", " 3.5", " 3.6", " ", " 3.3", " ", " 2.2", " 3.0", " 3.8", " 3.8", " 4.1", " 2.2", " 2.5", " ", " ", " ", " 3.6", " ", " 3.3", " 2.4", " 3.3", " 3.9", " 4.3", " ", " "
"864", "", "False", "Tricosanedioic acid", "C23 H44 O4", "Not the top hit", " No results", " No results", " Full match", " Full match", "3.63", "384.32536", "383.31808", "14.247", "3231747.49916162", "2", "0", "0", "", "", "", "No matches found", " No matches found", " No matches found", " No matches found", " No matches found", "", "Multiple matches found", "PreferredDDA", "", "[M-H]-1", "2376820.65426492", " 2363479.30386861", " 2382439.99762248", " 2490800.58032807", " 2085268.09150816", " 2236339.65135504", "25.1384416025", " 10.4431688092886", " 25.2933478760896", " 11.6592263040102", " 11.8123567610721", " 15.1602842383978", "0.994", " 1.048", " 1.008", " 0.875", " 0.956", " 0.898", " 0.932", "-0.01", " 0.07", " 0.01", " -0.19", " -0.06", " -0.16", " -0.10", "0.992487993833759", " 0.700570724061908", " 0.999999497185232", " 0.897065783371945", " 0.983020104168988", " 0.972499633531072", " 0.901108070199097", "1", " 1", " 1", " 1", " 1", " 1", " 1", "5.7", "3.6", " 4.0", " 2.4", " 3.4", " 3.4", " ", " 4.6", " ", " 4.2", " 3.6", " 2.8", " 3.2", " 2.4", " 3.0", " 3.2", " 4.1", " 4.2", " 3.6", " 3.2", " 4.0", " 5.4", " 5.4", " 5.7", " 4.4", " 4.4", " 4.4", " 4.4", " 4.4", " 3.9", " 2.7", " 2.3", " 3.1", " 4.5", " 3.7", " 5.2"
"323","","False","5-((3Z,6Z,9Z,12Z,15Z,18Z)-henicosa-3,6,9,12,15,18-hexaen-1-yl)resorcinol","C27 H36 O2","Not the top hit"," No results"," No results"," Full match"," Full match","-2.74","392.27045","391.26318","10.742","3219503.44402196","1","0","0","","","","No matches found"," No matches found"," No matches found"," No matches found"," No matches found","","Single match found","PreferredDDA","","[M-H]-1","609200.71831371"," "," 1058188.55853293"," 1494239.28869563"," 1186943.3389473"," 788053.932785333",""," "," 12.9742482410418"," 72.8748697647807"," "," 64.8589472428672","0.000"," 2.453"," Infinity"," 1.122"," 0.708"," 0.527"," 1.506","-Infinity"," 1.29"," Infinity"," 0.17"," -0.50"," -0.92"," 0.59",""," "," "," "," 0.995760433539288"," 0.974483807620082"," ",""," "," "," "," 1"," 1"," ","5.3","3.0"," "," "," "," "," "," "," "," "," "," "," 5.3"," "," "," 4.1"," 4.9"," 2.3"," "," "," 3.0"," 4.2"," "," 2.5"," "," "," "," 3.6"," "," "," "," 2.7"," 3.5"," 2.5"," 3.3"," 1.0"
"795", "", "False", "", "C14 H30 O5 S", "Full match", " No results", " No results", " No results", " No results", "3.21", "310.18239", "309.17511", "8.066", "3211099.94608116", "0", "0", "0", "", "", "", "No matches found", " No matches found", " No matches found", " No matches found", " No matches found", "", "No matches found", "PreferredDDA", "", "[M-H]-1", "2317169.75206727", " 2113548.29051987", " 2175826.17029944", " 1978813.59563504", " 2061155.9313163", " ", "", " 30.9130529294953", " 26.7616636158004", " 32.4584067712807", " ", " ", "0.912", " 0.854", " 1.029", " 0.947", " 1.100", " 0.000", " Infinity", "-0.13", " -0.23", " 0.04", " -0.08", " 0.14", " -Infinity", " Infinity", "", " ", " 0.996914319607643", " ", " 0.993668355113251", " ", " ", "", " ", " 1", " ", " 1", " ", " ", "6.1", "", " ", " ", " ", " 3.9", " ", " 4.7", " 4.7", " ", " 6.1", " 4.1", " 3.0", " ", " 4.3", " ", " ", " ", " ", " ", " 3.2", " ", " 3.1", " ", " ", " ", " 1.6", " ", " ", " ", " ", " ", " ", " ", " ", " "
"336", "", "False", "Docosatrienoic Acid", "C22 H38 O2", "Full match", " Full match", " No results", " Partial match", " Partial match", "3.14", "334.28823", "333.28095", "13.299", "3176304.73668695", "22", "2", "0", "93.1", "9.7", "", "No matches found", " No matches found", " No matches found", " No matches found", " No matches found", "", "Multiple matches found", "PreferredDDA", "", "[M-H]-1", "", " ", " 1371237.58793116", " 2521378.59834856", " 983599.148764746", " 913356.316774628", "", " ", " 24.8426857068426", " 36.7340877644249", " 68.1527114895318", " 56.5891942574039", "", " Infinity", " Infinity", " 0.717", " 0.544", " 0.362", " 1.077", "", " Infinity", " Infinity", " -0.48", " -0.88", " -1.46", " 0.11", "", " ", " ", " 0.618690244618347", " 0.633719745695613", " 0.22394309708723", " 0.999999905579683", "", " ", " ", " 1", " 1", " 1", " 1", "6.5", "", " ", " ", " ", " ", " ", " ", " ", " ", " ", " 4.1", " 2.4", " ", " 6.0", " 3.4", " 5.3", " ", " ", " ", " 6.5", " 5.1", " ", " ", " 1.5", " ", " 0.2", " 0.8", " ", " 2.7", " ", " ", " ", " 3.6", " 3.9", " "
"2333", "", "False", "Hexadecyl tricosanoate", "C39 H78 O2", "Invalid mass", " No results", " No results", " Invalid mass", " No results", "6.06", "578.60369", "577.59641", "20.652", "3170085.05547621", "2", "0", "0", "", "", "", "No matches found", " No matches found", " No matches found", " No matches found", " No matches found", "", "No matches found", "PreferredDDA", "", "[M-H]-1", "2203539.93053363", " 3170085.05547621", " 2387282.85484844", " 2336627.96853753", " 2574706.12368722", " 2589917.46068592", "42.3680064892667", " ", " 8.60601956628433", " 46.0701052200521", " 3.64039597236247", " 5.10292234015905", "1.439", " 1.060", " 0.753", " 1.079", " 1.022", " 1.108", " 0.994", "0.52", " 0.08", " -0.41", " 0.11", " 0.03", " 0.15", " -0.01", "", " 0.999999998356593", " ", " 0.999043952437525", " 0.832169653715876", " 0.592634677294137", " 0.999999999582032", "", " 1", " ", " 1", " 1", " 1", " 1", "4.1", "", " 1.2", " ", " 0.7", " 1.4", " 1.1", " ", " ", " ", " ", " 3.6", " ", " ", " 3.2", " ", " 3.7", " 0.7", " ", " ", " 0.8", " ", " 1.7", " ", " 4.1", " 3.7", " 3.7", " 3.7", " 4.1", " 3.6", " ", " 3.6", " 3.2", " 3.2", " ", " "
"825", "", "False", "NAGlySer 14:0/20:0", "C39 H74 N2 O7", "Invalid mass", " No results", " Invalid mass", " No results", " No results", "-5.98", "682.54552", "681.53824", "17.132", "3149657.90395793", "0", "0", "1", "", "", "1.3", "No matches found", " No matches found", " No matches found", " Single match found", " No matches found", "", "No matches found", "PreferredDDA", "", "[M-H]-1", "2057657.86834075", " 2005594.3549014", " 2358456.16740813", " 2109730.58142442", " 2230125.81228547", " 2205884.73398562", "7.22359054561471", " 11.3348481194309", " 37.3209469545085", " 18.9103800791861", " 8.2236926780687", " 20.2892718575985", "0.975", " 1.025", " 1.176", " 0.946", " 1.118", " 1.046", " 1.011", "-0.04", " 0.04", " 0.23", " -0.08", " 0.16", " 0.06", " 0.02", "0.999999999898984", " 0.999909642222238", " 0.999999921445401", " 0.979342561736692", " 0.999891307407882", " 0.818463848442838", " 0.99968907633326", "1", " 1", " 1", " 1", " 1", " 1", " 1", "4.9", "", " 3.0", " 4.5", " 3.7", " ", " 3.2", " 2.9", " ", " 3.6", " 3.1", " 1.9", " 2.3", " 3.1", " 2.7", " 1.0", " 2.1", " 3.5", " 2.0", " ", " 2.0", " 2.3", " 3.9", " 2.1", " 4.9", " ", " 3.4", " 4.5", " 4.0", " 2.6", " 2.4", " 2.6", " 3.0", " ", " ", " "
"556", "", "False", "(-)-Epicatechin", "C15 H14 O6", "No match", " No results", " Invalid mass", " No results", " No results", "-5.81", "290.07735", "289.07008", "2.381", "3144954.04000273", "0", "0", "1", "", "", "2.4", "No matches found", " Single match found", " No matches found", " No matches found", " No matches found", "", "No matches found", "PreferredDDA", "", "[M-H]-1", "1820224.37144045", " 1611081.44145942", " ", " 3144954.04000273", " 891412.968456033", " 1549570.21551145", "16.6730635439664", " ", " ", " ", " 50.7929037797405", " 54.88403150864", "0.885", " 1.728", " 0.000", " Infinity", " 0.000", " 0.493", " 0.575", "-0.18", " 0.79", " -Infinity", " Infinity", " -Infinity", " -1.02", " -0.80", "", " ", " ", " ", " ", " ", " 0.843243459192527", "", " ", " ", " ", " ", " ", " 1", "6.5", "", " 6.5", " ", " ", " 6.5", " ", " 5.4", " ", " ", " ", " ", " ", " ", " ", " ", " ", " ", " ", " 5.6", " ", " ", " ", " ", " ", " ", " ", " 2.7", " 5.2", " ", " 5.2", " 4.4", " 4.6", " ", " ", " "
"1055", "", "False", "FAHFA(3:0/2-O-22:0)", "C25 H48 O4", "Not the top hit", " No results", " No results", " Not the top hit", " Full match", "3.47", "412.35669", "411.34941", "13.146", "3137217.47676551", "3", "0", "0", "", "", "", "No matches found", " No matches found", " No matches found", " No matches found", " No matches found", "", "Multiple matches found", "PreferredDDA", "", "[M-H]-1", "2133792.34230714", " 2155426.29323718", " 2473324.46755095", " 2292586.05602927", " 2655909.85111254", " 2252634.54263021", "7.20847241530685", " 19.6898467532894", " ", " 5.92737235295821", " 19.9293573012104", " 12.4167946208166", "1.010", " 1.074", " 1.147", " 1.074", " 1.079", " 0.983", " 1.179", "0.01", " 0.10", " 0.20", " 0.10", " 0.11", " -0.03", " 0.24", "0.999108047879215", " 0.997270583695435", " ", " ", " ", " 0.987050375950633", " 0.516188935451734", "1", " 1", " ", " ", " ", " 1", " 1", "5.1", "3.4", " ", " 4.3", " 4.5", " ", " 5.0", " 2.3", " 2.3", " 2.7", " 2.2", " ", " ", " ", " ", " 1.8", " ", " 3.2", " 3.0", " 4.0", " ", " 3.7", " ", " ", " 2.7", " 3.3", " 2.2", " 2.3", " ", " 2.5", " 2.5", " 2.5", " 2.7", " 5.1", " 3.2", " 2.7"
"1450", "", "False", "", "C38 H76 N4 O S", "Full match", " No results", " No results", " No results", " No results", "2.33", "636.57547", "635.56819", "15.291", "3129588.42432941", "0", "0", "0", "", "", "", "No matches found", " No matches found", " No matches found", " No matches found", " No matches found", "", "No matches found", "PreferredDDA", "", "[M-H]-1", "2715351.28597427", " 2512825.9807693", " 2765290.35129322", " 2321616.9515643", " 1831698.49816899", " 2211919.33781338", "11.425087112884", " 9.71110130491884", " 7.39172081446597", " 6.26673736100255", " 22.404050206506", " 20.0978348208052", "0.925", " 0.855", " 1.100", " 0.662", " 1.191", " 0.953", " 0.828", "-0.11", " -0.23", " 0.14", " -0.59", " 0.25", " -0.07", " -0.27", "0.999303560933934", " 0.89746091336648", " 0.926901381055001", " 0.0462324030955595", " 0.608447837938446", " 0.991523595338575", " 0.952391673749045", "1", " 1", " 1", " 0.597452087159126", " 1", " 1", " 1", "4.3", "3.8", " ", " 3.5", " 3.1", " ", " ", " ", " 4.0", " 3.6", " 4.3", " 4.3", " 3.6", " ", " 4.0", " 4.3", " ", " 3.7", " ", " ", " ", " ", " ", " 4.3", " ", " 1.5", " 1.5", " ", " 2.1", " 1.8", " ", " ", " 2.4", " ", " ", " 1.8"
"310", "", "False", "", "C30 H65 N8 O P", "Full match", " No results", " No results", " No results", " No results", "3.82", "584.50413", "583.49685", "10.647", "3123981.13043203", "0", "0", "0", "", "", "", "No matches found", " No matches found", " No matches found", " No matches found", " No matches found", "", "No matches found", "PreferredDDA", "", "[M-H]-1", "832743.431817155", " 803404.160666634", " 1312138.51892244", " 2040624.34146299", " 820423.433772307", " 794228.003518756", "30.0681970124578", " 31.6721877310739", " 13.6126767360596", " 41.5938426663268", " ", " 52.566115810708", "0.965", " 2.450", " 1.633", " 0.625", " 0.643", " 0.389", " 1.033", "-0.05", " 1.29", " 0.71", " -0.68", " -0.64", " -1.36", " 0.05", "0.999962557093804", " 0.0262974043042423", " 0.759751493222781", " ", " 0.566166884393541", " 0.108722497687412", " ", "1", " 0.325065136538551", " 1", " ", " 1", " 1", " ", "6.1", "4.1", " 1.5", " ", " 2.6", " 2.8", " ", " 4.1", " 3.5", " ", " ", " 4.7", " ", " 4.0", " 4.1", " 5.7", " 4.7", " ", " 4.8", " 0.5", " 3.7", " 3.0", " 5.4", " 3.5", " ", " ", " ", " 3.3", " ", " 2.7", " ", " ", " ", " 1.9", " 6.1", " 2.9"
"646", "", "False", "", "C37 H77 Cl N9 O5 P", "Full match", " No results", " No results", " No results", " No results", "-1.43", "793.54624", "792.53897", "15.905", "3121421.89410106", "0", "0", "0", "", "", "", "No matches found", " No matches found", " No matches found", " No matches found", " No matches found", "", "No matches found", "PreferredDDA", "", "[M-H]-1", "1967419.59932356", " 2538520.55017091", " 2465652.54857028", " 2229074.78913771", " 1875966.11807136", " 1032487.6364223", "21.2587932883131", " 27.8097875304", " 37.612675913154", " 56.0615181165053", " 2.55368819378005", " ", "1.290", " 1.133", " 0.971", " 0.761", " 1.106", " 0.463", " 1.817", "0.37", " 0.18", " -0.04", " -0.39", " 0.15", " -1.11", " 0.86", "0.998283722760882", " 0.996842241832096", " 0.999999551259036", " 0.998582221768425", " 0.956702094158797", " ", " ", "1", " 1", " 1", " 1", " 1", " ", " ", "5.0", "", " 1.8", " 2.6", " ", " ", " 3.6", " 2.2", " ", " ", " ", " 2.7", " ", " ", " ", " ", " 2.5", " 1.4", " ", " 1.5", " 2.3", " ", " ", " 2.2", " 4.6", " ", " ", " ", " 5.0", " ", " ", " ", " ", " ", " ", " 1.0"
"366","","False","DG(17:2(9Z,12Z)/20:2(11Z,14Z)/0:0)[iso2]","C40 H70 O5","Not the top hit"," No results"," No results"," Partial match"," Full match","3.67","630.52464","629.51736","15.464","3117632.20922968","7","0","0","","","","No matches found"," No matches found"," No matches found"," No matches found"," No matches found","","Multiple matches found","PreferredDDA","","[M-H]-1","1312659.07902398"," 558903.714864979"," 895222.320583037"," 1073758.3885432"," 742568.152725849"," 1002014.89716099","55.387294908291"," 7.82093570434188"," 23.5153918789656"," 59.740346685051"," 13.9954384946527"," 33.5987430871817","0.426"," 0.818"," 1.602"," 0.829"," 0.834"," 0.933"," 0.741","-1.23"," -0.29"," 0.68"," -0.27"," -0.26"," -0.10"," -0.43","0.784945496330642"," 0.879121092149231"," 0.854042001558044"," 0.997503335926474"," 0.671841455347774"," 0.730645533154814"," 0.983481072944262","1"," 1"," 1"," 1"," 1"," 1"," 1","6.8","4.2"," "," 3.0"," "," 5.4"," 6.7"," "," 4.8"," "," "," 4.3"," 5.8"," "," 5.4"," "," 2.8"," 3.3"," 4.5"," 5.4"," 4.4"," 3.3"," 4.0"," 2.6"," "," "," 6.8"," "," 5.3"," 5.3"," 5.4"," "," 4.7"," 2.2"," 3.0"," 4.1"
"755", "", "False", "FAHFA 18:0/10:0", "C28 H54 O4", "Not the top hit", " No results", " Full match", " No results", " No results", "2.64", "454.40341", "453.39613", "15.901", "3115352.69463012", "0", "0", "2", "", "", "15.8", "No matches found", " No matches found", " No matches found", " Multiple matches found", " No matches found", "", "No matches found", "PreferredDDA", "", "[M-H]-1", "1578218.5153009", " 1882889.82214486", " 1743891.66695918", " 1795231.62223277", " 1976029.78370009", " 1887044.29293398", "26.4800682737875", " 54.4079481474988", " 16.1501526573337", " 10.7668324104448", " 5.89100057673624", " 9.03710144996443", "1.193", " 1.138", " 0.926", " 1.133", " 0.971", " 1.051", " 1.047", "0.25", " 0.19", " -0.11", " 0.18", " -0.04", " 0.07", " 0.07", "0.999060796446044", " 0.904300456948466", " 0.99430133320877", " 0.999199413396993", " 0.999995727409226", " 0.999977569061188", " 0.999989076167339", "1", " 1", " 1", " 1", " 1", " 1", " 1", "5.6", "4.9", " 3.0", " 2.8", " 2.0", " ", " 0.8", " 0.6", " 1.2", " ", " 1.8", " 2.7", " 3.1", " ", " 3.9", " 3.5", " 4.6", " 2.9", " ", " 2.9", " 4.0", " ", " 3.6", " 4.4", " 4.9", " ", " ", " 3.4", " ", " 4.5", " 3.7", " 3.0", " 4.1", " 4.1", " 3.0", " 5.6"
"672","","False","1,5-dimethyl-4-[2-(3-methyl-5-oxo-1-phenyl-4,5-dihydro-1H-pyrazol-4-yliden)hydrazino]-2-phenyl-2,3-dihydro-1H-pyrazol-3-one","C21 H20 N6 O2","Not the top hit"," Full match"," No results"," No match"," No results","-0.07","388.16475","387.15747","7.868","3111300.52036159","1","1","0","93.0","9.6","","No matches found"," No matches found"," No matches found"," No matches found"," No matches found","","No matches found","PreferredDDA","","[M-H]-1","1881810.759711"," 578338.22066711"," 793036.768035032"," 720948.305678482"," 2693079.93315661"," 1138445.36175521","92.3982969774256"," 12.9098248290866"," 35.9930421880839"," 70.7909744683495"," "," ","0.307"," 0.383"," 1.371"," 3.396"," 1.100"," 1.579"," 2.366","-1.70"," -1.38"," 0.46"," 1.76"," 0.14"," 0.66"," 1.24","0.749786506927602"," 0.982064417422158"," 0.99694695931038"," "," 0.998332586393406"," "," ","1"," 1"," 1"," "," 1"," "," ","5.4","3.3"," "," "," "," 3.0"," "," "," "," 5.1"," 5.1"," "," "," 1.3"," "," "," 3.8"," 2.1"," "," 5.4"," "," "," "," 1.1"," "," "," "," 4.5"," "," "," "," "," 3.3"," "," "," "
"463", "", "False", "FAHFA 18:0/2:0", "C20 H38 O4", "Full match", " No results", " Full match", " Partial match", " Partial match", "3.70", "342.27828", "341.27100", "13.342", "3102563.26300828", "6", "0", "2", "", "", "51.0", "No matches found", " No matches found", " No matches found", " Multiple matches found", " No matches found", "", "Multiple matches found", "PreferredDDA", "", "[M-H]-1", "1667984.27035452", " 1333411.905652", " ", " 690375.77124709", " ", " 1441075.82107987", "3.71638111306113", " 57.5341212338399", " ", " 61.6541984752261", " ", " 41.9719188824106", "0.799", " 0.414", " 0.000", " ", " 0.000", " 2.087", " 0.000", "-0.32", " -1.27", " -Infinity", " ", " -Infinity", " 1.06", " -Infinity", "0.99999616815621", " 0.152062742282463", " ", " ", " ", " 0.358359992989188", " ", "1", " 1", " ", " ", " ", " 1", " ", "5.8", "", " 5.0", " ", " 4.2", " 5.8", " ", " 1.2", " ", " 1.4", " 4.1", " ", " ", " ", " ", " ", " ", " ", " ", " ", " 0.6", " 4.5", " 1.0", " ", " ", " ", " ", " ", " ", " ", " ", " ", " 1.6", " 0.6", " ", " "
"1006", "", "False", "16-Hydroxyhexadecanoic acid", "C16 H32 O3", "Full match", " Full match", " No results", " Full match", " Not the top hit", "3.35", "272.23606", "271.22878", "5.678", "3080176.2934513", "21", "1", "0", "96.9", "9.8", "", "No matches found", " No matches found", " No matches found", " No matches found", " No matches found", "", "Multiple matches found", "PreferredDDA", "", "[M-H]-1", "1484257.19971494", " 1601846.75381818", " 1578606.19357294", " 2164820.96792815", " 1113790.22664957", " 1344432.76203703", "43.797004012157", " 33.0863830019299", " 41.1880333697075", " 32.5835807711954", " 0.025140003435796", " 19.968922923499", "1.079", " 1.459", " 0.985", " 0.706", " 0.729", " 0.621", " 0.828", "0.11", " 0.54", " -0.02", " -0.50", " -0.46", " -0.69", " -0.27", "0.979789314081169", " 0.988448592105188", " 0.999799579706849", " 0.916028916496477", " 0.790635615587455", " 0.517776040895797", " 0.982816009992738", "1", " 1", " 1", " 1", " 1", " 1", " 1", "6.3", "3.3", " 2.3", " ", " 4.8", " 3.5", " ", " 3.6", " 3.6", " 2.2", " 2.1", " 2.7", " 2.2", " 2.0", " 2.3", " 1.6", " 2.3", " 4.2", " 2.2", " 3.2", " 2.7", " 3.6", " 3.6", " 4.7", " ", " 4.4", " ", " 6.3", " ", " ", " 4.0", " 5.2", " 5.8", " 6.1", " 5.2", " 5.0"
"851", "", "False", "", "C20 H34 Cl P", "Full match", " No results", " No results", " No results", " No results", "-0.32", "340.20856", "339.20128", "15.915", "3073692.15728707", "0", "0", "0", "", "", "", "No matches found", " No matches found", " No matches found", " No matches found", " No matches found", "", "No matches found", "PreferredDDA", "", "[M-H]-1", "1590402.27060926", " 1837566.69776994", " 1570988.44775851", " 1799129.89373138", " 1238230.19177197", " 1670712.19103807", "29.4409216828941", " 15.2088230426503", " 46.5370089525255", " 18.2081059022147", " 19.1898366658841", " 24.491493782802", "1.155", " 1.131", " 0.855", " 0.788", " 0.873", " 0.929", " 0.741", "0.21", " 0.18", " -0.23", " -0.34", " -0.20", " -0.11", " -0.43", "0.693340496557064", " 0.786279382465413", " 0.977252840920827", " 0.874992076528042", " 0.998125906932689", " 0.996080912000495", " 0.931254554843917", "1", " 1", " 1", " 1", " 1", " 1", " 1", "4.6", "4.1", " 1.8", " ", " ", " 2.8", " ", " ", " 3.0", " 4.2", " 3.5", " ", " 2.6", " 1.0", " 2.7", " ", " 2.3", " 3.7", " ", " 2.3", " 4.6", " 3.1", " 2.0", " 3.1", " 3.9", " 2.5", " ", " ", " 2.5", " ", " 1.8", " 1.5", " ", " 3.4", " ", " "
"759", "", "False", "Lignoceric acid", "C24 H48 O2", "Full match", " Full match", " No results", " Full match", " Full match", "4.08", "368.36693", "367.35966", "15.908", "3062719.97000004", "14", "2", "0", "92.4", "9.6", "", "No matches found", " No matches found", " No matches found", " No matches found", " No matches found", "", "Multiple matches found", "PreferredDDA", "", "[M-H]-1", "1776287.49634066", " 1071484.15066536", " 1515800.34078914", " 2318464.7758111", " 1269610.31919493", " 2079749.90749664", "32.4607034363748", " 41.2556492165624", " 43.2567579208655", " 27.1226245858154", " 58.2928979882825", " 29.0311796100952", "0.603", " 1.305", " 1.415", " 0.838", " 0.654", " 0.897", " 0.610", "-0.73", " 0.38", " 0.50", " -0.26", " -0.61", " -0.16", " -0.71", "0.996886708137851", " 0.539797668989715", " 0.98244442865199", " 0.999972425143793", " 0.641103612768372", " 0.957453162022846", " 0.947192012034796", "1", " 1", " 1", " 1", " 1", " 1", " 1", "4.8", "2.6", " 3.2", " 2.9", " 1.0", " 2.2", " 2.0", " ", " 1.7", " 2.1", " ", " 2.9", " 4.8", " 1.4", " 2.5", " 1.4", " 2.0", " 2.4", " 2.1", " 3.4", " 3.4", " 3.2", " 3.4", " 4.6", " 2.2", " 2.9", " 1.0", " 1.4", " 2.6", " 2.2", " 3.2", " 1.8", " 2.8", " 3.2", " 3.9", " 2.2"
"436", "", "False", "", "", "No results", " No results", " No results", " No results", " No results", "", "229.16935", "228.16207", "1.659", "3055652.74355264", "0", "0", "0", "", "", "", "No matches found", " No matches found", " No matches found", " No matches found", " No matches found", "", "No matches found", "PreferredDDA", "", "[M-H]-1", "1445970.61906266", " 2012087.11069148", " 921022.474357539", " 1353547.33653841", " 959121.129342568", " 1029957.9527865", "49.4224538301091", " 44.3736214496338", " 41.1966486644633", " 16.4745614364628", " 18.6825453243648", " 32.6357401046858", "1.392", " 0.936", " 0.458", " 1.041", " 0.680", " 0.761", " 0.931", "0.48", " -0.10", " -1.13", " 0.06", " -0.56", " -0.39", " -0.10", "0.750438928446864", " 0.988397208223665", " 0.188738369064876", " 0.999450780662049", " 0.567654137222065", " 0.511528771065711", " 0.999813254593365", "1", " 1", " 1", " 1", " 1", " 1", " 1", "7.0", "", " 2.7", " ", " 3.5", " 5.0", " 2.1", " 5.4", " 3.1", " 5.8", " 5.6", " 4.4", " ", " ", " 4.4", " 3.5", " 4.2", " ", " 4.8", " 5.9", " 6.1", " 7.0", " 6.5", " 5.8", " 6.7", " 6.7", " 6.3", " 6.3", " 6.3", " 3.8", " 4.7", " 3.9", " 4.5", " 4.5", " ", " 3.8"
"1016", "", "False", "24-hydroxy-10Z-tetracosenoic acid", "C24 H46 O3", "Full match", " No results", " No results", " Partial match", " Full match", "4.18", "382.34629", "381.33902", "15.935", "3054156.90831926", "5", "0", "0", "", "", "", "No matches found", " No matches found", " No matches found", " No matches found", " No matches found", "", "Multiple matches found", "PreferredDDA", "", "[M-H]-1", "1526763.18732094", " 2516504.17513377", " 1987822.29732697", " 2093135.2117033", " 2094313.37569559", " 2241656.74636811", "24.2964986305405", " 24.4949947987426", " 4.22693681752631", " 20.8286635015211", " 10.4590188648362", " 20.3370053489098", "1.648", " 1.371", " 0.790", " 1.054", " 0.950", " 1.071", " 0.934", "0.72", " 0.46", " -0.34", " 0.08", " -0.07", " 0.10", " -0.10", "0.54012271788943", " 0.415418773505969", " 0.995727619211545", " 0.999705964433613", " 0.98849443552188", " 0.99914309362994", " 0.978359029355334", "1", " 1", " 1", " 1", " 1", " 1", " 1", "4.2", "", " 3.4", " 2.2", " ", " 2.2", " 3.0", " 2.1", " 2.4", " ", " ", " ", " ", " 3.5", " ", " 4.2", " ", " 3.6", " 2.2", " ", " 3.7", " ", " 4.1", " ", " 3.6", " 3.2", " ", " 2.9", " ", " 3.2", " 3.7", " 2.2", " 2.6", " ", " 3.2", " 2.6"
"470", "", "False", "", "C17 H33 N10 O2 P", "Invalid mass", " No results", " No results", " No match", " No results", "6.52", "440.25543", "439.24815", "10.396", "3040537.50271939", "2", "0", "0", "", "", "", "No matches found", " No matches found", " No matches found", " No matches found", " No matches found", "", "No matches found", "PreferredDDA", "", "[M-H]-1", "743843.13325582", " 815885.032916558", " 1145836.35746155", " 2258715.03071484", " 451403.738066721", " ", "", " 36.1521451622678", " 72.2070970472298", " 26.1186093438904", " ", " ", "1.097", " 3.037", " 1.404", " 0.394", " 0.507", " 0.000", " Infinity", "0.13", " 1.60", " 0.49", " -1.34", " -0.98", " -Infinity", " Infinity", "", " ", " 0.983428943138396", " ", " 0.311950254295922", " ", " ", "", " ", " 1", " ", " 1", " ", " ", "5.3", "", " 1.4", " ", " ", " ", " ", " ", " ", " 3.8", " 5.1", " 3.1", " ", " 3.8", " ", " ", " ", " ", " 5.3", " 4.1", " 4.3", " ", " ", " 5.1", " ", " ", " ", " 2.3", " ", " ", " ", " ", " ", " ", " ", " "
"357", "", "False", "", "C26 H40 N10 O2", "Full match", " No results", " No results", " No results", " No results", "-2.77", "524.33212", "523.32484", "12.835", "3038413.91571669", "0", "0", "0", "", "", "", "No matches found", " No matches found", " No matches found", " No matches found", " No matches found", "", "No matches found", "PreferredDDA", "", "[M-H]-1", "1088982.90333815", " 1795220.79578825", " 483278.286086252", " 639990.686896113", " 693827.749177996", " 459673.179973153", "54.2356736014164", " 97.9345033756562", " ", " 9.46218683707496", " 51.5314477222804", " 40.1790359731496", "1.649", " 0.588", " 0.269", " 1.436", " 0.755", " 0.718", " 1.509", "0.72", " -0.77", " -1.89", " 0.52", " -0.41", " -0.48", " 0.59", "0.966247810456178", " 0.996803043425592", " ", " ", " ", " 0.970570055444459", " 0.966920653888168", "1", " 1", " ", " ", " ", " 1", " 1", "5.4", "", " 2.9", " 2.3", " 3.5", " ", " 1.5", " 4.8", " ", " ", " ", " ", " 0.4", " ", " ", " ", " ", " ", " 2.9", " ", " 5.4", " ", " ", " ", " ", " ", " ", " 1.0", " 3.8", " ", " 4.5", " 3.4", " ", " ", " 1.1", " 1.5"
"277", "", "False", "", "C41 H71 O P", "Full match", " No results", " No results", " No results", " No results", "-2.21", "610.52290", "609.51563", "10.722", "3020534.48224733", "0", "0", "0", "", "", "", "No matches found", " No matches found", " No matches found", " No matches found", " No matches found", "", "No matches found", "PreferredDDA", "", "[M-H]-1", "", " 338336.47375371", " 819636.052656008", " 1964842.96762541", " 631783.438882205", " 1067691.84755238", "", " 21.1402015704042", " 28.2651362802178", " 75.9843550991174", " ", " 86.0842209302437", "Infinity", " Infinity", " 2.423", " 0.771", " 0.417", " 0.543", " 0.592", "Infinity", " Infinity", " 1.28", " -0.38", " -1.26", " -0.88", " -0.76", "", " ", " 0.526607317097832", " ", " 0.580024966986581", " 0.776712686835868", " ", "", " ", " 1", " ", " 1", " 1", " ", "6.2", "", " ", " ", " ", " ", " ", " 4.0", " ", " ", " 3.3", " ", " 2.9", " ", " 5.8", " 3.9", " 6.2", " ", " ", " ", " 3.3", " ", " ", " 0.2", " ", " ", " ", " 0.8", " ", " ", " ", " ", " ", " ", " 3.1", " 0.0"
"447", "", "False", "", "C41 H73 Cl", "Full match", " No results", " No results", " No results", " No results", "-1.89", "600.53894", "599.53167", "17.850", "2996300.24557358", "0", "0", "0", "", "", "", "No matches found", " No matches found", " No matches found", " No matches found", " No matches found", "", "No matches found", "PreferredDDA", "", "[M-H]-1", "2355699.94214078", " 2085306.54437662", " 2738281.9244204", " ", " ", " ", "", " 3.88929338602501", " 13.3256187341927", " ", " ", " ", "0.885", " 0.000", " 1.313", " 0.000", " Infinity", " ", " ", "-0.18", " -Infinity", " 0.39", " -Infinity", " Infinity", " ", " ", "", " ", " 0.0719689333959402", " ", " ", " ", " ", "", " ", " 1", " ", " ", " ", " ", "8.8", "", " ", " ", " ", " 5.6", " 8.8", " 6.1", " ", " 7.3", " ", " ", " ", " ", " 7.2", " 6.9", " ", " ", " ", " ", " ", " ", " ", " ", " ", " ", " ", " ", " ", " ", " ", " ", " ", " ", " ", " "
"1250", "", "False", "Gheddic acid", "C34 H68 O2", "Full match", " No results", " No results", " Not the top hit", " Full match", "2.80", "508.52335", "507.51608", "18.487", "2990967.6988217", "9", "0", "0", "", "", "", "No matches found", " No matches found", " No matches found", " No matches found", " No matches found", "", "Multiple matches found", "PreferredDDA", "", "[M-H]-1", "2748048.27176198", " 2449685.7120698", " 2235070.54772426", " 2126221.61037042", " 2318595.14623681", " 2359711.89266428", "23.1831977582993", " 2.91073970277621", " 33.1137052191601", " 35.320226622572", " 1.90315885431152", " 11.4623940604826", "0.891", " 0.774", " 0.912", " 1.037", " 1.051", " 1.110", " 0.983", "-0.17", " -0.37", " -0.13", " 0.05", " 0.07", " 0.15", " -0.03", "0.99999989244029", " 0.558886207259429", " 0.99076697808499", " 0.997878519322328", " 0.942045585343461", " 0.622613498969857", " 0.999999310005642", "1", " 1", " 1", " 1", " 1", " 1", " 1", "4.8", "2.8", " 1.8", " ", " 2.4", " ", " ", " ", " 3.7", " 4.8", " ", " 2.1", " 1.6", " ", " ", " 1.3", " ", " 1.7", " 2.1", " 3.4", " 1.6", " ", " ", " 1.0", " ", " 3.5", " ", " 3.5", " 4.1", " ", " ", " 3.5", " ", " 2.9", " 3.5", " 2.9"
"1315", "", "False", "", "C35 H71 N2 O2 P", "Full match", " No results", " No results", " No results", " No results", "0.21", "582.52544", "581.51811", "14.682", "2983673.5862627", "0", "0", "0", "", "", "", "No matches found", " No matches found", " No matches found", " No matches found", " No matches found", "", "No matches found", "PreferredDDA", "", "[M-H]-1", "2572224.33528416", " 2185712.77374856", " 2173488.38523035", " 1715556.71535463", " 1880853.79938642", " 1760988.27428865", "35.0996118832222", " 24.0369882328781", " 5.47639001335607", " 30.1132962062622", " 28.0042646384371", " 28.3239846292918", "0.850", " 0.667", " 0.994", " 0.865", " 1.267", " 1.026", " 1.068", "-0.23", " -0.58", " -0.01", " -0.21", " 0.34", " 0.04", " 0.10", "0.999702012459774", " 0.982533990864354", " 0.996001857688511", " 0.858074005407762", " 0.956480877017778", " 0.999832200030459", " 0.999963371892849", "1", " 1", " 1", " 1", " 1", " 1", " 1", "4.9", "1.7", " 2.7", " 2.3", " 2.7", " 1.3", " 3.0", " 3.0", " ", " 3.2", " 1.8", " ", " 4.9", " ", " ", " 4.7", " 4.9", " 2.7", " 2.3", " 2.1", " ", " 1.3", " 2.5", " 1.7", " 3.0", " 3.0", " 2.0", " 2.6", " ", " 3.2", " 2.6", " ", " 2.6", " ", " 3.5", " 3.0"
"731", "", "False", "11-Oxoceromelissic acid", "C33 H64 O3", "Full match", " No results", " No results", " Full match", " Full match", "2.03", "508.48658", "507.47931", "15.909", "2972830.85366191", "1", "0", "0", "", "", "", "No matches found", " No matches found", " No matches found", " No matches found", " No matches found", "", "Single match found", "PreferredDDA", "", "[M-H]-1", "2354965.71070561", " 2166289.13885403", " 2456258.41889625", " 2520119.60853792", " 2511893.78726215", " 2091085.92543375", "16.7605815828201", " 52.1095428273168", " 38.4361483230946", " 7.83974153494681", " 10.6421173652958", " 17.6544588981327", "0.920", " 1.070", " 1.134", " 1.023", " 0.975", " 0.830", " 1.201", "-0.12", " 0.10", " 0.18", " 0.03", " -0.04", " -0.27", " 0.26", "0.675957618601418", " 0.999886737565994", " 0.992081103353864", " 0.714458662371756", " 0.70419613646276", " 0.925337720366422", " 0.924509142459962", "1", " 1", " 1", " 1", " 1", " 1", " 1", "5.1", "3.7", " 4.1", " ", " 3.5", " 3.5", " 2.3", " ", " 0.2", " 1.4", " ", " 3.0", " 1.6", " 1.0", " ", " 3.8", " 2.3", " 4.0", " 3.0", " 4.9", " 4.7", " ", " 5.1", " 4.3", " 4.4", " 5.0", " 3.1", " 3.5", " 2.9", " 4.2", " 4.2", " 2.0", " 2.6", " ", " ", " 4.2"
"435", "", "False", "", "C33 H47 N3 O7", "Full match", " No results", " No results", " No results", " No results", "4.48", "597.34408", "596.33680", "13.457", "2959600.35445576", "0", "0", "0", "", "", "", "No matches found", " No matches found", " No matches found", " No matches found", " No matches found", "", "No matches found", "PreferredDDA", "", "[M-H]-1", "1963270.88423888", " 1082614.1869251", " 1018176.91269", " 1109626.14560326", " 1456061.70841778", " 1602860.31563964", "6.43736003961904", " 30.9817002324541", " 51.7899990823693", " 66.1410878354247", " 39.9697756009874", " 18.2267782872364", "0.551", " 0.565", " 0.940", " 1.430", " 0.918", " 1.445", " 0.908", "-0.86", " -0.82", " -0.09", " 0.52", " -0.12", " 0.53", " -0.14", "0.83085140692094", " 0.62315964478346", " 0.999998872952253", " 0.999982701152804", " 0.999980910488635", " 0.78584225141317", " 0.968571614198388", "1", " 1", " 1", " 1", " 1", " 1", " 1", "7.1", "", " 7.1", " 6.0", " ", " ", " 5.1", " 1.5", " ", " 3.4", " ", " 5.2", " 4.2", " 0.4", " ", " 3.5", " 3.3", " 4.1", " 2.9", " 2.3", " 3.4", " 4.0", " 4.2", " 5.4", " 2.4", " 6.6", " 5.1", " 5.5", " ", " 6.9", " 4.2", " 6.9", " 5.9", " 5.4", " 5.8", " 6.5"
"497", "", "False", "", "C23 H37 N2 O2 P", "Full match", " No results", " No results", " No results", " No results", "-2.30", "404.25834", "403.25106", "8.351", "2957579.36553183", "0", "0", "0", "", "", "", "No matches found", " No matches found", " No matches found", " No matches found", " No matches found", "", "No matches found", "PreferredDDA", "CO2", "[M-H]-1", "508410.577683538", " 2152370.23006934", " ", " 857659.89438977", " ", " 461355.073050508", "85.7556082278362", " 52.906217713348", " ", " 42.0489500057813", " ", " 55.2382397967725", "4.234", " 1.687", " 0.000", " ", " 0.000", " 0.538", " 0.000", "2.08", " 0.75", " -Infinity", " ", " -Infinity", " -0.89", " -Infinity", "0.369127617757819", " 0.999951295977103", " ", " ", " ", " 0.800067923865665", " ", "1", " 1", " ", " ", " ", " 1", " ", "5.2", "", " 1.1", " 4.2", " ", " 3.1", " 4.2", " 5.2", " ", " ", " ", " ", " ", " ", " ", " ", " ", " ", " 5.2", " 4.2", " 5.2", " ", " ", " ", " ", " ", " ", " ", " ", " 1.9", " 5.2", " ", " 2.7", " 4.0", " 4.2", " "
"1156", "", "False", "FAHFA 14:0/12:0", "C26 H50 O4", "Full match", " No results", " Full match", " Partial match", " Partial match", "2.63", "426.37203", "425.36476", "14.663", "2956810.31024408", "2", "0", "3", "", "", "66.1", "No matches found", " No matches found", " No matches found", " Multiple matches found", " No matches found", "", "Multiple matches found", "PreferredDDA", "", "[M-H]-1", "1565631.74006531", " 1718591.52455274", " 1468554.41252385", " 2307401.15584403", " 1609769.55912387", " 1606772.2688623", "27.0809784845426", " 15.2945002538891", " 39.1353000303829", " 19.2310699561534", " 34.948156208809", " 28.5168468280132", "1.098", " 1.474", " 0.855", " 1.096", " 0.636", " 0.696", " 1.002", "0.13", " 0.56", " -0.23", " 0.13", " -0.65", " -0.52", " 0.00", "0.999997553352571", " 0.874390020455194", " 0.999999767381985", " 0.999931846130232", " 0.746304897796231", " 0.896343444789583", " 0.999993042021929", "1", " 1", " 1", " 1", " 1", " 1", " 1", "4.1", "2.6", " 1.8", " ", " 1.8", " ", " 3.1", " 3.1", " 3.3", " 2.0", " 2.3", " 1.1", " 1.6", " 1.3", " ", " 2.5", " 2.1", " 4.1", " 2.6", " 3.5", " 2.0", " 2.6", " 3.1", " 3.1", " 2.7", " 2.1", " 3.0", " 2.3", " 2.5", " 2.6", " 2.2", " 1.7", " 3.0", " ", " 2.2", " 2.6"
"1049", "", "False", "", "C27 H61 N5 O5 P2 S2", "Full match", " No results", " No results", " No match", " No results", "3.89", "661.36151", "660.35423", "7.571", "2942572.3361682", "1", "0", "0", "", "", "", "No matches found", " No matches found", " No matches found", " No matches found", " No matches found", "", "No matches found", "PreferredDDA", "", "[M-H]-1", "1781804.7001356", " ", " 1424105.375334", " 1406996.14752767", " 1123344.44944836", " 2322856.98812319", "", " ", " ", " 8.5270450900699", " 22.5345702096092", " 37.7298238547232", "0.000", " 0.790", " Infinity", " 0.789", " 1.012", " 1.651", " 0.484", "-Infinity", " -0.34", " Infinity", " -0.34", " 0.02", " 0.72", " -1.05", "", " ", " ", " ", " ", " 0.465346827186095", " 0.165619436826023", "", " ", " ", " ", " ", " 1", " 1", "4.5", "2.0", " ", " ", " ", " ", " ", " ", " ", " ", " ", " ", " 1.6", " ", " ", " ", " ", " ", " ", " ", " 4.1", " 4.5", " ", " ", " 2.4", " 2.4", " 2.6", " ", " ", " ", " 4.0", " ", " 3.8", " ", " ", " "
"752", "", "False", "", "C41 H83 N2 P", "Full match", " No results", " No results", " No results", " No results", "3.84", "634.63183", "633.62455", "17.797", "2925378.81041932", "0", "0", "0", "", "", "", "No matches found", " No matches found", " No matches found", " No matches found", " No matches found", "", "No matches found", "PreferredDDA", "", "[M-H]-1", "2595951.91714335", " 1987240.08187965", " ", " 2362436.87624807", " 2844283.64667329", " 2796681.22085214", "", " ", " ", " 21.3245343813664", " ", " ", "0.766", " 0.910", " 0.000", " Infinity", " 0.000", " 1.184", " 1.017", "-0.39", " -0.14", " -Infinity", " Infinity", " -Infinity", " 0.24", " 0.02", "", " ", " ", " ", " ", " ", " ", "", " ", " ", " ", " ", " ", " ", "4.7", "", " ", " ", " ", " 2.2", " ", " ", " ", " ", " 3.1", " ", " ", " ", " ", " ", " ", " ", " 3.2", " 4.1", " ", " 2.6", " ", " 4.7", " ", " ", " ", " ", " 3.3", " 2.2", " ", " ", " ", " ", " ", " "
"1705", "", "False", "DG(12:0/19:0/0:0)[iso2]", "C34 H66 O5", "Not the top hit", " No results", " No results", " Not the top hit", " Full match", "0.27", "554.49117", "553.48390", "13.986", "2912525.62322068", "4", "0", "0", "", "", "", "No matches found", " No matches found", " No matches found", " No matches found", " No matches found", "", "Multiple matches found", "PreferredDDA", "", "[M-H]-1", "2214702.00213501", " 2272683.93522182", " 2487004.3165625", " 2775181.60126971", " 2524445.33247264", " 2844238.90516728", "", " ", " 11.2029887208307", " 0.164324839326", " 3.20492092992383", " 11.4415306367345", "1.026", " 1.253", " 1.094", " 1.015", " 0.896", " 1.025", " 0.888", "0.04", " 0.33", " 0.13", " 0.02", " -0.16", " 0.04", " -0.17", "", " ", " ", " 0.999948746586784", " 0.75992292687921", " 0.997677200874163", " 0.912825049847751", "", " ", " ", " 1", " 1", " 1", " 1", "5.2", "", " 1.6", " ", " ", " ", " ", " 1.6", " ", " ", " ", " ", " ", " 4.0", " ", " ", " 3.8", " ", " ", " 5.2", " ", " ", " 5.2", " ", " 5.2", " 5.2", " 5.2", " ", " ", " ", " 4.2", " ", " 4.2", " ", " 4.2", " "
"433", "", "False", "Tricosylic acid", "C23 H46 O2", "Full match", " No results", " No results", " Full match", " Full match", "3.86", "354.35115", "353.34387", "16.488", "2860366.63176987", "8", "0", "0", "", "", "", "No matches found", " No matches found", " No matches found", " No matches found", " No matches found", "", "Multiple matches found", "PreferredDDA", "", "[M-H]-1", "2497228.75509856", " 2028359.2392382", " 2860366.63176987", " 2459659.41495562", " ", " ", "", " 56.7318404290669", " ", " 11.6062369885822", " ", " ", "0.812", " 0.985", " 1.410", " 0.000", " 1.163", " 0.000", " ", "-0.30", " -0.02", " 0.50", " -Infinity", " 0.22", " -Infinity", " ", "", " ", " ", " ", " ", " ", " ", "", " ", " ", " ", " ", " ", " ", "7.0", "", " ", " ", " ", " 3.3", " 4.1", " ", " 3.6", " ", " ", " ", " ", " ", " ", " ", " 2.2", " 7.0", " 5.1", " ", " 5.7", " 5.0", " ", " 4.6", " ", " ", " ", " ", " ", " ", " ", " ", " ", " ", " ", " "
"1237", "", "False", "Hexatriacontylic acid", "C36 H72 O2", "Full match", " No results", " No results", " Not the top hit", " Full match", "1.69", "536.55414", "535.54686", "18.956", "2850880.62488948", "7", "0", "0", "", "", "", "No matches found", " No matches found", " No matches found", " No matches found", " No matches found", "", "Multiple matches found", "PreferredDDA", "", "[M-H]-1", "2123270.86970262", " 1605215.10124992", " 2234910.9467543", " 2120225.36496938", " 1602649.14893129", " 2047798.65020772", "2.54238638869313", " 29.3846863174748", " 14.7159583470428", " 30.3706435952479", " 49.5510424591959", " 43.089159580881", "0.756", " 0.999", " 1.392", " 0.717", " 1.054", " 0.966", " 0.783", "-0.40", " 0.00", " 0.48", " -0.48", " 0.08", " -0.05", " -0.35", "0.995071608932008", " 0.99912586169229", " 0.950293297115931", " 0.495549476512366", " 0.966943350714676", " 0.982733321481528", " 0.990406319192651", "1", " 1", " 1", " 1", " 1", " 1", " 1", "4.6", "4.6", " ", " 3.5", " ", " 3.9", " 2.2", " ", " ", " 1.8", " 1.7", " 2.9", " 2.5", " ", " 3.5", " 3.1", " 2.9", " 2.2", " 1.7", " 1.3", " 2.1", " 1.6", " 1.7", " 1.6", " 2.0", " 0.6", " 0.2", " 0.8", " ", " 1.1", " 1.0", " 1.2", " 1.1", " 0.5", " 1.7", " 0.8"
"342", "", "False", "2-(Methylsulfonyl)-3-(pyrazin-2-ylamino)acrylonitrile", "C8 H8 N4 O2 S", "Full match", " Full match", " No results", " No results", " No results", "4.12", "224.03772", "223.03044", "17.412", "2849614.74509373", "0", "1", "0", "93.5", "9.7", "", "No matches found", " No matches found", " No matches found", " No matches found", " No matches found", "", "No matches found", "PreferredDDA", "", "[M-H]-1", "1083722.96709189", " 858550.344270428", " 470015.014939983", " 749901.736672778", " 1017926.96279152", " 840437.925356408", "31.4735277725934", " 78.11167231725", " ", " 53.98607639814", " 43.2274846679564", " 39.8601841019828", "0.792", " 0.692", " 0.547", " 2.166", " 0.627", " 1.121", " 1.211", "-0.34", " -0.53", " -0.87", " 1.11", " -0.67", " 0.16", " 0.28", "0.999999874854307", " 0.993544942533456", " ", " ", " ", " 0.999988358427451", " 0.99992800026511", "1", " 1", " ", " ", " ", " 1", " 1", "6.6", "6.6", " 4.1", " 5.9", " 3.0", " ", " 1.9", " 4.6", " 3.3", " 1.5", " 6.0", " ", " ", " ", " ", " ", " 3.4", " 5.5", " 5.4", " 1.5", " ", " ", " ", " 2.3", " ", " 4.0", " 5.4", " ", " ", " ", " 5.7", " 5.5", " ", " 3.8", " ", " 3.9"
"379", "", "False", "", "C54 H62 N2 O9 P2", "Full match", " No results", " No results", " No results", " No results", "0.59", "944.39361", "943.38634", "11.698", "2843105.64872531", "0", "0", "0", "", "", "", "No matches found", " No matches found", " No matches found", " No matches found", " No matches found", "", "No matches found", "PreferredDDA", "", "[M-H]-1", "877535.449766306", " 1056643.90182396", " 1626760.1937259", " 1470033.9129474", " 1116263.46248355", " 1298124.87912978", "62.5522757168167", " 46.0296204970241", " 49.080873109161", " 24.3361520722306", " 17.571079228245", " 42.3654333166061", "1.204", " 1.675", " 1.540", " 0.686", " 1.107", " 0.883", " 0.860", "0.27", " 0.74", " 0.62", " -0.54", " 0.15", " -0.18", " -0.22", "0.99994749537824", " 0.63280736852708", " 0.298808675643021", " 0.772930785795202", " 0.990408208099707", " 0.999999511011999", " 0.977350406617867", "1", " 1", " 1", " 1", " 1", " 1", " 1", "6.4", "3.1", " 3.3", " 3.4", " 5.5", " 3.9", " 2.7", " 3.1", " 2.1", " 4.8", " ", " 3.5", " 3.3", " 3.3", " 3.7", " 2.5", " 2.9", " 3.9", " 4.3", " 3.4", " 6.4", " 3.7", " 5.3", " 3.4", " 4.8", " 3.6", " 5.5", " 5.0", " 4.8", " 4.4", " 4.2", " 4.2", " 4.8", " 3.5", " 3.9", " 3.3"
"510", "", "False", "FAHFA(3:0/2-O-22:0)", "C25 H48 O4", "Not the top hit", " No results", " No results", " Not the top hit", " Full match", "3.52", "412.35671", "411.34943", "15.395", "2833435.20947297", "3", "0", "0", "", "", "", "No matches found", " No matches found", " No matches found", " No matches found", " No matches found", "", "Multiple matches found", "PreferredDDA", "", "[M-H]-1", "2003537.27141977", " 1981560.35607384", " 2290168.42606307", " 2427375.27918246", " 2388316.85341734", " 2284967.37571614", "19.3529026574514", " 7.80926094294731", " 22.166321801736", " 13.5516728315214", " 10.6402148138668", " 10.3137654738351", "0.989", " 1.212", " 1.156", " 1.043", " 0.943", " 0.941", " 1.045", "-0.02", " 0.28", " 0.21", " 0.06", " -0.08", " -0.09", " 0.06", "0.991857087920173", " 0.987508588431319", " 0.968380630695206", " 0.730686735588646", " 0.998791618776937", " 0.999997321474363", " 0.858686980864571", "1", " 1", " 1", " 1", " 1", " 1", " 1", "5.1", "4.6", " 3.1", " 3.0", " 4.5", " 3.5", " 4.1", " ", " ", " ", " 3.4", " 4.7", " 4.5", " 2.6", " 3.6", " 3.2", " 4.1", " 4.4", " 4.2", " 3.5", " 2.5", " 4.2", " 4.6", " 5.1", " 3.5", " 3.8", " 3.6", " 3.2", " 3.5", " 5.1", " ", " 2.5", " 3.8", " 4.2", " 4.4", " 3.2"
"1147", "", "False", "", "", "No results", " No results", " No results", " No results", " No results", "", "704.74851", "703.74124", "20.705", "2818463.99112887", "0", "0", "0", "", "", "", "No matches found", " No matches found", " No matches found", " No matches found", " No matches found", "", "No matches found", "PreferredDDA", "", "[M-H]-1", "2174102.11682253", " 2419910.57924564", " 2195123.53271349", " 2158061.6467037", " 2147771.0856956", " 2033892.81804606", "10.6345434458966", " 11.1308498253068", " 10.0367593978545", " 25.775831783443", " 4.90405393259416", " 10.7988674778537", "1.113", " 0.993", " 0.907", " 0.978", " 1.017", " 0.942", " 1.056", "0.15", " -0.01", " -0.14", " -0.03", " 0.02", " -0.09", " 0.08", "0.786895964989671", " 0.873079671269646", " 0.854179626143785", " 0.999949717886042", " 0.7377336766395", " 0.923929491702883", " 0.987365020821456", "1", " 1", " 1", " 1", " 1", " 1", " 1", "6.4", "3.6", " 4.7", " 3.2", " 5.1", " 5.0", " 5.7", " 4.2", " 4.4", " 3.1", " 2.9", " 4.4", " 4.2", " 5.5", " 4.7", " 5.5", " 4.0", " 4.1", " 3.0", " 5.1", " 3.4", " 1.5", " 4.9", " 2.0", " 5.4", " 5.8", " 6.4", " 5.4", " 4.2", " 2.9", " 3.2", " 4.4", " 4.4", " 5.7", " 3.2", " 4.0"
"1435", "", "False", "3-Acetoxystearic acid", "C20 H38 O4", "No match", " No results", " No results", " Not the top hit", " Full match", "4.46", "342.27853", "341.27126", "11.653", "2793993.64480276", "6", "0", "0", "", "", "", "No matches found", " No matches found", " No matches found", " No matches found", " No matches found", "", "Multiple matches found", "PreferredDDA", "", "[M-H]-1", "2534343.56529095", " 2294137.9670183", " 2395518.84979427", " 2314775.0298655", " ", " 2518376.09383725", "14.4889851930831", " 13.3807284233517", " ", " 3.85310251285342", " ", " ", "0.905", " 0.913", " 1.044", " 0.000", " 1.035", " 1.088", " 0.000", "-0.14", " -0.13", " 0.06", " -Infinity", " 0.05", " 0.12", " -Infinity", "0.820337902911017", " 0.831172323823932", " ", " ", " ", " ", " ", "1", " 1", " ", " ", " ", " ", " ", "4.5", "", " ", " ", " 2.5", " 3.5", " ", " 2.5", " 3.1", " ", " ", " ", " ", " ", " 0.7", " ", " ", " ", " 3.9", " 4.5", " 3.9", " 3.9", " ", " ", " ", " ", " ", " ", " ", " ", " ", " 2.2", " ", " ", " ", " "
"302", "", "False", "FAHFA 18:0/20:2", "C38 H70 O4", "Not the top hit", " No results", " Full match", " Partial match", " No results", "0.09", "590.52746", "589.52019", "13.755", "2792946.2463827", "1", "0", "1", "", "", "63.8", "No matches found", " No matches found", " No matches found", " Single match found", " No matches found", "", "No matches found", "PreferredDDA", "", "[M-H]-1", "1219442.00833283", " 1192971.05218418", " 1840779.07516667", " 2032250.18049925", " 821664.511817695", " 1536429.62885239", "", " 24.7618670221485", " 32.0452598414126", " 28.7368919615906", " ", " 43.8290689645856", "0.978", " 1.667", " 1.543", " 0.446", " 0.906", " 0.756", " 0.535", "-0.03", " 0.74", " 0.63", " -1.16", " -0.14", " -0.40", " -0.90", "", " ", " 0.654281476900745", " ", " 0.999876009466018", " 0.988823537164377", " ", "", " ", " 1", " ", " 1", " 1", " ", "6.2", "", " ", " ", " 2.5", " ", " ", " ", " 3.1", " ", " 3.7", " 2.6", " 3.1", " 3.6", " 4.2", " 1.7", " 2.9", " ", " ", " 4.1", " 6.2", " 3.7", " ", " ", " ", " ", " ", " ", " 1.4", " 1.7", " 3.6", " ", " ", " ", " 3.5", " 3.7"
"607", "", "False", "", "C30 H72 N10 O3", "Full match", " No results", " No results", " No results", " No results", "2.75", "620.58059", "619.57332", "15.874", "2790178.9567057", "0", "0", "0", "", "", "", "No matches found", " No matches found", " No matches found", " No matches found", " No matches found", "", "No matches found", "PreferredDDA", "", "[M-H]-1", "2184130.40235986", " 2000756.45363863", " 2188698.28262719", " 2225219.76117458", " 2164712.70786556", " 2152356.40018477", "25.6068777325996", " 35.6836660855866", " 15.4020778796023", " 22.3774721679261", " 3.99528110247169", " 10.5961492930326", "0.916", " 1.019", " 1.094", " 0.989", " 0.984", " 0.967", " 1.006", "-0.13", " 0.03", " 0.13", " -0.02", " -0.02", " -0.05", " 0.01", "0.999999999999505", " 0.999883926016348", " 0.864641447143817", " 0.999946514266566", " 0.924110465748603", " 0.975417915450893", " 0.999999958379217", "1", " 1", " 1", " 1", " 1", " 1", " 1", "6.3", "4.1", " 4.0", " 3.7", " 5.8", " 4.9", " ", " 3.2", " 3.5", " 4.4", " 3.5", " 4.6", " 3.0", " 4.5", " 5.0", " ", " 6.1", " 3.9", " 4.3", " 4.9", " ", " 3.4", " 3.7", " ", " ", " 5.0", " 5.4", " ", " 5.4", " 5.9", " 5.4", " 2.9", " 5.7", " 4.7", " 4.7", " 6.3"
"585", "", "False", "Nervonic acid", "C24 H46 O2", "Full match", " Full match", " No results", " Full match", " Full match", "3.81", "366.35118", "365.34391", "16.152", "2787227.82760986", "15", "1", "0", "94.3", "9.7", "", "No matches found", " No matches found", " No matches found", " No matches found", " No matches found", "", "Multiple matches found", "PreferredDDA", "", "[M-H]-1", "1618410.86484794", " 2269248.25288968", " 2235935.36332974", " 2138102.53556464", " 1807782.1127853", " 1902273.66613781", "16.0599496745399", " 22.95630719825", " 20.3571029239733", " 10.0544196138263", " 13.7141688739389", " 16.3341138120351", "1.402", " 1.321", " 0.985", " 0.809", " 1.046", " 0.890", " 0.950", "0.49", " 0.40", " -0.02", " -0.31", " 0.06", " -0.17", " -0.07", "0.374571468777494", " 0.650218125688435", " 0.999997473570613", " 0.435977941422122", " 0.994471689134618", " 0.998423312225932", " 0.890669095883824", "1", " 1", " 1", " 1", " 1", " 1", " 1", "6.6", "5.8", " 4.6", " 4.2", " 5.8", " 6.1", " 4.5", " 6.4", " 4.9", " 6.2", " 4.7", " 6.2", " 5.9", " 3.7", " 5.5", " 3.7", " 5.3", " 6.3", " 5.9", " 5.1", " 6.3", " 5.1", " 5.9", " 5.7", " 5.9", " 6.6", " 4.7", " 5.1", " 5.1", " 6.1", " 4.2", " 4.6", " 6.5", " 4.6", " 6.0", " 6.1"
"716","","False","13,14-Dihydro-15-keto Prostaglandin J2","C20 H30 O4","No match"," Invalid mass"," No results"," No results"," No results","-53884.09","316.20557","315.19829","3.412","2779250.36944345","0","17","0","96.1","9.8","","No matches found"," No matches found"," No matches found"," No matches found"," No matches found","","No matches found","PreferredDDA","","[M-H]-1","2779250.36944345"," 653250.535282188"," 794398.100127119"," 570595.577878024"," 1094128.74785837"," 898891.011269346",""," 15.7559242147543"," 30.784636111939"," "," "," 24.8284461851","0.235"," 0.205"," 1.216"," 1.377"," 1.392"," 1.575"," 1.217","-2.09"," -2.28"," 0.28"," 0.46"," 0.48"," 0.66"," 0.28",""," "," 0.968219155583683"," "," "," "," ",""," "," 1"," "," "," "," ","4.6","3.7"," "," "," "," "," "," "," "," 4.4"," 4.5"," "," 2.0"," "," "," 4.1"," "," "," "," "," 1.9"," "," "," "," "," 2.5"," "," "," "," 3.9"," 4.6"," 4.5"," 3.5"," 3.5"," "," 3.9"
"2417", "", "False", "", "", "No results", " No results", " No results", " No results", " No results", "", "564.58810", "563.58082", "20.402", "2774467.56740231", "0", "0", "0", "", "", "", "No matches found", " No matches found", " No matches found", " No matches found", " No matches found", "", "No matches found", "PreferredDDA", "", "[M-H]-1", "2440601.1875695", " 2495358.15114698", " 1829884.14144623", " 2077918.21441255", " 2144881.41700631", " 2113948.76653579", "", " 15.8181831202423", " ", " 2.60291175922926", " 3.84928749828046", " ", "1.022", " 0.851", " 0.733", " 1.172", " 0.881", " 1.017", " 1.015", "0.03", " -0.23", " -0.45", " 0.23", " -0.18", " 0.02", " 0.02", "", " ", " ", " ", " ", " ", " ", "", " ", " ", " ", " ", " ", " ", "3.9", "2.2", " ", " ", " ", " ", " 2.0", " ", " 3.0", " ", " ", " ", " ", " ", " ", " 0.5", " ", " ", " 3.9", " ", " ", " ", " 3.9", " ", " 3.9", " ", " ", " 3.9", " 3.9", " ", " 2.0", " ", " ", " ", " ", " "
"806", "", "False", "FAHFA(16:1(9Z)/5-O-18:0)", "C34 H64 O4", "Not the top hit", " No results", " No results", " Full match", " Full match", "0.91", "536.48095", "535.47367", "13.812", "2768499.65641106", "16", "0", "0", "", "", "", "No matches found", " No matches found", " No matches found", " No matches found", " No matches found", "", "Multiple matches found", "PreferredDDA", "", "[M-H]-1", "2361829.91891426", " 2558551.43398735", " 2264393.99155021", " 1665698.41554398", " 2009071.80056994", " 2164793.73179166", "28.575860693629", " ", " 14.1662708838326", " 11.3650753357017", " 34.9563573322419", " 23.7030960609099", "1.083", " 0.705", " 0.885", " 0.887", " 1.359", " 1.300", " 0.928", "0.12", " -0.50", " -0.18", " -0.17", " 0.44", " 0.38", " -0.11", "", " 0.773061196640665", " ", " 0.986674886323536", " 0.744613516775954", " 0.840697903643333", " 0.999761013111238", "", " 1", " ", " 1", " 1", " 1", " 1", "4.4", "", " 3.2", " 2.8", " ", " 3.0", " ", " ", " ", " ", " 2.6", " ", " ", " 4.2", " ", " ", " 4.0", " ", " 4.4", " 3.2", " 4.4", " ", " 2.5", " ", " 1.7", " ", " 2.7", " 2.5", " 2.7", " 3.7", " ", " ", " 2.2", " 3.2", " 3.4", " "
"1683", "", "False", "", "C4 H9 N2 O4 P S2", "Full match", " No results", " No results", " No results", " No results", "3.52", "243.97499", "242.96772", "24.649", "2740918.50681005", "0", "0", "0", "", "", "", "No matches found", " No matches found", " No matches found", " No matches found", " No matches found", "", "No matches found", "PreferredDDA", "", "[M-H]-1", "1201279.4310891", " ", " 2728792.25765944", " 331049.461279454", " ", " 628674.496399923", "82.7787315711501", " ", " 0.628450405539005", " ", " ", " 1.90207315105276", "0.000", " 0.276", " Infinity", " 0.000", " 8.243", " 1.899", " 0.000", "-Infinity", " -1.86", " Infinity", " -Infinity", " 3.04", " 0.93", " -Infinity", "", " ", " ", " ", " ", " ", " ", "", " ", " ", " ", " ", " ", " ", "4.9", "", " 0.8", " ", " ", " 0.8", " ", " ", " ", " ", " ", " ", " 4.1", " ", " ", " ", " 4.1", " ", " 1.1", " ", " ", " ", " ", " ", " ", " ", " ", " ", " ", " ", " ", " ", " 3.4", " 4.9", " ", " "
"286", "", "False", "2-(Methylsulfonyl)-3-(pyrazin-2-ylamino)acrylonitrile", "C8 H8 N4 O2 S", "Not the top hit", " Full match", " No results", " No results", " No results", "4.03", "224.03770", "223.03042", "17.047", "2709646.66793666", "0", "1", "0", "95.1", "9.8", "", "No matches found", " No matches found", " No matches found", " No matches found", " No matches found", "", "No matches found", "PreferredDDA", "", "[M-H]-1", "1165551.8879552", " 1525094.23050411", " 1094738.0646943", " 1082896.17680857", " 1015945.77106173", " 1225504.41610452", "55.3388401481755", " 45.3663258810507", " 10.4310578168167", " 50.7175617170213", " 52.1849660514051", " 45.6043523614696", "1.308", " 0.929", " 0.718", " 0.928", " 1.011", " 1.132", " 0.829", "0.39", " -0.11", " -0.48", " -0.11", " 0.02", " 0.18", " -0.27", "0.999988173773118", " 0.999652634584441", " 0.992816185672432", " 0.999999999378916", " 0.994867017195796", " 0.999999991610625", " 0.989564594591658", "1", " 1", " 1", " 1", " 1", " 1", " 1", "6.0", "5.8", " 2.9", " 5.2", " 3.3", " 4.0", " 1.7", " 4.2", " 5.0", " ", " ", " 6.0", " 4.1", " ", " 5.3", " 3.8", " ", " ", " 6.0", " ", " 5.9", " 3.6", " 3.6", " 5.2", " 3.3", " 4.4", " 5.0", " 2.5", " 3.6", " 3.3", " 4.6", " 4.1", " 3.3", " 4.0", " 4.4", " 4.0"
"410","","False","13Z,16Z-Docosadienoic Acid","C22 H40 O2","Full match"," Full match"," No results"," Partial match"," Partial match","3.32","336.30395","335.29667","14.132","2708927.07057947","14","1","0","91.1","9.6","","No matches found"," No matches found"," No matches found"," No matches found"," No matches found","","Multiple matches found","PreferredDDA","","[M-H]-1","662992.325154917"," 894368.269609598"," 1961905.89394512"," 2445167.66100115"," 909544.610241564"," 1623701.92445141","42.6148005659155"," 28.2770150035372"," 5.40094597102566"," 25.4159250488276"," 25.7338416331684"," 44.4628441322636","1.349"," 3.688"," 2.194"," 0.464"," 0.802"," 0.664"," 0.560","0.43"," 1.88"," 1.13"," -1.11"," -0.32"," -0.59"," -0.84","0.970658482490042"," 0.00191126498767202"," 0.0259469869096033"," 0.0278022857549096"," 0.998789343805396"," 0.341686400233586"," 0.361506822077772","1"," 0.0425256459757025"," 0.752462620378495"," 0.44162861602991"," 1"," 1"," 1","7.5","3.6"," 3.6"," "," 1.1"," 2.7"," 3.5"," 3.1"," 2.5"," 5.0"," 3.5"," 7.5"," 5.6"," 6.8"," 7.1"," 6.8"," 6.0"," 6.6"," 7.4"," 5.3"," 7.4"," 5.6"," 5.3"," 5.1"," 3.9"," "," 1.8"," 3.9"," 3.5"," 4.6"," 1.4"," 4.9"," 5.8"," 3.9"," 4.8"," 5.8"
"659", "", "False", "", "C10 H17 Cl N2 O S2", "Full match", " No results", " No results", " No results", " No results", "4.82", "280.04843", "279.04115", "2.380", "2695773.24895245", "0", "0", "0", "", "", "", "No matches found", " No matches found", " No matches found", " No matches found", " No matches found", "", "No matches found", "PreferredDDA", "", "[M-H]-1", "1446406.30167901", " 1254794.09455135", " ", " 2695773.24895245", " 737229.658329634", " 1360526.73973322", "15.4866870133941", " ", " ", " ", " 54.1795435954454", " 57.4681150446461", "0.868", " 1.864", " 0.000", " Infinity", " 0.000", " 0.505", " 0.542", "-0.21", " 0.90", " -Infinity", " Infinity", " -Infinity", " -0.99", " -0.88", "", " ", " ", " ", " ", " ", " 0.78215832844883", "", " ", " ", " ", " ", " ", " 1", "6.1", "", " 5.5", " ", " ", " 6.1", " ", " 5.5", " ", " ", " ", " ", " ", " ", " ", " ", " ", " ", " ", " 6.0", " ", " ", " ", " ", " ", " ", " ", " 3.4", " 4.8", " ", " 5.0", " 4.2", " 4.6", " ", " ", " "
"1005", "", "False", "", "C45 H92 N2 O", "Full match", " No results", " No results", " No results", " No results", "0.80", "676.72151", "675.71423", "20.452", "2683362.25627059", "0", "0", "0", "", "", "", "No matches found", " No matches found", " No matches found", " No matches found", " No matches found", "", "No matches found", "PreferredDDA", "", "[M-H]-1", "1414132.3332938", " 2191680.11836055", " 1092000.92940094", " 1309522.03562215", " 1264295.07309668", " 1361187.05626541", "20.5878267536664", " 14.6930665695949", " 61.732655749912", " 24.5687283360873", " 11.6953554236091", " 25.027088281047", "1.550", " 0.926", " 0.498", " 1.158", " 0.834", " 1.039", " 0.929", "0.63", " -0.11", " -1.01", " 0.21", " -0.26", " 0.06", " -0.11", "0.553594921018089", " 0.989440608071655", " 0.0404413313147814", " 0.844698957800393", " 0.884746249811656", " 0.999997333791279", " 0.999691883068072", "1", " 1", " 0.879598956096497", " 1", " 1", " 1", " 1", "5.2", "3.5", " 3.7", " 1.6", " 1.8", " 1.8", " 3.2", " 2.5", " 3.2", " 3.8", " ", " ", " 1.1", " 0.2", " 0.0", " 1.2", " 0.6", " 2.2", " 2.0", " 3.4", " 1.5", " 1.2", " 2.2", " 2.0", " 3.4", " 2.2", " 2.2", " 2.9", " 3.2", " 1.6", " 1.5", " 5.2", " 2.2", " 2.0", " 2.2", " 1.5"
"1182", "", "False", "FAHFA 16:0/13:0", "C29 H56 O4", "No results", " No results", " Full match", " Partial match", " Partial match", "3.49", "468.41950", "467.41222", "15.892", "2673589.05212607", "1", "0", "2", "", "", "22.1", "No matches found", " No matches found", " No matches found", " Multiple matches found", " No matches found", "", "Multiple matches found", "PreferredDDA", "", "[M-H]-1", "1141818.07664108", " 1841457.37037102", " 1367604.61265115", " 1923765.63454166", " 1673790.70201696", " 1825858.04647412", "68.0319116045793", " 28.0151512365824", " 30.5038991853085", " 25.6928663627891", " 3.9204084474699", " 56.3046150075041", "1.613", " 1.685", " 0.743", " 1.224", " 0.711", " 0.949", " 0.917", "0.69", " 0.75", " -0.43", " 0.29", " -0.49", " -0.08", " -0.13", "0.630996714180284", " 0.486973767419216", " 0.994082693272846", " 0.998033849846612", " 0.989260009873979", " 0.970026211517698", " 0.996527816208875", "1", " 1", " 1", " 1", " 1", " 1", " 1", "4.6", "1.6", " 1.9", " 0.4", " 0.8", " ", " 4.1", " 1.8", " 1.2", " 2.6", " ", " ", " 1.1", " ", " ", " ", " 4.0", " 1.5", " 3.0", " 3.0", " 4.1", " 2.0", " 1.5", " 3.4", " 4.6", " ", " 4.2", " 3.9", " ", " 0.5", " 1.1", " ", " 1.5", " ", " 1.1", " 1.7"
"1306", "", "False", "heptatriacontanoic acid", "C37 H74 O2", "Full match", " No results", " No results", " Full match", " Full match", "1.97", "550.56996", "549.56269", "19.099", "2669682.70572531", "2", "0", "0", "", "", "", "No matches found", " No matches found", " No matches found", " No matches found", " No matches found", "", "Multiple matches found", "PreferredDDA", "", "[M-H]-1", "1732263.93409525", " 2126219.102842", " 1954800.77970161", " 1958949.41121917", " 1791230.43426831", " 1724536.29850479", "26.6286763447956", " 20.1339608965093", " 16.6803373820309", " 9.31169409052634", " 1.67090756356856", " 30.6776131318065", "1.227", " 1.131", " 0.919", " 0.916", " 0.998", " 0.880", " 1.039", "0.30", " 0.18", " -0.12", " -0.13", " 0.00", " -0.18", " 0.05", "0.512577828197896", " 0.562009231984983", " 0.999999999560763", " 0.979225011729015", " 0.999526317567151", " 0.393843027734762", " 0.927513025616293", "1", " 1", " 1", " 1", " 1", " 1", " 1", "3.9", "1.5", " ", " 3.1", " ", " 1.8", " ", " 1.7", " 1.8", " 1.8", " ", " 2.0", " 2.6", " ", " 2.7", " 2.0", " 2.0", " 3.0", " 3.0", " ", " 3.7", " 3.0", " 3.0", " ", " ", " ", " 3.5", " ", " 3.9", " 1.3", " 1.7", " 2.2", " 2.1", " 0.7", " 1.0", " 1.9"
"718", "", "False", "FAHFA(16:0/5-O-18:0)", "C34 H66 O4", "Not the top hit", " No results", " No results", " Not the top hit", " Full match", "1.20", "538.49675", "537.48948", "15.907", "2660164.35315323", "20", "0", "0", "", "", "", "No matches found", " No matches found", " No matches found", " No matches found", " No matches found", "", "Multiple matches found", "PreferredDDA", "", "[M-H]-1", "1607650.64890978", " 2119457.17647557", " 2098226.4964544", " 1643285.29172936", " 1686838.94612718", " 1791383.55548713", "3.00934928688212", " 17.562457661049", " 10.4718429437104", " 18.2801018033535", " 26.9228348578924", " 18.1987641480063", "1.318", " 1.022", " 0.990", " 0.804", " 1.277", " 1.090", " 0.942", "0.40", " 0.03", " -0.01", " -0.31", " 0.35", " 0.12", " -0.09", "0.658526296417277", " 0.991380288241132", " 0.999329666873005", " 0.242856393817389", " 0.655258628327781", " 0.988503966735213", " 0.996260698776242", "1", " 1", " 1", " 1", " 1", " 1", " 1", "6.1", "", " ", " 3.9", " ", " 4.2", " 3.5", " 3.5", " 3.1", " 3.1", " 3.0", " ", " 4.2", " 4.4", " ", " 4.4", " ", " 2.3", " 2.3", " 4.2", " 5.4", " 4.2", " 3.5", " 3.1", " 3.4", " 2.6", " 2.2", " 2.2", " 2.8", " 4.6", " 4.2", " 4.2", " 2.5", " 3.5", " 3.5", " 6.1"
"2188", "", "False", "Diabolic acid", "C32 H62 O4", "Not the top hit", " No results", " No results", " Not the top hit", " Full match", "2.58", "510.46613", "509.45885", "18.021", "2655345.07723197", "13", "0", "0", "", "", "", "No matches found", " No matches found", " No matches found", " No matches found", " No matches found", "", "Multiple matches found", "PreferredDDA", "", "[M-H]-1", "1089852.55938645", " 944761.181754496", " 1138104.8684388", " 1061963.29920549", " 974813.220906196", " 1266680.44586818", "26.891726780383", " 6.39379202384142", " 67.0104349991833", " 51.0406420309457", " 41.3936628030065", " 16.7325080773213", "0.867", " 0.974", " 1.205", " 0.857", " 1.072", " 1.193", " 0.770", "-0.21", " -0.04", " 0.27", " -0.22", " 0.10", " 0.25", " -0.38", "0.999999991948071", " 0.946030600467276", " 0.934486757190206", " 0.764507973626768", " 0.99775105251803", " 0.999975959762872", " 0.804958908728061", "1", " 1", " 1", " 1", " 1", " 1", " 1", "3.9", "1.6", " 2.4", " 3.1", " ", " 2.5", " ", " ", " 3.9", " ", " 3.1", " ", " 1.0", " ", " 0.6", " ", " 1.4", " 1.0", " 1.7", " 1.0", " 1.4", " 0.6", " ", " 1.1", " 0.6", " 1.5", " 1.6", " 0.6", " ", " 3.1", " 3.5", " ", " 2.1", " 2.7", " 2.9", " 3.3"
"1199", "", "False", "Heptacosanedioic acid", "C27 H52 O4", "Full match", " No results", " No results", " Not the top hit", " Full match", "3.73", "440.38820", "439.38093", "16.365", "2642976.96582662", "3", "0", "0", "", "", "", "No matches found", " No matches found", " No matches found", " No matches found", " No matches found", "", "Multiple matches found", "PreferredDDA", "", "[M-H]-1", "1616938.14198422", " 2320358.12509347", " 1820650.07807419", " 1720411.32315598", " 1720199.66954109", " 1477351.29845153", "14.1252289950475", " 7.63171185626837", " 31.3326759909199", " 17.9165023393124", " 14.5685650125622", " 17.9848020587139", "1.435", " 1.064", " 0.785", " 0.945", " 1.058", " 0.859", " 1.164", "0.52", " 0.09", " -0.35", " -0.08", " 0.08", " -0.22", " 0.22", "0.202512186679656", " 0.999524913326683", " 0.366417497858981", " 0.999957597412059", " 0.999977224195613", " 0.984165064858835", " 0.928766704513873", "1", " 1", " 1", " 1", " 1", " 1", " 1", "4.9", "3.2", " 3.2", " 4.4", " 4.7", " ", " 4.5", " ", " 4.0", " 4.9", " 4.7", " 2.5", " 1.2", " 2.1", " ", " 1.7", " 2.6", " ", " ", " 3.1", " ", " 2.7", " ", " 3.1", " ", " 4.0", " 3.6", " ", " 4.0", " ", " ", " ", " ", " ", " 2.7", " 2.9"
"1137", "", "False", "FAHFA(3:0/2-O-22:0)", "C25 H48 O4", "Not the top hit", " No results", " No results", " Not the top hit", " Full match", "3.44", "412.35668", "411.34940", "15.912", "2632367.86021295", "3", "0", "0", "", "", "", "No matches found", " No matches found", " No matches found", " No matches found", " No matches found", "", "Multiple matches found", "PreferredDDA", "", "[M-H]-1", "1913689.26558217", " 2248509.83422822", " 1813644.65087045", " 1952687.80107756", " 1778710.55661208", " 1899841.118026", "24.3044686016878", " ", " 0.747415440815367", " 16.3156581139329", " 12.2894715996887", " 38.3289322738981", "1.175", " 1.020", " 0.807", " 0.981", " 0.929", " 0.973", " 0.936", "0.23", " 0.03", " -0.31", " -0.03", " -0.11", " -0.04", " -0.10", "", " 0.969140034895623", " ", " 0.999989540990401", " 0.999994518622465", " 0.999850808677316", " 0.999936696363807", "", " 1", " ", " 1", " 1", " 1", " 1", "4.6", "3.0", " 2.4", " ", " ", " 2.6", " ", " ", " 1.2", " ", " ", " ", " ", " 4.6", " ", " ", " 4.6", " 2.3", " ", " 4.2", " 3.1", " 2.3", " ", " 3.9", " 3.6", " 3.6", " 3.6", " ", " 4.0", " 1.6", " ", " 1.9", " ", " ", " 2.3", " 1.3"
"339", "", "False", "", "C29 H58 N2 O6", "Full match", " No results", " No results", " No results", " No results", "3.24", "530.43120", "529.42393", "10.601", "2597778.03864995", "0", "0", "0", "", "", "", "No matches found", " No matches found", " No matches found", " No matches found", " No matches found", "", "No matches found", "PreferredDDA", "", "[M-H]-1", "", " ", " 488075.526882377", " 1506130.40226164", " 366422.595968584", " 761290.160487027", "", " ", " 69.7078911029863", " 42.9557367934857", " ", " 66.5695984338676", "", " Infinity", " Infinity", " 0.751", " 0.324", " 0.505", " 0.481", "", " Infinity", " Infinity", " -0.41", " -1.63", " -0.98", " -1.05", "", " ", " ", " ", " 0.1068272674563", " 0.453929970332601", " ", "", " ", " ", " ", " 1", " 1", " ", "5.5", "", " ", " ", " ", " ", " ", " ", " ", " ", " ", " ", " 1.5", " 0.4", " 1.7", " ", " 4.5", " 5.5", " ", " 3.6", " ", " 4.2", " ", " 3.7", " ", " ", " ", " ", " 3.0", " ", " ", " ", " 2.7", " ", " 1.7", " "
"405", "", "False", "15:0 Cholesterol ester", "C42 H74 O2", "Full match", " No results", " No results", " Full match", " Full match", "1.14", "610.56958", "609.56230", "17.852", "2553582.33098349", "1", "0", "0", "", "", "", "No matches found", " No matches found", " No matches found", " No matches found", " No matches found", "", "Single match found", "PreferredDDA", "", "[M-H]-1", "1181797.76595193", " 889214.507466884", " 1155562.29386558", " 1236503.71620222", " 1945492.77277058", " 2217031.53413083", "16.467691167331", " 3.43177749614309", " 16.2954901944503", " 18.6413349626854", " 11.4331672585205", " 21.468106971383", "0.752", " 1.046", " 1.300", " 1.684", " 0.935", " 1.793", " 0.878", "-0.41", " 0.07", " 0.38", " 0.75", " -0.10", " 0.84", " -0.19", "0.432185918027553", " 0.989578379517198", " 0.178896175539981", " 0.0861497758997254", " 0.999996763950102", " 0.013515442067506", " 0.966469555966033", "1", " 1", " 1", " 0.808633123786059", " 1", " 0.244790206308689", " 1", "7.0", "5.8", " ", " ", " 5.9", " 3.6", " 5.5", " 5.5", " ", " 4.4", " ", " ", " 5.0", " ", " 4.4", " 5.5", " ", " 4.6", " 3.9", " ", " ", " 5.9", " ", " 5.2", " ", " 6.3", " ", " ", " 7.0", " ", " ", " 4.3", " ", " ", " ", " 4.9"
"464", "", "False", "Polystachin (flavone)", "C26 H26 O8", "No match", " No results", " No results", " Not the top hit", " Full match", "-1.98", "466.16184", "465.15457", "2.381", "2531090.38687543", "2", "0", "0", "", "", "", "No matches found", " No matches found", " No matches found", " No matches found", " No matches found", "", "Single match found", "PreferredDDA", "", "[M-H]-1", "873285.213956483", " 658646.876967763", " ", " 2531090.38687543", " 317913.94364566", " 838191.212324809", "37.2810405124324", " ", " ", " ", " ", " 54.9824601220875", "0.754", " 2.898", " 0.000", " Infinity", " 0.000", " 0.331", " 0.379", "-0.41", " 1.54", " -Infinity", " Infinity", " -Infinity", " -1.59", " -1.40", "", " ", " ", " ", " ", " ", " ", "", " ", " ", " ", " ", " ", " ", "6.0", "", " 3.2", " ", " ", " 4.9", " ", " 5.2", " ", " ", " ", " ", " ", " ", " ", " ", " ", " ", " ", " 6.0", " ", " ", " ", " ", " ", " ", " ", " ", " 4.5", " ", " 5.2", " ", " 3.0", " ", " ", " "
"439", "", "False", "Ceriporic acid C", "C21 H36 O4", "Full match", " No results", " No results", " Not the top hit", " Full match", "-3.29", "352.26020", "351.25293", "13.002", "2516619.0416371", "7", "0", "0", "", "", "", "No matches found", " No matches found", " No matches found", " No matches found", " No matches found", "", "Multiple matches found", "PreferredDDA", "", "[M-H]-1", "1477330.94442366", " 1712448.68146243", " 1694119.51551274", " 1968286.55266804", " 1438648.6264962", " 1691040.05164945", "32.1831864495584", " 36.5335545336046", " 20.3504484565776", " 35.4140184667298", " 22.0172399006953", " 26.2669921005586", "1.159", " 1.332", " 0.989", " 0.849", " 0.861", " 0.859", " 0.851", "0.21", " 0.41", " -0.02", " -0.24", " -0.22", " -0.22", " -0.23", "0.981392897147754", " 0.999999555194621", " 0.951363480401176", " 0.960444139845655", " 0.999938954343719", " 0.999962791170256", " 0.960079535818262", "1", " 1", " 1", " 1", " 1", " 1", " 1", "6.8", "4.7", " 4.4", " ", " 3.2", " 5.4", " ", " 4.4", " 4.5", " 3.6", " 4.7", " 5.6", " 5.8", " 3.7", " 5.6", " 5.3", " 6.4", " ", " 5.1", " 2.9", " 5.1", " 5.5", " 5.9", " 5.1", " 6.4", " 4.5", " 4.1", " 4.5", " 4.6", " 6.8", " 4.9", " 2.8", " 5.6", " 6.0", " 5.6", " 4.9"
"796", "", "False", "Argenonic acid", "C29 H56 O4", "Not the top hit", " No results", " No results", " Full match", " Full match", "3.38", "468.41944", "467.41217", "16.819", "2515070.44113614", "1", "0", "0", "", "", "", "No matches found", " No matches found", " No matches found", " No matches found", " No matches found", "", "Multiple matches found", "PreferredDDA", "", "[M-H]-1", "1205930.03670601", " 1472616.51202588", " 1207363.60285424", " 1301623.12337191", " 1367537.02513265", " 1325900.32868244", "22.109821850917", " 11.1957721834407", " 7.67121869710462", " 15.5397562888105", " 23.3113530107426", " 36.9035345182236", "1.221", " 1.079", " 0.820", " 1.133", " 0.928", " 1.019", " 1.031", "0.29", " 0.11", " -0.29", " 0.18", " -0.11", " 0.03", " 0.04", "0.865136313110145", " 0.9929883011508", " 0.99574897031816", " 0.999999942058177", " 0.999986299799367", " 0.720103143721202", " 0.876379243785848", "1", " 1", " 1", " 1", " 1", " 1", " 1", "6.5", "", " ", " 4.1", " 4.3", " 3.5", " 4.7", " ", " ", " 4.0", " 5.7", " ", " ", " ", " 4.3", " 4.5", " 5.4", " 4.4", " 3.3", " 5.0", " 4.2", " 3.9", " ", " ", " 6.5", " 4.1", " 4.1", " ", " ", " 2.2", " 1.7", " 1.6", " 3.6", " 1.0", " 4.1", " 3.4"
"616", "", "False", "", "C28 H58 O S2", "Full match", " No results", " No results", " No results", " No results", "1.65", "474.39369", "473.38658", "16.996", "2506904.58342669", "0", "0", "0", "", "", "", "No matches found", " No matches found", " No matches found", " No matches found", " No matches found", "", "No matches found", "PreferredDDA", "", "[M-H]-1", "1905728.5040782", " 2299978.68021578", " 2322241.62145504", " 2147454.27594786", " 2415006.78104122", " 2192280.58267271", "10.9482327152172", " 5.43113539697311", " 6.52147158895054", " 4.37432835285633", " 6.0729233432887", " 6.69278456282625", "1.207", " 1.127", " 1.010", " 1.040", " 1.081", " 1.021", " 1.102", "0.27", " 0.17", " 0.01", " 0.06", " 0.11", " 0.03", " 0.14", "0.177631183126787", " 0.864267301425481", " 0.999997380887055", " 0.969139649835469", " 0.736359282657819", " 0.994001555676738", " 0.523931014719579", "1", " 1", " 1", " 1", " 1", " 1", " 1", "7.7", "5.7", " 7.0", " 5.9", " 5.9", " 5.9", " 6.4", " 5.6", " 6.0", " 6.4", " 7.0", " 7.1", " 6.6", " 6.0", " ", " 7.1", " 6.8", " 6.9", " 7.7", " 5.8", " 6.5", " 6.5", " 7.3", " 6.9", " 6.6", " 5.5", " 5.3", " 7.0", " 5.3", " 6.0", " 5.5", " 5.3", " 6.4", " 5.3", " 5.6", " 6.0"
"473", "", "False", "Sorbitan palmitate", "C22 H42 O6", "Not the top hit", " No results", " No results", " Partial match", " Full match", "2.88", "402.29930", "401.29202", "10.744", "2496549.08223863", "3", "0", "0", "", "", "", "No matches found", " No matches found", " No matches found", " No matches found", " No matches found", "", "Multiple matches found", "PreferredDDA", "", "[M-H]-1", "", " 697153.600361483", " 1114247.31294882", " 605981.968495547", " 1270320.30659847", " 1102103.99279684", "", " ", " 18.2809642445618", " ", " ", " 68.7333688187118", "Infinity", " Infinity", " 1.598", " 1.140", " 1.839", " 1.819", " 1.153", "Infinity", " Infinity", " 0.68", " 0.19", " 0.88", " 0.86", " 0.20", "", " ", " ", " ", " ", " ", " ", "", " ", " ", " ", " ", " ", " ", "5.2", "", " ", " ", " ", " ", " ", " ", " ", " ", " 3.6", " ", " 5.2", " ", " ", " ", " 4.8", " ", " ", " 4.5", " ", " ", " ", " ", " ", " ", " ", " 1.7", " ", " ", " ", " 1.5", " 3.1", " ", " 2.6", " 2.5"
"1359", "", "False", "", "C36 H78 N4 O9", "Full match", " No results", " No results", " No results", " No results", "-1.19", "710.57603", "709.56876", "17.698", "2490764.18823289", "0", "0", "0", "", "", "", "No matches found", " No matches found", " No matches found", " No matches found", " No matches found", "", "No matches found", "PreferredDDA", "", "[M-H]-1", "2328197.4664055", " 1600175.66290842", " 1528679.56533784", " 1236911.80610935", " 1930757.01097196", " 1514437.57876743", "27.035298627126", " ", " 7.26755031989801", " 34.1012467581201", " 41.018612938248", " 6.98482796194089", "0.687", " 0.531", " 0.955", " 1.263", " 1.236", " 1.224", " 1.275", "-0.54", " -0.91", " -0.07", " 0.34", " 0.31", " 0.29", " 0.35", "", " 0.0914777031171569", " ", " 0.968297971409576", " 0.452326264431158", " 0.604974541072026", " 0.953370309279594", "", " 0.72606915887449", " ", " 1", " 1", " 1", " 1", "4.5", "", " 1.7", " 1.5", " ", " 1.8", " 1.2", " ", " ", " ", " ", " 3.4", " ", " ", " 4.5", " 3.4", " 4.1", " 1.3", " 0.5", " 1.9", " ", " ", " ", " 2.9", " 0.5", " ", " ", " 0.7", " ", " 3.4", " 3.7", " ", " 4.5", " ", " ", " "
"763", "", "False", "", "C30 H61 N2 O P", "Full match", " No results", " No results", " No results", " No results", "-4.12", "496.45010", "495.44283", "15.907", "2490250.12990367", "0", "0", "0", "", "", "", "No matches found", " No matches found", " No matches found", " No matches found", " No matches found", "", "No matches found", "PreferredDDA", "", "[M-H]-1", "2064655.26784822", " 2280416.89783898", " 2076715.87109297", " 1932754.99664062", " 1783720.26032507", " 1913854.53230918", "27.0742529386051", " 11.3977843818698", " 12.5967228235574", " 5.00782761048154", " 44.1413432354695", " 24.5688033145044", "1.105", " 0.936", " 0.911", " 0.859", " 1.074", " 0.990", " 0.932", "0.14", " -0.10", " -0.13", " -0.22", " 0.10", " -0.01", " -0.10", "0.957632114994652", " 0.999127617191959", " 0.999863969305115", " 0.281453623780633", " 0.998691906348852", " 0.895397652871906", " 0.885675990812746", "1", " 1", " 1", " 1", " 1", " 1", " 1", "6.4", "4.1", " 3.4", " 3.4", " ", " ", " ", " 4.4", " 4.2", " 2.9", " 3.8", " 3.6", " 5.4", " 3.6", " ", " 3.6", " 4.0", " 3.7", " 3.4", " 4.9", " 6.4", " 4.1", " 5.6", " 3.7", " 1.6", " 1.2", " ", " 1.6", " 0.4", " 3.4", " 3.0", " 2.2", " 4.3", " 4.1", " 4.9", " 3.7"
"1135", "", "False", "", "C18 H46 N10 O10", "Full match", " No results", " No results", " No results", " No results", "0.73", "562.34025", "561.33297", "7.619", "2487565.48071772", "0", "0", "0", "", "", "", "No matches found", " No matches found", " No matches found", " No matches found", " No matches found", "", "No matches found", "PreferredDDA", "", "[M-H]-1", "", " ", " 1545035.14609704", " 765611.463204099", " 1590174.60523717", " 1760043.19016661", "", " ", " 13.2128760411522", " ", " 34.8535630977092", " 20.99450552955", "", " Infinity", " Infinity", " 1.029", " 2.018", " 2.299", " 0.903", "", " Infinity", " Infinity", " 0.04", " 1.01", " 1.20", " -0.15", "", " ", " ", " 0.998427572838439", " ", " ", " 0.5420356543995", "", " ", " ", " 1", " ", " ", " 1", "4.0", "", " ", " ", " ", " ", " ", " ", " ", " ", " ", " ", " 3.6", " 4.0", " 3.2", " ", " ", " ", " ", " ", " 1.4", " ", " ", " ", " ", " 3.2", " 1.9", " 2.9", " ", " ", " 3.4", " ", " 4.0", " 3.0", " ", " "
"1071", "", "False", "Diabolic acid", "C32 H62 O4", "Not the top hit", " No results", " No results", " Not the top hit", " Full match", "2.27", "510.46597", "509.45869", "14.232", "2477287.28980113", "13", "0", "0", "", "", "", "No matches found", " No matches found", " No matches found", " No matches found", " No matches found", "", "Multiple matches found", "PreferredDDA", "", "[M-H]-1", "1226384.86962949", " 1489068.70720428", " 1946174.71694842", " 1332895.29501305", " 1588201.62875054", " 1186956.51550427", "27.8579173075962", " 31.5452398912696", " 31.1338572200507", " 32.3140974615842", " 38.1823955873045", " 15.8013359504726", "1.214", " 1.087", " 1.307", " 0.816", " 1.460", " 0.891", " 1.338", "0.28", " 0.12", " 0.39", " -0.29", " 0.55", " -0.17", " 0.42", "0.970975032244337", " 0.999999983190955", " 0.973154142493977", " 0.923330342696472", " 0.460970229067699", " 0.999924664705771", " 0.964847039691102", "1", " 1", " 1", " 1", " 1", " 1", " 1", "5.2", "3.1", " 2.2", " 2.8", " 1.5", " 3.5", " 2.2", " 1.9", " 2.1", " 2.5", " ", " 2.1", " 2.7", " 1.5", " 2.5", " 2.5", " 2.2", " 2.1", " 2.1", " 1.7", " 3.2", " 2.6", " 2.9", " 4.5", " 3.4", " ", " 2.9", " 2.5", " 2.1", " 2.9", " 3.1", " 2.7", " 2.9", " 5.2", " ", " 4.0"
"1411", "", "False", "Hexadecyl tricosanoate", "C39 H78 O2", "Invalid mass", " No results", " No results", " Invalid mass", " No results", "5.91", "578.60360", "577.59632", "19.513", "2454320.93489075", "2", "0", "0", "", "", "", "No matches found", " No matches found", " No matches found", " No matches found", " No matches found", "", "No matches found", "PreferredDDA", "", "[M-H]-1", "2233109.0708985", " 1869583.1170913", " 1729542.81833754", " 1790001.09416484", " 1641957.43836715", " 1717116.96437001", "13.9132124959026", " 19.4108216356501", " 4.90861431742803", " 10.1351196704273", " 5.26453286602347", " 19.5043112841271", "0.837", " 0.802", " 0.925", " 0.949", " 0.966", " 0.959", " 0.956", "-0.26", " -0.32", " -0.11", " -0.07", " -0.05", " -0.06", " -0.06", "0.978656622514251", " 0.551182091227274", " 0.857516569694047", " 0.998737622196758", " 0.998085822190902", " 0.609687154579152", " 0.98317892027223", "1", " 1", " 1", " 1", " 1", " 1", " 1", "4.6", "2.9", " 3.8", " ", " 3.1", " 2.9", " 2.3", " ", " 3.1", " ", " 2.6", " 3.9", " ", " 3.9", " 4.2", " 4.6", " ", " 2.9", " 3.2", " ", " 3.6", " 2.5", " 2.5", " ", " 3.0", " 3.4", " 3.4", " 3.4", " 3.4", " 2.7", " 3.3", " 2.3", " 2.0", " 2.3", " 2.0", " 2.0"
"793", "", "False", "Argenonic acid", "C29 H56 O4", "Not the top hit", " No results", " No results", " Full match", " Full match", "2.94", "468.41924", "467.41196", "16.958", "2450806.12443318", "1", "0", "0", "", "", "", "No matches found", " No matches found", " No matches found", " No matches found", " No matches found", "", "Multiple matches found", "PreferredDDA", "", "[M-H]-1", "1160420.45477864", " 1053481.96608651", " 1188831.87277061", " 1140010.87819704", " 1199502.36881344", " 914450.034812528", "47.0413888215629", " 6.05750906889149", " 16.1390733587892", " 15.1815010543094", " 15.3653254875872", " 13.6269764749872", "0.908", " 0.982", " 1.128", " 1.009", " 1.043", " 0.802", " 1.312", "-0.14", " -0.03", " 0.17", " 0.01", " 0.06", " -0.32", " 0.39", "0.839360409175587", " 0.95741115589147", " 0.995526817304023", " 0.999990260134356", " 0.99999591199357", " 0.937195028373019", " 0.865141104839318", "1", " 1", " 1", " 1", " 1", " 1", " 1", "5.7", "2.1", " 1.8", " ", " 1.7", " 1.4", " ", " 5.4", " 3.9", " ", " ", " 2.5", " 2.3", " 4.4", " 4.8", " 4.0", " 4.4", " ", " ", " ", " ", " 2.5", " 5.2", " ", " 4.2", " 3.3", " ", " ", " ", " 5.7", " ", " ", " 5.3", " ", " ", " "
"416", "", "False", "Drotaverine", "C24 H31 N O4", "Full match", " No results", " No results", " Full match", " No results", "2.40", "397.22626", "396.21898", "12.071", "2443334.2511833", "1", "0", "0", "", "", "", "No matches found", " No matches found", " No matches found", " No matches found", " No matches found", "", "No matches found", "PreferredDDA", "", "[M-H]-1", "1171582.97308243", " 1178003.87860582", " 2443334.2511833", " 818792.319052058", " 1108617.80784135", " 1823240.88251985", "", " ", " ", " 14.0482531761593", " 20.3552910513118", " 0.360724244529621", "1.005", " 0.699", " 2.074", " 0.454", " 2.984", " 2.227", " 0.608", "0.01", " -0.52", " 1.05", " -1.14", " 1.58", " 1.15", " -0.72", "", " ", " ", " ", " ", " 0.0518255296529854", " 0.165399287661084", "", " ", " ", " ", " ", " 0.75539635645715", " 1", "6.8", "", " ", " 4.0", " ", " ", " 2.5", " ", " ", " ", " ", " ", " ", " ", " ", " ", " 4.5", " ", " ", " ", " ", " 6.0", " ", " 6.8", " 3.9", " ", " ", " 3.9", " ", " ", " ", " ", " 5.8", " 5.0", " ", " "
"1289", "", "False", "Ambrettolic acid", "C16 H30 O3", "Full match", " No results", " No results", " Not the top hit", " Full match", "2.12", "270.22007", "269.21279", "7.823", "2426882.06776268", "20", "0", "0", "", "", "", "No matches found", " No matches found", " No matches found", " No matches found", " No matches found", "", "Multiple matches found", "PreferredDDA", "", "[M-H]-1", "1048643.79360221", " 1515104.80424538", " 1395621.22983206", " 947097.760600064", " 1008927.71742211", " ", "68.9324120904339", " 19.7115856780201", " 30.7908203512216", " 19.9608596927867", " 17.630130705651", " ", "1.445", " 0.903", " 0.921", " 0.723", " 1.474", " 0.000", " Infinity", "0.53", " -0.15", " -0.12", " -0.47", " 0.56", " -Infinity", " Infinity", "0.944555037054956", " 0.994875513108542", " 0.995760689976539", " 0.657585360978009", " 0.64148712696155", " ", " ", "1", " 1", " 1", " 1", " 1", " ", " ", "4.6", "0.4", " 1.0", " ", " 3.3", " ", " ", " 2.7", " 2.3", " 3.6", " 2.0", " ", " 2.1", " 1.3", " 1.1", " ", " ", " ", " 2.1", " 4.6", " ", " 3.3", " ", " ", " ", " 2.1", " 1.7", " ", " ", " ", " ", " ", " ", " ", " ", " "
"852", "", "False", "", "C40 H72 N4", "Full match", " No results", " No results", " No results", " No results", "4.59", "608.57849", "607.57121", "15.904", "2425603.86248024", "0", "0", "0", "", "", "", "No matches found", " No matches found", " No matches found", " No matches found", " No matches found", "", "No matches found", "PreferredDDA", "", "[M-H]-1", "1030226.74005729", " 1707718.11927364", " 1957252.61654748", " 1492641.23718088", " 807177.871043444", " 1888952.77402179", "64.9527353197999", " 5.3116345229769", " 17.0520286928088", " 7.56640683754207", " ", " 17.7758876912887", "1.658", " 1.449", " 1.146", " 0.412", " 1.311", " 1.266", " 0.427", "0.73", " 0.53", " 0.20", " -1.28", " 0.39", " 0.34", " -1.23", "0.161801825330987", " 0.160443128923233", " 0.998627552550043", " ", " 0.83983465973416", " 0.725943789122456", " ", "1", " 1", " 1", " ", " 1", " 1", " ", "6.4", "", " 0.8", " 3.1", " ", " ", " 4.9", " ", " ", " ", " 4.5", " 3.1", " 2.7", " 2.3", " ", " 4.6", " 3.1", " ", " ", " 6.4", " 4.5", " 4.1", " 3.7", " 4.9", " ", " ", " 0.6", " ", " ", " 4.2", " 5.0", " ", " 4.5", " 3.1", " ", " "
"591", "", "False", "", "C31 H52 N6 O4 S", "Full match", " No results", " No results", " No results", " No results", "3.38", "604.37911", "603.37184", "11.949", "2406156.13885518", "0", "0", "0", "", "", "", "No matches found", " No matches found", " No matches found", " No matches found", " No matches found", "", "No matches found", "PreferredDDA", "", "[M-H]-1", "2326932.32852443", " 1135687.11619283", " ", " 1212860.85048305", " 1195533.60989613", " ", "49.4632686883844", " 19.8630030410796", " ", " ", " ", " ", "0.488", " 0.521", " 0.000", " Infinity", " 0.000", " 0.000", " Infinity", "-1.03", " -0.94", " -Infinity", " Infinity", " -Infinity", " -Infinity", " Infinity", "0.646154028211461", " ", " ", " ", " ", " ", " ", "1", " ", " ", " ", " ", " ", " ", "3.6", "0.6", " 2.2", " ", " ", " 3.1", " ", " 3.3", " 2.9", " ", " 3.6", " ", " ", " ", " ", " ", " ", " ", " ", " ", " 1.7", " ", " ", " ", " ", " ", " ", " 0.6", " ", " ", " ", " ", " ", " ", " ", " "
"1418", "", "False", "Tricosanedioic acid", "C23 H44 O4", "No results", " No results", " No results", " Full match", " Full match", "3.75", "384.32540", "383.31812", "11.734", "2392953.68896846", "2", "0", "0", "", "", "", "No matches found", " No matches found", " No matches found", " No matches found", " No matches found", "", "Multiple matches found", "PreferredDDA", "", "[M-H]-1", "1614218.09825033", " 2260774.19225669", " ", " 1145523.34971939", " 2172954.13320094", " 2243892.85090077", "21.88453235637", " ", " ", " 118.888463727989", " 0.351455362770649", " 9.54068990417048", "1.401", " 0.710", " 0.000", " Infinity", " 0.000", " 1.959", " 0.968", "0.49", " -0.49", " -Infinity", " Infinity", " -Infinity", " 0.97", " -0.05", "", " 0.494453868567191", " ", " ", " ", " 0.206978684173845", " 0.999999994875822", "", " 1", " ", " ", " ", " 1", " 1", "4.1", "1.8", " ", " ", " 2.2", " 1.5", " ", " 1.6", " ", " ", " ", " ", " ", " ", " ", " ", " ", " ", " ", " ", " ", " ", " 0.8", " 1.5", " 3.5", " ", " ", " ", " 3.9", " 3.4", " ", " 4.0", " 4.1", " 3.0", " 4.1", " "
"1238", "", "False", "Argenonic acid", "C29 H56 O4", "Not the top hit", " No results", " No results", " Full match", " Full match", "2.44", "468.41900", "467.41173", "12.951", "2381507.83884193", "1", "0", "0", "", "", "", "No matches found", " No matches found", " No matches found", " No matches found", " No matches found", "", "Multiple matches found", "PreferredDDA", "", "[M-H]-1", "2043985.8428487", " 2157511.21128076", " 1759726.96347164", " ", " 2235402.52327685", " 2185422.1017092", "7.77908468294555", " 15.650338039905", " 14.3792665339027", " ", " 4.18398750579016", " 0.731173300996614", "1.056", " 0.000", " 0.816", " 1.270", " Infinity", " Infinity", " 1.023", "0.08", " -Infinity", " -0.29", " 0.35", " Infinity", " Infinity", " 0.03", "0.992332386811025", " ", " 0.734463827260179", " 0.092694162112262", " ", " ", " 0.994825342032607", "1", " ", " 1", " 0.836997588786086", " ", " ", " 1", "6.1", "3.7", " 4.1", " ", " 4.5", " ", " ", " 4.2", " ", " 3.9", " 3.5", " ", " ", " 3.2", " 4.7", " 4.7", " 4.0", " ", " ", " ", " ", " ", " ", " ", " ", " 4.6", " 5.4", " 5.0", " 4.8", " 6.1", " 5.0", " ", " 5.0", " ", " ", " "
"1225", "", "False", "", "C35 H70 N4 S", "Full match", " No results", " No results", " No results", " No results", "-2.50", "578.53067", "577.52340", "14.907", "2363252.30820955", "0", "0", "0", "", "", "", "No matches found", " No matches found", " No matches found", " No matches found", " No matches found", "", "No matches found", "PreferredDDA", "", "[M-H]-1", "1147246.98788587", " 1913288.71659773", " 2093384.50623481", " 1425270.86668118", " 1921194.94898833", " 1883259.85135381", "28.2337045816191", " 25.1602837856227", " 17.9186689474406", " 42.2527959534775", " 39.0073897380397", " 32.7986267690097", "1.668", " 1.242", " 1.094", " 0.918", " 1.469", " 1.321", " 1.020", "0.74", " 0.31", " 0.13", " -0.12", " 0.55", " 0.40", " 0.03", "0.493422358118818", " 0.974797861445184", " 0.985850224554544", " 0.918725737877098", " 0.44557997162657", " 0.952946274727312", " 0.999996650919537", "1", " 1", " 1", " 1", " 1", " 1", " 1", "5.0", "1.8", " 3.5", " 2.4", " ", " 1.8", " 3.4", " 2.8", " 3.0", " 3.0", " 3.4", " 3.1", " 3.3", " 3.5", " 3.1", " ", " 5.0", " 2.1", " ", " 2.0", " 1.7", " 1.2", " 2.0", " 1.4", " 1.1", " ", " 2.5", " 3.2", " ", " 3.6", " 2.5", " 2.5", " 1.9", " 1.9", " 2.9", " "
"365", "", "False", "2-(Methylsulfonyl)-3-(pyrazin-2-ylamino)acrylonitrile", "C8 H8 N4 O2 S", "Not the top hit", " Full match", " No results", " No results", " No results", "4.26", "224.03775", "223.03047", "18.025", "2349775.76953242", "0", "1", "0", "93.3", "9.7", "", "No matches found", " No matches found", " No matches found", " No matches found", " No matches found", "", "No matches found", "PreferredDDA", "", "[M-H]-1", "901227.929538808", " 535645.523354057", " 529803.663062885", " 589388.093203862", " 481420.867545066", " 559677.946545791", "42.344347698466", " 101.969137519883", " 20.7850902111271", " 46.2978109377837", " 47.6543518368434", " 64.8710681625881", "0.594", " 0.654", " 0.989", " 0.909", " 0.899", " 0.950", " 0.860", "-0.75", " -0.61", " -0.02", " -0.14", " -0.15", " -0.07", " -0.22", "0.986769369463485", " 0.998731790835703", " 0.99575366370796", " 0.999996477337017", " 0.984007503493499", " 0.999896694419478", " 0.999158781075323", "1", " 1", " 1", " 1", " 1", " 1", " 1", "6.7", "3.6", " 2.7", " 4.4", " ", " 4.2", " 3.8", " ", " 2.3", " 2.3", " 6.7", " 4.6", " ", " 5.6", " 4.0", " 4.8", " ", " 4.9", " 3.6", " ", " 2.7", " ", " ", " ", " 2.7", " ", " 4.0", " 1.1", " 1.1", " ", " 4.2", " 4.2", " 3.0", " 3.4", " ", " "
"594", "", "False", "", "C35 H74 N8 O2", "Full match", " No results", " No results", " No results", " No results", "-2.56", "638.59184", "637.58486", "15.937", "2344788.78788101", "0", "0", "0", "", "", "", "No matches found", " No matches found", " No matches found", " No matches found", " No matches found", "", "No matches found", "PreferredDDA", "", "[M-H]-1", "1747976.42076283", " 898357.475070825", " 904453.400162054", " 1551618.35253586", " 1664131.70420735", " 1381803.47693613", "17.4276360964477", " 49.6221327273663", " 85.0174205047919", " 53.1738360689653", " 34.9937150305599", " 22.8025629043817", "0.514", " 0.888", " 1.007", " 1.840", " 0.583", " 0.891", " 1.204", "-0.96", " -0.17", " 0.01", " 0.88", " -0.78", " -0.17", " 0.27", "0.444159083468212", " 0.939203785768727", " 0.999990476379159", " 0.783674575765874", " 0.937031177077735", " 0.994825303993983", " 0.999999981258839", "1", " 1", " 1", " 1", " 1", " 1", " 1", "4.6", "2.5", " 3.9", " ", " 3.9", " 3.1", " 3.0", " 1.7", " 0.5", " 1.0", " 1.0", " ", " ", " ", " ", " 3.0", " 1.2", " 2.3", " 2.0", " 1.8", " ", " ", " 2.7", " 3.4", " 1.7", " 1.9", " 2.1", " 4.4", " ", " ", " 4.1", " 2.2", " 4.6", " 2.8", " 2.2", " "
"703", "", "False", "FAHFA 16:0/10:0", "C26 H50 O4", "Not the top hit", " No results", " Full match", " Partial match", " Partial match", "2.99", "426.37219", "425.36491", "15.177", "2338102.67504566", "2", "0", "1", "", "", "9.8", "No matches found", " No matches found", " No matches found", " Single match found", " No matches found", "", "Multiple matches found", "PreferredDDA", "", "[M-H]-1", "1553676.08532691", " 1663353.12016148", " 1613672.82481122", " 1695799.58223656", " 1611228.03392244", " 1622500.59780563", "7.37760087420215", " 13.6058853514119", " 17.7416680259265", " 5.16402376294065", " 3.55403819015341", " 8.53878381623351", "1.071", " 1.091", " 0.970", " 0.998", " 0.952", " 0.957", " 0.993", "0.10", " 0.13", " -0.04", " 0.00", " -0.07", " -0.06", " -0.01", "0.836456732982753", " 0.922395635714179", " 0.999998959585172", " 0.851969688696655", " 0.998825384336676", " 0.999800022695991", " 0.992218380415845", "1", " 1", " 1", " 1", " 1", " 1", " 1", "7.3", "6.4", " 4.1", " 4.5", " 4.9", " 5.6", " 5.5", " 5.1", " 4.0", " 4.0", " 4.7", " 5.0", " 4.5", " 4.6", " 3.5", " 2.3", " 4.2", " 4.9", " 5.6", " 5.3", " ", " 5.3", " 5.3", " 4.5", " 7.3", " 6.1", " 5.8", " 6.1", " 4.2", " 6.8", " 4.1", " 3.7", " 6.0", " 4.9", " 6.0", " 5.6"
"400", "", "False", "", "C40 H72 N4 O3", "Full match", " No results", " No results", " No results", " No results", "3.68", "656.56286", "655.55558", "18.475", "2336093.06650665", "0", "0", "0", "", "", "", "No matches found", " No matches found", " No matches found", " No matches found", " No matches found", "", "No matches found", "PreferredDDA", "", "[M-H]-1", "1162263.47388322", " 1100311.25749713", " 1444727.00572125", " 1713312.43044447", " 945715.599899305", " 1398882.73712355", "46.3922748299378", " 39.2742732754084", " 11.7581949721932", " 28.173211449588", " 23.5541031871993", " 35.2659823783573", "0.947", " 1.474", " 1.313", " 0.655", " 0.843", " 0.816", " 0.676", "-0.08", " 0.56", " 0.39", " -0.61", " -0.25", " -0.29", " -0.56", "0.999744897677694", " 0.595842036469022", " 0.705510602271143", " 0.420703147698041", " 0.997328393704829", " 0.668786238795443", " 0.903087777093369", "1", " 1", " 1", " 1", " 1", " 1", " 1", "7.4", "4.6", " 4.0", " 2.3", " 4.0", " 4.6", " 5.7", " 3.9", " 5.7", " 3.8", " 4.4", " 5.5", " 7.4", " 5.5", " 7.4", " 7.4", " 6.6", " 5.8", " 4.9", " 7.1", " 6.0", " 6.0", " 6.0", " 5.6", " 5.3", " 5.4", " 4.6", " 3.1", " 5.0", " 4.0", " 3.9", " 4.7", " 5.5", " 4.5", " 5.9", " 5.1"
"398", "", "False", "16-Hydroxyhexadecanoic acid", "C16 H32 O3", "Full match", " Full match", " No results", " Full match", " Not the top hit", "2.46", "272.23581", "271.22823", "10.229", "2310884.32496059", "21", "1", "0", "90.2", "9.5", "", "No matches found", " No matches found", " No matches found", " No matches found", " No matches found", "", "Multiple matches found", "PreferredDDA", "", "[M-H]-1", "1434975.4943089", " 1742980.81990653", " 1000256.53683429", " 1315550.35196241", " 961405.621050195", " 996346.393105478", "", " 46.0783520847767", " 55.1143716584022", " 12.1597172236081", " 23.6598393873504", " ", "1.215", " 0.917", " 0.574", " 0.961", " 0.760", " 0.757", " 0.965", "0.28", " -0.13", " -0.80", " -0.06", " -0.40", " -0.40", " -0.05", "", " ", " 0.698955548111107", " 0.999983108540676", " 0.928671234702775", " ", " ", "", " ", " 1", " 1", " 1", " ", " ", "3.8", "", " 1.6", " ", " ", " ", " ", " 3.3", " ", " 3.1", " ", " 2.0", " 1.6", " ", " 0.2", " 0.4", " ", " ", " ", " ", " ", " 2.9", " ", " 3.8", " ", " 3.5", " ", " 2.8", " ", " ", " 3.3", " ", " ", " ", " ", " "
"493", "", "False", "2-(Methylsulfonyl)-3-(pyrazin-2-ylamino)acrylonitrile", "C8 H8 N4 O2 S", "Not the top hit", " Full match", " No results", " No results", " No results", "4.09", "224.03771", "223.03044", "13.136", "2306903.17599639", "0", "1", "0", "94.7", "9.7", "", "No matches found", " No matches found", " No matches found", " No matches found", " No matches found", "", "No matches found", "PreferredDDA", "", "[M-H]-1", "1373075.8058905", " 1474242.62499527", " 1210525.56539786", " 1443233.55936476", " 1258203.85471005", " 1224695.94740912", "37.1907273733403", " 26.849835341285", " 10.8829086407937", " 34.3317570300951", " 28.519004537419", " 28.0425328464271", "1.074", " 1.051", " 0.821", " 1.039", " 0.839", " 0.849", " 1.027", "0.10", " 0.07", " -0.28", " 0.06", " -0.25", " -0.24", " 0.04", "0.989708853681563", " 0.903711596734064", " 0.999967717481926", " 0.999892689180628", " 0.999967811530726", " 0.998381806302227", " 0.999998405602067", "1", " 1", " 1", " 1", " 1", " 1", " 1", "5.7", "3.0", " 4.4", " 5.5", " ", " ", " ", " 4.9", " 4.1", " 4.3", " 3.4", " ", " ", " 4.5", " 4.4", " 5.7", " ", " 4.7", " 4.7", " 1.6", " 4.1", " 3.2", " 4.0", " ", " ", " 4.6", " 4.9", " ", " 4.6", " ", " ", " 5.3", " 3.1", " 4.5", " 3.5", " 3.9"
"618", "", "False", "", "", "No results", " No results", " No results", " No results", " No results", "", "582.53572", "581.52844", "17.161", "2260950.51327334", "0", "0", "0", "", "", "", "No matches found", " No matches found", " No matches found", " No matches found", " No matches found", "", "No matches found", "PreferredDDA", "", "[M-H]-1", "1003667.61448816", " 1048793.99285024", " 1260934.81145474", " 1091517.50287877", " 1472028.91058228", " 2260950.51327334", "", " 0.527961986604376", " ", " ", " ", " ", "1.045", " 1.088", " 1.202", " 1.167", " 1.155", " 2.071", " 0.651", "0.06", " 0.12", " 0.27", " 0.22", " 0.21", " 1.05", " -0.62", "", " ", " ", " ", " ", " ", " ", "", " ", " ", " ", " ", " ", " ", "5.2", "", " 1.7", " ", " ", " ", " ", " 5.2", " 5.2", " ", " ", " ", " ", " ", " 3.6", " ", " ", " ", " ", " ", " ", " ", " ", " 3.3", " ", " ", " ", " 2.7", " ", " ", " ", " ", " ", " ", " 3.5", " "
"1012", "", "False", "", "C35 H71 N2 O P", "Full match", " No results", " No results", " No results", " No results", "1.10", "566.53102", "565.52380", "15.910", "2258387.57310566", "0", "0", "0", "", "", "", "No matches found", " No matches found", " No matches found", " No matches found", " No matches found", "", "No matches found", "PreferredDDA", "", "[M-H]-1", "1169475.40226134", " 1514554.49421999", " 1495293.91204421", " 1334874.95597446", " 1406133.56046551", " 1408749.65547901", "21.7456011010276", " 48.1629717724742", " 30.0174522128828", " 11.26806993194", " 13.052214861471", " 12.066187319894", "1.295", " 1.141", " 0.987", " 0.940", " 1.120", " 1.055", " 0.998", "0.37", " 0.19", " -0.02", " -0.09", " 0.16", " 0.08", " 0.00", "0.965255665686047", " 0.930675762444005", " 0.970819012182278", " 0.998217067913837", " 0.970526421281858", " 0.998775770359848", " 0.999999995784627", "1", " 1", " 1", " 1", " 1", " 1", " 1", "5.3", "5.3", " 2.0", " 2.8", " 1.6", " ", " 2.0", " 0.5", " 2.3", " 0.0", " ", " 1.9", " 2.1", " ", " 2.5", " ", " 3.8", " 2.6", " ", " 3.8", " 4.0", " 3.4", " 4.0", " 3.6", " 4.5", " 3.6", " ", " 3.2", " 3.6", " 4.7", " 5.1", " ", " 2.9", " 3.6", " 3.2", " 3.8"
"383", "", "False", "PE O-24:5_22:6", "C51 H82 N O7 P", "No match", " No results", " Full match", " No match", " No match", "-4.45", "851.57910", "850.57182", "23.808", "2251073.72266208", "1", "0", "1", "", "", "20.3", "No matches found", " No matches found", " No matches found", " Single match found", " No matches found", "", "Single match found", "PreferredDDA", "", "[M-H]-1", "1301432.51367676", " 2135490.23852169", " 1048815.66106703", " ", " 297894.792824398", " 546936.460133496", "", " 10.9206524067072", " 62.6518924495538", " ", " ", " ", "1.641", " 0.000", " 0.491", " 0.284", " Infinity", " Infinity", " 0.545", "0.71", " -Infinity", " -1.03", " -1.82", " Infinity", " Infinity", " -0.88", "", " ", " 0.421642895645801", " ", " ", " ", " ", "", " ", " 1", " ", " ", " ", " ", "8.2", "", " 5.0", " ", " ", " ", " ", " 8.2", " ", " 7.8", " 7.8", " ", " 5.0", " 5.5", " 3.8", " ", " ", " ", " ", " ", " ", " ", " ", " ", " 1.5", " ", " ", " ", " ", " ", " ", " ", " 4.9", " ", " ", " "
"229", "", "False", "", "C8 H14 N4 O9 S2", "Full match", " No results", " No results", " No results", " No results", "-2.62", "374.01924", "373.01196", "1.092", "2238058.17932466", "0", "0", "0", "", "", "", "No matches found", " No matches found", " No matches found", " No matches found", " No matches found", "", "No matches found", "PreferredDDA", "", "[M-H]-1", "1034975.87692789", " 962188.256956318", " 775750.084385539", " 778951.544701255", " 417373.765312352", " 630643.428444563", "48.6170035592647", " 24.2854489828879", " 33.9022551010946", " 49.7152578427394", " 68.5655871514457", " 82.3493944527076", "0.930", " 0.753", " 0.806", " 0.538", " 0.996", " 0.810", " 0.662", "-0.11", " -0.41", " -0.31", " -0.89", " -0.01", " -0.30", " -0.60", "0.999529659993639", " 0.609107397777045", " 0.914322177064778", " 0.966468578602563", " 0.999727677381863", " 0.999160165360372", " 0.952266456860523", "1", " 1", " 1", " 1", " 1", " 1", " 1", "6.9", "5.9", " 5.9", " ", " 5.8", " 5.2", " ", " 6.9", " 6.5", " 6.5", " 6.8", " 6.0", " 6.0", " 6.4", " 6.4", " 5.4", " 5.8", " 5.9", " 5.9", " ", " 5.5", " 5.7", " 5.2", " 4.9", " 4.2", " 4.9", " 5.5", " 4.9", " 5.9", " 4.9", " 5.7", " 5.2", " 5.3", " 5.5", " ", " 5.4"
"775", "", "False", "Mycolipanolic acid (C26)", "C26 H52 O3", "Not the top hit", " No results", " No results", " Not the top hit", " Full match", "3.72", "412.39318", "411.38590", "16.932", "2235661.38583737", "6", "0", "0", "", "", "", "No matches found", " No matches found", " No matches found", " No matches found", " No matches found", "", "Multiple matches found", "PreferredDDA", "", "[M-H]-1", "1770491.54540929", " 1702904.77178116", " 1873504.33663316", " 1752448.75002706", " 1828275.14896646", " 1844846.06261353", "6.5547814953553", " 3.64318514351175", " 8.54335371844325", " 9.96137382277624", " 8.44027003255598", " 3.88342702794149", "0.962", " 0.990", " 1.100", " 0.976", " 1.069", " 1.053", " 0.991", "-0.06", " -0.01", " 0.14", " -0.04", " 0.10", " 0.07", " -0.01", "0.999990622886342", " 0.894290884145914", " 0.132972627197072", " 0.90780909207532", " 0.442102664547986", " 0.989585493169808", " 0.999981477395176", "1", " 1", " 1", " 1", " 1", " 1", " 1", "7.9", "7.1", " 5.3", " 6.0", " 6.4", " 6.4", " 6.1", " 6.5", " 5.4", " 5.8", " 5.4", " 5.6", " 6.4", " 5.6", " 5.3", " 6.0", " 5.6", " 5.6", " 5.3", " 5.3", " 5.3", " 6.8", " 5.3", " 5.6", " 7.9", " 6.0", " 5.3", " 6.0", " 5.6", " 7.3", " 6.5", " 6.9", " 6.5", " 5.4", " 5.8", " 6.9"
"1077", "", "False", "", "C28 H46 Cl N7 O2 S", "Full match", " No results", " No results", " No results", " No results", "-0.87", "579.31172", "578.30444", "7.325", "2233245.01353488", "0", "0", "0", "", "", "", "No matches found", " No matches found", " No matches found", " No matches found", " No matches found", "", "No matches found", "PreferredDDA", "", "[M-H]-1", "855318.327986644", " ", " 1619772.34029198", " 995907.037826139", " 999137.812829736", " 1179485.93119704", "", " ", " 28.5910066967719", " 53.7997953554828", " 16.7344802352311", " 15.6164649353558", "0.000", " 1.164", " Infinity", " 0.617", " 1.626", " 1.184", " 0.847", "-Infinity", " 0.22", " Infinity", " -0.70", " 0.70", " 0.24", " -0.24", "", " ", " ", " 0.588740496864676", " 0.403174464103955", " 0.964559519027568", " 0.99473689819102", "", " ", " ", " 1", " 1", " 1", " 1", "3.5", "1.7", " ", " ", " ", " ", " ", " ", " ", " ", " ", " ", " 3.5", " 3.0", " 3.0", " ", " ", " ", " 0.4", " 1.4", " 1.6", " 0.8", " ", " 1.7", " 2.5", " 2.9", " 2.5", " 2.9", " ", " ", " 3.5", " ", " ", " 2.9", " ", " "
"649", "", "False", "Maresin 1", "C22 H32 O4", "Not the top hit", " No results", " Full match", " Not the top hit", " Not the top hit", "-1.93", "360.22937", "359.22209", "9.814", "2206363.73889081", "25", "0", "2", "", "", "0.2", "Multiple matches found", " No matches found", " No matches found", " No matches found", " No matches found", "", "Multiple matches found", "PreferredDDA", "", "[M-H]-1", "1193325.86967376", " 678000.904196477", " 599728.166903048", " 1481072.9729603", " 665922.670323803", " 1360354.89625509", "2.82241538011729", " 9.84271459655555", " 33.862720376984", " 20.6531845131425", " 59.0410638274091", " 40.2875420749123", "0.568", " 1.241", " 0.885", " 1.110", " 0.405", " 0.918", " 0.490", "-0.82", " 0.31", " -0.18", " 0.15", " -1.30", " -0.12", " -1.03", "0.610102729501754", " 0.996332513688166", " 0.999908657705195", " 0.995115313680666", " 0.127778341409412", " 0.99831433114261", " 0.153867718001503", "1", " 1", " 1", " 1", " 1", " 1", " 1", "6.7", "6.7", " 5.5", " ", " ", " ", " ", " 4.6", " 3.3", " 5.0", " ", " 1.9", " 1.1", " 1.3", " 0.9", " 2.0", " ", " 3.9", " ", " ", " 3.4", " 2.6", " 4.3", " 6.0", " ", " 2.9", " ", " 4.8", " 2.7", " 4.0", " 2.5", " 4.5", " 3.1", " ", " 2.7", " 5.0"
"515", "", "False", "2-(Methylsulfonyl)-3-(pyrazin-2-ylamino)acrylonitrile", "C8 H8 N4 O2 S", "Full match", " Full match", " No results", " No results", " No results", "4.09", "224.03771", "223.03043", "17.738", "2204307.14052276", "0", "1", "0", "94.1", "9.7", "", "No matches found", " No matches found", " No matches found", " No matches found", " No matches found", "", "No matches found", "PreferredDDA", "", "[M-H]-1", "980972.292930817", " 898863.92263582", " 547210.868094652", " 531329.565721495", " 791397.204762234", " 543867.222816359", "40.278662236748", " 69.5950523162002", " 15.3736368732321", " 46.7713728434094", " 36.5977367592949", " 52.4028245551163", "0.916", " 0.542", " 0.609", " 1.446", " 1.030", " 1.024", " 1.455", "-0.13", " -0.88", " -0.72", " 0.53", " 0.04", " 0.03", " 0.54", "0.986175506738489", " 0.961593604326912", " 0.613104467823539", " 0.985517316598026", " 0.999733205301397", " 0.999564577524734", " 0.999967854875922", "1", " 1", " 1", " 1", " 1", " 1", " 1", "5.5", "5.2", " ", " 4.4", " 3.4", " ", " ", " 3.6", " 2.3", " ", " 4.6", " 5.5", " ", " ", " 3.8", " 3.0", " ", " 3.4", " 3.3", " ", " 1.1", " ", " 3.0", " 2.7", " ", " ", " 2.6", " ", " 2.8", " ", " ", " 5.5", " 2.3", " ", " 3.4", " "
"1604", "", "False", "Mycolipenic acid (C28)", "C28 H54 O2", "Full match", " No results", " No results", " Not the top hit", " Full match", "2.71", "422.41353", "421.40625", "17.823", "2177993.02635709", "14", "0", "0", "", "", "", "No matches found", " No matches found", " No matches found", " No matches found", " No matches found", "", "Multiple matches found", "PreferredDDA", "", "[M-H]-1", "735223.99338939", " 887739.249804872", " 896843.793851757", " 854380.67912603", " 1520499.57606338", " 895005.149637597", "46.9220167426825", " 8.13668415283357", " 10.2513048949191", " 14.1665391713411", " 61.1533320505241", " 2.8559043635663", "1.207", " 1.162", " 1.010", " 1.695", " 1.050", " 1.048", " 1.699", "0.27", " 0.22", " 0.01", " 0.76", " 0.07", " 0.07", " 0.76", "0.999992294771731", " 0.999913963275621", " 0.999999801888724", " 0.596466855661661", " 0.997407677429453", " 0.999879273059383", " 0.55342497743434", "1", " 1", " 1", " 1", " 1", " 1", " 1", "5.2", "", " ", " 0.5", " 2.1", " 2.5", " 5.0", " ", " ", " 4.3", " 4.6", " 3.8", " ", " 3.8", " 3.8", " 3.8", " ", " ", " ", " 3.8", " 3.8", " 4.1", " ", " ", " ", " ", " 0.5", " ", " 2.5", " ", " ", " 4.8", " ", " ", " 4.8", " 5.2"
"1089", "", "False", "", "C16 H36 O4 P2", "Full match", " No results", " No results", " No results", " No results", "-0.23", "354.20880", "353.20153", "8.356", "2174479.5877833", "0", "0", "0", "", "", "", "No matches found", " No matches found", " No matches found", " No matches found", " No matches found", "", "No matches found", "PreferredDDA", "", "[M-H]-1", "1230493.38568199", " 1734282.41252919", " 1626557.64955808", " ", " ", " ", "", " 15.0467634341933", " ", " ", " ", " ", "1.409", " 0.000", " 0.938", " 0.000", " Infinity", " ", " ", "0.50", " -Infinity", " -0.09", " -Infinity", " Infinity", " ", " ", "", " ", " ", " ", " ", " ", " ", "", " ", " ", " ", " ", " ", " ", "5.4", "", " ", " ", " ", " 2.9", " ", " 5.0", " 5.0", " ", " 5.4", " ", " ", " ", " 2.3", " ", " ", " ", " ", " ", " ", " ", " ", " ", " ", " ", " ", " ", " ", " ", " ", " ", " ", " ", " ", " "
"508", "", "False", "", "C59 H57 N4 O P3", "Full match", " No results", " No results", " No results", " No results", "-0.46", "930.37410", "929.36682", "11.701", "2169709.06058356", "0", "0", "0", "", "", "", "No matches found", " No matches found", " No matches found", " No matches found", " No matches found", "", "No matches found", "PreferredDDA", "", "[M-H]-1", "1033506.55613971", " 953250.63440634", " 1283881.40065653", " 1005253.81001839", " 890108.371508848", " 1071664.68429797", "41.2242684572972", " 29.8042851504111", " 47.7719309237474", " 30.475203262798", " 17.8955562921431", " 23.0659640994399", "0.922", " 0.973", " 1.347", " 0.693", " 1.277", " 1.066", " 0.831", "-0.12", " -0.04", " 0.43", " -0.53", " 0.35", " 0.09", " -0.27", "0.999999113480365", " 0.999993768039438", " 0.906715863354323", " 0.409067374264896", " 0.840287854918001", " 0.999050036319041", " 0.855794563435143", "1", " 1", " 1", " 1", " 1", " 1", " 1", "5.8", "5.2", " 2.9", " ", " ", " 3.9", " ", " 4.3", " 2.4", " 5.0", " 4.5", " 2.7", " 3.1", " 4.0", " 4.2", " 2.9", " 2.9", " 0.5", " 2.6", " 2.1", " ", " 2.9", " 4.5", " 3.4", " 4.9", " 4.0", " 4.0", " 3.3", " 4.4", " 4.3", " 4.6", " ", " 5.8", " 3.1", " 5.3", " 4.6"
"489", "", "False", "", "C21 H42 O6", "Full match", " No results", " No results", " No results", " No results", "2.29", "390.29903", "389.29176", "10.665", "2168591.67031441", "0", "0", "0", "", "", "", "No matches found", " No matches found", " No matches found", " No matches found", " No matches found", "", "No matches found", "PreferredDDA", "", "[M-H]-1", "1159116.88739616", " 1061642.21435608", " 1350534.97359181", " 1752690.64496098", " 910163.340058475", " 1127711.78223779", "35.7592512701116", " 41.6115079695392", " 12.7340192337461", " 31.7937760337809", " 33.1718147182351", " 29.0672091690236", "0.916", " 1.512", " 1.272", " 0.674", " 0.771", " 0.643", " 0.807", "-0.13", " 0.60", " 0.35", " -0.57", " -0.38", " -0.64", " -0.31", "0.599959786645969", " 0.971801811767682", " 0.463494827104458", " 0.883688064851855", " 0.958507624877415", " 0.421829530083258", " 0.999741480278503", "1", " 1", " 1", " 1", " 1", " 1", " 1", "7.0", "3.6", " 4.1", " ", " ", " 2.6", " 3.4", " 2.9", " ", " ", " 1.7", " 3.0", " 5.7", " 5.9", " ", " 7.0", " 5.1", " ", " 4.5", " 4.4", " 3.2", " 3.2", " 5.5", " ", " 5.5", " 3.0", " 3.8", " ", " ", " 5.0", " 3.9", " 3.9", " 4.5", " 5.0", " 3.0", " 3.9"
"466", "", "False", "14:0 Cholesterol ester", "C41 H72 O2", "Full match", " No results", " No results", " Full match", " Full match", "-3.00", "596.55144", "595.54417", "17.166", "2153332.88760867", "1", "0", "0", "", "", "", "No matches found", " No matches found", " No matches found", " No matches found", " No matches found", "", "Single match found", "PreferredDDA", "", "[M-H]-1", "1284020.3467573", " 1504686.81353165", " 1809070.26595129", " 1524578.30446092", " 2153332.88760867", " ", "41.7701193033712", " 2.69251673727268", " ", " ", " ", " ", "1.172", " 1.187", " 1.202", " 1.190", " 1.187", " 0.000", " Infinity", "0.23", " 0.25", " 0.27", " 0.25", " 0.25", " -Infinity", " Infinity", "0.928623708048771", " ", " ", " ", " ", " ", " ", "1", " ", " ", " ", " ", " ", " ", "6.1", "", " 1.7", " 3.0", " 2.7", " 3.5", " 5.8", " ", " 6.1", " ", " ", " ", " ", " ", " 2.7", " ", " ", " ", " ", " ", " ", " ", " ", " 3.9", " ", " ", " ", " 3.1", " ", " ", " ", " ", " ", " ", " ", " "
"954", "", "False", "Heptacosanedioic acid", "C27 H52 O4", "Not the top hit", " No results", " No results", " Not the top hit", " Full match", "3.88", "440.38827", "439.38099", "15.527", "2138068.28403363", "3", "0", "0", "", "", "", "No matches found", " No matches found", " No matches found", " No matches found", " No matches found", "", "Multiple matches found", "PreferredDDA", "", "[M-H]-1", "1435080.29819356", " 1514074.42423904", " 1507733.75253668", " 1502169.59986488", " 1399485.79195052", " 1409686.58263383", "10.3401761570856", " 8.6535516105571", " 23.6872223673956", " 10.9591726852215", " 10.4584957664736", " 11.3237060462945", "1.055", " 1.047", " 0.996", " 0.928", " 1.004", " 0.938", " 0.993", "0.08", " 0.07", " -0.01", " -0.11", " 0.01", " -0.09", " -0.01", "0.999141395787009", " 0.967550320216848", " 0.975688835618052", " 0.83391960416212", " 0.998630393654048", " 0.947049585315668", " 0.999983477266158", "1", " 1", " 1", " 1", " 1", " 1", " 1", "5.9", "4.5", " 5.9", " 4.0", " 3.6", " 4.7", " 4.1", " 4.5", " 5.6", " 3.7", " 4.1", " 3.7", " 3.7", " 3.0", " 2.6", " ", " 3.9", " 3.6", " 5.1", " 3.6", " 3.2", " 4.4", " 2.5", " 3.2", " 4.9", " 4.0", " ", " 4.0", " 4.0", " 4.0", " 2.5", " 2.9", " 3.6", " 4.5", " 3.6", " 3.6"
"337", "", "False", "", "C8 H7 N6 O6 P S", "Full match", " No results", " No results", " No results", " No results", "-2.60", "345.98764", "344.98036", "23.844", "2130670.3562504", "0", "0", "0", "", "", "", "No matches found", " No matches found", " No matches found", " No matches found", " No matches found", "", "No matches found", "PreferredDDA", "", "[M-H]-1", "1820423.17569348", " 1842771.80215822", " 1912087.67605641", " 1829355.22107496", " 1897213.11707035", " 1834790.72436596", "3.68071913756172", " 3.06109882682472", " 7.23250149042455", " 4.40460579502318", " 4.07774545323531", " 2.88118197915757", "1.012", " 1.005", " 1.038", " 0.992", " 1.045", " 1.003", " 1.034", "0.02", " 0.01", " 0.05", " -0.01", " 0.06", " 0.00", " 0.05", "0.999929330632473", " 0.999348017702272", " 0.549765393829669", " 0.999999999886049", " 0.833754838783672", " 0.996135780487503", " 0.604129951539124", "1", " 1", " 1", " 1", " 1", " 1", " 1", "9.2", "9.2", " 9.2", " 9.2", " ", " 9.2", " 9.2", " 9.2", " 9.2", " 8.8", " 9.2", " 8.7", " 8.7", " 8.7", " 8.7", " 8.7", " 8.7", " 9.2", " 9.2", " 9.2", " 9.2", " 9.2", " 9.2", " 9.2", " 9.2", " 9.2", " 9.2", " 9.2", " 9.2", " 9.2", " 9.2", " 9.2", " 9.2", " 9.2", " 9.2", " 9.2"
"816", "", "False", "LPE 20:4", "C25 H44 N O7 P", "Not the top hit", " No results", " Full match", " Not the top hit", " Partial match", "3.27", "501.28718", "500.27990", "6.981", "2112850.13129734", "6", "0", "1", "", "", "68.9", "No matches found", " No matches found", " No matches found", " Single match found", " No matches found", "", "Multiple matches found", "PreferredDDA", "", "[M-H]-1", "", " 946894.925946627", " 1233248.60940465", " 1185182.07197061", " 907312.582068273", " 675981.027742071", "", " ", " 37.7640297273459", " 41.0178407468135", " ", " 57.7806411628449", "Infinity", " Infinity", " 1.302", " 0.736", " 1.041", " 0.570", " 1.342", "Infinity", " Infinity", " 0.38", " -0.44", " 0.06", " -0.81", " 0.42", "", " ", " ", " ", " 0.950339248216411", " 0.623387747136565", " ", "", " ", " ", " ", " 1", " 1", " ", "5.2", "", " ", " ", " ", " ", " 2.9", " ", " ", " ", " ", " 4.1", " 4.5", " 3.5", " ", " ", " 4.1", " ", " 4.0", " 4.6", " 3.3", " 3.9", " 5.2", " 3.9", " ", " 4.0", " ", " ", " ", " 2.7", " 4.2", " ", " 2.7", " 3.3", " ", " "
"1401", "", "False", "", "", "No results", " No results", " No results", " No results", " No results", "", "958.97778", "957.97050", "20.675", "2108087.48081842", "0", "0", "0", "", "", "", "No matches found", " No matches found", " No matches found", " No matches found", " No matches found", "", "No matches found", "PreferredDDA", "", "[M-H]-1", "954082.171184181", " 1401818.28488605", " 1732056.91457525", " 1588115.07256879", " 1015125.26714801", " 1847136.0636195", "6.80370413792472", " ", " 7.82388506288822", " 32.6408749168315", " 56.7327504425201", " 4.54725195492663", "1.469", " 1.665", " 1.236", " 0.586", " 1.091", " 1.163", " 0.550", "0.56", " 0.74", " 0.31", " -0.77", " 0.13", " 0.22", " -0.86", "", " 0.513751773261085", " ", " 0.750084506011106", " 0.97512778711124", " 0.923157988900998", " 0.628474152025546", "", " 1", " ", " 1", " 1", " 1", " 1", "5.4", "4.6", " 3.9", " ", " 5.4", " 4.3", " ", " 1.6", " ", " ", " ", " 3.0", " ", " ", " ", " ", " 3.0", " 1.0", " ", " 1.3", " 1.7", " ", " 2.6", " ", " 1.4", " ", " ", " 2.5", " 0.8", " ", " ", " 3.5", " ", " ", " ", " 3.9"
"450", "", "False", "", "C42 H30 Cl2 N6 S", "Full match", " No results", " No results", " No results", " No results", "-0.40", "720.16269", "719.15541", "13.136", "2106959.04969223", "0", "0", "0", "", "", "", "No matches found", " No matches found", " No matches found", " No matches found", " No matches found", "", "No matches found", "PreferredDDA", "", "[M-H]-1", "1039899.96925406", " 1114028.05567536", " 485710.261943903", " 1121416.87039386", " 1024184.03630824", " 1015582.2494037", "59.5225931753435", " 41.7020079738406", " 49.4617336663559", " 39.1474657971653", " 63.3774705540561", " 52.2207476037003", "1.071", " 1.078", " 0.436", " 2.109", " 0.433", " 0.906", " 1.008", "0.10", " 0.11", " -1.20", " 1.08", " -1.21", " -0.14", " 0.01", "0.997593046176836", " 0.999999997694454", " 0.792304036489171", " 0.867970575917261", " 0.44895242502694", " 0.999936650328734", " 0.995315353297723", "1", " 1", " 1", " 1", " 1", " 1", " 1", "5.8", "3.6", " 4.0", " 5.8", " 2.3", " ", " 3.8", " 3.1", " 3.6", " 5.2", " 2.5", " 1.9", " 2.7", " ", " 4.8", " 2.1", " 3.8", " 5.1", " 5.5", " ", " 4.1", " 4.9", " 3.8", " 3.2", " 4.5", " 4.4", " 4.6", " 1.5", " 3.3", " 2.7", " 3.0", " 2.7", " 2.9", " 4.2", " 4.8", " 3.6"
"421", "", "False", "", "C45 H81 N O12", "Full match", " No results", " No results", " No results", " No results", "-0.13", "827.57577", "826.56849", "23.806", "2104246.66935653", "0", "0", "0", "", "", "", "No matches found", " No matches found", " No matches found", " No matches found", " No matches found", "", "No matches found", "PreferredDDA", "", "[M-H]-1", "379674.215035434", " 835160.885645702", " 364599.036358435", " ", " ", " ", "", " 59.6149943500621", " ", " ", " ", " ", "2.200", " 0.000", " 0.437", " 0.000", " Infinity", " ", " ", "1.14", " -Infinity", " -1.20", " -Infinity", " Infinity", " ", " ", "", " ", " ", " ", " ", " ", " ", "", " ", " ", " ", " ", " ", " ", "5.9", "", " 4.2", " ", " ", " ", " ", " 5.8", " ", " 5.5", " 5.9", " ", " 3.4", " ", " ", " ", " ", " ", " ", " ", " ", " ", " ", " ", " ", " ", " ", " ", " ", " ", " ", " ", " ", " ", " ", " "
"1637", "", "False", "", "", "No results", " No results", " No results", " No results", " No results", "", "971.01311", "970.00583", "21.118", "2085993.75382586", "0", "0", "0", "", "", "", "No matches found", " No matches found", " No matches found", " No matches found", " No matches found", "", "No matches found", "PreferredDDA", "", "[M-H]-1", "", " 688948.183274737", " 716209.563345058", " 693384.781166223", " 634235.990949439", " 561111.127825106", "", " 27.0764878239909", " 14.7535390410812", " 73.4475401131179", " ", " 6.54477329879622", "Infinity", " Infinity", " 1.040", " 0.886", " 1.033", " 0.809", " 1.130", "Infinity", " Infinity", " 0.06", " -0.18", " 0.05", " -0.31", " 0.18", "", " ", " 0.997256142028067", " ", " 0.917034796934561", " 0.584737888114925", " ", "", " ", " 1", " ", " 1", " 1", " ", "5.2", "", " ", " ", " ", " ", " 2.8", " ", " ", " ", " 5.2", " 3.4", " 2.2", " ", " 4.1", " ", " 4.5", " ", " 1.7", " ", " ", " 3.8", " ", " 1.2", " 1.9", " ", " ", " ", " ", " ", " ", " ", " ", " ", " 3.7", " 5.2"
"1129", "", "False", "Argenonic acid", "C29 H56 O4", "Not the top hit", " No results", " No results", " Full match", " Full match", "2.87", "468.41920", "467.41193", "17.187", "2071023.16409552", "1", "0", "0", "", "", "", "No matches found", " No matches found", " No matches found", " No matches found", " No matches found", "", "Multiple matches found", "PreferredDDA", "", "[M-H]-1", "1711203.66383133", " 1361822.74913561", " 1549028.91889201", " 1447636.64442867", " 1572960.14354623", " 1448369.80417948", "15.1664082221895", " 31.9966355078234", " 7.56221309243182", " 6.23690918163246", " 21.3008520457627", " 11.9897140895466", "0.796", " 0.846", " 1.137", " 1.015", " 1.070", " 1.001", " 1.086", "-0.33", " -0.24", " 0.19", " 0.02", " 0.10", " 0.00", " 0.12", "0.997578296717901", " 0.990408819923802", " 0.988188238957387", " 0.996983124732847", " 0.967115835791118", " 0.996369818987809", " 0.999998576378908", "1", " 1", " 1", " 1", " 1", " 1", " 1", "6.0", "", " 3.9", " ", " 3.1", " 3.9", " ", " 2.5", " 4.0", " ", " 2.6", " ", " ", " ", " 4.5", " 3.7", " 5.3", " ", " 5.6", " ", " ", " 4.1", " 5.3", " 6.0", " 3.0", " 2.2", " 3.4", " ", " 2.8", " 5.1", " ", " 5.5", " 2.9", " 4.7", " 3.6", " 5.1"
"1101", "", "False", "", "C49 H76 N2 O2", "Full match", " No results", " No results", " No results", " No results", "1.66", "724.59188", "723.58461", "17.717", "2061636.5668582", "0", "0", "0", "", "", "", "No matches found", " No matches found", " No matches found", " No matches found", " No matches found", "", "No matches found", "PreferredDDA", "", "[M-H]-1", "1501809.66911759", " 1519396.3184462", " 1507550.68012069", " 1397379.02560472", " 1507496.37792049", " 1459203.06021307", "11.2728512430261", " 7.7254972273323", " 17.8191704306627", " 29.4804139803147", " 23.1792825931419", " 14.8335828929209", "1.012", " 0.930", " 0.992", " 1.000", " 1.079", " 1.044", " 1.033", "0.02", " -0.10", " -0.01", " 0.00", " 0.11", " 0.06", " 0.05", "0.999920402854122", " 0.770189013155227", " 0.997281338562581", " 0.942544716087997", " 0.39005286540773", " 0.842437472981646", " 0.9999999976369", "1", " 1", " 1", " 1", " 1", " 1", " 1", "5.9", "5.1", " 5.9", " 3.2", " 4.1", " 4.0", " 4.5", " 4.1", " ", " 3.4", " 5.6", " 3.1", " 2.0", " ", " 3.5", " 2.7", " ", " 3.4", " 2.5", " 3.4", " 1.2", " 2.6", " 2.2", " ", " 2.6", " 1.8", " 2.6", " 3.5", " 1.5", " 2.2", " 4.0", " 3.6", " 4.0", " 4.4", " 3.0", " "
"573", "", "False", "", "C40 H81 Cl S", "Full match", " No results", " No results", " No results", " No results", "-3.67", "628.57245", "627.56517", "18.448", "2030849.79985113", "0", "0", "0", "", "", "", "No matches found", " No matches found", " No matches found", " No matches found", " No matches found", "", "No matches found", "PreferredDDA", "", "[M-H]-1", "616750.396976366", " 644180.143666288", " 729941.711830939", " 871553.001488969", " 1179719.26208909", " 1699490.64996526", "15.0849124501933", " 17.5741031555356", " 13.3761787250249", " 9.11706370451517", " 9.17975235964332", " 14.4062150721785", "1.044", " 1.413", " 1.133", " 1.616", " 0.838", " 1.950", " 0.694", "0.06", " 0.50", " 0.18", " 0.69", " -0.26", " 0.96", " -0.53", "0.998520852669435", " 0.0158913438682734", " 0.753694192593647", " 9.02950500335509E-05", " 0.486906515582797", " 4.81688799958135E-10", " 0.000100855743202399", "1", " 0.228117678109086", " 1", " 0.00709066414285509", " 1", " 2.31692312779863E-07", " 0.0435696810634365", "7.4", "4.0", " 6.4", " 5.3", " 3.8", " 3.6", " 5.7", " 3.3", " 5.2", " 5.3", " 5.3", " 4.9", " 4.5", " 5.3", " 5.3", " 4.5", " 4.5", " 6.5", " 5.4", " 5.8", " 5.8", " 5.0", " 6.2", " 5.4", " 7.3", " 5.8", " 5.0", " 6.5", " 5.8", " 7.0", " 6.6", " 6.6", " 5.5", " 5.9", " 7.0", " 7.4"
"1249", "", "False", "FAHFA 16:0/14:0", "C30 H58 O4", "Full match", " No results", " Full match", " Partial match", " Partial match", "3.34", "482.43512", "481.42784", "16.271", "2028088.9699776", "3", "0", "3", "", "", "34.4", "No matches found", " No matches found", " No matches found", " Multiple matches found", " No matches found", "", "Multiple matches found", "PreferredDDA", "Fatty_Acid_16:1", "[M-H]-1", "1429224.04964115", " 1320371.05577247", " 1553271.14296925", " 1334457.02101324", " 1412903.67990937", " 1213582.0335878", "27.8085540248135", " 22.0038646885407", " 17.4827062185149", " 16.0737163872314", " 15.403541657133", " 11.045816163337", "0.924", " 0.934", " 1.176", " 0.910", " 1.164", " 0.909", " 1.164", "-0.11", " -0.10", " 0.23", " -0.14", " 0.22", " -0.14", " 0.22", "0.839672301878037", " 0.985303817692883", " 0.309337391786555", " 0.974389684239198", " 0.571913170411584", " 0.935397969354499", " 0.791111217441323", "1", " 1", " 1", " 1", " 1", " 1", " 1", "4.4", "1.5", " 1.6", " 1.8", " ", " ", " 2.8", " 2.2", " 2.2", " ", " 4.3", " 2.3", " 3.9", " 3.1", " 2.3", " 3.1", " 3.1", " 4.4", " 2.5", " 2.3", " 2.7", " 2.0", " 4.2", " 2.9", " ", " 1.7", " 2.3", " 2.0", " ", " 2.6", " 4.1", " 4.0", " ", " 2.5", " ", " "
"1107", "", "False", "", "C15 H26 O8", "Full match", " No results", " No results", " No match", " No results", "3.66", "334.16399", "333.15671", "1.332", "2013852.44534987", "1", "0", "0", "", "", "", "No matches found", " No matches found", " No matches found", " No matches found", " No matches found", "", "No matches found", "PreferredDDA", "", "[M-H]-1", "1052590.7514442", " 1431985.01144557", " 1381385.90837235", " 1290254.2764473", " 938956.491377855", " 1020538.79064306", "0.764124142323116", " 25.8594199865941", " 32.5966085470422", " 12.7228848781024", " 14.7580126593517", " 47.3191578472767", "1.360", " 1.226", " 0.965", " 0.680", " 1.071", " 0.791", " 0.920", "0.44", " 0.29", " -0.05", " -0.56", " 0.10", " -0.34", " -0.12", "0.870451017130236", " 0.895369985144901", " 0.99999994064424", " 0.280890154530987", " 0.999704780693078", " 0.637976406520605", " 0.998386172850433", "1", " 1", " 1", " 1", " 1", " 1", " 1", "6.6", "5.5", " 6.3", " ", " 6.3", " ", " ", " 5.3", " 4.3", " 5.3", " 5.6", " 4.9", " 4.0", " 4.7", " 4.7", " 4.7", " 4.5", " 6.0", " 4.9", " 6.3", " 4.5", " 6.6", " 4.1", " 5.1", " 4.9", " 5.3", " 5.3", " 5.3", " 4.9", " 2.7", " 4.4", " 2.1", " 3.5", " 4.2", " ", " "
"546", "", "False", "", "C45 H81 N O S", "Full match", " No results", " No results", " No results", " No results", "-1.46", "683.60289", "682.59561", "18.642", "1985376.45054169", "0", "0", "0", "", "", "", "No matches found", " No matches found", " No matches found", " No matches found", " No matches found", "", "No matches found", "PreferredDDA", "", "[M-H]-1", "413004.236436018", " 1104009.0102407", " 903572.887310155", " 301374.005046868", " 383395.918553827", " 558711.90563467", "8.23503411683783", " 37.4611931203194", " 80.3507054105724", " 3.36432842769462", " 25.7222460871574", " ", "2.673", " 0.730", " 0.818", " 0.424", " 2.998", " 1.854", " 0.686", "1.42", " -0.45", " -0.29", " -1.24", " 1.58", " 0.89", " -0.54", "0.676434160587546", " 0.998658611940079", " 0.531252032080548", " 0.999999868399374", " 0.999016763121364", " ", " ", "1", " 1", " 1", " 1", " 1", " ", " ", "7.1", "", " 7.1", " ", " ", " 4.0", " 6.0", " 4.9", " ", " 4.5", " 4.7", " ", " 2.9", " ", " 2.1", " 3.4", " ", " ", " 5.7", " ", " 5.3", " ", " ", " ", " ", " ", " ", " 2.1", " 5.2", " ", " ", " ", " ", " ", " 0.4", " "
"1028", "", "False", "", "C49 H89 P", "Full match", " No results", " No results", " No results", " No results", "0.29", "708.67040", "707.66312", "17.218", "1964279.73679274", "0", "0", "0", "", "", "", "No matches found", " No matches found", " No matches found", " No matches found", " No matches found", "", "No matches found", "PreferredDDA", "", "[M-H]-1", "1023158.56437924", " 1295242.93800889", " 925986.179406796", " 1028890.57398224", " 1149795.79698405", " 1519495.00891629", "40.4262127370039", " 30.7201707595009", " 14.6878514160556", " 19.2616303848597", " 3.57716078724832", " 27.9084414715236", "1.266", " 1.006", " 0.715", " 1.242", " 0.900", " 1.477", " 0.757", "0.34", " 0.01", " -0.48", " 0.31", " -0.15", " 0.56", " -0.40", "0.38777543628593", " 0.798854963948651", " 0.84409779568073", " 0.96141189777981", " 0.998179113335371", " 0.463771008862512", " 0.864720415620749", "1", " 1", " 1", " 1", " 1", " 1", " 1", "4.8", "0.8", " 0.6", " 0.2", " 0.6", " ", " 1.1", " 0.7", " 1.7", " ", " 1.3", " 2.2", " 2.6", " 3.8", " ", " ", " 2.6", " 2.9", " 2.0", " 4.0", " 1.7", " 2.5", " ", " ", " 4.8", " 3.6", " 3.3", " ", " ", " 3.4", " 2.6", " ", " 1.2", " 3.0", " ", " 1.8"
"1981", "", "False", "tetrofosmin", "C18 H40 O4 P2", "No results", " No results", " No results", " Full match", " No results", "-0.73", "382.23991", "381.23263", "10.045", "1953620.54137678", "1", "0", "0", "", "", "", "No matches found", " No matches found", " No matches found", " No matches found", " No matches found", "", "No matches found", "PreferredDDA", "", "[M-H]-1", "1573848.37787878", " 1649743.14838111", " 1795178.83255031", " 1742532.19039022", " ", " 1297256.03872472", "", " 5.36484238340037", " 12.4817878533935", " ", " ", " 26.3291019152168", "1.048", " 1.107", " 1.088", " 0.000", " 1.030", " 0.744", " 0.000", "0.07", " 0.15", " 0.12", " -Infinity", " 0.04", " -0.43", " -Infinity", "", " ", " 0.925592661471524", " ", " ", " ", " ", "", " ", " 1", " ", " ", " ", " ", "4.1", "", " ", " ", " ", " 1.6", " ", " 3.4", " 4.1", " ", " 3.7", " ", " 3.2", " ", " 2.5", " ", " ", " ", " ", " ", " ", " ", " 0.5", " ", " ", " ", " ", " ", " ", " ", " ", " ", " 1.5", " ", " 1.6", " "
"1216", "", "False", "FAHFA(17:0/10-O-18:0)", "C35 H68 O4", "Not the top hit", " No results", " No results", " Full match", " Full match", "1.09", "552.51236", "551.50509", "15.303", "1937184.84651026", "5", "0", "0", "", "", "", "No matches found", " No matches found", " No matches found", " No matches found", " No matches found", "", "Multiple matches found", "PreferredDDA", "", "[M-H]-1", "1566007.75687837", " 1231276.18909213", " 1442951.46018518", " 1388585.31956016", " 1194870.97183963", " 1163944.42566328", "22.7092819944022", " 18.8849624181958", " 30.5024848868037", " 10.2723540260119", " 19.9935833530893", " 24.9000316939819", "0.786", " 0.887", " 1.172", " 0.828", " 1.039", " 0.838", " 1.027", "-0.35", " -0.17", " 0.23", " -0.27", " 0.06", " -0.25", " 0.04", "0.674261923622555", " 0.999703888488637", " 0.853938047437626", " 0.625176033485604", " 0.999931263552293", " 0.812007669352602", " 0.981647177162098", "1", " 1", " 1", " 1", " 1", " 1", " 1", "4.4", "2.6", " ", " 3.0", " 3.9", " 2.6", " 3.3", " 3.6", " 3.3", " 3.5", " 2.5", " 2.5", " 2.5", " 1.9", " 1.7", " 1.9", " 1.5", " 4.0", " 4.1", " 4.4", " 4.4", " 3.2", " 3.6", " 3.4", " 3.6", " 2.3", " 2.5", " 4.0", " 3.6", " 2.0", " 2.2", " 3.1", " 3.1", " 2.0", " 2.2", " 3.9"
"754","","False","8R,9S-cis-epoxy-10S-hydroxy-eicosa-11Z,14Z-dienoic acid.","C20 H34 O4","Full match"," No results"," No results"," Not the top hit"," Full match","-4.39","338.24423","337.23695","12.998","1931217.91893436","20","0","0","","","","No matches found"," No matches found"," No matches found"," No matches found"," No matches found","","Multiple matches found","PreferredDDA","","[M-H]-1","1641443.23426931"," 1375081.33228152"," 1583370.71246282"," 1698645.18359193"," 1370802.00851013"," 1567939.28644716","24.9660347997437"," 17.7430668229152"," 17.196169469819"," 21.2013716264394"," "," 13.620124639649","0.838"," 1.035"," 1.151"," 0.866"," 0.932"," 0.923"," 0.874","-0.26"," 0.05"," 0.20"," -0.21"," -0.10"," -0.12"," -0.19","0.871726382601556"," 0.999951894435736"," 0.922554687161205"," "," 0.999999988705359"," 1"," ","1"," 1"," 1"," "," 1"," 1"," ","6.6","4.1"," "," "," "," 5.3"," 4.0"," 5.4"," "," 3.9"," "," 5.4"," "," "," "," "," 4.6"," 3.1"," "," "," 4.9"," 4.9"," 5.3"," "," "," "," "," 2.7"," "," 6.6"," "," "," 5.9"," "," "," "
"562", "", "False", "", "", "No results", " No results", " No results", " No results", " No results", "", "243.18509", "242.17781", "11.455", "1918708.00803619", "0", "0", "0", "", "", "", "No matches found", " No matches found", " No matches found", " No matches found", " No matches found", "", "No matches found", "PreferredDDA", "", "[M-H]-1", "776229.279833379", " 1547236.46972392", " ", " 881214.478420674", " 704095.043832218", " 883589.797747761", "29.441183242484", " 19.5148787074808", " ", " 34.2335147152733", " ", " 13.616225855029", "1.993", " 1.135", " 0.000", " Infinity", " 0.000", " 1.003", " 0.797", "1.00", " 0.18", " -Infinity", " Infinity", " -Infinity", " 0.00", " -0.33", "0.109829141376192", " 0.99453536892947", " ", " ", " ", " 0.946864693903364", " ", "1", " 1", " ", " ", " ", " 1", " ", "7.3", "2.9", " ", " ", " 5.0", " 5.4", " ", " 7.3", " 4.8", " 6.1", " 5.4", " ", " ", " ", " ", " ", " ", " ", " ", " 5.1", " 4.1", " 3.4", " 4.5", " ", " 3.6", " ", " ", " ", " ", " ", " 4.1", " ", " ", " ", " ", " 7.2"
"742", "", "False", "LPE 22:6", "C27 H44 N O7 P", "Not the top hit", " No results", " Full match", " Partial match", " Partial match", "3.49", "525.28737", "524.28010", "6.349", "1915265.0118132", "2", "0", "1", "", "", "25.0", "No matches found", " No matches found", " No matches found", " Single match found", " No matches found", "", "Multiple matches found", "PreferredDDA", "", "[M-H]-1", "545298.566742295", " 1497393.57555068", " 1035126.75312641", " 1081038.69040289", " 456095.518055209", " 831962.384912568", "", " ", " 16.8418264931061", " 47.6007279103767", " ", " ", "2.746", " 1.982", " 0.691", " 0.441", " 0.958", " 0.770", " 0.548", "1.46", " 0.99", " -0.53", " -1.18", " -0.06", " -0.38", " -0.87", "", " ", " ", " ", " 0.999999999979909", " ", " ", "", " ", " ", " ", " 1", " ", " ", "6.7", "", " ", " 1.5", " ", " ", " 3.9", " ", " ", " ", " ", " 3.3", " 6.7", " ", " ", " ", " 3.6", " ", " 1.5", " 4.4", " 2.1", " 3.1", " 1.7", " 5.0", " ", " ", " ", " 2.7", " ", " ", " ", " ", " 2.9", " ", " ", " "
"1083", "", "False", "ascr#4", "C18 H32 O10", "No match", " No results", " No results", " Full match", " Full match", "3.53", "408.20099", "407.19372", "1.325", "1885833.88736421", "1", "0", "0", "", "", "", "No matches found", " No matches found", " No matches found", " No matches found", " No matches found", "", "Single match found", "PreferredDDA", "", "[M-H]-1", "821567.708912216", " 1214349.58880489", " 1350970.39412373", " 1120267.05169005", " 777214.201561556", " 919977.327675946", "21.1148621993249", " 28.8454780548501", " 21.654705173139", " 22.3244033024372", " 5.13499482274462", " 33.3467871013039", "1.478", " 1.364", " 1.113", " 0.575", " 1.206", " 0.821", " 0.845", "0.56", " 0.45", " 0.15", " -0.80", " 0.27", " -0.28", " -0.24", "0.574289061957812", " 0.634083130776093", " 0.690802365768132", " 0.0328749638463599", " 0.419939785449903", " 0.996962797398118", " 0.895161790330971", "1", " 1", " 1", " 0.493470561609169", " 1", " 1", " 1", "6.2", "2.8", " 4.3", " ", " 3.3", " ", " ", " 4.3", " 4.8", " 6.0", " 3.5", " 4.1", " 4.9", " 4.6", " 5.6", " 5.3", " 5.0", " 3.5", " ", " 4.3", " 3.5", " 5.0", " 4.3", " 3.9", " 5.0", " 6.2", " 5.8", " 5.8", " ", " 3.0", " 4.1", " ", " 3.2", " 2.6", " ", " "
"1852", "", "False", "", "C36 H73 N2 P", "Full match", " No results", " No results", " No results", " No results", "0.90", "564.55164", "563.54437", "16.131", "1883738.84142032", "0", "0", "0", "", "", "", "No matches found", " No matches found", " No matches found", " No matches found", " No matches found", "", "No matches found", "PreferredDDA", "", "[M-H]-1", "618885.865197364", " 651741.054622659", " 950854.887642215", " 1191947.22534759", " 863896.000905983", " 1550999.67743386", "12.611275458137", " 65.1659358571645", " 49.4579795177667", " 53.7349870524942", " 45.2684963392052", " 46.6295039931951", "1.053", " 1.926", " 1.459", " 0.909", " 0.798", " 1.301", " 0.557", "0.07", " 0.95", " 0.54", " -0.14", " -0.33", " 0.38", " -0.84", "0.988711364202626", " 0.659600617539483", " 0.946539948782205", " 0.997733684162577", " 0.999987751087548", " 0.994849360079461", " 0.968772080255754", "1", " 1", " 1", " 1", " 1", " 1", " 1", "4.7", "2.4", " 3.8", " 2.8", " 3.4", " 4.7", " 1.1", " 0.8", " 1.0", " 2.0", " ", " 1.9", " 2.7", " ", " 2.0", " 2.0", " 0.6", " 2.3", " 1.5", " 2.0", " 2.0", " ", " 2.1", " 2.0", " 2.0", " 1.5", " 1.0", " ", " 1.7", " 2.0", " 1.1", " 2.0", " 1.5", " 2.0", " 2.0", " "
"1362", "", "False", "", "C48 H98 N2 O", "Full match", " No results", " No results", " No results", " No results", "0.37", "718.76818", "717.76090", "20.770", "1877458.67275294", "0", "0", "0", "", "", "", "No matches found", " No matches found", " No matches found", " No matches found", " No matches found", "", "No matches found", "PreferredDDA", "", "[M-H]-1", "1222535.18835082", " 1685197.53480524", " 1388539.19720309", " 1110374.67584531", " 1411800.76770674", " 1279879.22152005", "24.7256594451858", " 3.02826372640212", " 42.2008138497436", " 49.9220677478752", " 5.82681545124751", " 24.4241556117636", "1.378", " 0.908", " 0.824", " 1.017", " 1.251", " 1.153", " 1.103", "0.46", " -0.14", " -0.28", " 0.02", " 0.32", " 0.20", " 0.14", "0.907054270786483", " 0.813505906100648", " 0.90993907026243", " 0.989680209946692", " 0.861848836951258", " 0.906573835080946", " 0.94086528333549", "1", " 1", " 1", " 1", " 1", " 1", " 1", "4.2", "1.5", " 1.2", " 1.2", " 2.8", " 2.0", " ", " 4.2", " ", " 3.9", " ", " 2.3", " 0.8", " 0.2", " ", " ", " 0.0", " 1.2", " ", " 0.6", " 0.2", " ", " 1.2", " 0.0", " 3.7", " 2.8", " 3.4", " 3.7", " 3.0", " 3.0", " 2.8", " 2.0", " ", " 3.0", " 3.0", " 1.2"
"1372", "", "False", "", "C41 H83 N2 O2 P", "Full match", " No results", " No results", " No results", " No results", "3.38", "666.62147", "665.61421", "16.495", "1866461.70815203", "0", "0", "0", "", "", "", "No matches found", " No matches found", " No matches found", " No matches found", " No matches found", "", "No matches found", "PreferredDDA", "", "[M-H]-1", "916888.150891732", " 1332733.82611608", " 1771834.15519872", " 1093635.55900608", " 1046091.06631274", " 1254012.35809898", "32.3104298553072", " 9.81311257733587", " 23.7498255190722", " 26.8508026591321", " 37.6682844591279", " 25.714917480337", "1.454", " 1.193", " 1.329", " 0.590", " 1.620", " 1.147", " 0.834", "0.54", " 0.25", " 0.41", " -0.76", " 0.70", " 0.20", " -0.26", "0.43718839248382", " 0.940217487269625", " 0.976042530985337", " 0.236495191721201", " 0.590767918862988", " 0.999999967056857", " 0.97521364959028", "1", " 1", " 1", " 1", " 1", " 1", " 1", "4.1", "1.1", " ", " 2.8", " 0.7", " 1.5", " 3.9", " 2.8", " 3.7", " 4.1", " 4.1", " ", " 2.2", " 2.6", " ", " ", " 2.8", " ", " ", " 2.4", " 2.8", " 1.8", " 2.6", " 2.0", " 3.0", " 1.3", " 2.9", " 3.0", " 1.6", " 2.8", " 1.4", " 1.6", " ", " 1.2", " ", " 2.6"
"1786", "", "False", "FAHFA(15:0/6-O-18:0)", "C33 H64 O4", "Not the top hit", " No results", " No results", " Full match", " Full match", "1.77", "524.48139", "523.47411", "17.890", "1864803.20731319", "11", "0", "0", "", "", "", "No matches found", " No matches found", " No matches found", " No matches found", " No matches found", "", "Multiple matches found", "PreferredDDA", "", "[M-H]-1", "1323624.55924403", " 1658009.3225816", " 1554369.54070345", " 1348897.96162717", " 1196044.41908919", " 1286905.33003604", "6.62305926484204", " 17.6386653814385", " 20.6943443634633", " 22.0997286665355", " 2.70716668925029", " 43.6582939256105", "1.253", " 1.019", " 0.937", " 0.769", " 1.152", " 0.954", " 0.929", "0.32", " 0.03", " -0.09", " -0.38", " 0.20", " -0.07", " -0.11", "0.977154682073261", " 0.99999522317302", " 0.998274003825466", " 0.969569089621015", " 0.990811267672259", " 0.907051253790167", " 0.996548740810194", "1", " 1", " 1", " 1", " 1", " 1", " 1", "5.5", "3.7", " 3.5", " 3.7", " ", " ", " ", " ", " ", " 3.1", " 2.7", " 2.6", " ", " 1.2", " 2.6", " ", " 2.6", " ", " ", " 2.8", " 3.0", " 2.2", " 3.0", " 2.0", " ", " ", " 4.4", " ", " 5.5", " ", " ", " ", " 1.4", " 1.2", " 1.5", " 2.0"
"1508", "", "False", "9-hexacosenoic acid", "C26 H50 O2", "Full match", " No results", " No results", " Not the top hit", " Full match", "3.15", "394.38232", "393.37505", "17.056", "1849579.1878604", "16", "0", "0", "", "", "", "No matches found", " No matches found", " No matches found", " No matches found", " No matches found", "", "Multiple matches found", "PreferredDDA", "", "[M-H]-1", "1304557.28020815", " 1395249.62650792", " 1742726.60029975", " 1481751.11178458", " 1240399.03670601", " 1225806.70000586", "3.73135041648121", " 6.20922734446746", " 7.61437950124668", " 51.388567285232", " 9.26979109738422", " 10.2187129787384", "1.070", " 1.136", " 1.249", " 0.712", " 1.176", " 0.827", " 1.012", "0.10", " 0.18", " 0.32", " -0.49", " 0.23", " -0.27", " 0.02", "0.999997710896238", " 0.837644914909667", " 0.985826108554933", " 0.980875159797737", " 0.469595338929016", " 0.812952814793915", " 0.999999999969396", "1", " 1", " 1", " 1", " 1", " 1", " 1", "5.9", "", " 5.2", " 5.0", " 5.9", " 5.8", " 5.6", " 4.5", " 5.6", " 4.9", " 5.4", " ", " 4.9", " ", " 4.5", " ", " 4.5", " 1.2", " 0.8", " 2.0", " 2.7", " ", " ", " 2.5", " 4.9", " 3.5", " ", " ", " 4.6", " 4.5", " 4.5", " 3.8", " ", " ", " 4.4", " 4.7"
"536", "", "False", "", "C33 H70 N5 O2 P", "Full match", " No results", " No results", " No results", " No results", "-1.75", "599.52566", "598.51838", "17.164", "1823135.4629846", "0", "0", "0", "", "", "", "No matches found", " No matches found", " No matches found", " No matches found", " No matches found", "", "No matches found", "PreferredDDA", "", "[M-H]-1", "701671.231104959", " 810314.183938184", " 829278.613147488", " 942040.819308983", " 1362327.71971259", " 1573431.57920306", "13.6776116210162", " 19.9460007566077", " 25.3912330464048", " 17.3514457545939", " 7.55484235524543", " 11.7280952960927", "1.155", " 1.343", " 1.023", " 1.643", " 0.880", " 1.670", " 0.866", "0.21", " 0.42", " 0.03", " 0.72", " -0.18", " 0.74", " -0.21", "0.999999691507424", " 0.179558265527926", " 0.642039554765543", " 0.00852857333083734", " 0.981088518612821", " 5.12605943505662E-05", " 0.66802530387913", "1", " 1", " 1", " 0.195683376979768", " 1", " 0.00273959398695804", " 1", "7.1", "4.5", " 3.8", " 4.7", " 3.4", " 3.5", " 1.9", " 3.6", " 4.4", " 1.9", " 5.5", " 4.0", " 5.0", " 2.8", " 5.0", " ", " 3.9", " 4.4", " 4.0", " 5.9", " 4.0", " 5.5", " 6.3", " 4.8", " ", " 6.4", " 7.1", " 5.8", " 6.8", " 5.1", " 4.0", " 6.3", " 5.9", " 6.6", " 7.0", " 7.0"
"583", "", "False", "", "C11 H6 N2 O5 S", "Full match", " No results", " No results", " No results", " No results", "-0.66", "277.99956", "276.99228", "23.847", "1816258.09871149", "0", "0", "0", "", "", "", "No matches found", " No matches found", " No matches found", " No matches found", " No matches found", "", "No matches found", "PreferredDDA", "", "[M-H]-1", "1542138.82114065", " 1576404.7124117", " 1630594.97605186", " 1610162.49425499", " 1610169.18853824", " 1608941.0256203", "3.97878259155204", " 1.47325089543808", " 6.19478137589736", " 2.26300597452813", " 3.09680545553898", " 3.09777515841234", "1.022", " 1.044", " 1.034", " 0.987", " 1.013", " 0.999", " 1.001", "0.03", " 0.06", " 0.05", " -0.02", " 0.02", " 0.00", " 0.00", "0.971854670871158", " 0.568962479861953", " 0.59782093512818", " 0.999611784686968", " 0.949576598890795", " 0.999317648952365", " 0.999944353828955", "1", " 1", " 1", " 1", " 1", " 1", " 1", "9.2", "9.2", " 9.2", " 8.8", " 8.8", " 8.8", " 9.2", " 9.2", " 9.2", " 9.2", " 8.8", " 8.3", " 8.7", " 7.9", " 8.7", " 8.7", " 8.3", " 9.2", " 9.2", " 9.2", " 9.2", " 8.4", " 8.8", " 9.2", " 9.2", " 9.2", " 9.2", " 8.8", " 9.2", " 9.2", " 9.2", " 9.2", " 9.2", " 9.2", " 8.8", " 8.8"
"1468","","False","1,5-Diphenylcarbazide","C13 H14 N4 O","Full match"," No results"," No results"," Full match"," No results","1.34","242.11708","241.10981","1.340","1799408.11814632","1","0","0","","","","No matches found"," No matches found"," No matches found"," No matches found"," No matches found","","No matches found","PreferredDDA","","[M-H]-1","1026839.24037185"," 1352442.83898327"," 1231653.85966067"," 1283831.24961758"," 1073680.17855615"," 996194.436380435","7.53599314271972"," 20.2102648298429"," 23.9424064783387"," 15.6687124220524"," 21.9487180772978"," 31.4323070522651","1.317"," 1.250"," 0.911"," 0.872"," 0.959"," 0.776"," 1.078","0.40"," 0.32"," -0.13"," -0.20"," -0.06"," -0.37"," 0.11","0.829014768966033"," 0.299723063483245"," 0.999964113713761"," 0.62152867558584"," 0.983783542853809"," 0.123290469754504"," 0.980605491146346","1"," 1"," 1"," 1"," 1"," 1"," 1","6.2","4.6"," 5.4"," "," 6.2"," 6.2"," "," 4.5"," 4.3"," 4.6"," 3.0"," 4.9"," 4.9"," 4.6"," 4.3"," 4.5"," 3.1"," 4.4"," 4.6"," 4.8"," 4.4"," 5.8"," 5.0"," 4.4"," 4.3"," 4.3"," 4.5"," 3.9"," 2.8"," 2.6"," 4.9"," "," "," 3.4"," "," "
"667", "", "False", "", "C17 H32 N6 S", "Full match", " No results", " No results", " Invalid mass", " No results", "3.93", "352.24230", "351.23503", "11.642", "1795188.28621998", "1", "0", "0", "", "", "", "No matches found", " No matches found", " No matches found", " No matches found", " No matches found", "", "No matches found", "PreferredDDA", "", "[M-H]-1", "415825.665115018", " 576936.365482766", " 945087.479135611", " 951197.833122778", " 737783.832322209", " 537035.183603805", "", " ", " 80.8172652559775", " 50.4321290907332", " ", " 20.7655378868677", "1.387", " 2.287", " 1.638", " 0.781", " 0.994", " 0.565", " 1.374", "0.47", " 1.19", " 0.71", " -0.36", " -0.01", " -0.82", " 0.46", "", " ", " ", " ", " 0.976778083566579", " 0.521612197401267", " ", "", " ", " ", " ", " 1", " 1", " ", "4.0", "", " 2.3", " ", " ", " ", " ", " ", " ", " 0.0", " ", " 3.9", " ", " ", " ", " 0.8", " ", " ", " ", " 2.5", " 3.1", " ", " 4.0", " ", " ", " ", " ", " 3.6", " ", " 2.4", " ", " 2.5", " 1.4", " 2.9", " ", " "
"1002", "", "False", "", "C42 H84 N4 O2 P2", "Full match", " No results", " No results", " No results", " No results", "-0.83", "738.60634", "737.59906", "17.807", "1786091.11037176", "0", "0", "0", "", "", "", "No matches found", " No matches found", " No matches found", " No matches found", " No matches found", "", "No matches found", "PreferredDDA", "", "[M-H]-1", "1354987.10215389", " 1347961.10784", " 1575385.60619093", " 1388302.34638965", " 1327584.78638707", " 1502730.90617675", "30.1498160392737", " 18.7033914455547", " 33.740926591604", " 5.5825166923203", " 16.637229071857", " 8.8240800465909", "0.995", " 1.025", " 1.169", " 0.843", " 1.135", " 1.082", " 0.883", "-0.01", " 0.04", " 0.22", " -0.25", " 0.18", " 0.11", " -0.18", "0.997618479445984", " 0.908750181560489", " 0.999810959061704", " 0.999754616032144", " 0.999738057786593", " 0.993431783001916", " 0.861745996857104", "1", " 1", " 1", " 1", " 1", " 1", " 1", "6.4", "1.7", " 1.9", " 1.9", " 1.3", " 1.7", " 4.6", " 2.1", " 2.7", " 3.1", " 2.9", " 2.9", " 3.4", " ", " 3.6", " 2.1", " ", " 4.9", " ", " 4.9", " 3.4", " 4.9", " ", " 4.9", " 1.7", " 3.1", " 3.5", " 3.1", " 4.8", " 4.9", " 5.6", " ", " ", " 5.3", " 4.5", " 6.4"
"523", "", "False", "2-(Methylsulfonyl)-3-(pyrazin-2-ylamino)acrylonitrile", "C8 H8 N4 O2 S", "Full match", " Full match", " No results", " No results", " No results", "4.34", "224.03777", "223.03049", "18.280", "1771406.18015913", "0", "1", "0", "94.9", "9.7", "", "No matches found", " No matches found", " No matches found", " No matches found", " No matches found", "", "No matches found", "PreferredDDA", "", "[M-H]-1", "493321.756751868", " 433661.818329479", " 598666.971374299", " 427104.658963786", " 607619.171696025", " 375398.106451253", "39.787432659784", " 90.8359139341635", " ", " 63.1883973763166", " 43.338042135148", " 3.0084364532373", "0.879", " 0.866", " 1.380", " 1.015", " 1.402", " 0.879", " 1.619", "-0.19", " -0.21", " 0.47", " 0.02", " 0.49", " -0.19", " 0.69", "0.999695573316638", " 0.999999970681483", " ", " ", " ", " 0.931206719203626", " 0.959573320195845", "1", " 1", " ", " ", " ", " 1", " 1", "7.6", "3.8", " 5.1", " 5.7", " 1.6", " 3.2", " ", " ", " 4.5", " 3.4", " 5.4", " 2.3", " ", " ", " ", " ", " ", " ", " 4.0", " 4.9", " ", " 3.4", " ", " ", " ", " ", " 4.4", " ", " 4.2", " ", " ", " ", " ", " ", " 7.6", " 4.9"
"1368", "", "False", "", "C34 H66 O3", "Full match", " No results", " No results", " No results", " No results", "1.71", "522.50209", "521.49481", "15.172", "1768656.07630881", "0", "0", "0", "", "", "", "No matches found", " No matches found", " No matches found", " No matches found", " No matches found", "", "No matches found", "PreferredDDA", "", "[M-H]-1", "745643.739557198", " 734866.394860082", " 732131.252315857", " 801408.362098184", " 781132.687225586", " 1108982.3609656", "38.6752370969756", " 19.3303629763956", " 20.645166000152", " 42.5890830312491", " 43.4720841245363", " 36.9954837690642", "0.986", " 1.075", " 0.996", " 1.067", " 0.914", " 1.384", " 0.704", "-0.02", " 0.10", " -0.01", " 0.09", " -0.13", " 0.47", " -0.51", "0.998680615314554", " 0.999938886297242", " 0.999999981828578", " 0.96917430183035", " 0.989195511485248", " 0.803310551945316", " 0.944295212293855", "1", " 1", " 1", " 1", " 1", " 1", " 1", "4.0", "3.4", " 3.0", " 1.5", " ", " 2.1", " 4.0", " 4.0", " 3.6", " 3.6", " 2.9", " 3.1", " 1.2", " 3.5", " ", " 3.1", " 3.9", " 1.7", " 2.9", " 1.7", " ", " 2.0", " 2.5", " 0.6", " ", " 1.6", " 4.0", " 2.5", " 0.6", " 1.9", " 2.1", " 0.7", " 2.6", " 2.5", " ", " 1.0"
"540", "", "False", "", "C4 H7 N6 O2 P3", "Full match", " No results", " No results", " No results", " No results", "-2.48", "263.98368", "262.97640", "23.845", "1760889.60622831", "0", "0", "0", "", "", "", "No matches found", " No matches found", " No matches found", " No matches found", " No matches found", "", "No matches found", "PreferredDDA", "", "[M-H]-1", "1569520.25240199", " 1622857.42077395", " 1632837.88623681", " 1571686.46304469", " 1611887.0598995", " 1619492.13901309", "3.77777682732297", " 1.10992032777268", " 5.22300203479002", " 3.56696933881167", " 4.53261151263699", " 3.3707485396001", "1.034", " 1.001", " 1.006", " 0.987", " 1.039", " 1.030", " 0.995", "0.05", " 0.00", " 0.01", " -0.02", " 0.06", " 0.04", " -0.01", "0.923777142444977", " 0.997963420675522", " 0.997052051884335", " 0.999802992989859", " 0.805868143198892", " 0.994176542795024", " 0.92126151111079", "1", " 1", " 1", " 1", " 1", " 1", " 1", "9.2", "9.2", " 9.2", " 8.8", " 9.2", " 9.2", " 9.2", " ", " 9.2", " 9.2", " 9.2", " 8.7", " 8.7", " 8.7", " 8.7", " 8.7", " 8.7", " 9.2", " 9.2", " 9.2", " 9.2", " 9.2", " 9.2", " 9.2", " 9.2", " 9.2", " 9.2", " 9.2", " 9.2", " 9.2", " 9.2", " 9.2", " 9.2", " 9.2", " 9.2", " 9.2"
"1554", "", "False", "", "", "No results", " No results", " No results", " No results", " No results", "", "746.79479", "745.78752", "20.980", "1759371.88058394", "0", "0", "0", "", "", "", "No matches found", " No matches found", " No matches found", " No matches found", " No matches found", "", "No matches found", "PreferredDDA", "", "[M-H]-1", "1471123.75834404", " 1641122.80592776", " 1360874.46993749", " 1422563.18948121", " 1666179.17510175", " 1552623.28066767", "23.9626914240765", " 2.7786750122218", " 31.628349796527", " 48.0831297217583", " 8.17016249852835", " 32.5942602259333", "1.116", " 0.967", " 0.829", " 1.224", " 0.957", " 1.091", " 1.073", "0.16", " -0.05", " -0.27", " 0.29", " -0.06", " 0.13", " 0.10", "0.991984473752028", " 0.861948167157812", " 0.925831353529036", " 0.852598777435439", " 0.969273376019838", " 0.76675959109177", " 0.96322521125843", "1", " 1", " 1", " 1", " 1", " 1", " 1", "5.4", "2.8", " 4.1", " ", " 2.6", " ", " 5.4", " ", " 5.0", " ", " ", " 1.1", " ", " 3.6", " 1.5", " 2.1", " ", " 1.6", " 0.8", " ", " 0.8", " 3.0", " 0.4", " ", " 3.4", " 4.9", " 4.9", " 4.5", " 3.0", " 2.9", " 2.5", " 1.7", " 2.5", " ", " 1.6", " 1.0"
"694", "", "False", "ascr#27", "C22 H40 O6", "Not the top hit", " No results", " No results", " Full match", " Full match", "4.06", "400.28411", "399.27684", "9.339", "1755714.23261128", "2", "0", "0", "", "", "", "No matches found", " No matches found", " No matches found", " No matches found", " No matches found", "", "Multiple matches found", "PreferredDDA", "", "[M-H]-1", "612985.083446589", " 694580.774261357", " 840206.324265154", " 1310631.77110488", " ", " 962494.752130242", "44.2045341074348", " 6.28878969383486", " 28.9047019866468", " 40.0500662192633", " ", " 48.1085364912411", "1.133", " 2.138", " 1.210", " 0.000", " 0.641", " 0.734", " 0.000", "0.18", " 1.10", " 0.27", " -Infinity", " -0.64", " -0.45", " -Infinity", "0.999982245151342", " 0.647710752996851", " 0.997536827984094", " ", " 0.745056483811388", " 0.859099589634368", " ", "1", " 1", " 1", " ", " 1", " 1", " ", "5.8", "2.9", " 1.1", " ", " 2.3", " ", " ", " 4.6", " ", " 4.6", " ", " 2.9", " 2.0", " ", " ", " 3.5", " 1.6", " 3.4", " 2.9", " 3.1", " 4.6", " 3.1", " 1.7", " 3.5", " ", " ", " ", " ", " ", " 3.8", " 2.9", " 3.0", " 4.6", " 2.5", " 5.8", " 3.6"
"1027","","False","Mesquitol-4beta-ol 3,8-dimethyl ether","C17 H18 O7","Not the top hit"," No results"," No results"," Not the top hit"," Full match","-3.75","334.10400","333.09672","2.379","1753916.69338977","3","0","0","","","","No matches found"," No matches found"," No matches found"," No matches found"," No matches found","","Multiple matches found","PreferredDDA","","[M-H]-1","1109204.42821188"," 988154.175145072"," "," 1753916.69338977"," 679727.06944696"," 1053257.60765671","15.6840385255074"," "," "," "," "," 25.2427987632892","0.891"," 1.581"," 0.000"," Infinity"," 0.000"," 0.601"," 0.645","-0.17"," 0.66"," -Infinity"," Infinity"," -Infinity"," -0.74"," -0.63",""," "," "," "," "," "," ",""," "," "," "," "," "," ","5.5",""," 4.4"," "," "," 5.5"," "," 4.0"," "," "," "," "," "," "," "," "," "," "," "," 5.0"," "," "," "," "," "," "," "," "," 3.3"," "," 5.4"," "," 3.9"," "," "," "
"516", "", "False", "", "C39 H80 N3 P", "Full match", " No results", " No results", " No results", " No results", "4.05", "621.61150", "656.58007", "18.663", "1707416.54350471", "0", "0", "0", "", "", "", "No matches found", " No matches found", " No matches found", " No matches found", " No matches found", "", "No matches found", "PreferredDDA", "", "[M+Cl]-1", "604460.510736146", " 1174911.68356272", " 767268.36127027", " ", " 535634.81456728", " 594324.50887383", "11.1519200350721", " 29.3735128641049", " 28.6657187557279", " ", " ", " ", "1.944", " 0.000", " 0.653", " 0.698", " Infinity", " Infinity", " 0.901", "0.96", " -Infinity", " -0.61", " -0.52", " Infinity", " Infinity", " -0.15", "0.0426283909907252", " ", " 0.298233943263922", " ", " ", " ", " ", "1", " ", " 1", " ", " ", " ", " ", "6.9", "5.4", " 6.9", " ", " ", " 6.6", " 6.2", " 2.8", " ", " 6.8", " 6.4", " ", " 5.4", " ", " 4.8", " ", " ", " ", " ", " ", " ", " ", " ", " ", " ", " ", " ", " ", " 4.2", " ", " ", " ", " 4.9", " ", " ", " "
"291", "", "False", "", "C9 H15 N8 O8 P3", "Full match", " No results", " No results", " No results", " No results", "-0.75", "456.02223", "455.01495", "1.091", "1703218.13273582", "0", "0", "0", "", "", "", "No matches found", " No matches found", " No matches found", " No matches found", " No matches found", "", "No matches found", "PreferredDDA", "", "[M-H]-1", "704419.954043242", " 587363.515647075", " 484695.067154064", " 609837.362862047", " 381564.339188771", " 497504.62990938", "58.1728560197109", " 51.7364254421779", " 22.2006391986936", " 31.6236607359107", " 55.7921722944283", " 90.6521809305979", "0.834", " 0.866", " 0.825", " 0.787", " 0.795", " 0.816", " 0.767", "-0.26", " -0.21", " -0.28", " -0.35", " -0.33", " -0.29", " -0.38", "0.841391319333126", " 0.938924276526909", " 0.999968443089385", " 0.949281864103834", " 0.99998254397336", " 0.999951888170675", " 0.955508326928445", "1", " 1", " 1", " 1", " 1", " 1", " 1", "7.3", "4.9", " 5.9", " ", " 5.8", " 4.2", " 4.5", " ", " 5.2", " 4.9", " 5.5", " 6.7", " 6.3", " 7.3", " 6.7", " 5.9", " ", " 5.8", " 6.2", " 5.4", " 5.8", " ", " 5.7", " ", " ", " 5.3", " 4.9", " ", " ", " ", " 4.9", " 4.5", " 5.3", " 5.3", " ", " 5.4"
"1063", "", "False", "", "C10 H22 N3 P", "Full match", " No results", " No results", " No results", " No results", "-2.51", "215.15459", "214.14732", "1.356", "1637353.39132816", "0", "0", "0", "", "", "", "No matches found", " No matches found", " No matches found", " No matches found", " No matches found", "", "No matches found", "PreferredDDA", "", "[M-H]-1", "619932.018973437", " 1282013.73290138", " 706534.632581903", " 845389.725630112", " 703653.283016836", " 835552.981601872", "41.2563704404235", " 28.9576087529847", " 29.7145121785815", " 14.6799185309539", " 12.9302171584193", " 14.4455502525897", "2.068", " 1.364", " 0.551", " 0.996", " 0.836", " 0.988", " 0.842", "1.05", " 0.45", " -0.86", " -0.01", " -0.26", " -0.02", " -0.25", "0.0696320658477771", " 0.933913801453143", " 0.0357718010623153", " 0.99997421270341", " 0.944164123990913", " 0.999999999464757", " 0.944736810609037", "1", " 1", " 0.859985872667505", " 1", " 1", " 1", " 1", "7.2", "2.7", " ", " ", " 2.7", " 4.4", " ", " 6.4", " 3.9", " 6.2", " 4.5", " 5.0", " 5.0", " 5.6", " 5.4", " 5.8", " 5.2", " 5.3", " 4.3", " 6.0", " 4.9", " 6.0", " 5.3", " 5.7", " 6.0", " 6.0", " 5.3", " 5.8", " ", " 6.4", " 7.2", " ", " 5.7", " 5.3", " ", " 4.5"
"847", "", "False", "LPE 18:2", "C23 H44 N O7 P", "Not the top hit", " No results", " Full match", " Partial match", " Partial match", "4.08", "477.28749", "476.28021", "7.173", "1636468.91879099", "2", "0", "1", "", "", "73.9", "No matches found", " No matches found", " No matches found", " Single match found", " No matches found", "", "Multiple matches found", "PreferredDDA", "Fatty_Acid_18:2", "[M-H]-1", "", " ", " ", " 564329.397380187", " 682005.156090125", " 632073.742763545", "", " ", " ", " 22.9283403156033", " 38.8560014193092", " 61.4249352368469", "", " Infinity", " ", " Infinity", " 0.000", " 1.120", " 1.079", "", " Infinity", " ", " Infinity", " -Infinity", " 0.16", " 0.11", "", " ", " ", " ", " ", " 0.719747541183924", " 0.923468671705956", "", " ", " ", " ", " ", " 1", " 1", "4.6", "", " ", " ", " ", " ", " ", " ", " ", " ", " ", " ", " ", " ", " ", " ", " ", " ", " ", " 4.4", " ", " ", " ", " 3.3", " ", " 3.0", " ", " 2.4", " ", " 4.5", " 4.0", " 1.9", " 4.6", " ", " ", " "
"1365", "", "False", "2-Hydroxy-22-methyltetracosanoic acid", "C25 H50 O3", "Not the top hit", " No results", " No results", " Full match", " Full match", "4.15", "398.37765", "397.37037", "16.492", "1634819.40135071", "2", "0", "0", "", "", "", "No matches found", " No matches found", " No matches found", " No matches found", " No matches found", "", "Multiple matches found", "PreferredDDA", "", "[M-H]-1", "1302405.11458504", " 1358875.70796717", " 1405890.0812489", " 1289104.18163004", " 1345447.54441485", " 1382638.36963439", "1.77002851001561", " 14.4769397008379", " 10.5434939595439", " 7.95431949544191", " 10.5605949470985", " 5.53219563776697", "1.043", " 0.990", " 1.035", " 0.957", " 1.091", " 1.073", " 0.973", "0.06", " -0.01", " 0.05", " -0.06", " 0.13", " 0.10", " -0.04", "0.989120764147705", " 0.9999999999819", " 0.41445825483067", " 0.983506350457521", " 0.728290899000054", " 0.628305257485531", " 0.973775720916774", "1", " 1", " 1", " 1", " 1", " 1", " 1", "6.5", "5.8", " 4.8", " 4.8", " 6.1", " 6.1", " 4.9", " 4.4", " 4.0", " 5.5", " 4.1", " 4.5", " 4.4", " 4.0", " ", " 3.6", " 4.0", " 6.5", " 4.3", " 5.3", " 5.4", " 3.7", " 5.0", " 4.5", " 4.0", " ", " 4.7", " 3.8", " 5.1", " 4.9", " 4.5", " 4.9", " 4.9", " 4.1", " 5.6", " 6.0"
"1485", "", "False", "", "C16 H30 O2 S2", "Full match", " No results", " No results", " No match", " No results", "1.18", "318.16910", "317.16185", "1.371", "1627891.60417428", "3", "0", "0", "", "", "", "No matches found", " No matches found", " No matches found", " No matches found", " No matches found", "", "No matches found", "PreferredDDA", "", "[M-H]-1", "883113.299900734", " 1086918.22265782", " 1129302.69127671", " 931867.17709647", " 1020200.25580716", " 952876.874570593", "7.75732440795029", " 30.8328431797768", " 21.6718947956645", " 11.577828364887", " 3.09609709822041", " 33.3752081829603", "1.231", " 1.055", " 1.039", " 0.903", " 1.212", " 1.023", " 1.071", "0.30", " 0.08", " 0.06", " -0.15", " 0.28", " 0.03", " 0.10", "0.851528471323991", " 0.999973137274864", " 0.99650294935355", " 0.986657289993733", " 0.46372447084088", " 0.66585424557368", " 0.992048711781082", "1", " 1", " 1", " 1", " 1", " 1", " 1", "5.9", "3.9", " ", " ", " 4.6", " 5.0", " ", " 2.2", " 2.6", " 3.8", " 3.2", " 3.5", " 4.1", " 4.3", " 4.3", " 2.4", " 3.5", " 3.8", " 3.8", " 4.5", " 3.0", " 4.9", " ", " 3.8", " 5.2", " 5.9", " ", " ", " ", " ", " 3.4", " ", " 2.9", " 3.0", " ", " "
"292", "", "False", "", "C8 H12 N4 O14", "Full match", " No results", " No results", " No results", " No results", "-0.54", "388.03479", "387.02751", "1.091", "1626884.58140599", "0", "0", "0", "", "", "", "No matches found", " No matches found", " No matches found", " No matches found", " No matches found", "", "No matches found", "PreferredDDA", "", "[M-H]-1", "660576.111067781", " 635964.308834421", " 472166.304874453", " 483332.473935758", " 659655.482553409", " 365976.055973236", "59.8670495140313", " 29.6438814450127", " 18.3169475286249", " 46.5367475874961", " 37.4962571375877", " 102.250568619913", "0.963", " 0.732", " 0.742", " 1.397", " 0.977", " 0.757", " 1.802", "-0.05", " -0.45", " -0.43", " 0.48", " -0.03", " -0.40", " 0.85", "0.999073342619617", " 0.678219074816823", " 0.950642945100735", " 0.975751246629179", " 0.999989184371038", " 0.999930969435141", " 0.982100186033279", "1", " 1", " 1", " 1", " 1", " 1", " 1", "7.2", "5.3", " 5.5", " ", " 6.1", " 5.3", " ", " 6.5", " 6.3", " 5.9", " 6.5", " 7.2", " 6.4", " ", " 6.8", " 6.8", " ", " 5.7", " 5.7", " 4.9", " 5.7", " ", " 5.5", " 5.3", " ", " ", " 5.8", " ", " 6.4", " ", " 5.3", " ", " 5.3", " 5.7", " ", " 5.4"
"1338", "", "False", "", "C16 H26 O8", "Full match", " No results", " No results", " No results", " No results", "4.26", "346.16424", "345.15696", "1.308", "1623750.59761448", "0", "0", "0", "", "", "", "No matches found", " No matches found", " No matches found", " No matches found", " No matches found", "", "No matches found", "PreferredDDA", "", "[M-H]-1", "902150.417269843", " 1340510.39539141", " 1271489.43083526", " 1036515.67685995", " 759203.732771227", " 792571.678615784", "5.42109087717923", " ", " 28.5035615136761", " 11.5910794465487", " 13.5399734711172", " 30.844580080168", "1.486", " 1.149", " 0.949", " 0.597", " 1.227", " 0.765", " 0.958", "0.57", " 0.20", " -0.08", " -0.74", " 0.29", " -0.39", " -0.06", "", " 0.971339891010387", " ", " 0.0563390345984062", " 0.778804040455705", " 0.863370697554042", " 0.924696057898147", "", " 1", " ", " 0.597452087159126", " 1", " 1", " 1", "5.8", "3.9", " 5.8", " ", " ", " ", " ", " ", " ", " ", " 2.7", " ", " 5.3", " ", " ", " 4.3", " 3.5", " 3.8", " 4.5", " ", " 4.1", " ", " 5.3", " 4.5", " 4.1", " 5.7", " 5.3", " 5.3", " 4.3", " 3.8", " 3.8", " ", " 3.2", " 3.8", " ", " "
"979","","False","11,12-Epoxy-(5Z,8Z,11Z)-icosatrienoic acid","C20 H32 O3","Full match"," Full match"," Full match"," Not the top hit"," Not the top hit","4.83","320.23669","319.22941","6.735","1622913.69845211","72","1","3","62.0","26.3","22.9","Multiple matches found"," No matches found"," No matches found"," No matches found"," No matches found","","Multiple matches found","PreferredDDA","","[M-H]-1","992390.642350575"," "," 610203.079827881"," 871519.895359683"," "," 1121511.18797028",""," "," 48.8287837686248"," 50.5134151246327"," "," 13.7182047088566","0.000"," 0.878"," Infinity"," 0.000"," 0.700"," 1.287"," 0.000","-Infinity"," -0.19"," Infinity"," -Infinity"," -0.51"," 0.36"," -Infinity",""," "," "," "," 0.878469061897303"," 0.991569337370252"," ",""," "," "," "," 1"," 1"," ","6.8",""," "," "," 2.1"," "," "," "," "," "," "," 5.0"," 3.4"," 2.7"," 4.2"," 2.3"," 3.4"," 1.9"," 3.6"," "," 3.5"," "," "," "," "," "," "," "," "," 6.8"," 6.0"," "," "," 5.3"," "," "
"776", "", "False", "", "C22 H29 P3", "Full match", " No results", " No results", " No match", " No results", "2.99", "386.14936", "385.14209", "8.576", "1622025.86237151", "1", "0", "0", "", "", "", "No matches found", " No matches found", " No matches found", " No matches found", " No matches found", "", "No matches found", "PreferredDDA", "", "[M-H]-1", "879703.662973413", " 954062.550857056", " 858312.576039306", " 709220.215181876", " 560803.368892287", " 653472.283116661", "53.035974263697", " 52.9131979923405", " 48.2264033023564", " 48.0130416276099", " 38.6577937819695", " 36.6400010781119", "1.085", " 0.806", " 0.900", " 0.653", " 1.210", " 0.921", " 0.858", "0.12", " -0.31", " -0.15", " -0.61", " 0.28", " -0.12", " -0.22", "0.999973656733619", " 0.999999995946125", " 0.999999904762381", " 0.756702299154453", " 0.999976472691497", " 0.999417728497824", " 0.968238798115721", "1", " 1", " 1", " 1", " 1", " 1", " 1", "6.0", "4.8", " ", " 4.5", " ", " ", " 3.4", " ", " ", " 3.9", " ", " 4.2", " 3.3", " 5.4", " 2.9", " 3.4", " 5.0", " 4.6", " ", " 3.6", " 3.0", " 2.9", " ", " 4.6", " 3.9", " 2.4", " ", " 6.0", " 5.1", " 4.3", " ", " ", " 4.1", " 3.8", " 3.9", " "
"574", "", "False", "", "C43 H68 N2 O", "Full match", " No results", " No results", " No results", " No results", "-3.52", "628.53095", "627.52367", "17.920", "1621693.96059568", "0", "0", "0", "", "", "", "No matches found", " No matches found", " No matches found", " No matches found", " No matches found", "", "No matches found", "PreferredDDA", "", "[M-H]-1", "784395.270948405", " 683809.354520978", " 1017311.16493106", " 1061538.68881421", " 637065.517221971", " 797874.199337173", "50.4554079077659", " 49.9668262399407", " 16.1686013451322", " 37.8231988664062", " 38.2500943900204", " 55.3731740423493", "0.872", " 1.353", " 1.488", " 0.626", " 0.958", " 0.752", " 0.798", "-0.20", " 0.44", " 0.57", " -0.68", " -0.06", " -0.41", " -0.32", "0.999823628586637", " 0.800502116015531", " 0.724681821712896", " 0.916559936661621", " 0.999998605060088", " 0.447018505451593", " 0.997120352037667", "1", " 1", " 1", " 1", " 1", " 1", " 1", "7.0", "5.8", " 3.6", " 0.0", " 4.4", " 3.6", " 2.7", " 1.1", " 4.4", " 1.0", " 3.9", " 7.0", " 4.0", " 5.2", " 4.4", " 4.6", " 4.8", " 2.8", " 4.9", " 3.2", " 4.5", " 4.0", " 6.3", " 5.3", " 3.8", " 2.0", " 5.1", " ", " ", " ", " 2.3", " ", " 2.5", " 2.3", " 1.4", " 2.5"
"601", "", "False", "", "", "No results", " No results", " No results", " No results", " No results", "", "260.82387", "259.81660", "1.010", "1610675.19724566", "0", "0", "0", "", "", "", "No matches found", " No matches found", " No matches found", " No matches found", " No matches found", "", "No matches found", "PreferredDDA", "", "[M-H]-1", "610763.613519159", " 471194.92206033", " 608310.358232912", " 726699.070841153", " 794456.089038172", " 1102232.55521956", "19.2866663218322", " 15.665480848653", " 12.3910681243701", " 8.72194534515703", " 2.65532866023466", " 21.5760178088413", "0.771", " 1.190", " 1.291", " 1.306", " 0.837", " 1.517", " 0.721", "-0.37", " 0.25", " 0.37", " 0.39", " -0.26", " 0.60", " -0.47", "0.219366836147501", " 0.133195207017739", " 0.0193137726638273", " 0.139118757814969", " 0.552111794591595", " 0.000314324243155584", " 0.0138017018794274", "1", " 0.940823287664979", " 0.600106507768919", " 1", " 1", " 0.0116299969967566", " 0.752506670752052", "7.8", "5.7", " 5.7", " 6.4", " 6.1", " ", " 6.1", " 5.7", " 5.3", " 6.4", " 5.7", " 6.4", " 7.2", " ", " 6.9", " 6.6", " 6.6", " 6.5", " 7.3", " 6.5", " ", " 7.3", " 6.5", " 7.4", " 7.0", " 7.8", " 7.4", " ", " 7.4", " 5.8", " ", " 5.4", " 5.8", " 5.4", " 5.3", " "
"1460", "", "False", "", "", "No results", " No results", " No results", " No results", " No results", "", "254.18972", "253.18244", "5.711", "1584945.26884799", "0", "0", "0", "", "", "", "No matches found", " No matches found", " No matches found", " No matches found", " No matches found", "", "No matches found", "PreferredDDA", "", "[M-H]-1", "", " ", " 1105971.0145585", " 832852.910721212", " ", " 1382714.58804088", "", " ", " 32.4570943675243", " 23.0282245640894", " ", " ", "", " Infinity", " Infinity", " 0.000", " 1.328", " 1.660", " 0.000", "", " Infinity", " Infinity", " -Infinity", " 0.41", " 0.73", " -Infinity", "", " ", " ", " ", " 0.606222812968271", " ", " ", "", " ", " ", " ", " 1", " ", " ", "5.3", "", " ", " ", " ", " ", " ", " ", " ", " ", " ", " 5.1", " 4.9", " 4.1", " ", " ", " 5.3", " 5.0", " ", " ", " 4.6", " 5.0", " 5.0", " ", " ", " ", " ", " ", " ", " ", " ", " ", " ", " 4.2", " ", " "
"1099","","False","9,12-hexadecadienoic acid","C16 H28 O2","Full match"," No results"," No results"," Partial match"," Full match","4.54","252.21008","251.20280","9.860","1552974.50695506","50","0","0","","","","No matches found"," No matches found"," No matches found"," No matches found"," No matches found","","Multiple matches found","PreferredDDA","","[M-H]-1","486976.189649422"," 1098156.9655002"," 1230849.79271517"," 1026477.2123906"," 381296.482260363"," ",""," 7.72021666867979"," 22.4937094226731"," 27.084570730192"," "," ","2.255"," 2.108"," 1.121"," 0.310"," 1.199"," 0.000"," Infinity","1.17"," 1.08"," 0.16"," -1.69"," 0.26"," -Infinity"," Infinity",""," "," 0.997949869584192"," "," 0.814414128363327"," "," ",""," "," 1"," "," 1"," "," ","6.5",""," "," "," 1.1"," "," "," 6.5"," "," 4.3"," "," 4.3"," 3.9"," 4.6"," 3.7"," "," 4.3"," "," "," 2.4"," 4.3"," 5.4"," "," "," "," "," 2.7"," "," "," "," "," "," "," "," "," "
"683", "", "False", "", "C42 H32 Br P", "Full match", " No results", " No results", " No results", " No results", "-0.49", "646.14219", "645.13491", "11.972", "1550271.01971", "0", "0", "0", "", "", "", "No matches found", " No matches found", " No matches found", " No matches found", " No matches found", "", "No matches found", "PreferredDDA", "", "[M-H]-1", "644116.631996486", " 595017.268646545", " 682978.584301081", " 794163.549057243", " 526104.238230117", " 816347.474678905", "53.8438725071723", " 42.6469748301934", " 30.7659205155789", " 34.1452035842862", " 54.2079979832091", " 56.3798512752125", "0.924", " 1.233", " 1.148", " 0.770", " 0.860", " 1.028", " 0.644", "-0.11", " 0.30", " 0.20", " -0.38", " -0.22", " 0.04", " -0.63", "0.953010853304402", " 0.995535916472347", " 0.99993930973657", " 0.981433363178154", " 0.854732163309279", " 0.973728233719313", " 0.798467451183767", "1", " 1", " 1", " 1", " 1", " 1", " 1", "5.1", "3.0", " 2.1", " 2.3", " 1.5", " ", " 0.0", " 4.0", " ", " 3.4", " 1.7", " ", " 5.1", " 3.0", " 3.0", " 0.7", " ", " ", " 2.5", " ", " 1.5", " 3.0", " 3.8", " ", " 1.9", " 2.5", " 3.3", " 0.0", " ", " 1.5", " 1.9", " 3.5", " 1.0", " 0.6", " 4.8", " "
"1312", "", "False", "(S)-3-hydroxystearic acid", "C18 H36 O3", "Full match", " No results", " No results", " Not the top hit", " Full match", "3.75", "300.26757", "299.26029", "8.226", "1537571.69508785", "29", "0", "0", "", "", "", "No matches found", " No matches found", " No matches found", " No matches found", " No matches found", "", "Multiple matches found", "PreferredDDA", "", "[M-H]-1", "", " ", " 1246035.35794819", " 668779.552247854", " 1194398.72007898", " 982508.418647833", "", " ", " 33.088518658603", " ", " 33.5972601602314", " 1.63711401556913", "", " Infinity", " Infinity", " 0.959", " 1.863", " 1.469", " 1.216", "", " Infinity", " Infinity", " -0.06", " 0.90", " 0.55", " 0.28", "", " ", " ", " 0.99836506830712", " ", " ", " 0.926061643663479", "", " ", " ", " 1", " ", " ", " 1", "5.9", "", " ", " ", " ", " ", " ", " ", " ", " ", " ", " ", " ", " 3.2", " ", " 3.8", " ", " ", " ", " ", " 3.6", " ", " ", " ", " ", " 5.1", " ", " ", " 2.2", " ", " 5.2", " ", " ", " ", " ", " 5.9"
"345", "", "False", "", "C13 H14 N6 O13 P2", "Full match", " No results", " No results", " No results", " No results", "-0.10", "524.00935", "523.00208", "1.092", "1524121.25582396", "0", "0", "0", "", "", "", "No matches found", " No matches found", " No matches found", " No matches found", " No matches found", "", "No matches found", "PreferredDDA", "", "[M-H]-1", "642901.687337293", " 603284.177488203", " 411112.713609662", " 524090.10753075", " 491074.220137115", " 427805.507264797", "50.7540695513943", " 27.0034027118339", " 25.1088771808745", " 29.9925067904569", " 64.4150485055127", " 94.204067023488", "0.938", " 0.815", " 0.681", " 1.195", " 0.784", " 0.816", " 1.148", "-0.09", " -0.29", " -0.55", " 0.26", " -0.35", " -0.29", " 0.20", "0.99971670560589", " 0.940391421757631", " 0.95330261218844", " 0.999997180889553", " 0.999813371025716", " 0.999825954291339", " 0.999996757250949", "1", " 1", " 1", " 1", " 1", " 1", " 1", "6.7", "5.3", " 5.5", " ", " 5.2", " 4.9", " ", " 6.3", " 5.9", " 6.3", " 6.5", " 6.7", " 5.9", " 6.7", " 6.3", " 5.9", " ", " 6.3", " 6.3", " 6.3", " 6.3", " ", " 6.5", " ", " ", " 2.7", " 5.3", " ", " 5.5", " ", " 4.9", " 4.9", " 5.3", " 5.3", " ", " 5.0"
"783", "", "False", "Scillarenin", "C24 H32 O4", "Not the top hit", " No results", " No results", " Not the top hit", " Full match", "-1.65", "384.22942", "383.22215", "9.543", "1518011.89422528", "17", "0", "0", "", "", "", "No matches found", " No matches found", " No matches found", " No matches found", " No matches found", "", "Multiple matches found", "PreferredDDA", "", "[M-H]-1", "", " ", " 403130.408697919", " 749746.422711656", " ", " 386468.229552912", "", " ", " 49.8000205520441", " 49.1512134330281", " ", " 4.80376133690748", "", " Infinity", " Infinity", " 0.000", " 0.538", " 0.515", " 0.000", "", " Infinity", " Infinity", " -Infinity", " -0.90", " -0.96", " -Infinity", "", " ", " ", " ", " 0.149638177872286", " 0.161716095790354", " ", "", " ", " ", " ", " 1", " 1", " ", "4.6", "", " ", " ", " ", " ", " ", " ", " ", " ", " ", " 1.5", " 1.9", " ", " ", " ", " ", " 1.9", " 2.3", " 3.3", " 3.5", " ", " ", " 4.6", " ", " ", " ", " ", " ", " ", " ", " ", " 4.2", " ", " 4.5", " "
"2086", "", "False", "", "C7 H8 N8 O4 P2 S", "Full match", " No results", " No results", " No results", " No results", "-3.05", "361.98534", "360.97806", "24.349", "1501324.4467219", "0", "0", "0", "", "", "", "No matches found", " No matches found", " No matches found", " No matches found", " No matches found", "", "No matches found", "PreferredDDA", "", "[M-H]-1", "1233375.16705161", " 1205729.3681404", " 1287900.47146864", " 1415196.34153573", " 1355931.6268929", " 1329384.16934536", "3.37170332220978", " 24.9258338185439", " 19.4349025228208", " 3.29033024646101", " 3.23194684364739", " 5.67193737578044", "0.978", " 1.147", " 1.068", " 1.053", " 0.910", " 0.939", " 1.020", "-0.03", " 0.20", " 0.10", " 0.07", " -0.14", " -0.09", " 0.03", "0.8944628201682", " 0.687055049847707", " 0.919052381101466", " 0.746902234702085", " 0.566645094944302", " 0.999244784215043", " 0.999997284684913", "1", " 1", " 1", " 1", " 1", " 1", " 1", "6.9", "5.9", " 5.9", " 5.9", " 5.5", " 5.5", " 2.5", " 3.1", " 4.1", " 4.3", " 3.9", " 4.8", " 4.6", " 4.0", " 4.0", " 2.9", " 4.2", " 5.8", " 6.5", " 5.8", " 6.9", " 5.4", " 5.4", " ", " 5.4", " 5.4", " 5.8", " 5.0", " 5.4", " 4.5", " 4.5", " 4.9", " ", " 5.6", " 6.4", " 6.0"
"390", "", "False", "", "C9 H9 N6 O6 P S", "Full match", " No results", " No results", " No results", " No results", "-2.25", "360.00338", "358.99610", "1.093", "1488711.27052598", "0", "0", "0", "", "", "", "No matches found", " No matches found", " No matches found", " No matches found", " No matches found", "", "No matches found", "PreferredDDA", "", "[M-H]-1", "794830.79974592", " 706590.672589739", " 598491.525081189", " 515854.865757549", " 701881.513878917", " 547410.512238703", "31.1832222909988", " 32.6727967406086", " 30.1532912275503", " 43.8574723567716", " 54.1100246778453", " 63.4106355788809", "0.889", " 0.649", " 0.847", " 1.173", " 1.160", " 1.061", " 1.282", "-0.17", " -0.62", " -0.24", " 0.23", " 0.21", " 0.09", " 0.36", "0.883510976346905", " 0.389749274761885", " 0.992736158835506", " 0.99995788841964", " 0.997238107531347", " 0.983303745115907", " 0.999999999891956", "1", " 1", " 1", " 1", " 1", " 1", " 1", "6.4", "6.0", " 6.0", " ", " 5.7", " ", " 5.4", " 6.0", " 6.0", " 6.2", " 6.0", " 6.0", " 5.8", " 6.4", " 5.4", " 5.8", " 4.7", " 5.5", " 5.3", " 5.3", " ", " 4.5", " 5.5", " 4.5", " ", " ", " 5.5", " 4.9", " 5.5", " 5.3", " 5.7", " 5.7", " 5.3", " 5.3", " ", " 5.4"
"792", "", "False", "", "C5 H18 N10 S3", "Full match", " No results", " No results", " No match", " No results", "-4.05", "314.08653", "313.07925", "11.973", "1485035.07263771", "1", "0", "0", "", "", "", "No matches found", " No matches found", " No matches found", " No matches found", " No matches found", "", "No matches found", "PreferredDDA", "", "[M-H]-1", "705065.132944308", " 1041908.39681801", " 747700.767851839", " 814302.598288888", " 694569.973725701", " 802532.978069413", "55.2194092577746", " 13.4282658678775", " 15.6143531153421", " 25.4320144334342", " ", " 27.8859407722997", "1.478", " 1.155", " 0.718", " 0.929", " 0.918", " 0.986", " 0.865", "0.56", " 0.21", " -0.48", " -0.11", " -0.12", " -0.02", " -0.21", "0.828887471855252", " 0.989262957455227", " 0.868655980479387", " ", " 0.994626871570936", " 0.999999814315067", " ", "1", " 1", " 1", " ", " 1", " 1", " ", "5.8", "2.3", " 2.1", " 2.7", " 4.2", " ", " ", " 5.3", " ", " ", " 4.5", " ", " ", " 3.3", " 2.5", " 3.0", " ", " 3.1", " 5.8", " ", " 4.3", " 5.0", " 3.5", " ", " ", " 0.6", " ", " ", " ", " ", " ", " 5.0", " 4.3", " 3.1", " 3.5", " 2.9"
"634", "", "False", "", "C48 H40 Cl2 N8 O3 S", "Full match", " No results", " No results", " No results", " No results", "0.78", "878.23280", "877.22552", "14.897", "1476367.19371805", "0", "0", "0", "", "", "", "No matches found", " No matches found", " No matches found", " No matches found", " No matches found", "", "No matches found", "PreferredDDA", "", "[M-H]-1", "458559.860073046", " 619676.431375869", " 403942.179263025", " 498788.941076279", " 342872.239776095", " 385763.204656287", "39.3020883524601", " 73.2167224189651", " 9.28736132252842", " 44.0320281435788", " 47.0453032757094", " 45.5606555381207", "1.351", " 1.088", " 0.652", " 0.849", " 0.810", " 0.773", " 0.889", "0.43", " 0.12", " -0.62", " -0.24", " -0.30", " -0.37", " -0.17", "0.999969296812869", " 0.999166017398912", " 0.894192222199036", " 0.999904378550121", " 0.994583170424467", " 0.991568644487229", " 0.999912774879802", "1", " 1", " 1", " 1", " 1", " 1", " 1", "5.6", "2.4", " 2.4", " 5.3", " ", " ", " ", " 2.9", " 3.8", " 3.0", " 3.9", " ", " ", " 4.8", " 5.6", " 4.0", " ", " 3.0", " 1.4", " ", " ", " 1.9", " 1.9", " ", " ", " 1.5", " 2.1", " ", " 2.7", " ", " 1.9", " 3.6", " 3.4", " 2.3", " 1.9", " 2.3"
"1993", "", "False", "", "", "No results", " No results", " No results", " No results", " No results", "", "788.84416", "787.83688", "21.315", "1475285.99617139", "0", "0", "0", "", "", "", "No matches found", " No matches found", " No matches found", " No matches found", " No matches found", "", "No matches found", "PreferredDDA", "", "[M-H]-1", "1174607.35481804", " 1245136.38192044", " 1115666.59390608", " 1136305.02626732", " 1107486.19199647", " 1121356.5481131", "4.68012968591239", " 6.66200951639751", " 30.9178998194385", " 29.7955156274353", " 4.42393282387773", " 0.955121765237334", "1.060", " 0.967", " 0.896", " 0.993", " 0.982", " 0.987", " 0.988", "0.08", " -0.05", " -0.16", " -0.01", " -0.03", " -0.02", " -0.02", "0.996582961533985", " 0.768450358048266", " 0.667358576466501", " 0.966009832426196", " 0.999316186700336", " 0.820274143574879", " 0.999999999998325", "1", " 1", " 1", " 1", " 1", " 1", " 1", "5.0", "4.4", " 4.8", " 4.0", " 3.6", " 3.6", " 3.1", " 5.0", " 3.5", " 3.9", " 3.4", " 0.9", " 2.5", " 0.7", " 1.5", " 2.6", " 1.9", " 2.0", " 2.4", " 1.6", " 1.2", " ", " 1.4", " 2.0", " 3.6", " 4.0", " 4.4", " 3.3", " 3.6", " 4.0", " 4.4", " 4.0", " 4.0", " 4.8", " 4.4", " 4.4"
"849", "", "False", "Heterofibrin A2", "C21 H30 O4", "Full match", " No results", " No results", " Not the top hit", " Full match", "-2.36", "346.21359", "345.20632", "9.815", "1473821.70944611", "20", "0", "0", "", "", "", "No matches found", " No matches found", " No matches found", " No matches found", " No matches found", "", "Multiple matches found", "PreferredDDA", "", "[M-H]-1", "1010005.69712423", " ", " 548331.747065915", " 979200.552411118", " 535479.237768619", " 1030231.38713222", "3.69132785643238", " ", " 35.7445878083283", " 33.34869811157", " ", " 21.2084281217129", "0.000", " 0.970", " Infinity", " 0.977", " 0.560", " 1.052", " 0.520", "-Infinity", " -0.04", " Infinity", " -0.03", " -0.84", " 0.07", " -0.94", "", " 0.998295619144587", " ", " ", " 0.229796856761918", " 0.912872370749253", " ", "", " 1", " ", " ", " 1", " 1", " ", "7.8", "7.8", " 7.0", " ", " ", " ", " ", " ", " ", " ", " ", " 2.2", " ", " 2.0", " ", " 1.6", " 4.7", " 4.9", " 3.5", " 2.2", " 1.3", " 4.5", " 4.1", " ", " ", " 3.8", " ", " ", " ", " 5.0", " 3.9", " ", " 5.0", " ", " 4.1", " 4.9"
"301", "", "False", "", "C6 H20 N8 O15 P2 S", "Full match", " No results", " No results", " No results", " No results", "0.64", "538.02475", "537.01747", "1.091", "1457103.6915026", "0", "0", "0", "", "", "", "No matches found", " No matches found", " No matches found", " No matches found", " No matches found", "", "No matches found", "PreferredDDA", "", "[M-H]-1", "619364.446428128", " 498330.122734891", " 325181.885985437", " 419516.698485201", " 517482.739676238", " 810236.013366536", "55.8275866101905", " 32.1726174195429", " 30.5078290575098", " 31.5109681090217", " 46.3794977603127", " 112.906490008977", "0.805", " 0.677", " 0.653", " 1.591", " 0.775", " 1.931", " 0.639", "-0.31", " -0.56", " -0.62", " 0.67", " -0.37", " 0.95", " -0.65", "0.927564812118934", " 0.831235408378996", " 0.970092650364822", " 0.980613282096549", " 0.996407973362179", " 0.999640590076508", " 1", "1", " 1", " 1", " 1", " 1", " 1", " 1", "6.2", "5.3", " 5.3", " ", " 5.5", " ", " ", " 5.8", " 5.8", " 5.4", " 5.7", " 5.8", " 5.4", " 6.2", " 5.8", " 5.8", " ", " 5.4", " 5.8", " ", " 5.8", " ", " 5.8", " ", " ", " ", " 5.3", " ", " 5.9", " ", " 5.3", " ", " ", " ", " ", " 5.4"
"758", "", "False", "", "C9 H20 O S3", "Full match", " No results", " No results", " No results", " No results", "4.11", "240.06861", "239.06134", "14.889", "1456241.11911523", "0", "0", "0", "", "", "", "No matches found", " No matches found", " No matches found", " No matches found", " No matches found", "", "No matches found", "PreferredDDA", "", "[M-H]-1", "820084.685441586", " 1456241.11911523", " 403331.907146777", " 675860.939060376", " 308116.483023956", " 810952.4859206", "", " ", " ", " 33.6093716167202", " ", " ", "1.776", " 0.824", " 0.277", " 0.764", " 0.597", " 1.200", " 0.380", "0.83", " -0.28", " -1.85", " -0.39", " -0.74", " 0.26", " -1.40", "", " ", " ", " ", " ", " ", " ", "", " ", " ", " ", " ", " ", " ", "5.3", "", " ", " 4.4", " ", " ", " ", " ", " ", " ", " 4.2", " ", " ", " 3.0", " ", " ", " ", " 4.1", " 5.3", " ", " ", " 2.0", " ", " ", " ", " ", " 4.5", " ", " ", " ", " ", " 4.0", " ", " ", " ", " "
"568", "", "False", "", "C55 H50 Cl2 N2 O5 S2", "Full match", " No results", " No results", " No results", " No results", "-0.41", "952.25343", "951.24615", "15.562", "1456225.93359796", "0", "0", "0", "", "", "", "No matches found", " No matches found", " No matches found", " No matches found", " No matches found", "", "No matches found", "PreferredDDA", "", "[M-H]-1", "443264.764816642", " 554761.291465431", " 325695.235237912", " 319350.199331924", " 428335.109693966", " 305141.569355903", "42.7015232464114", " 84.3182984069906", " 19.5689205168761", " 45.6963422482728", " 57.9594228969453", " 66.7737750791737", "1.252", " 0.720", " 0.587", " 1.315", " 1.020", " 0.956", " 1.404", "0.32", " -0.47", " -0.77", " 0.40", " 0.03", " -0.07", " 0.49", "0.999555389367746", " 0.994405177824155", " 0.88219504282556", " 0.999412400040634", " 0.997904656200812", " 0.949071165430747", " 0.988916803940437", "1", " 1", " 1", " 1", " 1", " 1", " 1", "4.9", "4.5", " 3.8", " 3.6", " ", " ", " ", " 2.7", " ", " 1.9", " 2.7", " ", " ", " 4.9", " 4.5", " ", " ", " 3.4", " 4.0", " ", " 3.0", " 4.5", " 3.8", " ", " ", " 2.3", " 3.0", " ", " ", " ", " 2.3", " 4.0", " 1.9", " 3.4", " 1.5", " 1.9"
"1419", "", "False", "", "C37 H75 N2 O P", "Full match", " No results", " No results", " No results", " No results", "1.09", "594.56235", "593.55507", "16.203", "1454869.99945342", "0", "0", "0", "", "", "", "No matches found", " No matches found", " No matches found", " No matches found", " No matches found", "", "No matches found", "PreferredDDA", "", "[M-H]-1", "1185464.25038145", " 849395.626446503", " 1115538.09078451", " 947175.275164362", " 1159356.60317884", " 1007652.39067793", "8.97419438859723", " 49.3489462837045", " 7.6325518779623", " 10.8321944412316", " 20.7033095506403", " 18.5828835808556", "0.717", " 0.799", " 1.313", " 1.039", " 1.178", " 1.064", " 1.151", "-0.48", " -0.32", " 0.39", " 0.06", " 0.24", " 0.09", " 0.20", "0.113329063670183", " 0.82397081428809", " 0.2965711614423", " 0.99997162538646", " 0.976366179437412", " 0.999945042299106", " 0.959601470883814", "1", " 1", " 1", " 1", " 1", " 1", " 1", "5.0", "4.9", " 3.1", " ", " 5.0", " 3.5", " ", " 3.6", " 1.1", " 2.5", " 0.2", " 4.6", " ", " 3.5", " ", " ", " 4.3", " 2.6", " 3.4", " 3.0", " 4.9", " ", " 3.0", " 3.4", " 3.1", " 2.6", " 2.0", " 1.2", " ", " 3.3", " 2.1", " 2.5", " ", " 2.5", " 1.7", " 4.0"
"787", "", "False", "", "C35 H74 N5 O2 P", "Full match", " No results", " No results", " No results", " No results", "2.23", "627.55941", "626.55214", "17.853", "1453641.82283933", "0", "0", "0", "", "", "", "No matches found", " No matches found", " No matches found", " No matches found", " No matches found", "", "No matches found", "PreferredDDA", "", "[M-H]-1", "526965.787232989", " 561936.218369586", " 840010.98833004", " ", " 1158017.33700425", " 1372163.31232965", "", " ", " ", " ", " 17.3290973958044", " 13.1603117025271", "1.066", " 0.000", " 1.495", " 1.379", " Infinity", " Infinity", " 0.844", "0.09", " -Infinity", " 0.58", " 0.46", " Infinity", " Infinity", " -0.24", "", " ", " ", " ", " ", " ", " 0.742541947959449", "", " ", " ", " ", " ", " ", " 1", "6.6", "", " ", " 2.3", " ", " ", " ", " ", " 4.5", " ", " ", " ", " ", " 4.4", " ", " ", " ", " ", " ", " ", " ", " ", " ", " ", " ", " ", " 6.3", " 5.5", " 6.1", " 6.6", " ", " ", " ", " ", " 5.5", " 4.9"
"578", "", "False", "", "C9 H9 N6 O6 P S", "Full match", " No results", " No results", " No results", " No results", "-2.67", "360.00323", "358.99595", "23.846", "1439726.66725579", "0", "0", "0", "", "", "", "No matches found", " No matches found", " No matches found", " No matches found", " No matches found", "", "No matches found", "PreferredDDA", "", "[M-H]-1", "1283398.49781112", " 1289884.22143912", " 1336326.25220822", " 1266662.79836704", " 1344883.75664388", " 1287883.19774754", "3.82008044012422", " 2.53652346294029", " 8.27317190105402", " 4.22279069750885", " 4.10287839580179", " 2.63574772727544", "1.005", " 0.987", " 1.036", " 1.006", " 1.055", " 1.017", " 1.044", "0.01", " -0.02", " 0.05", " 0.01", " 0.08", " 0.02", " 0.06", "0.981579897594224", " 0.985877289833746", " 0.907810160295038", " 0.997353282368038", " 0.912460904834608", " 0.999757592362991", " 0.858931180939622", "1", " 1", " 1", " 1", " 1", " 1", " 1", "9.2", "9.2", " 8.9", " 8.9", " 9.2", " 8.9", " 9.2", " 8.9", " 9.2", " 8.9", " 8.9", " 7.7", " 8.7", " 8.7", " ", " 8.7", " 8.7", " 9.2", " 8.9", " 8.9", " 8.9", " 8.9", " 8.9", " 9.2", " 8.8", " 9.2", " 8.9", " 9.2", " ", " 9.2", " 8.9", " 9.2", " ", " 9.2", " 8.9", " 8.9"
"334", "", "False", "", "C8 H13 N8 O8 P3", "Full match", " No results", " No results", " No results", " No results", "-0.67", "442.00662", "440.99935", "1.093", "1434959.13896373", "0", "0", "0", "", "", "", "No matches found", " No matches found", " No matches found", " No matches found", " No matches found", "", "No matches found", "PreferredDDA", "", "[M-H]-1", "676618.827010385", " 607491.100740428", " 519987.856701045", " 510665.661324031", " 560139.954876379", " 319042.43529785", "41.3472793650171", " 39.7093724301999", " 18.2972390149634", " 38.9570966346225", " 66.1121999593625", " 91.2454757450623", "0.898", " 0.755", " 0.856", " 1.077", " 1.018", " 0.625", " 1.756", "-0.16", " -0.41", " -0.22", " 0.11", " 0.03", " -0.68", " 0.81", "0.953611895928848", " 0.856319792887293", " 0.999999652219662", " 0.998548322438882", " 0.999159277225051", " 0.999789771731086", " 0.999996300635832", "1", " 1", " 1", " 1", " 1", " 1", " 1", "7.4", "5.7", " 5.5", " ", " 5.2", " 4.5", " 4.7", " 5.4", " 6.0", " 5.8", " 5.7", " 7.2", " 6.8", " 7.4", " 6.4", " 6.8", " ", " 5.8", " 5.8", " 5.8", " 6.2", " ", " 6.0", " 5.4", " ", " ", " 4.9", " 5.3", " 5.9", " 4.5", " 4.9", " 4.9", " 4.9", " ", " ", " 5.4"
"188", "", "False", "", "C39 H68", "Full match", " No results", " No results", " No results", " No results", "-3.88", "536.53002", "535.52074", "17.167", "1433284.54969954", "0", "0", "0", "", "", "", "No matches found", " No matches found", " No matches found", " No matches found", " No matches found", "", "No matches found", "PreferredDDA", "", "[M-H]-1", "658421.108577778", " 525172.276525899", " 634689.135227577", " 750516.283727958", " 1020174.09708167", " 1188210.42263787", "14.4109946715108", " 16.097128661728", " 24.5511211530958", " 18.45226879955", " 12.207548027025", " 11.3713174242009", "0.798", " 1.140", " 1.209", " 1.607", " 0.846", " 1.583", " 0.859", "-0.33", " 0.19", " 0.27", " 0.68", " -0.24", " 0.66", " -0.22", "0.910138527729262", " 0.675652100591673", " 0.365900381484233", " 0.0100190236784965", " 0.968292914004932", " 0.000241521382818077", " 0.707072563960334", "1", " 1", " 1", " 0.217781935748371", " 1", " 0.0105610713759541", " 1", "7.6", "4.1", " ", " ", " 4.1", " 5.1", " 3.0", " 4.5", " ", " 4.9", " 5.3", " 4.4", " 4.6", " 3.9", " ", " 4.0", " 4.8", " 7.0", " 5.9", " 7.0", " 4.4", " 3.4", " 6.3", " ", " 6.0", " 7.2", " 4.9", " ", " 7.6", " 7.0", " 5.9", " 7.2", " 7.2", " 7.6", " 4.9", " 7.6"
"1139","","False","(+/-)9,10-dihydroxy-12Z-octadecenoic acid","C18 H34 O4","No match"," Invalid mass"," No results"," No match"," No match","-57310.08","296.23626","295.22898","8.288","1427764.91819654","55","9","0","75.2","8.8","","No matches found"," No matches found"," No matches found"," No matches found"," No matches found","","Multiple matches found","PreferredDDA","","[M-H]-1","1124683.24676872"," 1059714.29315576"," 645629.930099328"," 643669.881344811"," "," ",""," 32.49387509216"," 32.8173873468899"," 16.315102145964"," "," ","0.942"," 0.572"," 0.609"," 0.000"," 1.003"," 0.000"," ","-0.09"," -0.81"," -0.71"," -Infinity"," 0.00"," -Infinity"," ",""," "," 0.311814021589895"," "," 0.98792895405715"," "," ",""," "," 1"," "," 1"," "," ","5.2",""," "," "," 1.7"," "," "," 4.1"," "," 3.4"," 4.0"," 3.5"," 3.8"," 2.8"," 3.0"," "," "," "," 4.2"," 3.8"," 3.8"," 5.2"," "," 4.4"," "," "," "," "," "," "," "," "," "," "," "," "
"1504", "", "False", "", "C21 H32 N4 O S2", "Full match", " No results", " No results", " No match", " No results", "-1.62", "420.20107", "419.19381", "1.309", "1423563.47393692", "1", "0", "0", "", "", "", "No matches found", " No matches found", " No matches found", " No matches found", " No matches found", "", "No matches found", "PreferredDDA", "", "[M-H]-1", "636538.668973421", " 728518.46839055", " 822843.678586026", " 810580.608523444", " 603834.067131733", " 687690.986371693", "23.8548904518793", " 50.4400747116679", " 35.22676700258", " 9.32125769437335", " 8.65287729347735", " 27.8733217266107", "1.144", " 1.273", " 1.129", " 0.734", " 1.015", " 0.848", " 0.878", "0.19", " 0.35", " 0.18", " -0.45", " 0.02", " -0.24", " -0.19", "0.999602123094466", " 0.622224532565802", " 0.805109302632131", " 0.357449480472984", " 0.998479468980187", " 0.944199594761404", " 0.974105174305438", "1", " 1", " 1", " 1", " 1", " 1", " 1", "5.8", "3.7", " 3.9", " ", " 4.0", " 3.9", " ", " 3.6", " 3.0", " ", " ", " 3.5", " 4.0", " 3.4", " ", " 3.8", " 3.8", " ", " 3.1", " 5.0", " 5.8", " 4.6", " 5.0", " ", " 5.4", " 5.2", " 5.2", " 5.2", " ", " 2.9", " 2.9", " ", " 3.5", " 3.1", " ", " "
"549", "", "False", "", "C11 H5 N6 O P S2", "Full match", " No results", " No results", " No results", " No results", "4.23", "331.97179", "330.96451", "23.843", "1418555.1503093", "0", "0", "0", "", "", "", "No matches found", " No matches found", " No matches found", " No matches found", " No matches found", "", "No matches found", "PreferredDDA", "", "[M-H]-1", "1239051.5239606", " 1258592.76774025", " 1280284.54352191", " 1244110.01895666", " 1256721.43068819", " 1242922.10660465", "4.27474233560335", " 2.72357548155771", " 6.52360975528455", " 4.31631114495224", " 5.49086733622471", " 2.56937993312851", "1.016", " 1.004", " 1.017", " 0.982", " 1.029", " 0.999", " 1.011", "0.02", " 0.01", " 0.02", " -0.03", " 0.04", " 0.00", " 0.02", "0.999979818144659", " 0.999994843098966", " 0.9345573924004", " 0.993849401774567", " 0.761427137329289", " 0.999999285266311", " 0.9874699176679", "1", " 1", " 1", " 1", " 1", " 1", " 1", "9.2", "9.2", " 8.9", " 8.9", " 8.9", " 8.9", " 8.9", " 8.9", " 9.2", " 8.9", " 8.6", " 8.4", " 8.7", " 8.4", " 8.4", " 8.7", " 8.7", " 9.2", " 8.9", " 8.9", " 8.9", " 8.6", " 8.9", " 8.9", " 8.7", " 8.3", " 8.4", " 8.1", " 8.4", " 9.2", " 8.9", " 8.9", " 8.9", " 8.9", " 8.9", " 8.9"
"1048", "", "False", "", "C19 H35 N2 O4 P", "Full match", " No results", " No results", " No results", " No results", "-2.69", "386.23240", "385.22513", "4.431", "1390494.0285488", "0", "0", "0", "", "", "", "No matches found", " No matches found", " No matches found", " No matches found", " No matches found", "", "No matches found", "PreferredDDA", "", "[M-H]-1", "611056.135450462", " 974660.568473429", " 645442.516155636", " ", " ", " 1037547.24653015", "4.77636920044502", " ", " 54.9508485066156", " ", " ", " 28.3853114020927", "1.595", " 0.000", " 0.662", " 0.000", " Infinity", " Infinity", " 0.000", "0.67", " -Infinity", " -0.59", " -Infinity", " Infinity", " Infinity", " -Infinity", "", " ", " ", " ", " ", " ", " ", "", " ", " ", " ", " ", " ", " ", "7.2", "", " 7.2", " 6.1", " ", " ", " ", " ", " ", " 4.8", " ", " 5.0", " 3.8", " ", " ", " ", " 4.2", " ", " ", " ", " ", " ", " ", " ", " ", " ", " ", " ", " ", " ", " ", " 5.8", " 5.8", " 5.3", " ", " "
"476", "", "False", "", "C7 H26 N10 O7", "Full match", " No results", " No results", " No match", " No results", "3.28", "362.19978", "361.19250", "10.795", "1388662.25511878", "4", "0", "0", "", "", "", "No matches found", " No matches found", " No matches found", " No matches found", " No matches found", "", "No matches found", "PreferredDDA", "", "[M-H]-1", "", " 596347.342913147", " 826321.205432578", " 1110805.8187851", " 616421.733267302", " 835402.329360031", "", " ", " 43.5346109080076", " 21.7366734840706", " ", " 3.93358351663392", "Infinity", " Infinity", " 1.386", " 0.746", " 0.744", " 0.752", " 0.738", "Infinity", " Infinity", " 0.47", " -0.42", " -0.43", " -0.41", " -0.44", "", " ", " ", " ", " 0.692727449292601", " 0.870794174597968", " ", "", " ", " ", " ", " 1", " 1", " ", "5.9", "", " ", " ", " ", " ", " ", " ", " ", " 4.9", " ", " 3.5", " 2.1", " ", " ", " 3.3", " 4.5", " ", " 5.8", " ", " 5.8", " ", " 4.3", " 3.0", " ", " ", " ", " 3.4", " ", " ", " ", " ", " ", " 5.9", " ", " 5.5"
"1526","","False","6-Bromo-5E,9Z,13Z,24Z-heptacosatetraenoic acid","C26 H43 Br O2","No match"," No results"," No results"," No match"," Full match","-3.28","466.24312","465.23584","1.335","1373611.12911505","1","0","0","","","","No matches found"," No matches found"," No matches found"," No matches found"," No matches found","","Multiple matches found","PreferredDDA","","[M-H]-1",""," 929644.930099542"," 882462.533220422"," 675234.851182339"," 511923.545676306"," 787350.32647968",""," 7.72873347583181"," 28.8175703548675"," 20.5704624942092"," "," 48.6124848346414","Infinity"," Infinity"," 0.949"," 0.580"," 1.307"," 1.166"," 0.650","Infinity"," Infinity"," -0.08"," -0.79"," 0.39"," 0.22"," -0.62",""," "," 0.999881114536282"," "," 0.317263400621744"," 0.955664070371479"," ",""," "," 1"," "," 1"," 1"," ","5.4",""," "," "," "," "," "," 5.0"," "," 5.4"," "," 3.9"," 3.7"," 3.9"," 3.9"," "," 3.5"," "," "," 4.3"," 2.4"," 4.3"," 1.8"," 1.4"," "," "," 2.3"," "," "," "," 1.5"," "," 1.4"," "," "," "
"846", "", "False", "7-heptadecynoic acid", "C17 H30 O2", "Full match", " No results", " No results", " Partial match", " Full match", "1.46", "266.22497", "265.21769", "10.173", "1372611.306189", "19", "0", "0", "", "", "", "No matches found", " No matches found", " No matches found", " No matches found", " No matches found", "", "Multiple matches found", "PreferredDDA", "", "[M-H]-1", "523032.729002373", " 550030.114555122", " 616778.660368887", " 941945.320480944", " 538926.855322551", " 811063.188200909", "20.0657859322976", " 24.4466351061364", " 23.5447598724327", " 24.9134508251687", " ", " 21.1461069986171", "1.052", " 1.801", " 1.121", " 0.874", " 0.655", " 0.861", " 0.664", "0.07", " 0.85", " 0.17", " -0.19", " -0.61", " -0.22", " -0.59", "0.997545146114975", " 0.0204284293486159", " 0.685726712398524", " ", " 0.0667061613803404", " 0.624433958723963", " ", "1", " 0.282011690352333", " 1", " ", " 1", " 1", " ", "5.8", "3.7", " 5.8", " ", " 2.9", " ", " ", " ", " 2.9", " 2.9", " 5.6", " 3.9", " 4.3", " 2.9", " 3.3", " ", " 3.3", " 5.8", " 4.3", " 4.3", " 5.6", " 4.6", " 5.4", " 5.3", " ", " ", " ", " 1.9", " ", " 3.1", " 4.0", " ", " 3.9", " 4.3", " 5.4", " 5.8"
"2266", "", "False", "", "C40 H78 O3", "Invalid mass", " No results", " No results", " No results", " No results", "6.74", "606.59918", "605.59191", "16.944", "1370767.18951913", "0", "0", "0", "", "", "", "No matches found", " No matches found", " No matches found", " No matches found", " No matches found", "", "No matches found", "PreferredDDA", "", "[M-H]-1", "322268.392562302", " 1278948.8610037", " 682521.216964865", " 922920.334737982", " 409975.945941185", " 838676.149202592", "4.38477512966784", " 47.6017524134696", " 52.0629911285204", " 33.2505456813942", " 5.29781436013668", " 65.2232252649498", "3.969", " 2.864", " 0.534", " 0.601", " 0.740", " 0.909", " 0.489", "1.99", " 1.52", " -0.91", " -0.74", " -0.44", " -0.14", " -1.03", "0.193431567494145", " 0.301901019204567", " 0.909479577387261", " 0.67801861250216", " 0.969878353300741", " 0.998183065523526", " 0.705695352914173", "1", " 1", " 1", " 1", " 1", " 1", " 1", "5.7", "5.3", " ", " 5.7", " ", " ", " 1.7", " ", " 2.0", " ", " 0.8", " 1.0", " ", " 1.0", " 1.5", " 1.1", " 2.0", " ", " ", " ", " 2.2", " 0.7", " ", " ", " 4.4", " ", " ", " 4.0", " 2.9", " 1.7", " 0.0", " ", " ", " ", " ", " "
"1086", "", "False", "", "C5 H15 Br Cl2 N6 O S", "Full match", " No results", " No results", " No results", " No results", "-3.81", "355.95749", "354.95022", "2.372", "1368100.58911094", "0", "0", "0", "", "", "", "No matches found", " No matches found", " No matches found", " No matches found", " No matches found", "", "No matches found", "PreferredDDA", "", "[M-H]-1", "807008.538742143", " 538136.193051022", " ", " 1368100.58911094", " ", " 679475.758663622", "", " ", " ", " ", " ", " 32.7980847653236", "0.667", " 1.695", " 0.000", " ", " 0.000", " 0.497", " 0.000", "-0.58", " 0.76", " -Infinity", " ", " -Infinity", " -1.01", " -Infinity", "", " ", " ", " ", " ", " ", " ", "", " ", " ", " ", " ", " ", " ", "5.0", "", " ", " ", " ", " 4.0", " ", " 3.4", " ", " ", " ", " ", " ", " ", " ", " ", " ", " ", " ", " 5.0", " ", " ", " ", " ", " ", " ", " ", " ", " ", " ", " 4.1", " ", " 4.3", " ", " ", " "
"768", "", "False", "18:0 Cholesterol ester", "C45 H80 O2", "Full match", " No results", " No results", " Full match", " Full match", "-0.27", "652.61565", "651.60838", "18.446", "1368058.52267687", "2", "0", "0", "", "", "", "No matches found", " No matches found", " No matches found", " No matches found", " No matches found", "", "Multiple matches found", "PreferredDDA", "", "[M-H]-1", "440656.441821004", " 445225.25644674", " 546258.873249552", " 539701.256567905", " 719050.764977738", " 1095177.98387601", "36.9708508466849", " 13.5633203685295", " 9.83513542441841", " 6.70018892866283", " 3.18045722700117", " 16.0037767996381", "1.010", " 1.225", " 1.227", " 1.316", " 1.012", " 2.029", " 0.657", "0.01", " 0.29", " 0.30", " 0.40", " 0.02", " 1.02", " -0.61", "0.947668647477576", " 0.190675261617434", " 0.86489772028047", " 0.316598222129406", " 0.999942371966102", " 4.06259110130591E-05", " 0.0210075360012045", "1", " 1", " 1", " 1", " 1", " 0.00244263289966018", " 0.954949235902475", "7.0", "2.0", " 3.5", " ", " 2.4", " 1.6", " 4.3", " ", " 3.5", " 4.3", " 5.1", " 4.0", " ", " 5.2", " ", " ", " 5.2", " 4.4", " ", " 6.3", " 5.6", " 6.3", " ", " 4.8", " 7.0", " 4.8", " ", " 5.2", " 4.4", " 5.4", " 4.4", " 6.1", " 4.8", " 4.4", " 5.9", " 5.9"
"1582", "", "False", "30-hydroxy-triacontanoic acid", "C30 H60 O3", "Not the top hit", " No results", " No results", " Full match", " Full match", "2.02", "468.45519", "467.44792", "16.160", "1366880.84145797", "1", "0", "0", "", "", "", "No matches found", " No matches found", " No matches found", " No matches found", " No matches found", "", "Single match found", "PreferredDDA", "", "[M-H]-1", "763724.872024834", " 665191.28654065", " 865407.789599126", " 735529.850502306", " 621654.878905649", " 742459.121405832", "8.27867064299571", " 20.1469049404449", " 41.9529632910546", " 11.5287663859716", " 10.7274612886636", " 12.8720402897458", "0.871", " 0.963", " 1.301", " 0.718", " 1.177", " 1.009", " 0.837", "-0.20", " -0.05", " 0.38", " -0.48", " 0.23", " 0.01", " -0.26", "0.643413433103372", " 0.999999355256196", " 0.124849834273488", " 0.167686486052536", " 0.658726483030688", " 0.999982838983199", " 0.711933694712304", "1", " 1", " 1", " 1", " 1", " 1", " 1", "4.4", "3.1", " 4.3", " 2.8", " 2.9", " 4.3", " 4.4", " 3.7", " 2.8", " 2.0", " ", " 1.7", " 2.0", " ", " 2.7", " ", " ", " 3.8", " 3.4", " 3.9", " 2.2", " 3.4", " 2.6", " 2.6", " 2.8", " 4.1", " 4.3", " 2.2", " ", " ", " ", " 3.4", " 4.1", " 2.6", " 4.1", " 3.5"
"1832", "", "False", "", "C17 H33 N2 O6 P", "Full match", " No results", " No results", " No results", " No results", "-4.21", "392.20597", "391.19870", "1.348", "1359747.41639789", "0", "0", "0", "", "", "", "No matches found", " No matches found", " No matches found", " No matches found", " No matches found", "", "No matches found", "PreferredDDA", "", "[M-H]-1", "684647.799700969", " 992894.482760884", " 950567.098829199", " 568092.113809644", " 644038.183323815", " 832540.764817414", "17.6168725235082", " 11.1295154419273", " 19.8742456829111", " 29.0147618110849", " ", " 39.5047113013055", "1.450", " 0.830", " 0.957", " 0.678", " 1.673", " 1.466", " 0.774", "0.54", " -0.27", " -0.06", " -0.56", " 0.74", " 0.55", " -0.37", "0.332025803151567", " 0.965972041219959", " 0.999342226325183", " ", " 0.0391765048547205", " 0.697409375199474", " ", "1", " 1", " 1", " ", " 1", " 1", " ", "5.2", "4.2", " ", " ", " 3.3", " 4.8", " ", " 4.5", " ", " 3.0", " 4.1", " 2.5", " 4.2", " 4.8", " 5.2", " 2.9", " 3.6", " 2.5", " ", " 3.1", " 3.5", " 2.5", " 2.5", " ", " ", " ", " 3.0", " ", " ", " ", " 3.5", " ", " 3.8", " ", " ", " "
"808", "", "False", "", "C27 H49 N2 O15 P3 S2", "Full match", " No results", " No results", " No results", " No results", "1.32", "798.17977", "797.17249", "14.097", "1358763.51183182", "0", "0", "0", "", "", "", "No matches found", " No matches found", " No matches found", " No matches found", " No matches found", "", "No matches found", "PreferredDDA", "", "[M-H]-1", "633185.53163297", " 955183.445647147", " 599774.24243883", " 544768.20544333", " 664818.114020069", " 706936.492682929", "45.9057574277367", " 28.3264462136733", " 7.22784756812062", " 1.95668443140572", " 32.5112642906219", " 61.2634968974403", "1.509", " 0.860", " 0.628", " 1.108", " 1.101", " 1.298", " 0.940", "0.59", " -0.22", " -0.67", " 0.15", " 0.14", " 0.38", " -0.09", "0.995510778699489", " 0.955641111351479", " 0.903453242006919", " 0.993989246589823", " 0.999532812255691", " 0.998520171650715", " 0.995788897114582", "1", " 1", " 1", " 1", " 1", " 1", " 1", "7.3", "4.5", " 3.0", " 4.8", " ", " ", " ", " 3.9", " ", " ", " 5.8", " ", " ", " 7.1", " 7.3", " 5.6", " ", " ", " ", " ", " 5.7", " ", " 6.4", " ", " ", " 4.1", " 4.9", " ", " 4.3", " ", " 2.7", " 2.7", " ", " 3.3", " 4.0", " "
"895", "", "False", "3-dehydroecdysone", "C27 H42 O6", "Not the top hit", " No results", " No results", " Not the top hit", " Full match", "3.62", "462.29981", "461.29254", "8.780", "1354726.37808615", "8", "0", "0", "", "", "", "No matches found", " No matches found", " No matches found", " No matches found", " No matches found", "", "Multiple matches found", "PreferredDDA", "", "[M-H]-1", "", " 783238.032663678", " 486683.350282595", " 839295.020089822", " ", " ", "", " 20.6131104134028", " 23.3613498540462", " 51.5116266253508", " ", " ", "Infinity", " Infinity", " 0.621", " 0.000", " 0.580", " 0.000", " ", "Infinity", " Infinity", " -0.69", " -Infinity", " -0.79", " -Infinity", " ", "", " ", " 0.462218664168211", " ", " 0.589680522238094", " ", " ", "", " ", " 1", " ", " 1", " ", " ", "4.8", "", " ", " ", " ", " ", " ", " 3.5", " ", " 3.5", " 3.1", " 4.8", " 4.3", " ", " 4.8", " 3.5", " 2.1", " ", " 3.8", " 2.9", " 3.1", " 3.6", " ", " 0.8", " ", " ", " ", " ", " ", " ", " ", " ", " ", " ", " ", " "
"316", "", "False", "", "C24 H19 N8 O9 P3 S", "Full match", " No results", " No results", " No results", " No results", "0.60", "688.02127", "687.01399", "1.092", "1353834.81161383", "0", "0", "0", "", "", "", "No matches found", " No matches found", " No matches found", " No matches found", " No matches found", "", "No matches found", "PreferredDDA", "", "[M-H]-1", "402632.924658857", " 392809.353734951", " 206414.343760976", " 327188.730734869", " 601722.861230216", " 1353834.81161383", "89.4500342631128", " 36.2893806738597", " 25.9519006175275", " 39.1343488930565", " ", " ", "0.976", " 0.813", " 0.525", " 2.915", " 0.631", " 4.138", " 0.444", "-0.04", " -0.30", " -0.93", " 1.54", " -0.66", " 2.05", " -1.17", "0.995392374890377", " 0.968845979422235", " 0.76879559116858", " ", " 0.897197809176279", " ", " ", "1", " 1", " 1", " ", " 1", " ", " ", "6.3", "5.7", " ", " ", " 5.2", " 4.9", " ", " 5.4", " 5.4", " 5.1", " 5.4", " 5.9", " 5.6", " ", " 6.3", " 5.9", " ", " 5.4", " 5.4", " ", " 5.4", " ", " 5.4", " ", " ", " ", " ", " ", " 5.7", " ", " ", " ", " ", " ", " ", " 5.4"
"917", "", "False", "", "C21 H39 Cl O4", "Full match", " No results", " No results", " No results", " No results", "2.71", "390.25475", "389.24747", "9.339", "1350493.6327149", "0", "0", "0", "", "", "", "No matches found", " No matches found", " No matches found", " No matches found", " No matches found", "", "No matches found", "PreferredDDA", "", "[M-H]-1", "723843.103126983", " 288706.968429851", " 368250.965836346", " 918431.316420009", " 486997.493549655", " 630529.828748648", "", " ", " 0.570172385316699", " 46.4086456777676", " ", " 49.8011740545992", "0.399", " 1.269", " 1.276", " 1.322", " 0.401", " 0.687", " 0.772", "-1.33", " 0.34", " 0.35", " 0.40", " -1.32", " -0.54", " -0.37", "", " ", " ", " ", " 0.575131425953912", " 0.999806666362616", " ", "", " ", " ", " ", " 1", " 1", " ", "5.3", "4.0", " ", " ", " ", " ", " ", " 3.8", " ", " ", " ", " ", " ", " ", " ", " 4.5", " 5.3", " 2.7", " 3.4", " 2.9", " 4.8", " 5.2", " ", " 4.0", " ", " ", " ", " 3.4", " ", " ", " 2.7", " 1.9", " 4.0", " 4.2", " 3.9", " 4.8"
"1544", "", "False", "Cerotic acid", "C26 H52 O2", "Full match", " No results", " No results", " Full match", " Full match", "4.07", "396.39835", "395.39107", "15.960", "1339784.98777905", "14", "0", "0", "", "", "", "No matches found", " No matches found", " No matches found", " No matches found", " No matches found", "", "Multiple matches found", "PreferredDDA", "", "[M-H]-1", "915976.401530742", " ", " 1073753.95491919", " 1046322.99791253", " 891528.210833637", " 887277.109117614", "9.2847926882067", " ", " 8.23019978566329", " 7.28512106645556", " 27.1377312395268", " 12.678611706069", "0.000", " 1.142", " Infinity", " 0.830", " 1.026", " 0.848", " 1.005", "-Infinity", " 0.19", " Infinity", " -0.27", " 0.04", " -0.24", " 0.01", "", " 0.963300911377733", " ", " 0.984888931856247", " 0.999797444362609", " 0.78141631969084", " 0.882403947935224", "", " 1", " ", " 1", " 1", " 1", " 1", "5.4", "3.5", " 5.4", " ", " ", " 3.9", " ", " ", " ", " ", " ", " ", " ", " 4.3", " 3.1", " ", " ", " ", " ", " ", " 3.9", " ", " ", " 3.1", " 2.6", " 2.4", " ", " ", " 2.4", " ", " ", " 5.3", " ", " 2.2", " 3.8", " "
"1396", "", "False", "Heptacosanedioic acid", "C27 H52 O4", "Full match", " No results", " No results", " Not the top hit", " Full match", "2.75", "440.38777", "439.38050", "14.346", "1335706.28505193", "3", "0", "0", "", "", "", "No matches found", " No matches found", " No matches found", " No matches found", " No matches found", "", "Multiple matches found", "PreferredDDA", "", "[M-H]-1", "951756.068601414", " 945025.040882066", " 1108127.38195825", " 977830.476369552", " 918532.539166888", " 1028309.13995511", "31.6471861568988", " 8.39846392565585", " 18.4883994813422", " 22.691349757989", " 17.5181696409077", " 24.6461528258347", "0.993", " 1.027", " 1.173", " 0.829", " 1.133", " 1.052", " 0.893", "-0.01", " 0.04", " 0.23", " -0.27", " 0.18", " 0.07", " -0.16", "0.999916517295803", " 0.999967404674895", " 0.997552078211053", " 0.978939344013851", " 0.962985838028402", " 0.985944969782998", " 0.99135127446962", "1", " 1", " 1", " 1", " 1", " 1", " 1", "4.6", "1.1", " 1.7", " 1.1", " ", " 2.2", " ", " 3.1", " 3.1", " 4.6", " 3.9", " 2.5", " 2.9", " 2.1", " 3.3", " ", " 3.3", " ", " 1.6", " ", " 1.6", " ", " ", " 1.6", " 3.3", " ", " ", " ", " 2.9", " 2.0", " 2.0", " ", " 1.8", " ", " ", " "
"1416", "", "False", "Lumequeic acid", "C30 H58 O2", "Full match", " No results", " No results", " Not the top hit", " Full match", "3.33", "450.44518", "449.43790", "18.466", "1331494.97080559", "10", "0", "0", "", "", "", "No matches found", " No matches found", " No matches found", " No matches found", " No matches found", "", "Multiple matches found", "PreferredDDA", "", "[M-H]-1", "818323.876087028", " 885661.32937317", " 860181.756531168", " 823701.332384398", " 884867.893296738", " 945588.572129856", "28.4322222318388", " 6.7489368766281", " 13.61341995979", " 11.9036296417098", " 16.6212533697704", " 10.3327812682241", "1.082", " 1.007", " 0.971", " 1.029", " 1.044", " 1.148", " 0.936", "0.11", " 0.01", " -0.04", " 0.04", " 0.06", " 0.20", " -0.10", "0.999974287630648", " 0.881717180528244", " 0.989678063733677", " 0.998213299525283", " 0.999898866702907", " 0.595171446022844", " 0.960327845835713", "1", " 1", " 1", " 1", " 1", " 1", " 1", "6.2", "1.8", " 3.1", " 3.5", " 3.9", " 4.3", " 6.2", " ", " 5.8", " 5.4", " 6.2", " 4.5", " 4.9", " 4.5", " 4.1", " 3.5", " 4.5", " 2.0", " 4.9", " 5.7", " 4.9", " 4.1", " 4.9", " 4.9", " 3.6", " 4.0", " 4.4", " 3.3", " 3.4", " 4.9", " 5.7", " 5.3", " 4.1", " 4.1", " 5.7", " 4.1"
"1392", "", "False", "", "C15 H36 N10 O4 P2", "Full match", " No results", " No results", " No results", " No results", "-4.48", "482.23746", "481.23018", "1.322", "1319908.21237889", "0", "0", "0", "", "", "", "No matches found", " No matches found", " No matches found", " No matches found", " No matches found", "", "No matches found", "PreferredDDA", "", "[M-H]-1", "412693.157562548", " 821140.129000118", " 1030378.37931744", " 654174.371415376", " ", " 730714.501969807", "54.3246633555061", " 19.5224051529078", " 29.6060236085916", " 31.7270836746124", " ", " 34.6886296656097", "1.990", " 1.585", " 1.255", " 0.000", " 1.575", " 1.117", " 0.000", "0.99", " 0.66", " 0.33", " -Infinity", " 0.66", " 0.16", " -Infinity", "0.256179028039372", " 0.455780142764596", " 0.991668883281001", " ", " 0.526023932406022", " 0.997131627989444", " ", "1", " 1", " 1", " ", " 1", " 1", " ", "4.9", "", " 1.9", " ", " ", " 0.8", " ", " 4.0", " ", " 4.0", " ", " 2.4", " 4.9", " 2.1", " 3.5", " 3.1", " 2.5", " ", " ", " 2.2", " 1.3", " 3.0", " ", " 2.0", " ", " ", " ", " ", " ", " ", " ", " ", " 1.5", " 2.4", " ", " "
"1493", "", "False", "9-oxo-7E-hexadecenoic acid", "C16 H28 O3", "Full match", " No results", " No results", " Not the top hit", " Full match", "3.30", "268.20473", "267.19745", "6.339", "1314413.34850335", "9", "0", "0", "", "", "", "No matches found", " No matches found", " No matches found", " No matches found", " No matches found", "", "Multiple matches found", "PreferredDDA", "", "[M-H]-1", "862984.072493731", " 631998.546720639", " 913386.507614882", " 568118.424360031", " ", " ", "41.5177413131046", " 20.5960724960374", " 62.0917423819916", " 7.05875705364131", " ", " ", "0.732", " 0.658", " 1.445", " 0.000", " 1.608", " 0.000", " ", "-0.45", " -0.60", " 0.53", " -Infinity", " 0.69", " -Infinity", " ", "0.765081682919016", " 0.652348531978842", " 0.774556878303116", " ", " 0.661923713646701", " ", " ", "1", " 1", " 1", " ", " 1", " ", " ", "5.9", "", " 3.0", " ", " 4.0", " ", " 4.0", " 3.1", " 4.0", " 3.9", " ", " 2.3", " 5.4", " ", " ", " ", " ", " ", " ", " 5.9", " ", " 4.4", " ", " 5.6", " ", " ", " ", " ", " ", " ", " ", " ", " ", " ", " ", " "
"757", "", "False", "", "C4 H14 N10 S3", "Full match", " No results", " No results", " No match", " No results", "-4.19", "298.05526", "297.04798", "11.981", "1304215.28566523", "3", "0", "0", "", "", "", "No matches found", " No matches found", " No matches found", " No matches found", " No matches found", "", "No matches found", "PreferredDDA", "", "[M-H]-1", "766168.634379112", " 1005924.61201878", " ", " 949952.705400613", " 743666.079300322", " 744006.487727581", "44.8971397995422", " 10.7129130510123", " ", " 36.321789851175", " ", " 35.8515199254845", "1.313", " 1.240", " 0.000", " Infinity", " 0.000", " 0.783", " 1.000", "0.39", " 0.31", " -Infinity", " Infinity", " -Infinity", " -0.35", " 0.00", "0.963464530220826", " 0.995254771542115", " ", " ", " ", " 0.999955109799947", " ", "1", " 1", " ", " ", " ", " 1", " ", "4.5", "4.2", " 1.0", " 2.7", " ", " ", " ", " 4.5", " ", " ", " 3.4", " ", " ", " ", " ", " ", " ", " ", " 2.6", " ", " ", " ", " 4.1", " ", " ", " ", " ", " ", " 0.6", " ", " ", " 4.0", " 3.0", " ", " 3.8", " "
"2015", "", "False", "Cer 9:1;2O/6:0", "C15 H29 N O3", "Full match", " No results", " Full match", " No results", " No results", "2.36", "271.21538", "270.20811", "2.752", "1299861.73315758", "0", "0", "2", "", "", "0.2", "No matches found", " No matches found", " No matches found", " Multiple matches found", " No matches found", "", "No matches found", "PreferredDDA", "", "[M-H]-1", "639661.824454811", " 887615.079697447", " 681492.419917924", " 661539.007393827", " ", " ", "", " 29.322389502777", " ", " 3.36699475462401", " ", " ", "1.388", " 1.034", " 0.768", " 0.000", " 1.030", " 0.000", " ", "0.47", " 0.05", " -0.38", " -Infinity", " 0.04", " -Infinity", " ", "", " ", " ", " ", " ", " ", " ", "", " ", " ", " ", " ", " ", " ", "6.1", "", " ", " ", " ", " 3.0", " ", " 3.9", " 3.3", " 4.3", " 3.4", " ", " ", " ", " ", " 3.3", " ", " ", " ", " 4.8", " 6.1", " 5.9", " ", " ", " ", " ", " ", " ", " ", " ", " ", " ", " ", " ", " ", " "
"1398", "", "False", "", "C16 H28 O S2", "Full match", " No results", " No results", " No match", " No results", "0.85", "300.15841", "345.15676", "1.334", "1292530.91212873", "2", "0", "0", "", "", "", "No matches found", " No matches found", " No matches found", " No matches found", " No matches found", "", "No matches found", "PreferredDDA", "", "[M+FA-H]-1", "951325.362433921", " 1163585.05817943", " 1009922.42218868", " 1258706.91866996", " ", " ", "26.5186355983923", " 23.2723434094024", " 28.6996567520629", " 3.80027706001239", " ", " ", "1.223", " 1.323", " 0.868", " 0.000", " 0.802", " 0.000", " ", "0.29", " 0.40", " -0.20", " -Infinity", " -0.32", " -Infinity", " ", "0.985373258416428", " 0.667422964262405", " 0.978069508496454", " ", " 0.601929786803679", " ", " ", "1", " 1", " 1", " ", " 1", " ", " ", "6.7", "", " ", " ", " 4.3", " 4.3", " ", " 3.9", " 5.0", " 4.6", " ", " 3.1", " ", " 4.3", " 4.6", " ", " ", " ", " ", " 6.7", " ", " 6.5", " ", " ", " ", " ", " ", " ", " ", " ", " ", " ", " ", " ", " ", " "
"746", "", "False", "sarmentogenin", "C24 H36 O4", "Full match", " No results", " No results", " Not the top hit", " Full match", "-1.34", "388.26084", "387.25356", "11.626", "1290234.47185003", "35", "0", "0", "", "", "", "No matches found", " No matches found", " No matches found", " No matches found", " No matches found", "", "Multiple matches found", "PreferredDDA", "", "[M-H]-1", "", " ", " 567503.277005771", " 967981.181800854", " ", " 362140.705777791", "", " ", " 33.049994570834", " 26.740082759154", " ", " ", "", " Infinity", " Infinity", " 0.000", " 0.586", " 0.374", " 0.000", "", " Infinity", " Infinity", " -Infinity", " -0.77", " -1.42", " -Infinity", "", " ", " ", " ", " 0.187922369558519", " ", " ", "", " ", " ", " ", " 1", " ", " ", "5.4", "", " ", " ", " ", " ", " ", " ", " ", " ", " ", " ", " 5.4", " ", " ", " ", " 0.7", " 5.0", " ", " 3.5", " ", " 3.5", " ", " 4.3", " ", " ", " ", " ", " ", " ", " ", " ", " 2.3", " ", " ", " "
"1270", "", "False", "", "C9 H15 Cl3 N8 O4", "Full match", " No results", " No results", " No results", " No results", "-4.01", "404.02656", "403.01929", "1.750", "1281061.82328161", "0", "0", "0", "", "", "", "No matches found", " No matches found", " No matches found", " No matches found", " No matches found", "", "No matches found", "PreferredDDA", "", "[M-H]-1", "521729.61980752", " 967037.271860725", " 533856.28257792", " 633014.202887947", " 402176.247861648", " 545355.121029321", "69.6702528159023", " 6.50358786536211", " 6.68456948584618", " 19.0826696645276", " 39.6062587027121", " 42.9190267905559", "1.854", " 1.213", " 0.552", " 0.753", " 0.843", " 0.862", " 0.737", "0.89", " 0.28", " -0.86", " -0.41", " -0.25", " -0.22", " -0.44", "0.809079461457742", " 0.999999961269438", " 0.685336886834597", " 0.961839140865011", " 0.997520806366003", " 0.999999349509755", " 0.757895189642888", "1", " 1", " 1", " 1", " 1", " 1", " 1", "6.5", "1.9", " ", " ", " 0.6", " 2.3", " ", " ", " 6.5", " ", " 6.2", " ", " 4.0", " ", " ", " 5.9", " ", " 3.0", " ", " 4.9", " 3.8", " ", " 4.8", " ", " ", " ", " 0.9", " ", " 2.4", " ", " 2.7", " ", " 3.8", " 1.5", " 3.6", " 3.3"
"824", "", "False", "", "C45 H81 P", "Full match", " No results", " No results", " No results", " No results", "1.01", "652.60824", "651.60097", "15.944", "1280060.85413169", "0", "0", "0", "", "", "", "No matches found", " No matches found", " No matches found", " No matches found", " No matches found", "", "No matches found", "PreferredDDA", "", "[M-H]-1", "715857.752019255", " 890708.081960425", " 702357.859371619", " 910344.011235115", " 841581.225568415", " 904115.251601051", "15.4818812061765", " 26.3483468931793", " 46.5644036809923", " 20.2056669875399", " 13.1570468285668", " 13.5369299330582", "1.244", " 1.272", " 0.789", " 1.198", " 0.772", " 0.993", " 0.931", "0.32", " 0.35", " -0.34", " 0.26", " -0.37", " -0.01", " -0.10", "0.927904147607973", " 0.624861271333467", " 0.925701671991189", " 0.880489860199979", " 0.542328846843291", " 0.999058368539749", " 0.999977762726276", "1", " 1", " 1", " 1", " 1", " 1", " 1", "6.0", "2.9", " ", " 3.4", " ", " 2.1", " 4.3", " 2.0", " 2.8", " 3.9", " 2.1", " 1.0", " 1.0", " 2.9", " 2.3", " 0.0", " 0.8", " 2.8", " 2.8", " 3.1", " ", " 3.9", " ", " 1.2", " ", " 3.0", " 3.8", " 3.8", " 2.6", " 4.5", " 3.8", " 6.0", " 3.0", " 3.4", " ", " 2.2"
"1327", "", "False", "", "C13 H26 N6 O3 S", "Full match", " No results", " No results", " No results", " No results", "4.90", "346.18040", "345.17313", "2.501", "1269491.37966103", "0", "0", "0", "", "", "", "No matches found", " No matches found", " No matches found", " No matches found", " No matches found", "", "No matches found", "PreferredDDA", "CO2", "[M-H]-1", "784543.339089146", " 937216.659802484", " 764041.871985245", " 603647.832651922", " ", " 933366.749351044", "23.6416640322666", " 25.2710947599874", " 13.2012838723181", " 12.0678620812393", " ", " 50.9287491934473", "1.195", " 0.769", " 0.815", " 0.000", " 1.266", " 1.546", " 0.000", "0.26", " -0.38", " -0.29", " -Infinity", " 0.34", " 0.63", " -Infinity", "0.516255387821673", " 0.860730238077599", " 0.695513040619008", " ", " 0.573878722653639", " 0.38144066443325", " ", "1", " 1", " 1", " ", " 1", " 1", " ", "5.7", "5.0", " 2.4", " ", " 2.9", " ", " ", " 3.1", " ", " 4.3", " 3.9", " ", " 5.7", " ", " 3.2", " 4.1", " 3.8", " 5.4", " ", " ", " 2.4", " 2.8", " 3.2", " ", " ", " ", " ", " ", " ", " ", " ", " ", " ", " 4.4", " ", " 1.1"
"1385", "", "False", "", "C38 H77 N2 O2 P", "Full match", " No results", " No results", " No results", " No results", "3.89", "624.57470", "623.56757", "15.656", "1254681.96541717", "0", "0", "0", "", "", "", "No matches found", " No matches found", " No matches found", " No matches found", " No matches found", "", "No matches found", "PreferredDDA", "", "[M-H]-1", "1254681.96541717", " 992308.822496368", " 1062325.59886588", " 952465.291391896", " 956906.170060693", " 1095746.37563724", "", " ", " 15.4894137481049", " 2.89414057848801", " 10.8831839113977", " 3.69146775968941", "0.791", " 0.759", " 1.071", " 0.901", " 1.115", " 1.150", " 0.873", "-0.34", " -0.40", " 0.10", " -0.15", " 0.16", " 0.20", " -0.20", "", " ", " ", " 0.847941820624841", " 0.839128591305369", " 0.668025570337577", " 0.679496253008646", "", " ", " ", " 1", " 1", " 1", " 1", "4.4", "", " ", " ", " ", " 1.4", " ", " ", " 1.0", " ", " ", " 2.5", " ", " ", " ", " ", " 2.1", " ", " ", " 4.4", " ", " 3.6", " ", " ", " ", " ", " 2.2", " 2.6", " ", " 3.6", " ", " 3.6", " ", " ", " ", " 4.0"
"1535", "", "False", "Desogestrel", "C22 H30 O", "Full match", " No results", " No results", " Full match", " Full match", "3.31", "310.23069", "309.22342", "7.459", "1247788.02309628", "3", "0", "0", "", "", "", "No matches found", " No matches found", " No matches found", " No matches found", " No matches found", "", "Multiple matches found", "PreferredDDA", "", "[M-H]-1", "770605.766653255", " 701446.101237692", " 901817.345441307", " 681906.25661045", " 973605.125116851", " 976322.96167212", "", " 21.4290956315184", " 33.812580483261", " 26.3500171847722", " 17.9122927886785", " 39.3219853109857", "0.910", " 0.885", " 1.286", " 1.080", " 1.322", " 1.432", " 0.997", "-0.14", " -0.18", " 0.36", " 0.11", " 0.40", " 0.52", " 0.00", "", " ", " 0.930368203274104", " 0.998735237724769", " 0.946916264453166", " 0.919820232881733", " 0.999998060450751", "", " ", " 1", " 1", " 1", " 1", " 1", "4.8", "1.4", " ", " ", " ", " ", " ", " 3.7", " ", " ", " 3.5", " 2.8", " 4.1", " ", " 1.9", " 2.6", " ", " ", " ", " 2.8", " 2.0", " 4.8", " ", " 3.7", " ", " 4.4", " ", " 4.0", " ", " 4.1", " ", " ", " 2.6", " ", " ", " "
"1148", "", "False", "", "C28 H54 O4", "Full match", " No results", " No results", " No results", " No results", "2.17", "454.40319", "453.39592", "16.158", "1244861.61198528", "0", "0", "0", "", "", "", "No matches found", " No matches found", " No matches found", " No matches found", " No matches found", "", "No matches found", "PreferredDDA", "", "[M-H]-1", "927625.584359771", " 1030688.14461281", " 993785.18748855", " 897481.838539159", " 1244861.61198528", " 940226.435911462", "5.24462653092452", " 18.5150829748409", " 6.77156919280508", " 1.43898807433906", " ", " 1.68976239864865", "1.111", " 0.968", " 0.964", " 1.253", " 1.107", " 1.048", " 1.324", "0.15", " -0.05", " -0.05", " 0.32", " 0.15", " 0.07", " 0.40", "0.999895924353873", " 0.999608906609483", " 0.999969251951406", " ", " 0.978270003979395", " 0.997798745753911", " ", "1", " 1", " 1", " ", " 1", " 1", " ", "5.9", "", " ", " ", " 3.5", " 4.6", " 3.6", " ", " 3.6", " 2.5", " ", " 3.9", " 5.0", " ", " ", " 3.9", " ", " ", " ", " 4.0", " 5.5", " ", " ", " ", " ", " ", " ", " ", " 0.2", " ", " ", " ", " 4.8", " ", " 5.9", " "
"818", "", "False", "", "C35 H73 Cl N4 O S", "Full match", " No results", " No results", " No results", " No results", "0.96", "632.51997", "631.51269", "18.476", "1238778.23358654", "0", "0", "0", "", "", "", "No matches found", " No matches found", " No matches found", " No matches found", " No matches found", "", "No matches found", "PreferredDDA", "", "[M-H]-1", "502186.307240222", " 508264.885310041", " 712878.359709991", " 820897.03988062", " 502630.037469757", " 751396.271066013", "50.7715378905324", " 26.7998108235428", " 11.6222734506692", " 30.7723666951096", " 24.8755773089571", " 29.6650732333213", "1.012", " 1.635", " 1.403", " 0.705", " 0.868", " 0.915", " 0.669", "0.02", " 0.71", " 0.49", " -0.50", " -0.20", " -0.13", " -0.58", "0.998470302992685", " 0.254309186601643", " 0.355072661406683", " 0.525843984924422", " 0.989610969555156", " 0.964629094860829", " 0.586077851798465", "1", " 1", " 1", " 1", " 1", " 1", " 1", "6.8", "4.8", " 3.8", " 2.7", " 2.3", " 2.9", " 4.8", " 1.8", " 3.3", " 3.7", " 4.3", " 6.8", " 6.0", " 5.7", " 5.3", " 6.4", " 6.4", " 4.3", " 4.5", " 6.0", " 5.3", " 4.1", " 4.1", " 3.8", " 5.4", " 4.8", " 3.7", " 5.6", " 6.3", " 4.6", " 2.9", " 5.4", " 5.0", " 4.8", " 5.0", " 4.6"
"486", "", "False", "", "C14 H5 N4 O2 P", "Full match", " No results", " No results", " No match", " No results", "0.94", "292.01529", "291.00801", "1.092", "1233842.61551702", "3", "0", "0", "", "", "", "No matches found", " No matches found", " No matches found", " No matches found", " No matches found", "", "No matches found", "PreferredDDA", "", "[M-H]-1", "624451.587484815", " 568310.78324562", " 472029.482305187", " 535864.724693486", " 553476.936053163", " 495780.41316405", "41.890742581093", " 35.8953313734707", " 34.5548416811996", " 27.2029004731824", " 44.1470988092928", " 66.4372622903943", "0.910", " 0.858", " 0.831", " 1.173", " 0.881", " 0.925", " 1.116", "-0.14", " -0.22", " -0.27", " 0.23", " -0.18", " -0.11", " 0.16", "0.92325100671719", " 0.935175436216834", " 0.978561401083383", " 0.992519975650958", " 0.972310836954056", " 0.999946930656854", " 0.999797165139334", "1", " 1", " 1", " 1", " 1", " 1", " 1", "6.7", "5.7", " 5.9", " ", " 5.5", " 4.9", " 4.3", " 6.2", " 5.8", " 5.8", " 6.0", " 5.8", " ", " 6.6", " 5.8", " 5.4", " 5.1", " 6.3", " 6.3", " 6.3", " 6.7", " ", " 6.5", " ", " ", " 4.2", " 5.7", " ", " 5.9", " ", " ", " 5.3", " 5.3", " 5.7", " ", " 5.2"
"1752", "", "False", "", "C38 H75 N4 O2 P", "Full match", " No results", " No results", " No results", " No results", "2.08", "650.56412", "649.55684", "16.429", "1220553.13856192", "0", "0", "0", "", "", "", "No matches found", " No matches found", " No matches found", " No matches found", " No matches found", "", "No matches found", "PreferredDDA", "Fatty_Acid_18:1", "[M-H]-1", "661071.455041381", " 277581.538993596", " 999445.708937137", " 982522.547087435", " 663584.790847947", " 914763.17940056", "", " 82.9512229083513", " 13.6970123800411", " 6.14963286082927", " 62.5651127504054", " 9.74397324019488", "0.420", " 1.486", " 3.601", " 0.664", " 1.017", " 0.931", " 0.725", "-1.25", " 0.57", " 1.85", " -0.59", " 0.02", " -0.10", " -0.46", "", " ", " 0.10754883351866", " 0.671828062746573", " 0.999992376901647", " 0.999938908530896", " 0.856751606261969", "", " ", " 1", " 1", " 1", " 1", " 1", "4.5", "", " 2.5", " ", " ", " ", " ", " 4.5", " ", " 0.6", " 4.2", " ", " 2.6", " ", " 2.2", " 3.0", " 2.2", " ", " 3.9", " ", " 3.1", " ", " ", " 3.1", " 0.0", " 0.6", " ", " ", " ", " 2.8", " 3.5", " ", " ", " ", " 3.1", " "
"409", "", "False", "", "C19 H11 N8 O14 P", "Full match", " No results", " No results", " No results", " No results", "0.60", "606.01359", "605.00632", "1.092", "1212137.51019731", "0", "0", "0", "", "", "", "No matches found", " No matches found", " No matches found", " No matches found", " No matches found", "", "No matches found", "PreferredDDA", "", "[M-H]-1", "414954.69257954", " 418558.319730385", " 276087.232540936", " 391614.30564539", " 434742.830275855", " 307166.6622898", "74.4941732028881", " 26.9410198940183", " 21.9956391394814", " 21.5155949537051", " 49.9431805181851", " 87.6142845170183", "1.009", " 0.944", " 0.660", " 1.575", " 0.705", " 0.784", " 1.415", "0.01", " -0.08", " -0.60", " 0.66", " -0.50", " -0.35", " 0.50", "0.999338477663572", " 0.999979802161863", " 0.925780764507767", " 0.948380641969915", " 0.897869130930556", " 0.999562487811141", " 0.999323822675544", "1", " 1", " 1", " 1", " 1", " 1", " 1", "6.3", "5.3", " ", " ", " 5.2", " 4.9", " ", " 5.9", " 5.9", " 5.9", " 5.6", " 6.3", " 5.9", " ", " ", " 5.9", " ", " 6.3", " ", " ", " 6.3", " ", " 5.9", " ", " ", " ", " 4.5", " ", " 5.7", " ", " ", " 4.9", " ", " 5.3", " ", " 5.2"
"761", "", "False", "2-(Methylsulfonyl)-3-(pyrazin-2-ylamino)acrylonitrile", "C8 H8 N4 O2 S", "Not the top hit", " Full match", " No results", " No results", " No results", "4.22", "224.03774", "223.03047", "18.718", "1198080.69663244", "0", "1", "0", "93.7", "9.7", "", "No matches found", " No matches found", " No matches found", " No matches found", " No matches found", "", "No matches found", "PreferredDDA", "", "[M-H]-1", "594410.63451867", " 1198080.69663244", " 497391.146325471", " ", " ", " 654943.750858657", "20.4516983729674", " ", " ", " ", " ", " ", "2.016", " 0.000", " 0.415", " 0.000", " Infinity", " Infinity", " 0.000", "1.01", " -Infinity", " -1.27", " -Infinity", " Infinity", " Infinity", " -Infinity", "", " ", " ", " ", " ", " ", " ", "", " ", " ", " ", " ", " ", " ", "5.2", "3.7", " ", " 3.7", " ", " 3.3", " ", " ", " ", " ", " 5.2", " 2.3", " ", " ", " ", " ", " ", " ", " ", " ", " ", " ", " ", " ", " ", " ", " ", " ", " ", " ", " ", " 3.8", " ", " ", " ", " "
"1553", "", "False", "", "", "No results", " No results", " No results", " No results", " No results", "", "259.82655", "258.81927", "1.699", "1190296.19108385", "0", "0", "0", "", "", "", "No matches found", " No matches found", " No matches found", " No matches found", " No matches found", "", "No matches found", "PreferredDDA", "", "[M-H]-1", "322100.932253523", " 486055.145549113", " 545053.096581202", " 424004.039454201", " 518865.87755387", " 827128.616862583", "20.5838679749226", " ", " 17.573078055705", " 46.9375448969675", " 50.9763279554396", " 49.6018223292821", "1.509", " 1.316", " 1.121", " 0.952", " 1.285", " 1.951", " 0.627", "0.59", " 0.40", " 0.17", " -0.07", " 0.36", " 0.96", " -0.67", "", " 0.916465133332254", " ", " 0.999887289622926", " 0.999933600276104", " 0.943953926498011", " 0.956866621683876", "", " 1", " ", " 1", " 1", " 1", " 1", "5.6", "4.4", " ", " ", " ", " 5.6", " 1.5", " ", " ", " ", " ", " ", " 4.2", " 3.0", " ", " ", " ", " 0.2", " ", " 4.2", " ", " ", " 3.4", " ", " 4.2", " ", " ", " ", " 1.7", " ", " ", " ", " 3.8", " 2.1", " 4.0", " 1.4"
"506", "", "False", "", "C11 H10 N6 O13 P2", "Full match", " No results", " No results", " No results", " No results", "-0.24", "495.97799", "494.97071", "23.841", "1189070.07918422", "0", "0", "0", "", "", "", "No matches found", " No matches found", " No matches found", " No matches found", " No matches found", "", "No matches found", "PreferredDDA", "", "[M-H]-1", "1013058.32623602", " 1031389.90626618", " 1071335.15731221", " 979041.946532044", " 1017909.12323058", " 984974.89771566", "5.18435672313801", " 3.87922347059368", " 9.27695169312976", " 7.24212366802719", " 5.99776532378474", " 4.98969306240907", "1.018", " 0.966", " 1.039", " 0.950", " 1.094", " 1.006", " 1.033", "0.03", " -0.05", " 0.05", " -0.07", " 0.13", " 0.01", " 0.05", "0.999969375954793", " 0.951913057381174", " 0.940108497569974", " 0.920891416999626", " 0.54465362134222", " 0.998769139632562", " 0.929156138333032", "1", " 1", " 1", " 1", " 1", " 1", " 1", "8.9", "8.8", " 8.1", " 8.1", " 8.1", " 8.8", " 8.6", " 8.6", " 8.9", " 8.9", " 8.6", " 8.1", " 8.8", " 8.1", " 8.4", " 8.1", " 8.4", " 8.4", " 8.4", " 8.8", " 8.1", " 8.1", " 8.4", " 8.1", " 8.4", " 8.1", " 8.1", " 8.4", " 8.4", " 8.9", " 8.9", " 8.6", " 8.9", " 8.6", " 8.9", " 8.9"
"2236", "", "False", "", "C33 H67 N2 P", "Full match", " No results", " No results", " No results", " No results", "-2.73", "522.50276", "521.49549", "15.879", "1174942.94362679", "0", "0", "0", "", "", "", "No matches found", " No matches found", " No matches found", " No matches found", " No matches found", "", "No matches found", "NoMSn", "", "[M-H]-1", "", " 437495.720939414", " 1174942.94362679", " 1088068.46152248", " 951513.453744273", " 1092096.86512901", "", " ", " ", " 3.11704474711832", " 2.97613167115972", " ", "Infinity", " Infinity", " 2.686", " 0.810", " 1.080", " 1.004", " 0.871", "Infinity", " Infinity", " 1.43", " -0.30", " 0.11", " 0.01", " -0.20", "", " ", " ", " ", " ", " ", " ", "", " ", " ", " ", " ", " ", " ", "4.8", "", " ", " ", " ", " ", " ", " ", " 2.3", " ", " ", " ", " ", " ", " ", " ", " 2.1", " ", " ", " ", " 3.6", " 4.4", " ", " ", " 4.8", " ", " 4.0", " ", " ", " ", " ", " ", " ", " ", " 1.4", " "
"1399", "", "False", "4-Dodecylbenzenesulfonic acid", "C18 H30 O3 S", "Full match", " Full match", " No results", " No results", " No results", "4.21", "326.19294", "325.18566", "23.745", "1170922.67346676", "0", "3", "0", "98.8", "9.9", "", "No matches found", " No matches found", " No matches found", " No matches found", " No matches found", "", "No matches found", "PreferredDDA", "", "[M-H]-1", "1170922.67346676", " 1095903.21644683", " ", " 906672.183711473", " 977124.630348065", " 902430.877844861", "", " 7.66839453069873", " ", " 4.48738039498069", " 2.92168917734608", " ", "0.936", " 0.774", " 0.000", " Infinity", " 0.000", " 0.995", " 1.083", "-0.10", " -0.37", " -Infinity", " Infinity", " -Infinity", " -0.01", " 0.11", "", " ", " ", " ", " ", " ", " ", "", " ", " ", " ", " ", " ", " ", "7.0", "3.3", " ", " ", " ", " ", " ", " 4.6", " ", " ", " 6.5", " ", " ", " ", " ", " ", " ", " ", " ", " ", " 5.5", " 5.2", " ", " ", " 6.7", " 6.7", " ", " ", " 7.0", " ", " ", " ", " ", " ", " ", " 2.9"
"873", "", "False", "", "C56 H59 Cl N2 O2 P2 S", "Full match", " No results", " No results", " No results", " No results", "-0.19", "920.34593", "919.33865", "11.701", "1169057.83821217", "0", "0", "0", "", "", "", "No matches found", " No matches found", " No matches found", " No matches found", " No matches found", "", "No matches found", "PreferredDDA", "", "[M-H]-1", "417618.642153443", " 452675.478642305", " 491884.98345844", " 525773.776547023", " 424949.720106943", " 581842.109322776", "44.9375272613998", " 37.292381411253", " 53.3860618414346", " 26.4380288931659", " 21.3156558286177", " 34.8625262008659", "1.084", " 1.259", " 1.087", " 0.864", " 0.936", " 1.107", " 0.730", "0.12", " 0.33", " 0.12", " -0.21", " -0.10", " 0.15", " -0.45", "0.99999998124498", " 0.996145983404094", " 0.899683220711391", " 0.84616167648708", " 0.991230817825564", " 0.999999209385819", " 0.989054645782792", "1", " 1", " 1", " 1", " 1", " 1", " 1", "5.3", "4.5", " 1.9", " ", " 2.3", " 4.0", " ", " 2.8", " 0.9", " 1.6", " 1.5", " 2.1", " ", " 1.9", " 2.5", " 0.0", " 3.4", " 2.1", " 1.8", " 1.0", " 3.7", " 2.4", " 4.8", " ", " 2.9", " 1.0", " 2.9", " 1.0", " ", " 3.9", " 5.3", " 3.5", " 3.5", " 0.5", " 3.2", " 4.5"
"543", "", "False", "", "C8 H12 N6 O6 P2 S2", "Full match", " No results", " No results", " No results", " No results", "4.12", "413.97520", "412.96793", "23.842", "1166872.23808069", "0", "0", "0", "", "", "", "No matches found", " No matches found", " No matches found", " No matches found", " No matches found", "", "No matches found", "PreferredDDA", "", "[M-H]-1", "1028193.65106256", " 1043473.65031653", " 1114013.29613083", " 1057511.60030895", " 1067960.43254303", " 1032040.98669631", "5.06735316142435", " 5.40326230260132", " 7.23165821422818", " 5.32388344411317", " 6.21869750497952", " 2.56065949732957", "1.015", " 1.029", " 1.068", " 0.959", " 1.053", " 0.976", " 1.035", "0.02", " 0.04", " 0.09", " -0.06", " 0.08", " -0.04", " 0.05", "0.999510279202432", " 0.999999987632493", " 0.661276643711554", " 0.99962377217318", " 0.771801376366312", " 0.998755911447137", " 0.785428610003513", "1", " 1", " 1", " 1", " 1", " 1", " 1", "8.9", "8.4", " 8.4", " 8.1", " 8.4", " 8.4", " 8.4", " 8.1", " 8.4", " 8.1", " 8.4", " 8.4", " 8.4", " 8.1", " 8.4", " 8.4", " 8.4", " 8.4", " 8.4", " 8.1", " 8.4", " 8.1", " 8.4", " 8.4", " 8.4", " 8.4", " 8.4", " 8.4", " 8.1", " 8.9", " 8.9", " 8.9", " 8.6", " 8.9", " 8.9", " 8.9"
"1563", "", "False", "", "C31 H76 N10 P2 S", "Full match", " No results", " No results", " No results", " No results", "1.97", "682.54638", "681.53910", "17.476", "1163272.09840836", "0", "0", "0", "", "", "", "No matches found", " No matches found", " No matches found", " No matches found", " No matches found", "", "No matches found", "PreferredDDA", "", "[M-H]-1", "936745.188563726", " 856113.105999233", " 920349.499811484", " 891785.980964503", " 890531.26492264", " 918992.957501951", "2.14708274752556", " 2.65292542778103", " 14.2894051580065", " 16.1569400042532", " 9.259914094244", " 9.59775993959498", "0.914", " 0.952", " 1.075", " 0.968", " 1.032", " 1.031", " 0.969", "-0.13", " -0.07", " 0.10", " -0.05", " 0.05", " 0.04", " -0.05", "0.978593740649173", " 0.881736925077462", " 0.801707761103446", " 0.929086513950844", " 0.47169084988797", " 0.946067476290473", " 0.999999625844971", "1", " 1", " 1", " 1", " 1", " 1", " 1", "5.0", "", " ", " 4.0", " 4.4", " ", " 4.4", " 3.3", " ", " ", " ", " 3.4", " ", " 3.4", " ", " ", " 2.6", " 2.1", " 2.9", " 2.5", " 1.9", " ", " ", " 2.1", " 4.3", " 3.9", " ", " ", " ", " ", " ", " 4.6", " 3.5", " 2.8", " 5.0", " 3.1"
"1325", "", "False", "", "C6 H7 N4 O3 P", "Full match", " No results", " No results", " No results", " No results", "-1.20", "214.02532", "213.01804", "2.026", "1162087.53630322", "0", "0", "0", "", "", "", "No matches found", " No matches found", " No matches found", " No matches found", " No matches found", "", "No matches found", "PreferredDDA", "", "[M-H]-1", "", " 806855.872017799", " 697243.846078544", " 668541.751107322", " 798077.749997123", " ", "", " 60.2418731426708", " 25.2397796763585", " 19.3178652236468", " 8.75560171323856", " ", "Infinity", " Infinity", " 0.864", " 1.145", " 1.043", " 0.000", " Infinity", "Infinity", " Infinity", " -0.21", " 0.19", " 0.06", " -Infinity", " Infinity", "", " ", " 0.968840425795839", " 0.992425529129109", " 0.994550876781074", " ", " ", "", " ", " 1", " 1", " 1", " ", " ", "7.3", "", " ", " ", " ", " ", " ", " 4.8", " 2.3", " 4.8", " ", " 5.4", " 5.8", " 4.6", " ", " ", " 4.4", " ", " ", " 4.8", " 4.9", " 4.9", " ", " 4.8", " ", " 5.8", " ", " 7.3", " ", " ", " ", " ", " ", " ", " ", " "
"1891", "", "False", "", "C19 H40 N6 O2 P2 S", "Full match", " No results", " No results", " No results", " No results", "4.31", "478.24293", "477.23579", "1.320", "1147483.96860281", "0", "0", "0", "", "", "", "No matches found", " No matches found", " No matches found", " No matches found", " No matches found", "", "No matches found", "PreferredDDA", "", "[M-H]-1", "641346.273671832", " 772726.24004945", " 772464.686671567", " 701860.389203883", " ", " 760314.146303648", "", " 4.81073919766069", " 25.3044806984501", " 3.28796048265513", " ", " ", "1.205", " 1.094", " 1.000", " 0.000", " 1.101", " 1.083", " 0.000", "0.27", " 0.13", " 0.00", " -Infinity", " 0.14", " 0.12", " -Infinity", "", " ", " 0.999999810301118", " ", " 0.978104481198804", " ", " ", "", " ", " 1", " ", " 1", " ", " ", "5.2", "", " ", " ", " ", " 1.5", " ", " 5.2", " ", " ", " 4.8", " 2.4", " 3.5", " 2.5", " 3.9", " 3.5", " 2.9", " ", " ", " 4.8", " ", " 4.8", " ", " ", " ", " ", " ", " ", " ", " ", " ", " ", " 0.6", " ", " ", " "
"1708", "", "False", "Lacceroic acid", "C32 H64 O2", "Full match", " No results", " No results", " Not the top hit", " Full match", "2.36", "480.49177", "479.48449", "19.581", "1147336.99381633", "11", "0", "0", "", "", "", "No matches found", " No matches found", " No matches found", " No matches found", " No matches found", "", "Multiple matches found", "PreferredDDA", "", "[M-H]-1", "819680.390254383", " 636551.848470031", " 810616.253420661", " 658187.266731678", " 795669.486566867", " 738412.363591149", "", " ", " 22.2938481692431", " 8.39244269793635", " ", " 9.57967468372612", "0.777", " 0.803", " 1.273", " 0.982", " 1.232", " 1.122", " 1.078", "-0.36", " -0.32", " 0.35", " -0.03", " 0.30", " 0.17", " 0.11", "", " ", " ", " ", " 0.147325877611072", " 0.943518302019916", " ", "", " ", " ", " ", " 1", " 1", " ", "6.3", "", " ", " ", " ", " 2.5", " ", " ", " ", " 0.8", " ", " ", " 3.9", " ", " 3.5", " ", " 3.9", " 5.0", " ", " ", " ", " 4.0", " 5.4", " 4.4", " ", " 3.6", " ", " ", " ", " 4.6", " 6.3", " ", " ", " ", " 4.6", " 5.0"
"555", "", "False", "", "C7 H11 N8 O8 P3", "Full match", " No results", " No results", " No results", " No results", "-0.58", "427.99102", "426.98374", "23.843", "1144208.40303262", "0", "0", "0", "", "", "", "No matches found", " No matches found", " No matches found", " No matches found", " No matches found", "", "No matches found", "PreferredDDA", "", "[M-H]-1", "1003489.62827195", " 1054796.94650982", " 1074782.26459258", " 1021205.30617832", " 1056375.49316247", " 1030319.84816152", "4.98324603359073", " 3.2257455662189", " 5.11965607002002", " 5.27317528358085", " 4.16762435719746", " 3.04172484379221", "1.051", " 1.018", " 1.019", " 0.983", " 1.052", " 1.009", " 1.025", "0.07", " 0.03", " 0.03", " -0.02", " 0.07", " 0.01", " 0.04", "0.976309457590794", " 0.999850300409298", " 0.999980927601088", " 0.966499306821211", " 0.978151785180681", " 0.999037571433131", " 0.418342323655909", "1", " 1", " 1", " 1", " 1", " 1", " 1", "8.9", "8.9", " 8.6", " 8.6", " 8.9", " 8.9", " 8.9", " 8.6", " 8.6", " 8.6", " 8.6", " 8.4", " ", " 8.4", " 8.4", " 8.1", " 8.4", " 8.4", " 8.4", " 8.4", " 8.4", " 8.1", " 8.1", " 8.4", " 8.9", " 8.9", " 8.9", " 8.9", " 8.9", " 8.9", " 8.9", " 8.9", " 8.9", " 8.9", " 8.6", " 8.9"
"1603", "", "False", "", "C2 H8 N7 O4 P", "Full match", " No results", " No results", " No match", " No results", "0.43", "225.03763", "224.03036", "2.833", "1140794.54303172", "2", "0", "0", "", "", "", "No matches found", " No matches found", " No matches found", " No matches found", " No matches found", "", "No matches found", "PreferredDDA", "", "[M-H]-1", "926931.329043969", " 907094.213834941", " 923829.700691761", " 1041655.96728205", " 935361.716517242", " 936370.919681364", "11.015420162787", " 11.7965064602758", " 9.96740675005203", " 6.79982138273672", " 19.0973169882309", " 12.9573050219477", "0.979", " 1.124", " 1.018", " 1.012", " 0.887", " 0.899", " 0.999", "-0.03", " 0.17", " 0.03", " 0.02", " -0.17", " -0.15", " 0.00", "0.997616537000878", " 0.687258300916013", " 0.983247416728892", " 0.999981887085599", " 0.358048997589426", " 0.541571158212189", " 0.999999986699223", "1", " 1", " 1", " 1", " 1", " 1", " 1", "6.9", "5.3", " ", " ", " ", " 4.9", " 5.7", " ", " 5.3", " ", " 4.9", " 5.8", " ", " 5.4", " ", " 5.0", " 5.0", " 6.9", " 6.2", " 5.8", " 6.2", " 5.4", " 6.9", " 6.9", " 5.2", " ", " ", " 5.2", " ", " 4.9", " ", " ", " 6.0", " ", " ", " 4.1"
"1514", "", "False", "", "C9 H18 N5 O P S2", "Full match", " No results", " No results", " No match", " No results", "-3.63", "307.06792", "306.06065", "2.379", "1135950.35784316", "1", "0", "0", "", "", "", "No matches found", " No matches found", " No matches found", " No matches found", " No matches found", "", "No matches found", "PreferredDDA", "", "[M-H]-1", "722200.787711945", " 645527.236465486", " ", " 1135950.35784316", " ", " 670014.37424395", "16.7690180311131", " ", " ", " ", " ", " 23.9587253853396", "0.894", " 1.573", " 0.000", " ", " 0.000", " 0.590", " 0.000", "-0.16", " 0.65", " -Infinity", " ", " -Infinity", " -0.76", " -Infinity", "", " ", " ", " ", " ", " ", " ", "", " ", " ", " ", " ", " ", " ", "6.3", "", " 4.2", " ", " ", " 6.3", " ", " 3.8", " ", " ", " ", " ", " ", " ", " ", " ", " ", " ", " ", " 5.2", " ", " ", " ", " ", " ", " ", " ", " ", " ", " ", " 4.3", " ", " 4.4", " ", " ", " "
"1370", "", "False", "", "", "No results", " No results", " No results", " No results", " No results", "", "224.17996", "223.17268", "6.850", "1133650.89048156", "0", "0", "0", "", "", "", "No matches found", " No matches found", " No matches found", " No matches found", " No matches found", "", "No matches found", "PreferredDDA", "", "[M-H]-1", "673742.544109457", " 465423.590495446", " 707836.788367333", " 505507.209803051", " ", " 451103.147008736", "", " ", " 43.3608534279523", " 51.0971465197986", " ", " ", "0.691", " 0.750", " 1.521", " 0.000", " 1.400", " 0.892", " 0.000", "-0.53", " -0.41", " 0.60", " -Infinity", " 0.49", " -0.16", " -Infinity", "", " ", " ", " ", " 0.99853910587726", " ", " ", "", " ", " ", " ", " 1", " ", " ", "4.8", "", " 2.9", " ", " ", " ", " ", " ", " ", " 2.7", " ", " 4.8", " 4.4", " ", " ", " ", " 2.3", " 2.1", " ", " ", " 4.5", " ", " 3.0", " ", " ", " ", " ", " ", " ", " ", " ", " ", " ", " 3.4", " ", " "
"1271", "", "False", "23Z-dotriacontenoic acid", "C32 H62 O2", "Full match", " No results", " No results", " Partial match", " Full match", "2.92", "478.47638", "477.46910", "19.026", "1118571.31983082", "9", "0", "0", "", "", "", "No matches found", " No matches found", " No matches found", " No matches found", " No matches found", "", "Multiple matches found", "PreferredDDA", "", "[M-H]-1", "809591.701225502", " 849717.994166612", " 856322.295678186", " 878574.607577375", " 849244.773260119", " 906958.997871025", "15.742818480081", " 13.2600210856445", " 13.8069021652609", " 8.64994865172898", " 4.18818912874395", " 11.6919561206797", "1.050", " 1.085", " 1.008", " 0.992", " 0.975", " 1.032", " 0.936", "0.07", " 0.12", " 0.01", " -0.01", " -0.04", " 0.05", " -0.09", "0.978884687699157", " 0.998230087343964", " 0.702646973215634", " 0.998720924845268", " 0.999491787577667", " 0.999990929503755", " 0.999886967384322", "1", " 1", " 1", " 1", " 1", " 1", " 1", "7.4", "5.5", " 5.2", " 3.6", " 5.2", " 4.0", " 5.7", " 3.4", " 4.5", " 5.3", " 2.2", " 5.7", " 4.9", " 4.1", " 4.5", " 7.2", " 5.3", " 5.0", " 6.5", " 4.6", " 6.9", " 6.2", " 5.4", " 5.0", " ", " 7.0", " 7.4", " 6.3", " 5.5", " 5.7", " 5.3", " 5.7", " 5.7", " 6.0", " 5.7", " 6.4"
"1184", "", "False", "", "C43 H66 N4 O", "Full match", " No results", " No results", " No results", " No results", "4.88", "654.52686", "653.51958", "15.401", "1110970.07893313", "0", "0", "0", "", "", "", "No matches found", " No matches found", " No matches found", " No matches found", " No matches found", "", "No matches found", "PreferredDDA", "", "[M-H]-1", "426884.407779318", " 329304.08103873", " 475219.541488946", " 916596.497649697", " ", " 559218.69628219", "7.28422529116818", " 2.90083471146802", " 47.6630145411822", " 26.1863309387166", " ", " 34.6257254199715", "0.771", " 2.147", " 1.443", " 0.000", " 0.518", " 0.610", " 0.000", "-0.37", " 1.10", " 0.53", " -Infinity", " -0.95", " -0.71", " -Infinity", "0.911560584816377", " 0.0912537431951344", " 0.537794759841282", " ", " 0.342749585739037", " 0.107446049730967", " ", "1", " 0.72606915887449", " 1", " ", " 1", " 1", " ", "7.1", "4.8", " 4.4", " ", " ", " 7.1", " ", " ", " ", " 4.9", " 5.7", " 2.9", " ", " ", " 1.1", " ", " 3.0", " ", " 3.5", " 2.8", " ", " 3.7", " ", " 5.0", " ", " ", " ", " ", " ", " 1.6", " 2.4", " ", " 3.9", " ", " 3.9", " 4.1"
"2050", "", "False", "", "C41 H84 N8 O", "Full match", " No results", " No results", " No results", " No results", "-1.37", "704.67584", "703.66857", "17.351", "1110130.72814771", "0", "0", "0", "", "", "", "No matches found", " No matches found", " No matches found", " No matches found", " No matches found", "", "No matches found", "PreferredDDA", "", "[M-H]-1", "276917.173809666", " 990437.353071886", " 418190.07209247", " 548311.057809771", " 663446.533198803", " 823179.293150127", "71.8888112360721", " 17.0906311068983", " 52.3679477426325", " 19.7438690349745", " 5.35722928636816", " 7.48011962531305", "3.577", " 1.980", " 0.422", " 1.586", " 0.763", " 1.501", " 0.806", "1.84", " 0.99", " -1.24", " 0.67", " -0.39", " 0.59", " -0.31", "0.114683369967202", " 0.700357872589213", " 0.687866198956907", " 0.994119750490985", " 0.99999999480686", " 0.931636491647799", " 0.995891682050784", "1", " 1", " 1", " 1", " 1", " 1", " 1", "3.9", "1.1", " ", " 1.5", " 0.0", " 1.0", " 3.3", " ", " ", " ", " 3.3", " 1.5", " ", " ", " ", " 1.0", " 2.3", " ", " 2.7", " ", " ", " 2.7", " ", " ", " ", " ", " 3.3", " ", " 3.1", " 3.9", " ", " ", " ", " ", " 2.8", " "
"1103", "", "False", "", "C18 H27 O7 P", "Full match", " No results", " No results", " No match", " No results", "0.03", "386.14945", "385.14217", "8.131", "1092115.84104989", "1", "0", "0", "", "", "", "No matches found", " No matches found", " No matches found", " No matches found", " No matches found", "", "No matches found", "PreferredDDA", "", "[M-H]-1", "676710.833689416", " 431022.576862207", " 653829.455142696", " 647662.796575128", " 760944.256379388", " 451016.637900339", "", " ", " 46.9705268324471", " 27.3987106837481", " 58.6351372573165", " 60.078846844457", "0.637", " 0.957", " 1.517", " 1.164", " 1.010", " 0.696", " 1.687", "-0.65", " -0.06", " 0.60", " 0.22", " 0.01", " -0.52", " 0.75", "", " ", " ", " 0.999393427463017", " 0.999776195826327", " 0.972441264167504", " 0.976569093452609", "", " ", " ", " 1", " 1", " 1", " 1", "5.0", "4.8", " ", " ", " ", " ", " 3.4", " ", " ", " ", " ", " 3.0", " 1.9", " 4.4", " ", " ", " 2.5", " 4.3", " ", " 3.3", " ", " 4.4", " ", " 5.0", " 4.5", " ", " ", " 4.0", " ", " 3.0", " ", " ", " 4.4", " 3.8", " 3.0", " "
"891", "", "False", "", "C26 H57 N9 O6 S2", "Full match", " No results", " No results", " No results", " No results", "1.33", "655.38820", "654.38092", "13.609", "1082016.29479775", "0", "0", "0", "", "", "", "No matches found", " No matches found", " No matches found", " No matches found", " No matches found", "", "No matches found", "PreferredDDA", "", "[M-H]-1", "880942.742418457", " 573377.515162502", " 894632.523083842", " 915090.323454284", " 633334.587149122", " 522932.272582383", "", " ", " ", " 25.79734115154", " ", " 43.9038299991996", "0.651", " 1.039", " 1.560", " 0.708", " 0.978", " 0.571", " 1.211", "-0.62", " 0.05", " 0.64", " -0.50", " -0.03", " -0.81", " 0.28", "", " ", " ", " ", " ", " 0.796729553060067", " ", "", " ", " ", " ", " ", " 1", " ", "4.6", "", " ", " 3.3", " ", " ", " 3.4", " ", " ", " ", " ", " ", " 3.6", " ", " ", " ", " ", " 4.6", " ", " ", " ", " ", " ", " 3.9", " ", " ", " ", " 4.2", " ", " 1.4", " ", " 4.5", " 2.3", " ", " ", " "
"2152", "", "False", "podocarpic acid", "C17 H22 O3", "Full match", " No results", " No results", " Full match", " Full match", "3.19", "274.15777", "273.15049", "5.710", "1081969.66571289", "4", "0", "0", "", "", "", "No matches found", " No matches found", " No matches found", " No matches found", " No matches found", "", "Single match found", "PreferredDDA", "CO2", "[M-H]-1", "1009185.98437878", " 1081969.66571289", " 745296.246257015", " ", " ", " ", "", " ", " 7.87973034796656", " ", " ", " ", "1.072", " 0.000", " 0.689", " 0.000", " Infinity", " ", " ", "0.10", " -Infinity", " -0.54", " -Infinity", " Infinity", " ", " ", "", " ", " ", " ", " ", " ", " ", "", " ", " ", " ", " ", " ", " ", "5.8", "", " ", " ", " ", " 3.3", " ", " ", " ", " ", " 3.6", " ", " 5.0", " ", " 5.8", " ", " ", " ", " ", " ", " ", " ", " ", " ", " ", " ", " ", " ", " ", " ", " ", " ", " ", " ", " ", " "
"2201","","False","1-dimethylarsinoyl-(2Z,5Z,8Z,11Z,14Z,17Z)-heneicosahexaene","C23 H37 As O","No match"," No results"," No results"," Not the top hit"," Full match","0.44","404.20622","403.19903","1.329","1073941.17045899","2","0","0","","","","No matches found"," No matches found"," No matches found"," No matches found"," No matches found","","Single match found","PreferredDDA","","[M-H]-1","751312.608688503"," 769750.329795195"," 747547.428059423"," 695619.317873247"," "," 745624.347208006",""," "," 22.6669912734766"," 30.2031464469099"," "," 24.6423735242568","1.025"," 0.926"," 0.971"," 0.000"," 1.075"," 1.072"," 0.000","0.03"," -0.11"," -0.04"," -Infinity"," 0.10"," 0.10"," -Infinity",""," "," "," "," 0.981408651454335"," 0.999984721746064"," ",""," "," "," "," 1"," 1"," ","3.7",""," "," "," "," 3.3"," "," "," "," 1.4"," "," 2.8"," 2.8"," "," 3.1"," "," 3.5"," "," "," 2.0"," 2.2"," 2.6"," "," "," "," "," "," "," "," "," 3.7"," "," 2.8"," "," "," "
"415", "", "False", "", "C22 H20 N6 O17 P2", "Full match", " No results", " No results", " No results", " No results", "0.57", "702.03641", "701.02914", "1.091", "1064429.47081315", "0", "0", "0", "", "", "", "No matches found", " No matches found", " No matches found", " No matches found", " No matches found", "", "No matches found", "PreferredDDA", "", "[M-H]-1", "305474.130859072", " 283030.252040924", " 234971.931350177", " 198378.896200333", " 380472.03403579", " 1064429.47081315", "79.6598258830462", " 22.2817844122793", " ", " 46.1383350829841", " ", " ", "0.927", " 0.649", " 0.830", " 1.619", " 1.184", " 5.366", " 0.357", "-0.11", " -0.62", " -0.27", " 0.70", " 0.24", " 2.42", " -1.48", "0.964136486218654", " 0.544111753795678", " ", " ", " ", " ", " ", "1", " 1", " ", " ", " ", " ", " ", "5.9", "5.3", " 5.3", " ", " 5.5", " ", " ", " 5.6", " 5.9", " ", " 5.9", " ", " ", " 5.7", " ", " ", " ", " 4.9", " 5.3", " ", " 4.9", " ", " 4.9", " ", " ", " ", " ", " ", " 5.3", " ", " ", " ", " ", " ", " ", " 5.2"
"745", "", "False", "", "C9 H12 N4 O2 S", "Full match", " No results", " No results", " No results", " No results", "1.83", "240.06854", "239.06126", "14.102", "1058862.23918274", "0", "0", "0", "", "", "", "No matches found", " No matches found", " No matches found", " No matches found", " No matches found", "", "No matches found", "PreferredDDA", "", "[M-H]-1", "495688.476360645", " 631366.082505702", " 460467.089052219", " 581068.560289158", " ", " 465338.576870419", "67.5616405274587", " 44.1414616472984", " ", " 30.568546151784", " ", " 48.8664888012601", "1.274", " 1.172", " 0.729", " 0.000", " 0.792", " 0.801", " 0.000", "0.35", " 0.23", " -0.46", " -Infinity", " -0.34", " -0.32", " -Infinity", "0.987774800861181", " 0.983863004039737", " ", " ", " ", " 0.999600304976246", " ", "1", " 1", " ", " ", " ", " 1", " ", "5.2", "4.5", " 3.0", " 5.2", " ", " ", " ", " ", " 2.3", " 2.3", " 2.9", " ", " ", " ", " ", " 4.9", " ", " ", " 3.8", " ", " 3.5", " ", " 3.9", " ", " ", " ", " ", " ", " ", " ", " ", " 4.0", " ", " 4.2", " ", " 3.0"
"509", "", "False", "", "C24 H16 N6 O12 P2 S", "Full match", " No results", " No results", " No results", " No results", "0.38", "674.00247", "672.99520", "1.092", "1058376.4912576", "0", "0", "0", "", "", "", "No matches found", " No matches found", " No matches found", " No matches found", " No matches found", "", "No matches found", "PreferredDDA", "", "[M-H]-1", "405081.008805692", " 421012.262057731", " 272911.875612932", " 304039.94167435", " 398078.087279472", " 263493.847426465", "57.9771870672128", " 16.5408720357192", " 23.9784129406997", " 27.7059708976123", " 42.4584249277411", " 91.6594337726801", "1.039", " 0.751", " 0.648", " 1.459", " 0.898", " 0.867", " 1.511", "0.06", " -0.41", " -0.63", " 0.54", " -0.16", " -0.21", " 0.60", "0.999998921076755", " 0.931382370323499", " 0.874668941663094", " 0.968065248485765", " 0.999999572313712", " 0.952830830156913", " 0.999998963341397", "1", " 1", " 1", " 1", " 1", " 1", " 1", "6.7", "5.3", " 5.3", " ", " 4.0", " 4.5", " ", " 6.1", " 6.1", " ", " 6.4", " 5.9", " ", " 6.7", " 5.9", " 5.9", " ", " 5.9", " 6.3", " ", " 5.9", " ", " ", " ", " ", " ", " 4.9", " ", " 5.3", " ", " ", " 4.5", " ", " 5.3", " ", " 5.2"
"431", "", "False", "", "C10 H25 N4 O7 P3 S2", "Full match", " No results", " No results", " No results", " No results", "0.47", "470.03797", "469.03070", "1.091", "1052694.5208397", "0", "0", "0", "", "", "", "No matches found", " No matches found", " No matches found", " No matches found", " No matches found", "", "No matches found", "PreferredDDA", "", "[M-H]-1", "377458.497291014", " 342360.449458634", " 244578.107905743", " 296039.645883595", " 276947.498537408", " 239093.706897706", "72.7425168999688", " 34.7082701516635", " 14.1043283185712", " 37.7006824702106", " ", " 108.207796416973", "0.907", " 0.784", " 0.714", " 1.132", " 0.826", " 0.808", " 1.158", "-0.14", " -0.35", " -0.49", " 0.18", " -0.28", " -0.31", " 0.21", "0.994300899361244", " 0.952567978071385", " 0.989312518671388", " ", " 0.999613371103761", " 0.999989963609455", " ", "1", " 1", " 1", " ", " 1", " 1", " ", "7.7", "5.3", " 5.7", " ", " 5.5", " 4.9", " ", " 5.4", " 5.8", " 5.1", " 5.4", " 7.3", " 5.8", " ", " 7.7", " ", " ", " 5.4", " ", " 4.3", " 6.2", " ", " 5.8", " ", " ", " ", " 3.8", " ", " ", " ", " 5.3", " 4.5", " ", " ", " ", " 5.5"
"2547", "", "False", "", "C30 H70 N6 O4 P2", "Full match", " No results", " No results", " No results", " No results", "2.72", "640.49512", "639.48784", "16.193", "1043323.75357359", "0", "0", "0", "", "", "", "No matches found", " No matches found", " No matches found", " No matches found", " No matches found", "", "No matches found", "PreferredDDA", "", "[M-H]-1", "225307.621234742", " 639301.225711553", " 862659.292268189", " 904010.283345797", " ", " 826075.467833436", "", " ", " 2.36864040857182", " 21.7938891456224", " ", " 3.81580378028859", "2.837", " 4.012", " 1.349", " 0.000", " 0.954", " 0.914", " 0.000", "1.50", " 2.00", " 0.43", " -Infinity", " -0.07", " -0.13", " -Infinity", "", " ", " ", " ", " 0.998145908095085", " 0.964596545637118", " ", "", " ", " ", " ", " 1", " 1", " ", "4.4", "", " ", " ", " ", " 0.4", " ", " ", " ", " 0.4", " ", " 4.4", " ", " ", " ", " ", " 4.0", " ", " 2.0", " 1.6", " ", " ", " ", " ", " ", " ", " ", " ", " ", " 4.0", " 4.4", " ", " ", " ", " ", " "
"955", "", "False", "", "C45 H81 O2 P", "Full match", " No results", " No results", " No results", " No results", "0.68", "684.59788", "683.59060", "18.971", "1030825.48312345", "0", "0", "0", "", "", "", "No matches found", " No matches found", " No matches found", " No matches found", " No matches found", "", "No matches found", "PreferredDDA", "", "[M-H]-1", "641882.950316922", " 588100.796852332", " 792726.838731332", " 787718.346919043", " 559415.221271864", " 658070.344956011", "26.8815376018245", " 27.2874133582987", " 15.8327676768839", " 22.0198240916804", " 13.6098209003353", " 26.9318360230675", "0.916", " 1.227", " 1.348", " 0.706", " 1.006", " 0.835", " 0.850", "-0.13", " 0.30", " 0.43", " -0.50", " 0.01", " -0.26", " -0.23", "0.93071612526374", " 0.846389765204325", " 0.276268388455993", " 0.0972781701252594", " 0.999999802558044", " 0.780761487204646", " 0.616168230914963", "1", " 1", " 1", " 0.836997588786086", " 1", " 1", " 1", "6.5", "6.2", " 4.0", " 3.7", " 5.2", " 4.6", " 4.0", " 2.9", " 3.3", " 4.4", " 3.9", " 5.2", " 4.0", " 3.3", " 4.8", " 5.2", " 5.9", " 4.0", " 5.0", " 5.4", " 5.4", " 6.2", " 5.4", " 5.9", " 6.0", " 6.2", " 5.1", " 5.1", " 4.3", " 6.5", " 3.7", " 4.6", " 5.8", " 4.0", " 4.6", " 3.7"
"1013", "", "False", "2-(Methylsulfonyl)-3-(pyrazin-2-ylamino)acrylonitrile", "C8 H8 N4 O2 S", "Not the top hit", " Full match", " No results", " No results", " No results", "4.28", "224.03775", "223.03048", "18.897", "1028641.20756668", "0", "1", "0", "92.9", "9.6", "", "No matches found", " No matches found", " No matches found", " No matches found", " No matches found", "", "No matches found", "PreferredDDA", "", "[M-H]-1", "403204.097648819", " 1028641.20756668", " ", " 448363.621169475", " ", " 585497.404740815", "18.2762256531404", " ", " ", " ", " ", " ", "2.551", " 1.112", " 0.000", " ", " 0.000", " 1.306", " 0.000", "1.35", " 0.15", " -Infinity", " ", " -Infinity", " 0.38", " -Infinity", "", " ", " ", " ", " ", " ", " ", "", " ", " ", " ", " ", " ", " ", "5.3", "", " ", " 4.2", " ", " 5.3", " ", " ", " ", " ", " 2.5", " ", " ", " ", " ", " ", " ", " ", " 4.2", " ", " ", " ", " ", " ", " ", " ", " ", " ", " ", " ", " ", " 3.4", " ", " ", " ", " "
"1488", "", "False", "", "C18 H9 Cl2 P S", "Full match", " No results", " No results", " No results", " No results", "1.01", "357.95432", "356.94705", "2.372", "1019070.14752901", "0", "0", "0", "", "", "", "No matches found", " No matches found", " No matches found", " No matches found", " No matches found", "", "No matches found", "PreferredDDA", "", "[M-H]-1", "576750.357666401", " ", " ", " ", " 404885.599845285", " 816843.122993187", "", " ", " ", " ", " ", " 35.0118881736974", "0.000", " 0.000", " ", " Infinity", " ", " Infinity", " 0.496", "-Infinity", " -Infinity", " ", " Infinity", " ", " Infinity", " -1.01", "", " ", " ", " ", " ", " ", " ", "", " ", " ", " ", " ", " ", " ", "4.7", "", " 3.0", " ", " ", " ", " ", " ", " ", " ", " ", " ", " ", " ", " ", " ", " ", " ", " ", " ", " ", " ", " ", " ", " ", " ", " ", " ", " 3.0", " ", " 4.5", " ", " 4.7", " ", " ", " "
"548", "", "False", "", "C12 H12 N6 O13 P2", "Full match", " No results", " No results", " No results", " No results", "0.36", "509.99394", "508.98666", "1.094", "1017889.37487414", "0", "0", "0", "", "", "", "No matches found", " No matches found", " No matches found", " No matches found", " No matches found", "", "No matches found", "PreferredDDA", "", "[M-H]-1", "457723.271041738", " 512162.257713572", " 357266.184084821", " 384768.857644025", " 368736.842902022", " 677821.331566577", "37.9616714291593", " 2.09233006745689", " 16.9546435166466", " 27.539843359958", " 53.1111423366639", " 70.9521545838226", "1.119", " 0.841", " 0.698", " 1.032", " 0.929", " 1.762", " 0.544", "0.16", " -0.25", " -0.52", " 0.05", " -0.11", " 0.82", " -0.88", "0.99971115741926", " 0.892443321722393", " 0.894073055411861", " 0.99997534686554", " 0.999966128103594", " 0.66893153540919", " 0.674241456249093", "1", " 1", " 1", " 1", " 1", " 1", " 1", "8.0", "5.4", " 5.4", " ", " 4.5", " 5.1", " ", " ", " 8.0", " ", " 6.8", " 6.4", " 4.9", " 7.2", " ", " 6.4", " ", " 5.9", " ", " 5.6", " 5.9", " ", " ", " ", " ", " 4.5", " 3.8", " ", " 4.9", " ", " ", " 4.5", " ", " ", " ", " 5.2"
"1940", "", "False", "", "C24 H38 N4 O3 S2", "Full match", " No results", " No results", " No results", " No results", "-1.21", "494.23793", "493.23066", "1.306", "1013290.72461857", "0", "0", "0", "", "", "", "No matches found", " No matches found", " No matches found", " No matches found", " No matches found", "", "No matches found", "PreferredDDA", "", "[M-H]-1", "", " 692695.452389357", " 926220.621353797", " 614194.054617461", " ", " 714387.048259845", "", " ", " 17.0427166098415", " 8.57297996975163", " ", " ", "Infinity", " Infinity", " 1.337", " 0.000", " 1.508", " 1.163", " 0.000", "Infinity", " Infinity", " 0.42", " -Infinity", " 0.59", " 0.22", " -Infinity", "", " ", " ", " ", " 0.111467624957547", " ", " ", "", " ", " ", " ", " 1", " ", " ", "4.6", "", " ", " ", " ", " ", " ", " 1.7", " ", " ", " ", " 1.7", " 3.3", " ", " 2.5", " 3.6", " 4.2", " ", " ", " 3.3", " 3.3", " 4.6", " ", " ", " ", " ", " ", " ", " ", " ", " ", " ", " 1.7", " ", " ", " "
"2511", "", "False", "Asperitaconic acid B", "C13 H20 O6", "Not the top hit", " No results", " No results", " Not the top hit", " Full match", "1.43", "272.12638", "271.11910", "1.319", "1011641.83898473", "3", "0", "0", "", "", "", "No matches found", " No matches found", " No matches found", " No matches found", " No matches found", "", "Multiple matches found", "PreferredDDA", "", "[M-H]-1", "884662.903250684", " 724860.480850958", " 666401.413967747", " 610211.651665241", " ", " 1011641.83898473", "", " 12.9512267899042", " 38.3916087866807", " 3.61441628560586", " ", " ", "0.819", " 0.690", " 0.919", " 0.000", " 1.092", " 1.658", " 0.000", "-0.29", " -0.54", " -0.12", " -Infinity", " 0.13", " 0.73", " -Infinity", "", " ", " 0.982775491994119", " ", " 0.999317286716209", " ", " ", "", " ", " 1", " ", " 1", " ", " ", "4.9", "", " ", " ", " ", " 3.6", " ", " ", " ", " 4.1", " 4.5", " 1.1", " ", " 2.4", " ", " ", " ", " 4.9", " ", " ", " ", " 4.2", " ", " ", " ", " ", " ", " ", " ", " ", " ", " ", " 2.9", " ", " ", " "
"481", "", "False", "", "C19 H22 N6 O10 P2 S2", "Full match", " No results", " No results", " No results", " No results", "0.69", "620.03184", "619.02456", "1.090", "1010797.90685429", "0", "0", "0", "", "", "", "No matches found", " No matches found", " No matches found", " No matches found", " No matches found", "", "No matches found", "PreferredDDA", "", "[M-H]-1", "376914.341414063", " 294800.633409855", " 329613.926674896", " 355915.455700108", " 483015.396149822", " 217139.776783453", "81.5173803622713", " 41.2824727806214", " ", " 30.9120664729597", " ", " 98.2975009361304", "0.782", " 0.944", " 1.118", " 1.465", " 0.926", " 0.610", " 2.224", "-0.35", " -0.08", " 0.16", " 0.55", " -0.11", " -0.71", " 1.15", "0.990493204761528", " 0.999994802783599", " ", " ", " ", " 0.999999999999622", " ", "1", " 1", " ", " ", " ", " 1", " ", "5.8", "", " 5.3", " ", " 5.5", " 4.9", " ", " 4.9", " 4.9", " 3.4", " 4.9", " ", " ", " 5.7", " ", " ", " ", " ", " ", " ", " 5.4", " ", " 5.8", " ", " ", " ", " ", " ", " 5.7", " ", " ", " 4.9", " ", " 4.9", " ", " 5.2"
"2893","","False","2,5-di-tert-Butylhydroquinone","C14 H22 O2","No results"," Invalid mass"," No results"," No results"," No results","10.36","222.16428","221.15700","5.992","977079.157050147","0","1","0","85.8","9.3","","No matches found"," No matches found"," No matches found"," No matches found"," No matches found","","No matches found","PreferredDDA","","[M-H]-1","801143.322545501"," "," "," 919304.028062732"," 977079.157050147"," ","15.451713315586"," "," "," "," "," ","0.000"," 1.147"," "," Infinity"," 0.000"," 0.000"," Infinity","-Infinity"," 0.20"," "," Infinity"," -Infinity"," -Infinity"," Infinity",""," "," "," "," "," "," ",""," "," "," "," "," "," ","5.5",""," 5.5"," "," 3.3"," "," "," "," "," "," "," "," "," "," "," "," "," "," "," 3.6"," "," "," "," "," "," "," "," 3.6"," "," "," "," "," "," "," "," "
"834", "", "False", "", "C57 H47 Cl2 N3 O4 P2", "Full match", " No results", " No results", " No results", " No results", "1.08", "969.24293", "968.23566", "15.556", "975886.204689666", "0", "0", "0", "", "", "", "No matches found", " No matches found", " No matches found", " No matches found", " No matches found", "", "No matches found", "PreferredDDA", "", "[M-H]-1", "352970.99948127", " 388014.596713711", " 173932.321290672", " 346972.045452423", " 343780.556643574", " 302651.860145742", "35.8203249621648", " 59.0710458609868", " 38.9672554657466", " 47.6312852469313", " 50.1687622586619", " 42.4789962382653", "1.099", " 0.983", " 0.448", " 1.977", " 0.501", " 0.872", " 1.136", "0.14", " -0.02", " -1.16", " 0.98", " -1.00", " -0.20", " 0.18", "0.935452427380584", " 0.9999670594446", " 0.147514070260131", " 0.70474490153754", " 0.516428780817227", " 0.99999995762333", " 0.999840690791151", "1", " 1", " 1", " 1", " 1", " 1", " 1", "4.5", "2.4", " 2.4", " 2.4", " ", " ", " ", " 3.4", " 4.2", " ", " 3.6", " ", " ", " ", " 2.0", " 2.0", " ", " 4.5", " 3.8", " ", " 1.9", " ", " ", " ", " ", " 3.4", " 1.5", " ", " ", " ", " ", " 2.3", " ", " 1.5", " 1.9", " "
"1163", "", "False", "17:0 Cholesterol ester", "C44 H78 O2", "Full match", " No results", " No results", " Full match", " Full match", "-0.13", "638.60010", "637.59282", "18.446", "965748.333600935", "2", "0", "0", "", "", "", "No matches found", " No matches found", " No matches found", " No matches found", " No matches found", "", "Multiple matches found", "PreferredDDA", "", "[M-H]-1", "373854.92642124", " 333078.327147242", " 421766.647915018", " 440067.19311747", " 487422.619143515", " 845268.628609829", "21.0669950765401", " 6.27692601202034", " 17.5123900390319", " 13.5205204430153", " 35.6483691798495", " 13.626216670179", "0.891", " 1.177", " 1.266", " 1.156", " 0.958", " 1.921", " 0.577", "-0.17", " 0.24", " 0.34", " 0.21", " -0.06", " 0.94", " -0.79", "0.996570029884639", " 0.96396093088064", " 0.888381796772984", " 0.999998369334742", " 0.999975555361102", " 0.00178394548119187", " 0.00241884662519165", "1", " 1", " 1", " 1", " 1", " 0.0451619882343837", " 0.408031326387887", "6.0", "1.4", " 3.7", " ", " ", " ", " ", " 3.7", " 5.6", " 4.4", " 5.2", " ", " ", " 3.8", " 4.2", " ", " ", " 5.1", " 4.7", " 4.3", " ", " 3.9", " 4.7", " 5.1", " 3.5", " 2.0", " 0.5", " 3.2", " 3.2", " 6.0", " 4.5", " 4.5", " 5.3", " 4.1", " 3.5", " 4.9"
"586", "", "False", "", "C9 H8 N8 O P2", "Invalid mass", " No results", " No results", " No match", " No results", "5.28", "306.03125", "305.02397", "1.093", "956010.56881445", "1", "0", "0", "", "", "", "No matches found", " No matches found", " No matches found", " No matches found", " No matches found", "", "No matches found", "PreferredDDA", "", "[M-H]-1", "403448.62345117", " 385434.263422096", " 297286.194534146", " 352262.119372807", " 514582.451074922", " 311565.871176872", "52.2237079460923", " 17.9267604948998", " 17.6350820695799", " 30.695670125708", " ", " 71.5575022615972", "0.955", " 0.873", " 0.771", " 1.731", " 0.844", " 0.884", " 1.652", "-0.07", " -0.20", " -0.37", " 0.79", " -0.24", " -0.18", " 0.72", "0.985126454477915", " 0.899178974367521", " 0.978285487651143", " ", " 0.994706897529494", " 0.896290821518601", " ", "1", " 1", " 1", " ", " 1", " 1", " ", "7.2", "5.7", " 5.7", " ", " 5.5", " 5.3", " ", " 7.2", " 6.8", " 6.4", " ", " 6.8", " ", " ", " 6.4", " 7.2", " ", " 5.8", " 5.8", " 6.2", " 6.2", " ", " 5.8", " ", " ", " ", " ", " ", " 5.7", " ", " ", " 5.3", " ", " 5.7", " ", " 5.2"
"1480", "", "False", "LPE 20:4", "C25 H44 N O7 P", "No match", " No results", " Full match", " Not the top hit", " Partial match", "3.19", "501.28714", "500.27986", "6.628", "955749.702701823", "6", "0", "1", "", "", "44.5", "No matches found", " No matches found", " No matches found", " Single match found", " No matches found", "", "Multiple matches found", "PreferredDDA", "", "[M-H]-1", "", " ", " 481065.236060407", " 670337.999530363", " ", " 520788.62539622", "", " ", " 1.01221007878585", " 32.7387041674471", " ", " ", "", " Infinity", " Infinity", " 0.000", " 0.718", " 0.777", " 0.000", "", " Infinity", " Infinity", " -Infinity", " -0.48", " -0.36", " -Infinity", "", " ", " ", " ", " 0.47654499636343", " ", " ", "", " ", " ", " ", " 1", " ", " ", "6.1", "", " ", " ", " ", " ", " ", " ", " ", " ", " ", " 5.7", " ", " ", " ", " ", " 6.1", " ", " ", " 4.3", " 4.3", " 4.1", " ", " 4.5", " ", " ", " ", " ", " ", " ", " ", " ", " 3.0", " ", " ", " "
"1945","","False","16:4(4Z,7Z,10Z,13Z)","C16 H24 O2","Full match"," No results"," No results"," Not the top hit"," Full match","4.89","248.17884","247.17157","6.977","953917.893678963","18","0","0","","","","No matches found"," No matches found"," No matches found"," No matches found"," No matches found","","Multiple matches found","PreferredDDA","","[M-H]-1","572406.14763983"," "," 542259.202400817"," 613531.503713339"," "," ",""," "," "," 25.7809522244556"," "," ","0.000"," 1.072"," Infinity"," 0.000"," 0.884"," 0.000"," ","-Infinity"," 0.10"," Infinity"," -Infinity"," -0.18"," -Infinity"," ",""," "," "," "," "," "," ",""," "," "," "," "," "," ","5.8",""," 3.4"," "," "," "," "," "," "," "," "," 3.4"," "," "," "," "," "," 4.0"," "," 5.2"," 4.4"," 4.6"," "," 5.8"," "," "," "," "," "," "," "," "," "," "," "," "
"1387", "", "False", "", "C9 H12 N4 O2 S", "Full match", " No results", " No results", " No results", " No results", "2.13", "240.06861", "239.06133", "10.544", "948952.197908001", "0", "0", "0", "", "", "", "No matches found", " No matches found", " No matches found", " No matches found", " No matches found", "", "No matches found", "PreferredDDA", "", "[M-H]-1", "661810.361270016", " 661260.686724755", " 599957.312607659", " 948952.197908001", " 808801.30571848", " 739205.324416348", "40.768548007537", " 8.2198180288189", " ", " ", " ", " 21.960209386346", "0.999", " 1.434", " 0.907", " 1.348", " 0.632", " 0.779", " 1.094", "0.00", " 0.52", " -0.14", " 0.43", " -0.66", " -0.36", " 0.13", "0.999977143961392", " ", " ", " ", " ", " ", " ", "1", " ", " ", " ", " ", " ", " ", "4.6", "3.0", " ", " 3.3", " ", " ", " ", " 3.7", " 4.6", " ", " ", " ", " ", " ", " 2.3", " ", " ", " ", " 1.0", " ", " ", " ", " ", " ", " ", " ", " 2.9", " ", " ", " ", " ", " 3.9", " ", " 2.1", " ", " "
"561", "", "False", "", "C10 H23 N6 O13 P3 S2", "Full match", " No results", " No results", " No results", " No results", "0.90", "591.99827", "590.99099", "1.093", "944456.135648369", "0", "0", "0", "", "", "", "No matches found", " No matches found", " No matches found", " No matches found", " No matches found", "", "No matches found", "PreferredDDA", "", "[M-H]-1", "391652.463380012", " 404706.231493331", " 263192.525104935", " 310075.709616106", " 395054.795843316", " 289941.655067527", "46.0773584826427", " 29.6361224684405", " 21.6437534365639", " 36.373074226363", " 34.140996039545", " 90.4945923073954", "1.033", " 0.792", " 0.650", " 1.501", " 0.849", " 0.935", " 1.363", "0.05", " -0.34", " -0.62", " 0.59", " -0.24", " -0.10", " 0.45", "0.999580756615875", " 0.970388932840399", " 0.981593072474436", " 0.95324267085151", " 0.999942257740822", " 0.996592701556463", " 0.999949772664947", "1", " 1", " 1", " 1", " 1", " 1", " 1", "6.7", "4.9", " 4.9", " ", " 4.0", " 4.5", " ", " ", " 4.4", " 5.9", " 4.4", " 5.9", " 5.9", " 6.7", " 5.9", " 5.9", " ", " ", " ", " 5.4", " 5.4", " ", " 5.4", " ", " ", " ", " 5.4", " ", " 5.8", " ", " 4.9", " ", " ", " 3.8", " ", " 5.2"
"579", "", "False", "", "C5 H13 N10 O7 P3 S2", "Full match", " No results", " No results", " No results", " No results", "0.64", "481.96260", "480.95532", "23.839", "943711.741671817", "0", "0", "0", "", "", "", "No matches found", " No matches found", " No matches found", " No matches found", " No matches found", "", "No matches found", "PreferredDDA", "", "[M-H]-1", "796203.692656216", " 810990.914354837", " 824841.431107415", " 769964.562248602", " 826056.899125516", " 766469.995704225", "8.81389406708849", " 2.19633329566941", " 7.18420864711231", " 5.15369241641079", " 4.60261828521548", " 4.65605762640149", "1.019", " 0.967", " 1.017", " 1.001", " 1.071", " 0.995", " 1.078", "0.03", " -0.05", " 0.02", " 0.00", " 0.10", " -0.01", " 0.11", "0.999849063650415", " 0.700752330500204", " 0.998658055405011", " 0.999661252697903", " 0.566196528291773", " 0.996839395312203", " 0.220783975496661", "1", " 1", " 1", " 1", " 1", " 1", " 1", "9.3", "8.4", " 8.4", " 8.1", " 8.1", " 8.4", " 8.9", " 8.6", " 8.6", " 8.9", " 8.2", " 8.1", " 8.8", " 8.4", " 8.1", " 8.4", " 8.4", " 8.1", " 8.4", " 8.4", " 8.4", " 8.1", " 8.4", " 8.1", " 9.3", " 8.9", " 8.6", " 8.6", " 8.6", " 8.6", " 8.9", " 8.6", " 8.9", " 8.9", " 8.6", " 8.9"
"879", "", "False", "", "C44 H32 Cl N4 O3 P", "Full match", " No results", " No results", " No results", " No results", "2.05", "730.19155", "729.18427", "13.136", "938880.847105867", "0", "0", "0", "", "", "", "No matches found", " No matches found", " No matches found", " No matches found", " No matches found", "", "No matches found", "PreferredDDA", "", "[M-H]-1", "436751.919743319", " 482472.968326068", " 430500.940432676", " 433804.282512832", " 435422.472637968", " 416982.040071271", "51.6519343788813", " 21.2333737540612", " 12.9226999149587", " 27.1854842092071", " 34.545065455103", " 35.6459420224427", "1.105", " 0.993", " 0.892", " 1.011", " 0.992", " 0.961", " 1.044", "0.14", " -0.01", " -0.16", " 0.02", " -0.01", " -0.06", " 0.06", "0.949891388494852", " 0.993867148379976", " 0.997607492690898", " 0.986712934126274", " 0.958246853527875", " 0.999999993220111", " 0.99999899503897", "1", " 1", " 1", " 1", " 1", " 1", " 1", "6.6", "4.5", " 1.1", " 4.0", " ", " ", " ", " 3.3", " 4.0", " 4.0", " 2.9", " ", " ", " 2.8", " 2.8", " 6.6", " ", " 4.8", " 2.8", " ", " 2.1", " 2.1", " 3.3", " ", " ", " 4.7", " 2.6", " ", " 2.0", " ", " ", " 4.1", " 2.8", " 2.8", " 3.9", " 3.5"
"1218", "", "False", "", "C17 H30 N10 S", "Full match", " No results", " No results", " No results", " No results", "0.10", "406.23760", "405.23033", "1.941", "930796.198730127", "0", "0", "0", "", "", "", "No matches found", " No matches found", " No matches found", " No matches found", " No matches found", "", "No matches found", "PreferredDDA", "", "[M-H]-1", "626358.013432628", " 856725.233927458", " 802496.061333661", " 640679.272702264", " ", " 314439.27582363", "8.68931607036045", " 34.1485145974365", " 19.656841967473", " 22.9334926244376", " ", " ", "1.368", " 1.023", " 0.937", " 0.000", " 1.253", " 0.491", " 0.000", "0.45", " 0.03", " -0.09", " -Infinity", " 0.32", " -1.03", " -Infinity", "0.997453254294172", " 0.999702852898185", " 0.975268732415407", " ", " 0.90974850574811", " ", " ", "1", " 1", " 1", " ", " 1", " ", " ", "5.9", "", " 5.4", " ", " 5.6", " ", " 2.4", " 3.8", " 2.8", " 3.4", " 4.1", " 5.2", " 5.2", " 4.0", " 5.9", " 5.5", " 4.9", " 3.5", " 3.3", " 3.7", " 3.5", " 2.0", " 3.7", " 3.7", " ", " ", " ", " ", " ", " ", " 1.1", " ", " ", " ", " ", " "
"862", "", "False", "", "C44 H50 Cl O2 P S4", "Full match", " No results", " No results", " No results", " No results", "-0.78", "804.21135", "803.20407", "14.097", "925634.39724305", "0", "0", "0", "", "", "", "No matches found", " No matches found", " No matches found", " No matches found", " No matches found", "", "No matches found", "PreferredDDA", "", "[M-H]-1", "400053.152409197", " 556845.776514666", " 457668.786332931", " 461271.407401434", " 372072.521553224", " 420360.148323983", "51.7251935461295", " 51.8606391225114", " 9.08963884720931", " 44.7951786349727", " 8.4068380106198", " 40.4824248059209", "1.392", " 1.153", " 0.822", " 0.813", " 0.992", " 0.911", " 0.885", "0.48", " 0.21", " -0.28", " -0.30", " -0.01", " -0.13", " -0.18", "0.999992608881755", " 0.998425706513797", " 0.99770849899014", " 0.996480542325856", " 1", " 0.999999888521505", " 0.988647847146852", "1", " 1", " 1", " 1", " 1", " 1", " 1", "5.9", "2.7", " 1.5", " 5.5", " ", " ", " ", " ", " 2.3", " 2.3", " 3.6", " ", " ", " 4.4", " 5.9", " ", " ", " 3.6", " 1.7", " ", " 1.9", " 2.7", " 3.4", " 2.7", " ", " 5.9", " ", " ", " 4.8", " ", " ", " 3.6", " 4.5", " 3.0", " 3.4", " 5.3"
"2144", "", "False", "", "C33 H26 O S2", "Full match", " No results", " No results", " No results", " No results", "0.58", "502.14280", "501.13552", "1.100", "915601.288374721", "0", "0", "0", "", "", "", "No matches found", " No matches found", " No matches found", " No matches found", " No matches found", "", "No matches found", "PreferredDDA", "", "[M-H]-1", "675614.730779412", " 581090.580722282", " 545382.274591927", " 582741.915706334", " 545617.590156255", " 572420.065563978", "", " 19.6005500475708", " 10.411241036852", " 7.16369128331991", " 10.3900275131964", " 29.687273422476", "0.860", " 0.863", " 0.939", " 1.000", " 0.936", " 0.982", " 0.953", "-0.22", " -0.21", " -0.09", " 0.00", " -0.10", " -0.03", " -0.07", "", " ", " 0.997725999537199", " 0.999464788868945", " 0.999999996048191", " 0.999198171973653", " 0.986414204612159", "", " ", " 1", " 1", " 1", " 1", " 1", "6.3", "", " 4.8", " ", " ", " ", " ", " 5.7", " 4.9", " 3.8", " 4.9", " 4.3", " 4.3", " 3.9", " ", " ", " ", " 5.2", " 5.6", " 5.2", " 6.3", " ", " 5.6", " ", " ", " ", " 4.7", " ", " 4.7", " 4.3", " ", " 3.3", " 5.2", " 3.9", " ", " 3.3"
"1404", "", "False", "", "C12 H31 N4 O3 P", "Full match", " No results", " No results", " No results", " No results", "-1.68", "310.21285", "309.20558", "10.228", "909105.952918006", "0", "0", "0", "", "", "", "No matches found", " No matches found", " No matches found", " No matches found", " No matches found", "", "No matches found", "PreferredDDA", "", "[M-H]-1", "", " ", " 751645.679168351", " 742298.468070775", " 449644.896574079", " ", "", " ", " 11.6013387835843", " 31.7798591164284", " ", " ", "", " Infinity", " Infinity", " 0.598", " 1.013", " 0.000", " Infinity", "", " Infinity", " Infinity", " -0.74", " 0.02", " -Infinity", " Infinity", "", " ", " ", " ", " 0.988658878048412", " ", " ", "", " ", " ", " ", " 1", " ", " ", "3.8", "", " ", " ", " ", " ", " ", " ", " ", " ", " ", " 3.8", " 3.8", " ", " ", " ", " ", " ", " ", " ", " 3.8", " 3.5", " ", " ", " ", " ", " ", " 2.3", " ", " ", " ", " ", " ", " ", " ", " "
"1322", "", "False", "DHA", "C22 H32 O2", "No match", " No results", " No results", " Partial match", " Full match", "3.83", "328.24149", "327.23421", "9.608", "908814.398578847", "12", "0", "0", "", "", "", "No matches found", " No matches found", " No matches found", " No matches found", " No matches found", "", "Multiple matches found", "PreferredDDA", "", "[M-H]-1", "441657.026807366", " ", " 625034.723769711", " 608241.25555596", " ", " ", "11.4594966050446", " ", " 45.8151191508069", " ", " ", " ", "0.000", " 1.377", " Infinity", " 0.000", " 1.028", " 0.000", " ", "-Infinity", " 0.46", " Infinity", " -Infinity", " 0.04", " -Infinity", " ", "", " ", " ", " ", " ", " ", " ", "", " ", " ", " ", " ", " ", " ", "4.8", "", " 4.3", " ", " ", " 4.7", " ", " ", " ", " ", " ", " 4.8", " ", " ", " 0.8", " 2.3", " ", " ", " ", " 3.8", " ", " ", " ", " ", " ", " ", " ", " ", " ", " ", " ", " ", " ", " ", " ", " "
"677", "", "False", "", "C5 H9 N6 O2 P3", "Full match", " No results", " No results", " No results", " No results", "-1.03", "277.99970", "276.99242", "1.095", "907505.40307236", "0", "0", "0", "", "", "", "No matches found", " No matches found", " No matches found", " No matches found", " No matches found", "", "No matches found", "PreferredDDA", "", "[M-H]-1", "525193.858525052", " 429161.900520944", " 420650.747158109", " 444556.95362177", " 463381.049959809", " 422942.307591726", "24.9509915080676", " 18.2857405448753", " 17.7465075778175", " 21.2590625971649", " 38.1950308767182", " 62.264311180404", "0.817", " 0.846", " 0.980", " 1.102", " 0.946", " 0.951", " 1.096", "-0.29", " -0.24", " -0.03", " 0.14", " -0.08", " -0.07", " 0.13", "0.953115442199891", " 0.961659517676993", " 0.999945885272721", " 0.999999789403932", " 0.999856198763421", " 0.999830462228034", " 0.998024702390274", "1", " 1", " 1", " 1", " 1", " 1", " 1", "7.2", "5.9", " 6.7", " ", " 5.8", " ", " ", " 6.8", " 6.4", " 6.8", " ", " 7.2", " 6.8", " 7.2", " ", " 6.8", " ", " ", " 6.7", " ", " 5.9", " ", " 6.3", " ", " ", " 5.4", " 5.4", " ", " 5.8", " ", " ", " ", " 5.3", " 4.9", " ", " 5.2"
"1445", "", "False", "Emmotin A", "C16 H22 O4", "Not the top hit", " No results", " No results", " Not the top hit", " Full match", "3.20", "278.15270", "277.14542", "6.903", "905428.698837984", "6", "0", "0", "", "", "", "No matches found", " No matches found", " No matches found", " No matches found", " No matches found", "", "Multiple matches found", "PreferredDDA", "", "[M-H]-1", "458871.000644127", " 614164.65376893", " 664483.01870874", " 618211.48000825", " 574698.694391997", " 724028.371351437", "12.5465143078131", " 16.4813984560478", " 20.2813019415711", " 7.97626464006664", " 24.4072279423154", " 63.3939396919346", "1.338", " 1.347", " 1.082", " 0.865", " 1.075", " 1.171", " 0.794", "0.42", " 0.43", " 0.11", " -0.21", " 0.10", " 0.23", " -0.33", "0.951642147709537", " 0.92684382243755", " 0.999982149653691", " 0.999536259515884", " 0.99995935719209", " 0.969026641446436", " 0.996906116967739", "1", " 1", " 1", " 1", " 1", " 1", " 1", "6.7", "5.4", " ", " ", " 4.3", " 5.4", " ", " 4.2", " ", " 5.3", " 6.3", " 4.6", " 5.4", " 5.2", " 5.8", " ", " ", " ", " ", " 5.6", " 5.9", " 5.2", " 5.9", " 6.7", " 5.2", " 5.4", " ", " ", " ", " ", " 4.8", " ", " 4.0", " 4.9", " ", " "
"587", "", "False", "", "C14 H8 N6 O17 S", "Full match", " No results", " No results", " No results", " No results", "1.30", "563.96739", "562.96012", "23.839", "894721.963521257", "0", "0", "0", "", "", "", "No matches found", " No matches found", " No matches found", " No matches found", " No matches found", "", "No matches found", "PreferredDDA", "", "[M-H]-1", "720617.290742783", " 753778.82965849", " 781444.91834975", " 706721.391629593", " 744389.055448109", " 685053.12121316", "7.87439692760139", " 4.57535231326083", " 9.57890957929971", " 8.61384744209458", " 4.42248973460729", " 3.44231689511887", "1.046", " 0.981", " 1.037", " 0.953", " 1.106", " 0.969", " 1.087", "0.06", " -0.03", " 0.05", " -0.07", " 0.15", " -0.04", " 0.12", "0.987206001545341", " 0.999929912792423", " 0.971029395523818", " 0.989070478028615", " 0.527574300454979", " 0.722143350649917", " 0.189409593480552", "1", " 1", " 1", " 1", " 1", " 1", " 1", "9.3", "8.4", " 8.4", " 8.4", " 8.1", " 8.4", " 8.6", " 8.6", " 8.6", " 8.6", " 8.6", " 8.4", " 8.1", " 8.1", " 8.4", " 8.4", " 8.4", " 8.4", " ", " 8.1", " 8.1", " 8.4", " 8.4", " 8.4", " 9.3", " 8.9", " 8.9", " 8.6", " 8.6", " 8.6", " 8.6", " 8.9", " 8.9", " 8.9", " 8.3", " 9.3"
"2523", "", "False", "FAHFA(17:0/10-O-18:0)", "C35 H68 O4", "Full match", " No results", " No results", " Full match", " Full match", "0.75", "552.51217", "551.50490", "18.446", "893906.910387979", "5", "0", "0", "", "", "", "No matches found", " No matches found", " No matches found", " No matches found", " No matches found", "", "Multiple matches found", "PreferredDDA", "", "[M-H]-1", "817662.070741303", " 717591.283759983", " 627274.285499094", " 771889.073699384", " 748294.708925013", " 789863.677917311", "11.1774212852909", " 13.5831017731882", " 18.4525181098528", " 23.5460292440209", " ", " 18.1186387441411", "0.878", " 0.944", " 0.874", " 1.193", " 0.813", " 1.023", " 0.947", "-0.19", " -0.08", " -0.19", " 0.25", " -0.30", " 0.03", " -0.08", "0.98685196135123", " 0.924963210141179", " 0.784896634859972", " ", " 0.96000098939027", " 0.990467732818703", " ", "1", " 1", " 1", " ", " 1", " 1", " ", "4.1", "", " 3.8", " ", " ", " 4.1", " 3.8", " ", " 3.0", " 3.5", " 3.8", " ", " ", " 2.7", " ", " 4.0", " 3.4", " 2.9", " ", " ", " ", " 1.2", " ", " 2.8", " ", " ", " 1.0", " ", " ", " ", " 1.7", " 3.0", " ", " ", " ", " 2.9"
"505", "", "False", "", "C28 H21 N8 O11 P3 S", "Full match", " No results", " No results", " No results", " No results", "-0.18", "770.02620", "769.01892", "1.091", "893333.331572636", "0", "0", "0", "", "", "", "No matches found", " No matches found", " No matches found", " No matches found", " No matches found", "", "No matches found", "PreferredDDA", "", "[M-H]-1", "481385.220613106", " 298411.679863266", " ", " 236531.758046689", " ", " 893333.331572636", "64.0745823932245", " ", " ", " 47.1534143780131", " ", " ", "0.620", " 0.491", " 0.000", " ", " 0.000", " 3.777", " 0.000", "-0.69", " -1.03", " -Infinity", " ", " -Infinity", " 1.92", " -Infinity", "", " 0.728243152972366", " ", " ", " ", " ", " ", "", " 1", " ", " ", " ", " ", " ", "5.5", "", " 5.3", " ", " 5.5", " ", " ", " ", " ", " ", " 4.9", " ", " ", " ", " ", " ", " ", " 4.9", " ", " ", " ", " ", " 4.9", " ", " ", " ", " ", " ", " ", " ", " ", " ", " ", " ", " ", " 5.2"
"1273", "", "False", "", "C11 H31 N4 P3", "Full match", " No results", " No results", " No results", " No results", "3.20", "312.17716", "311.16988", "23.761", "892795.999743262", "0", "0", "0", "", "", "", "No matches found", " No matches found", " No matches found", " No matches found", " No matches found", "", "No matches found", "PreferredDDA", "", "[M-H]-1", "801482.540363662", " 742063.972744928", " ", " 659659.068858575", " 716276.212331831", " 706224.92408293", "16.1122327909031", " 11.3742972447881", " ", " 6.69356835977788", " 7.03933173530274", " 2.66916783673928", "0.926", " 0.823", " 0.000", " Infinity", " 0.000", " 1.071", " 1.014", "-0.11", " -0.28", " -Infinity", " Infinity", " -Infinity", " 0.10", " 0.02", "0.973707741070253", " 0.310521483780395", " ", " ", " ", " 0.965591664298306", " 0.935989162717701", "1", " 1", " ", " ", " ", " 1", " 1", "7.8", "6.7", " ", " ", " 5.2", " ", " 6.8", " 4.9", " ", " 6.0", " 6.0", " ", " ", " ", " ", " ", " ", " 4.6", " ", " ", " ", " 6.5", " ", " 6.7", " ", " 6.2", " 6.5", " ", " 6.5", " 7.8", " ", " 6.3", " ", " ", " ", " 5.2"
"993", "", "False", "Triangulyne D", "C41 H64 O3", "No match", " No results", " No results", " Full match", " Full match", "1.06", "604.48619", "603.47891", "17.915", "890052.265050322", "1", "0", "0", "", "", "", "No matches found", " No matches found", " No matches found", " No matches found", " No matches found", "", "Single match found", "PreferredDDA", "", "[M-H]-1", "491693.161385625", " 384092.192896539", " 522533.339356732", " 549653.48996587", " 371948.036319083", " 497796.501997505", "34.2400591187147", " 38.50780155537", " 18.4893811251347", " 34.5530632849464", " 31.7810334928954", " 32.9203935233124", "0.781", " 1.118", " 1.360", " 0.712", " 0.951", " 0.906", " 0.747", "-0.36", " 0.16", " 0.44", " -0.49", " -0.07", " -0.14", " -0.42", "0.794653941205392", " 0.907759929486808", " 0.487866579830282", " 0.568746384675974", " 0.981652817945515", " 0.835275106911932", " 0.881112866508379", "1", " 1", " 1", " 1", " 1", " 1", " 1", "6.4", "5.3", " 3.9", " ", " 4.3", " 3.9", " ", " 3.5", " 2.8", " 4.7", " 3.5", " 4.9", " 3.8", " 4.5", " 4.2", " 5.2", " 4.5", " 5.4", " 4.3", " 4.1", " 4.3", " 3.0", " 6.4", " 3.9", " 2.8", " 2.0", " 3.5", " 1.3", " 2.8", " 3.5", " 2.0", " ", " ", " 2.4", " 4.5", " 2.8"
"1437", "", "False", "NAGlySer 16:0/24:0", "C45 H86 N2 O7", "No match", " No results", " Full match", " No results", " No results", "-2.13", "766.64187", "765.63459", "18.317", "884473.075885347", "0", "0", "1", "", "", "1.3", "No matches found", " No matches found", " No matches found", " Single match found", " No matches found", "", "No matches found", "PreferredDDA", "", "[M-H]-1", "553209.333883857", " 681963.982100494", " 634068.317789823", " 605532.540567435", " 587574.879127556", " 650204.85965117", "24.1100706266804", " ", " 18.6544811743982", " 27.5429271263511", " 19.8066241589014", " 16.466912436033", "1.233", " 1.095", " 0.930", " 0.927", " 1.047", " 1.074", " 0.904", "0.30", " 0.13", " -0.11", " -0.11", " 0.07", " 0.10", " -0.15", "", " 0.979406453466105", " ", " 0.83720589384822", " 0.659169022542758", " 0.950779926575309", " 0.991568285764279", "", " 1", " ", " 1", " 1", " 1", " 1", "4.2", "1.8", " 2.9", " 2.1", " ", " 2.0", " 1.4", " ", " ", " ", " ", " 1.9", " 2.9", " 2.7", " 3.4", " 3.6", " ", " ", " 2.4", " 2.9", " 2.5", " ", " ", " 3.3", " 1.5", " 1.9", " ", " ", " 2.9", " 3.4", " 2.3", " 3.6", " ", " 3.3", " 1.5", " 4.2"
"951", "", "False", "2-(Methylsulfonyl)-3-(pyrazin-2-ylamino)acrylonitrile", "C8 H8 N4 O2 S", "Not the top hit", " Full match", " No results", " No results", " No results", "4.51", "224.03781", "223.03053", "18.511", "871243.964990154", "0", "1", "0", "92.6", "48.8", "", "No matches found", " No matches found", " No matches found", " No matches found", " No matches found", "", "No matches found", "PreferredDDA", "", "[M-H]-1", "553928.199086287", " 355459.516555165", " 520909.232861224", " 407631.59902283", " 632298.377190591", " 631668.914415803", "35.4006625914483", " ", " ", " 39.4907530166066", " ", " 53.6373213872356", "0.642", " 0.736", " 1.465", " 1.214", " 1.278", " 1.550", " 1.001", "-0.64", " -0.44", " 0.55", " 0.28", " 0.35", " 0.63", " 0.00", "", " 0.99113157586606", " ", " ", " ", " 0.970261757384065", " ", "", " 1", " ", " ", " ", " 1", " ", "5.7", "4.9", " 4.7", " 4.9", " ", " 4.3", " 3.4", " ", " ", " ", " ", " 4.9", " ", " ", " ", " ", " ", " 2.4", " 5.7", " 2.8", " 3.9", " ", " ", " 3.2", " ", " ", " 4.2", " ", " ", " ", " 1.9", " 2.1", " ", " ", " ", " "
"675", "", "False", "", "C7 H17 N10 O7 P3 S2", "Full match", " No results", " No results", " No results", " No results", "0.66", "509.99393", "508.98665", "23.842", "864087.516357126", "0", "0", "0", "", "", "", "No matches found", " No matches found", " No matches found", " No matches found", " No matches found", "", "No matches found", "PreferredDDA", "", "[M-H]-1", "698973.072544608", " 754285.432337488", " 734152.726253412", " 722940.168905591", " 729471.665744011", " 689909.762386512", "7.83452201389633", " 3.98514392060032", " 9.55204898798057", " 9.49423333869309", " 5.93257573022168", " 5.29407484841554", "1.079", " 1.034", " 0.973", " 0.994", " 1.016", " 0.954", " 1.057", "0.11", " 0.05", " -0.04", " -0.01", " 0.02", " -0.07", " 0.08", "0.997300952721895", " 0.999975813016788", " 0.999999390438437", " 0.999243113365073", " 0.971064739306488", " 0.988282881823814", " 0.921708247861538", "1", " 1", " 1", " 1", " 1", " 1", " 1", "8.9", "8.4", " 8.1", " 8.4", " 8.1", " 8.4", " 8.6", " 8.9", " 8.6", " 8.2", " 8.2", " 7.8", " 8.8", " 8.1", " 8.4", " 8.4", " 8.1", " 8.1", " 8.4", " 7.8", " 8.4", " ", " 7.8", " 8.1", " 8.8", " 8.1", " 8.1", " 8.1", " 8.1", " 8.1", " 8.8", " 8.4", " 8.1", " 8.1", " ", " 8.4"
"582", "", "False", "", "C27 H19 N8 O11 P3 S", "Full match", " No results", " No results", " No results", " No results", "0.10", "756.01076", "755.00348", "1.093", "862317.276418759", "0", "0", "0", "", "", "", "No matches found", " No matches found", " No matches found", " No matches found", " No matches found", "", "No matches found", "PreferredDDA", "", "[M-H]-1", "287882.246523803", " 253499.148735586", " ", " 297206.439273293", " ", " 862317.276418759", "48.6057114662855", " 32.8886799934291", " ", " ", " ", " ", "0.881", " 1.032", " 0.000", " ", " 0.000", " 2.901", " 0.000", "-0.18", " 0.05", " -Infinity", " ", " -Infinity", " 1.54", " -Infinity", "0.547964067140387", " ", " ", " ", " ", " ", " ", "1", " ", " ", " ", " ", " ", " ", "5.4", "4.9", " 4.9", " ", " 4.5", " ", " ", " 5.4", " 5.1", " 5.4", " 5.1", " ", " ", " ", " ", " ", " ", " ", " ", " ", " ", " ", " 3.0", " ", " ", " ", " ", " ", " ", " ", " ", " ", " ", " ", " ", " 4.8"
"1569", "", "False", "cis-trihomoaconitic acid", "C9 H12 O6", "Full match", " No results", " No results", " Full match", " No results", "1.07", "216.06362", "215.05634", "1.233", "857653.12444198", "1", "0", "0", "", "", "", "No matches found", " No matches found", " No matches found", " No matches found", " No matches found", "", "No matches found", "PreferredDDA", "", "[M-H]-1", "546506.36277292", " 573853.4427678", " 436885.755792027", " 640142.860203407", " ", " ", "22.2394924936754", " 23.6046796679666", " ", " 19.4652141705683", " ", " ", "1.050", " 1.171", " 0.761", " 0.000", " 0.682", " 0.000", " ", "0.07", " 0.23", " -0.39", " -Infinity", " -0.55", " -Infinity", " ", "0.995372020795363", " 0.607097816855311", " ", " ", " ", " ", " ", "1", " 1", " ", " ", " ", " ", " ", "6.3", "", " 6.3", " ", " 2.5", " ", " ", " 6.2", " ", " 5.6", " ", " 3.0", " ", " ", " ", " ", " ", " ", " ", " 4.9", " ", " 4.8", " ", " 5.3", " ", " ", " ", " ", " ", " ", " ", " ", " ", " ", " ", " "
"894", "", "False", "", "C4 H15 N4 O5 P", "Full match", " No results", " No results", " No results", " No results", "1.83", "230.07843", "229.07115", "1.223", "840716.222906045", "0", "0", "0", "", "", "", "No matches found", " No matches found", " No matches found", " No matches found", " No matches found", "", "No matches found", "PreferredDDA", "", "[M-H]-1", "660295.341036059", " 270372.668378417", " ", " 439730.953949028", " ", " ", "38.6423532347647", " 15.3847924762584", " ", " 3.21413434114521", " ", " ", "0.409", " 0.666", " 0.000", " ", " 0.000", " 0.000", " ", "-1.29", " -0.59", " -Infinity", " ", " -Infinity", " -Infinity", " ", "0.0786890204694066", " 0.408446725652966", " ", " ", " ", " ", " ", "1", " 1", " ", " ", " ", " ", " ", "9.1", "", " 5.1", " ", " 6.4", " ", " ", " 5.7", " 5.3", " ", " ", " ", " ", " ", " ", " ", " ", " ", " ", " 8.0", " ", " 9.1", " ", " ", " ", " ", " ", " ", " ", " ", " ", " ", " ", " ", " ", " "
"635", "", "False", "", "C9 H13 N10 O14 P3", "Full match", " No results", " No results", " No results", " No results", "0.57", "577.98288", "576.97561", "23.841", "825750.502005128", "0", "0", "0", "", "", "", "No matches found", " No matches found", " No matches found", " No matches found", " No matches found", "", "No matches found", "PreferredDDA", "", "[M-H]-1", "692558.325592819", " 692897.978362078", " 702683.218313732", " 651939.458880409", " 683884.90379223", " 647962.405024791", "5.9981294165493", " 3.45100761908799", " 10.7839333719655", " 8.21853894168488", " 7.62709612079392", " 3.94124770536253", "1.000", " 0.941", " 1.014", " 0.973", " 1.078", " 0.994", " 1.055", "0.00", " -0.09", " 0.02", " -0.04", " 0.11", " -0.01", " 0.08", "0.999999460667017", " 0.920994595407371", " 0.999999941277405", " 0.983452501380899", " 0.847675385812863", " 0.99267873630597", " 0.917246129519826", "1", " 1", " 1", " 1", " 1", " 1", " 1", "8.7", "8.1", " 8.4", " 8.1", " 8.1", " 8.6", " 8.6", " 8.6", " 8.6", " 8.6", " 8.6", " 7.3", " 7.6", " 6.9", " 7.9", " 7.6", " 7.9", " 8.4", " 8.4", " 8.2", " 8.1", " ", " 8.2", " 8.2", " 8.1", " 8.4", " 7.8", " 8.1", " 8.2", " 8.6", " 8.6", " 8.3", " 8.7", " 8.7", " 8.7", " 8.7"
"2345", "", "False", "NAGlySer 16:0/21:0", "C42 H80 N2 O7", "No match", " No results", " Invalid mass", " No results", " No results", "-6.08", "724.59215", "723.58487", "18.091", "824871.357213667", "0", "0", "1", "", "", "0.6", "No matches found", " No matches found", " No matches found", " Single match found", " No matches found", "", "No matches found", "PreferredDDA", "", "[M-H]-1", "701753.675625842", " 705380.028213075", " 743922.042205605", " 719862.247653487", " 663264.071561963", " 600956.028616343", "12.6127390468093", " 16.9885387780683", " 7.20114079853921", " ", " 2.8439878357223", " 19.0247121264279", "1.005", " 1.026", " 1.055", " 0.892", " 1.033", " 0.835", " 1.104", "0.01", " 0.04", " 0.08", " -0.17", " 0.05", " -0.26", " 0.14", "0.999822135927339", " ", " 0.898781521115782", " 0.878540632908631", " ", " ", " 0.9878408856489", "1", " ", " 1", " 1", " ", " ", " 1", "4.0", "", " 2.4", " ", " ", " 3.4", " ", " ", " 2.1", " 2.7", " 1.7", " ", " 3.1", " ", " 2.8", " ", " 2.8", " ", " ", " ", " ", " 1.4", " ", " ", " 4.0", " 3.0", " ", " ", " ", " 2.3", " 1.9", " ", " ", " ", " ", " 1.7"
"2055", "", "False", "", "C7 H9 Cl3 N2 O", "Full match", " No results", " No results", " No results", " No results", "3.14", "241.97881", "240.97153", "0.974", "821375.904763559", "0", "0", "0", "", "", "", "No matches found", " No matches found", " No matches found", " No matches found", " No matches found", "", "No matches found", "PreferredDDA", "", "[M-H]-1", "652019.743303268", " 459386.10446906", " 400068.216657301", " 488536.512529066", " 675722.221273735", " 480476.096654232", "12.2215822239462", " 16.3626885627426", " 5.98174006307804", " 22.1204421171114", " 24.0691357880473", " 22.7337154460689", "0.705", " 0.749", " 0.871", " 1.689", " 0.819", " 0.984", " 1.406", "-0.51", " -0.42", " -0.20", " 0.76", " -0.29", " -0.02", " 0.49", "0.339490441732318", " 0.598950617925522", " 0.996028383920034", " 0.157956145555438", " 0.829708460729069", " 0.99884260034477", " 0.630459575866616", "1", " 1", " 1", " 1", " 1", " 1", " 1", "4.4", "2.6", " 3.9", " ", " ", " ", " 2.7", " ", " 3.4", " 1.5", " ", " 4.4", " ", " ", " ", " 3.7", " ", " 1.8", " ", " 3.7", " 1.8", " 1.8", " ", " 1.8", " ", " ", " 3.3", " 1.6", " 2.4", " 1.8", " 3.3", " 2.0", " 2.5", " 2.9", " ", " "
"1167", "", "False", "", "C22 H31 Cl2 N8 P S2", "Full match", " No results", " No results", " No results", " No results", "-1.45", "572.12194", "571.11467", "10.538", "787152.285876592", "0", "0", "0", "", "", "", "No matches found", " No matches found", " No matches found", " No matches found", " No matches found", "", "No matches found", "PreferredDDA", "", "[M-H]-1", "542831.517808329", " 397207.000113573", " 355691.175868947", " 543848.190815628", " 535436.494108652", " 474464.37438542", "44.9285738675805", " 22.523943758971", " 6.97706859385386", " 22.4443108356404", " 36.6325489765639", " 29.5074366877708", "0.732", " 1.002", " 0.895", " 1.505", " 0.654", " 0.872", " 1.129", "-0.45", " 0.00", " -0.16", " 0.59", " -0.61", " -0.20", " 0.17", "0.859822727390591", " 0.999999971077064", " 0.994846007607651", " 0.661125854302041", " 0.543351405820231", " 0.999997152654593", " 0.999995168466385", "1", " 1", " 1", " 1", " 1", " 1", " 1", "5.9", "4.2", " ", " 1.7", " ", " ", " ", " 2.5", " 2.1", " 3.7", " 2.9", " ", " ", " 3.7", " 3.3", " 5.9", " ", " 4.0", " 2.5", " ", " ", " ", " 2.5", " ", " ", " ", " 4.1", " ", " 2.0", " ", " ", " 4.3", " 5.6", " 3.3", " ", " 3.3"
"1843", "", "False", "", "C24 H35 N O S2", "Full match", " No results", " No results", " No results", " No results", "2.31", "417.21697", "416.20969", "8.098", "786349.81324538", "0", "0", "0", "", "", "", "No matches found", " No matches found", " No matches found", " No matches found", " No matches found", "", "No matches found", "PreferredDDA", "", "[M-H]-1", "457451.369359688", " 652199.569647093", " 640569.423982024", " ", " 615090.630907152", " ", "73.2798780297282", " 12.771965407786", " 32.1845838882957", " ", " ", " ", "1.426", " 0.000", " 0.982", " 0.960", " Infinity", " ", " Infinity", "0.51", " -Infinity", " -0.03", " -0.06", " Infinity", " ", " Infinity", "0.765233773832156", " ", " 0.999781088321338", " ", " ", " ", " ", "1", " ", " 1", " ", " ", " ", " ", "6.0", "0.0", " ", " ", " ", " 3.6", " ", " 6.0", " ", " ", " 4.3", " ", " 3.8", " ", " ", " 4.3", " ", " ", " ", " ", " ", " ", " ", " ", " ", " ", " ", " 3.4", " ", " ", " ", " ", " ", " ", " ", " "
"662", "", "False", "", "C12 H21 N6 O15 P3 S2", "Full match", " No results", " No results", " No results", " No results", "0.01", "645.97192", "644.96465", "23.839", "783976.701812807", "0", "0", "0", "", "", "", "No matches found", " No matches found", " No matches found", " No matches found", " No matches found", "", "No matches found", "PreferredDDA", "", "[M-H]-1", "610509.845845985", " 651918.850065965", " 670681.183978547", " 616460.238583227", " 620167.528698564", " 599847.634652625", "22.3040029907517", " 3.27432580989104", " 12.6619660503318", " 8.01064449308271", " 3.25360716027025", " 1.95482521441644", "1.068", " 1.010", " 1.029", " 0.925", " 1.088", " 0.973", " 1.034", "0.09", " 0.01", " 0.04", " -0.11", " 0.12", " -0.04", " 0.05", "0.846532088099523", " 0.995699920812188", " 0.999873846794121", " 0.953323414564161", " 0.873067323009175", " 0.989851970121877", " 0.978181008685482", "1", " 1", " 1", " 1", " 1", " 1", " 1", "8.9", "6.5", " ", " 6.3", " 3.7", " 6.3", " 8.7", " 8.3", " 8.6", " 8.6", " 8.3", " 7.7", " 7.9", " 7.9", " 7.6", " 7.6", " 7.7", " 8.1", " 8.2", " 8.6", " 8.2", " 7.8", " 7.8", " 8.1", " 8.9", " 8.7", " 8.3", " 8.7", " 8.3", " 8.0", " 8.7", " 8.3", " 8.3", " 8.0", " ", " 8.7"
"1607", "", "False", "", "C37 H20 N8 O5 P2 S", "Full match", " No results", " No results", " No results", " No results", "0.12", "750.07535", "749.06807", "21.036", "778423.608071714", "0", "0", "0", "", "", "", "No matches found", " No matches found", " No matches found", " No matches found", " No matches found", "", "No matches found", "PreferredDDA", "", "[M-H]-1", "", " 778423.608071714", " 556358.622769013", " ", " 254004.888836397", " 368897.831667396", "", " ", " 40.4302659701102", " ", " ", " 19.6529205656371", "Infinity", " ", " 0.715", " 0.457", " Infinity", " Infinity", " 0.689", "Infinity", " ", " -0.48", " -1.13", " Infinity", " Infinity", " -0.54", "", " ", " ", " ", " ", " ", " ", "", " ", " ", " ", " ", " ", " ", "4.0", "", " ", " ", " ", " ", " ", " ", " ", " ", " 0.6", " ", " 4.0", " ", " 1.1", " ", " ", " ", " ", " ", " ", " ", " ", " ", " ", " ", " ", " ", " 2.7", " ", " ", " ", " 3.8", " ", " 3.4", " 3.0"
"2302", "", "False", "", "C14 H4 N2 O3", "Full match", " No results", " No results", " No results", " No results", "-1.00", "248.02194", "247.01467", "1.327", "769741.842653876", "0", "0", "0", "", "", "", "No matches found", " No matches found", " No matches found", " No matches found", " No matches found", "", "No matches found", "PreferredDDA", "", "[M-H]-1", "", " ", " 607147.475294143", " ", " 741334.192938435", " 769741.842653876", "", " ", " ", " ", " 8.30028262933989", " ", "", " ", " Infinity", " 1.221", " Infinity", " Infinity", " 0.963", "", " ", " Infinity", " 0.29", " Infinity", " Infinity", " -0.05", "", " ", " ", " ", " ", " ", " ", "", " ", " ", " ", " ", " ", " ", "6.2", "", " ", " ", " ", " ", " ", " ", " ", " ", " ", " ", " ", " 2.7", " ", " ", " ", " ", " ", " ", " ", " ", " ", " ", " ", " 6.2", " 5.2", " 5.8", " ", " ", " 4.0", " ", " ", " ", " ", " "
"3021", "", "False", "", "C4 H11 Cl N2 O5", "Full match", " No results", " No results", " No results", " No results", "0.96", "202.03584", "201.02857", "24.229", "739214.295418952", "0", "0", "0", "", "", "", "No matches found", " No matches found", " No matches found", " No matches found", " No matches found", "", "No matches found", "PreferredDDA", "CO2", "[M-H]-1", "", " ", " 606447.05985033", " 619883.620292117", " 692100.970570231", " 718392.728168946", "", " ", " ", " 1.24833184904515", " ", " 9.12305987748633", "", " Infinity", " Infinity", " 1.141", " 0.978", " 1.159", " 0.963", "", " Infinity", " Infinity", " 0.19", " -0.03", " 0.21", " -0.05", "", " ", " ", " ", " ", " 0.501131777051685", " ", "", " ", " ", " ", " ", " 1", " ", "7.2", "", " ", " ", " ", " ", " ", " ", " ", " ", " ", " ", " ", " ", " ", " 3.8", " ", " ", " ", " 7.2", " 6.4", " ", " ", " ", " ", " ", " 4.0", " ", " ", " 6.2", " ", " ", " 6.9", " 5.8", " 5.9", " "
"2544", "", "False", "", "", "No results", " No results", " No results", " No results", " No results", "", "210.16473", "209.15745", "2.691", "731556.969651255", "0", "0", "0", "", "", "", "No matches found", " No matches found", " No matches found", " No matches found", " No matches found", "", "No matches found", "PreferredDDA", "", "[M-H]-1", "", " 684768.728748243", " 629152.591884928", " 662837.278084259", " ", " ", "", " 9.66290691538663", " ", " 4.2037661832724", " ", " ", "Infinity", " Infinity", " 0.919", " 0.000", " 0.949", " 0.000", " ", "Infinity", " Infinity", " -0.12", " -Infinity", " -0.08", " -Infinity", " ", "", " ", " ", " ", " ", " ", " ", "", " ", " ", " ", " ", " ", " ", "6.5", "", " ", " ", " ", " ", " ", " ", " ", " 5.6", " 6.5", " ", " 4.2", " ", " ", " ", " ", " ", " ", " 5.3", " 5.9", " 5.9", " ", " ", " ", " ", " ", " ", " ", " ", " ", " ", " ", " ", " ", " "
"1244", "", "False", "", "C39 H80 P2 S", "Full match", " No results", " No results", " No results", " No results", "2.57", "642.54725", "641.53997", "18.475", "720656.065658088", "0", "0", "0", "", "", "", "No matches found", " No matches found", " No matches found", " No matches found", " No matches found", "", "No matches found", "PreferredDDA", "", "[M-H]-1", "559828.238850054", " 293684.543019108", " 436864.260380389", " 543906.89555473", " 232676.537946183", " 400858.717458662", "34.5051599395596", " 45.3265369271308", " 17.2249281870391", " 28.4983444362508", " 39.2625284541966", " 18.9593443810528", "0.525", " 0.972", " 1.488", " 0.533", " 0.803", " 0.737", " 0.580", "-0.93", " -0.04", " 0.57", " -0.91", " -0.32", " -0.44", " -0.78", "0.811678687477693", " 0.994677039580535", " 0.827709676644915", " 0.173899183704529", " 0.959363960216506", " 0.814904479183905", " 0.301516419597432", "1", " 1", " 1", " 1", " 1", " 1", " 1", "6.8", "2.8", " 3.2", " ", " ", " 3.5", " 3.0", " ", " 2.7", " ", " 1.9", " 4.9", " 5.3", " 4.2", " 6.1", " 6.8", " ", " ", " 3.7", " 4.3", " 4.4", " 5.6", " 5.6", " 4.8", " 4.3", " ", " 4.7", " ", " 2.8", " 5.7", " ", " 3.0", " 5.7", " ", " 5.3", " 3.4"
"2374","","False","5,9-tetracosadienoic acid","C24 H44 O2","Full match"," No results"," No results"," Full match"," Full match","3.37","364.33536","363.32808","15.298","718809.397008574","4","0","0","","","","No matches found"," No matches found"," No matches found"," No matches found"," No matches found","","Multiple matches found","PreferredDDA","","[M-H]-1","385291.791371337"," 589853.879093482"," 718809.397008574"," 365393.401229766"," "," ",""," 10.6174039928186"," "," 3.77958241568418"," "," ","1.531"," 0.948"," 1.219"," 0.000"," 1.967"," 0.000"," ","0.61"," -0.08"," 0.29"," -Infinity"," 0.98"," -Infinity"," ",""," "," "," "," "," "," ",""," "," "," "," "," "," ","4.7",""," 1.9"," "," "," "," "," "," "," 4.7"," 3.2"," "," 0.6"," "," "," "," "," 3.8"," 4.5"," 3.4"," "," "," "," "," "," "," "," "," "," "," "," "," "," "," "," "
"2277", "", "False", "FAHFA 22:0/7:0", "C29 H56 O4", "Not the top hit", " No results", " Full match", " Partial match", " Partial match", "2.74", "468.41915", "467.41187", "15.350", "718194.927945702", "1", "0", "2", "", "", "10.0", "No matches found", " No matches found", " No matches found", " Multiple matches found", " No matches found", "", "Multiple matches found", "PreferredDDA", "", "[M-H]-1", "615128.35918655", " 521401.762017103", " 621258.325706892", " 551657.997394056", " 483929.833041752", " 658893.535835375", "3.15534784381554", " 11.6346315759271", " ", " 36.2420144478706", " 15.2293034049826", " 12.7281310908143", "0.848", " 0.897", " 1.192", " 0.779", " 1.126", " 1.194", " 0.734", "-0.24", " -0.16", " 0.25", " -0.36", " 0.17", " 0.26", " -0.45", "0.908683240843416", " 0.954412726991943", " ", " ", " ", " 0.817759739933404", " 0.512723278641345", "1", " 1", " ", " ", " ", " 1", " 1", "5.7", "5.7", " ", " 3.4", " 3.4", " ", " 2.0", " ", " 2.0", " ", " ", " ", " ", " ", " ", " 0.8", " ", " 2.0", " ", " ", " ", " 1.5", " ", " ", " 2.7", " 3.0", " 1.5", " ", " 2.7", " 3.0", " ", " ", " ", " ", " ", " 2.8"
"1595", "", "False", "", "", "No results", " No results", " No results", " No results", " No results", "", "971.01289", "970.00562", "20.813", "713044.833078578", "0", "0", "0", "", "", "", "No matches found", " No matches found", " No matches found", " No matches found", " No matches found", "", "No matches found", "PreferredDDA", "", "[M-H]-1", "713044.833078578", " 354261.249272584", " 558387.705445307", " 443945.991205429", " ", " 462192.922833812", "", " ", " 8.6732279693772", " ", " ", " ", "0.497", " 0.623", " 1.576", " 0.000", " 1.258", " 1.041", " 0.000", "-1.01", " -0.68", " 0.66", " -Infinity", " 0.33", " 0.06", " -Infinity", "", " ", " ", " ", " ", " ", " ", "", " ", " ", " ", " ", " ", " ", "4.8", "2.9", " ", " ", " ", " ", " ", " ", " ", " ", " 3.4", " 4.8", " 4.0", " ", " 3.7", " ", " ", " ", " 1.9", " ", " ", " ", " ", " ", " ", " ", " ", " ", " ", " ", " ", " ", " ", " ", " 3.8", " "
"1770", "", "False", "", "C14 H5 N4 O2 P", "Full match", " No results", " No results", " No match", " No results", "0.57", "292.01518", "291.00790", "23.850", "704462.450513611", "3", "0", "0", "", "", "", "No matches found", " No matches found", " No matches found", " No matches found", " No matches found", "", "No matches found", "PreferredDDA", "", "[M-H]-1", "", " 681510.633838667", " 624977.540570024", " 651719.367050066", " 697715.230333871", " 655584.300250675", "", " ", " ", " 0.346506719072963", " 4.52673341911947", " 2.01027553329311", "Infinity", " Infinity", " 0.917", " 1.116", " 0.959", " 1.006", " 1.064", "Infinity", " Infinity", " -0.12", " 0.16", " -0.06", " 0.01", " 0.09", "", " ", " ", " ", " ", " 0.974357966438499", " 0.768501543010005", "", " ", " ", " ", " ", " 1", " 1", "8.6", "", " ", " ", " ", " ", " 5.2", " ", " ", " ", " ", " 5.3", " ", " ", " ", " ", " ", " 8.3", " ", " ", " ", " 6.8", " ", " ", " 8.6", " 8.2", " 7.6", " ", " ", " ", " ", " ", " 8.6", " 8.0", " ", " 8.0"
"1094", "", "False", "", "C4 H14 N10 S3", "Full match", " No results", " No results", " No match", " No results", "-4.57", "298.05514", "297.04787", "15.559", "685688.894820943", "3", "0", "0", "", "", "", "No matches found", " No matches found", " No matches found", " No matches found", " No matches found", "", "No matches found", "PreferredDDA", "", "[M-H]-1", "530760.372353748", " 461205.921386223", " 305452.728685607", " 509779.107767029", " 473786.678135714", " 674781.596198962", "41.2807792525818", " ", " ", " 21.0122224578239", " ", " ", "0.869", " 0.960", " 0.662", " 1.551", " 0.599", " 1.324", " 0.702", "-0.20", " -0.06", " -0.59", " 0.63", " -0.74", " 0.40", " -0.51", "", " 0.99999999821384", " ", " ", " ", " ", " ", "", " 1", " ", " ", " ", " ", " ", "5.2", "4.2", " ", " 4.4", " ", " ", " ", " 3.4", " ", " ", " ", " ", " ", " 4.9", " ", " ", " ", " 3.7", " 5.2", " ", " ", " ", " ", " ", " ", " ", " 3.0", " ", " ", " ", " ", " 4.4", " ", " ", " ", " "
"859", "", "False", "", "C13 H23 N6 O15 P3 S2", "Full match", " No results", " No results", " No results", " No results", "-0.10", "659.98750", "658.98022", "1.097", "680369.935099347", "0", "0", "0", "", "", "", "No matches found", " No matches found", " No matches found", " No matches found", " No matches found", "", "No matches found", "PreferredDDA", "", "[M-H]-1", "279370.311275664", " 302899.313065058", " ", " 234506.932370221", " 227947.369116969", " 680369.935099347", "30.9004428762369", " ", " ", " 13.022058585232", " ", " ", "1.084", " 0.839", " 0.000", " Infinity", " 0.000", " 2.901", " 0.335", "0.12", " -0.25", " -Infinity", " Infinity", " -Infinity", " 1.54", " -1.58", "", " 0.563525324755991", " ", " ", " ", " ", " ", "", " 1", " ", " ", " ", " ", " ", "6.9", "5.4", " 5.4", " ", " 3.2", " ", " ", " ", " ", " ", " 4.5", " ", " ", " ", " ", " ", " ", " 6.6", " ", " ", " 6.6", " ", " 6.9", " ", " ", " ", " 4.9", " ", " ", " ", " ", " ", " ", " ", " ", " 4.8"
"1269", "", "False", "", "C9 H2 N2 O5 S", "Full match", " No results", " No results", " No results", " No results", "0.94", "249.96868", "248.96140", "23.842", "677559.200509534", "0", "0", "0", "", "", "", "No matches found", " No matches found", " No matches found", " No matches found", " No matches found", "", "No matches found", "PreferredDDA", "", "[M-H]-1", "574504.105295067", " 568306.648912065", " 649888.359217745", " 551720.935501652", " ", " 598693.274232911", "", " 3.64844542307472", " 6.02141559886198", " ", " ", " 0.400775083109227", "0.989", " 0.960", " 1.144", " 0.000", " 1.178", " 1.085", " 0.000", "-0.02", " -0.06", " 0.19", " -Infinity", " 0.24", " 0.12", " -Infinity", "", " ", " 0.165886111826979", " ", " ", " ", " ", "", " ", " 1", " ", " ", " ", " ", "8.7", "", " ", " ", " 5.7", " ", " ", " 8.3", " ", " 8.0", " ", " ", " 8.4", " ", " ", " ", " 8.2", " ", " ", " ", " ", " 4.9", " ", " ", " ", " ", " ", " ", " ", " ", " 8.7", " ", " ", " 8.3", " ", " "
"2620", "", "False", "", "C4 H14 N10 S3", "Full match", " No results", " No results", " No match", " No results", "-2.24", "298.05584", "297.04856", "4.718", "664644.383197073", "1", "0", "0", "", "", "", "No matches found", " No matches found", " No matches found", " No matches found", " No matches found", "", "No matches found", "PreferredDDA", "", "[M-H]-1", "588451.444872274", " 552538.524139412", " 568574.090239481", " 607035.546681417", " 563648.003205028", " 575143.672376323", "7.560744194363", " 12.9675125819449", " 9.58843791679325", " 9.86867278629997", " ", " 9.05979425043367", "0.939", " 1.032", " 1.029", " 0.991", " 0.937", " 0.947", " 0.980", "-0.09", " 0.04", " 0.04", " -0.01", " -0.09", " -0.08", " -0.03", "0.993054766754415", " 0.999541555146142", " 0.999999727324474", " ", " 0.99602027316923", " 0.999667500502662", " ", "1", " 1", " 1", " ", " 1", " 1", " ", "6.7", "", " 5.6", " 4.4", " 6.7", " ", " ", " 4.7", " 4.5", " ", " 5.1", " 4.4", " 6.2", " 4.8", " 4.8", " 4.4", " ", " 6.3", " 4.4", " 4.8", " 4.8", " 4.4", " 4.4", " 5.6", " ", " ", " ", " 1.5", " ", " ", " 4.8", " 4.0", " 4.0", " 4.0", " ", " "
"1792", "", "False", "Drotaverine", "C24 H31 N O4", "No results", " No results", " No results", " Full match", " No results", "3.60", "397.22674", "396.21946", "13.306", "656615.710085125", "1", "0", "0", "", "", "", "No matches found", " No matches found", " No matches found", " No matches found", " No matches found", "", "No matches found", "PreferredDDA", "", "[M-H]-1", "298450.100378497", " 524941.628997452", " 410623.144615314", " 434157.650715439", " 656615.710085125", " 541284.435371427", "", " ", " 13.2677279435665", " 15.150961635299", " ", " 20.4736123551562", "1.759", " 1.455", " 0.782", " 1.599", " 0.946", " 1.247", " 1.213", "0.81", " 0.54", " -0.35", " 0.68", " -0.08", " 0.32", " 0.28", "", " ", " ", " ", " 0.981918941929695", " 0.816687953048361", " ", "", " ", " ", " ", " 1", " 1", " ", "6.1", "", " 3.8", " ", " ", " ", " ", " ", " ", " 3.4", " ", " 4.3", " 3.2", " 3.9", " 3.5", " ", " 5.1", " 6.1", " ", " 2.7", " 5.7", " ", " ", " ", " ", " ", " ", " 3.3", " ", " 4.8", " ", " ", " 3.7", " 3.3", " ", " "
"2813", "", "False", "", "C7 H17 N2 O3 P S", "Full match", " No results", " No results", " No results", " No results", "-4.10", "240.06877", "239.06149", "2.825", "649945.059462775", "0", "0", "0", "", "", "", "No matches found", " No matches found", " No matches found", " No matches found", " No matches found", "", "No matches found", "PreferredDDA", "", "[M-H]-1", "590635.624440518", " ", " 458414.318318754", " 570160.804582578", " 557485.503505312", " 557500.383992518", "", " ", " 39.7280171814754", " 5.37460691654578", " 1.30027826271231", " 10.4598049576363", "0.000", " 0.965", " Infinity", " 1.216", " 0.804", " 0.978", " 1.000", "-Infinity", " -0.05", " Infinity", " 0.28", " -0.31", " -0.03", " 0.00", "", " ", " ", " 0.558839589890953", " 0.371324564583881", " 0.999993884032854", " 0.99994351639742", "", " ", " ", " 1", " 1", " 1", " 1", "6.1", "", " 2.7", " ", " ", " ", " ", " ", " ", " ", " ", " ", " 3.2", " ", " 3.5", " ", " ", " 5.6", " ", " ", " 4.4", " 4.8", " 5.9", " 5.2", " ", " ", " ", " 6.1", " 5.7", " 4.7", " ", " 4.7", " 5.1", " 5.8", " ", " "
"2820", "", "False", "", "C11 H5 N6 O3 P3", "Full match", " No results", " No results", " No results", " No results", "-4.39", "361.96201", "360.95473", "23.914", "648811.865610961", "0", "0", "0", "", "", "", "No matches found", " No matches found", " No matches found", " No matches found", " No matches found", "", "No matches found", "PreferredDDA", "", "[M-H]-1", "", " 617182.848218192", " 625247.156601116", " 611568.637310802", " 611689.268574106", " 624897.104393714", "", " ", " ", " 2.3435814766945", " 3.91706994199112", " 2.69636451152339", "Infinity", " Infinity", " 1.013", " 0.978", " 1.022", " 1.022", " 0.979", "Infinity", " Infinity", " 0.02", " -0.03", " 0.03", " 0.03", " -0.03", "", " ", " ", " ", " ", " 0.880795824288672", " 0.994447371098979", "", " ", " ", " ", " ", " 1", " 1", "6.1", "", " ", " ", " ", " ", " 2.7", " ", " ", " ", " ", " ", " ", " ", " ", " ", " 1.5", " 5.3", " ", " 6.1", " ", " ", " 4.9", " 5.7", " 5.7", " 5.7", " 5.7", " 4.5", " 4.9", " ", " ", " 5.7", " 5.7", " 5.7", " 5.3", " 5.7"
"1687", "", "False", "", "C2 H8 N7 O4 P", "Full match", " No results", " No results", " No match", " No results", "-0.36", "225.03746", "224.03018", "8.782", "645167.502706057", "2", "0", "0", "", "", "", "No matches found", " No matches found", " No matches found", " No matches found", " No matches found", "", "No matches found", "PreferredDDA", "", "[M-H]-1", "", " 552571.383744519", " ", " 569121.364240892", " 568408.756459352", " 533646.091157199", "", " ", " ", " 7.02020817285128", " ", " 29.5542486529574", "Infinity", " Infinity", " 0.000", " Infinity", " 0.000", " 0.938", " 1.065", "Infinity", " Infinity", " -Infinity", " Infinity", " -Infinity", " -0.09", " 0.09", "", " ", " ", " ", " ", " 0.974880416260264", " ", "", " ", " ", " ", " ", " 1", " ", "7.8", "", " ", " ", " ", " ", " ", " 2.3", " ", " ", " ", " ", " ", " ", " ", " ", " ", " ", " 7.8", " ", " ", " ", " 6.3", " ", " ", " ", " 4.9", " ", " ", " ", " ", " 5.2", " ", " ", " ", " 5.2"
"1725", "", "False", "NP-021701", "C15 H22 O4", "No match", " Invalid mass", " No results", " No results", " No results", "15.15", "266.15584", "265.14857", "23.741", "639580.527545791", "0", "5", "0", "79.3", "9.0", "", "No matches found", " No matches found", " No matches found", " No matches found", " No matches found", "", "No matches found", "PreferredDDA", "", "[M-H]-1", "538984.979400957", " 531935.848869695", " 522164.983712858", " 491341.189057663", " 442831.645295721", " 430958.950224155", "7.93767283133574", " 18.7948313916445", " 9.99090193238082", " 10.15804579073", " 8.16911354579069", " 9.73479461736677", "0.987", " 0.912", " 0.982", " 0.848", " 1.063", " 0.877", " 1.028", "-0.02", " -0.13", " -0.03", " -0.24", " 0.09", " -0.19", " 0.04", "0.972533623166658", " 0.343653242338087", " 0.999978825496861", " 0.0958787581099243", " 0.758854189597936", " 0.604010346866283", " 0.999999420878011", "1", " 1", " 1", " 0.836997588786086", " 1", " 1", " 1", "7.1", "4.8", " 4.4", " 4.4", " 3.3", " 3.7", " 4.2", " 3.8", " 2.7", " ", " ", " 4.4", " 4.0", " 3.7", " 3.3", " 4.4", " ", " 4.3", " 4.3", " 5.8", " 4.7", " ", " 5.4", " 4.7", " 4.0", " 5.9", " 6.3", " 4.8", " 5.6", " 7.1", " 5.2", " 5.6", " 4.8", " 5.2", " 5.2", " 5.6"
"726", "", "False", "", "C11 H19 N6 O15 P3 S2", "Full match", " No results", " No results", " No results", " No results", "0.34", "631.95648", "630.94920", "23.839", "634046.111559691", "0", "0", "0", "", "", "", "No matches found", " No matches found", " No matches found", " No matches found", " No matches found", "", "No matches found", "PreferredDDA", "", "[M-H]-1", "523153.411307262", " 571733.209373666", " 558859.517233848", " 502526.512692302", " 521981.132592011", " 505642.086297626", "10.7678019671246", " 3.62035307763058", " 12.3069123707585", " 6.27650045311361", " 2.98395606719531", " 5.04874326772376", "1.093", " 0.961", " 0.977", " 0.934", " 1.112", " 1.006", " 1.032", "0.13", " -0.06", " -0.03", " -0.10", " 0.15", " 0.01", " 0.05", "0.943904517586453", " 0.880556480062521", " 0.911901305396032", " 0.984581505093897", " 0.836177661701286", " 0.999999825336535", " 0.997013836957249", "1", " 1", " 1", " 1", " 1", " 1", " 1", "8.7", "7.7", " 7.7", " ", " 7.3", " 7.7", " 8.7", " 8.3", " 8.7", " ", " 7.6", " 7.3", " 8.1", " 7.7", " 7.3", " 7.3", " 7.7", " 8.2", " 7.8", " 8.2", " ", " 7.4", " 8.2", " 7.8", " ", " 8.7", " 8.3", " 8.3", " 8.3", " 8.2", " 8.2", " 7.4", " 7.4", " 7.8", " 7.8", " "
"1733", "", "False", "", "C10 H23 N8 O3 P", "Full match", " No results", " No results", " No match", " No results", "2.85", "334.16403", "333.15675", "1.113", "629300.830780261", "1", "0", "0", "", "", "", "No matches found", " No matches found", " No matches found", " No matches found", " No matches found", "", "No matches found", "PreferredDDA", "", "[M-H]-1", "480353.112891202", " 428328.074622065", " 366786.027753497", " 344043.980732201", " ", " 257555.826992506", "", " 24.7005306280681", " 18.5217903484254", " 9.00783046535805", " ", " ", "0.892", " 0.716", " 0.856", " 0.000", " 1.066", " 0.749", " 0.000", "-0.17", " -0.48", " -0.22", " -Infinity", " 0.09", " -0.42", " -Infinity", "", " ", " 0.579660355709746", " ", " 0.997655309106465", " ", " ", "", " ", " 1", " ", " 1", " ", " ", "5.6", "", " ", " ", " 4.2", " ", " ", " 4.0", " ", " 3.7", " 5.2", " ", " 4.5", " 3.4", " ", " ", " ", " ", " ", " 5.2", " 5.6", " ", " ", " ", " ", " ", " ", " ", " ", " ", " ", " ", " ", " ", " ", " 3.4"
"1122", "", "False", "", "C4 H10 Br O3 P", "Full match", " No results", " No results", " No results", " No results", "-4.07", "215.95421", "214.94694", "1.132", "625325.069908026", "0", "0", "0", "", "", "", "No matches found", " No matches found", " No matches found", " No matches found", " No matches found", "", "No matches found", "PreferredDDA", "", "[M-H]-1", "218928.773095503", " ", " 539938.728997358", " 625325.069908026", " ", " ", "", " ", " 7.86867507040046", " ", " ", " ", "0.000", " 2.856", " Infinity", " 0.000", " 0.863", " 0.000", " ", "-Infinity", " 1.51", " Infinity", " -Infinity", " -0.21", " -Infinity", " ", "", " ", " ", " ", " ", " ", " ", "", " ", " ", " ", " ", " ", " ", "7.8", "", " 5.3", " ", " ", " ", " ", " ", " ", " ", " ", " ", " 7.8", " ", " ", " 7.8", " ", " 5.7", " ", " ", " ", " ", " ", " ", " ", " ", " ", " ", " ", " ", " ", " ", " ", " ", " ", " "
"1919", "", "False", "", "C17 H30 O3 S2", "Full match", " No results", " No results", " No results", " No results", "1.55", "346.16417", "345.15690", "1.111", "622787.725446816", "0", "0", "0", "", "", "", "No matches found", " No matches found", " No matches found", " No matches found", " No matches found", "", "No matches found", "PreferredDDA", "", "[M-H]-1", "411643.889599132", " 499023.067583142", " 424528.531834547", " 362001.981742274", " ", " 353300.37225569", "27.9961852241004", " 14.3883817730619", " 18.7864883691228", " 11.2304117811294", " ", " ", "1.212", " 0.879", " 0.851", " 0.000", " 1.173", " 0.976", " 0.000", "0.28", " -0.19", " -0.23", " -Infinity", " 0.23", " -0.04", " -Infinity", "0.354451278401325", " 0.927303265308369", " 0.449805628459545", " ", " 0.731147405651164", " ", " ", "1", " 1", " 1", " ", " 1", " ", " ", "5.8", "", " 5.6", " ", " 5.2", " 3.3", " ", " 4.7", " ", " 5.1", " 5.4", " 3.0", " 5.7", " 3.8", " 4.5", " ", " ", " 5.8", " ", " 4.7", " 3.9", " ", " 3.9", " 4.3", " ", " ", " ", " ", " ", " ", " ", " ", " ", " ", " ", " 4.2"
"1586", "", "False", "", "C8 H3 Cl N O2 P", "Full match", " No results", " No results", " No results", " No results", "-0.89", "210.95880", "209.95153", "1.728", "621157.358723681", "0", "0", "0", "", "", "", "No matches found", " No matches found", " No matches found", " No matches found", " No matches found", "", "No matches found", "PreferredDDA", "", "[M-H]-1", "", " ", " 230670.887307167", " 373466.982673318", " 262706.207811959", " 621157.358723681", "", " ", " ", " ", " ", " ", "", " Infinity", " Infinity", " 1.139", " 0.618", " 1.663", " 0.423", "", " Infinity", " Infinity", " 0.19", " -0.70", " 0.73", " -1.24", "", " ", " ", " ", " ", " ", " ", "", " ", " ", " ", " ", " ", " ", "4.9", "", " ", " ", " ", " ", " ", " ", " ", " ", " ", " ", " 3.8", " ", " ", " ", " ", " 4.9", " ", " ", " ", " ", " ", " ", " ", " ", " 4.5", " ", " ", " ", " ", " ", " ", " ", " ", " 3.8"
"766", "", "False", "", "", "No results", " No results", " No results", " No results", " No results", "", "838.01581", "837.00854", "1.098", "619881.522467929", "0", "0", "0", "", "", "", "No matches found", " No matches found", " No matches found", " No matches found", " No matches found", "", "No matches found", "PreferredDDA", "", "[M-H]-1", "", " 183217.136497064", " ", " 178455.399441104", " ", " 619881.522467929", "", " ", " ", " 34.5802484528909", " ", " ", "Infinity", " Infinity", " 0.000", " ", " 0.000", " 3.474", " 0.000", "Infinity", " Infinity", " -Infinity", " ", " -Infinity", " 1.80", " -Infinity", "", " ", " ", " ", " ", " ", " ", "", " ", " ", " ", " ", " ", " ", "5.8", "", " ", " ", " ", " ", " ", " ", " 4.5", " ", " ", " ", " ", " ", " ", " ", " ", " 5.8", " ", " ", " ", " ", " 5.4", " ", " ", " ", " ", " ", " ", " ", " ", " ", " ", " ", " ", " 4.5"
"1307", "", "False", "Drotaverine", "C24 H31 N O4", "Full match", " No results", " No results", " Full match", " No results", "3.76", "397.22680", "396.21953", "15.223", "616033.39301836", "1", "0", "0", "", "", "", "No matches found", " No matches found", " No matches found", " No matches found", " No matches found", "", "No matches found", "PreferredDDA", "", "[M-H]-1", "419648.033141369", " 506576.927302529", " 357049.954006814", " 449650.375629376", " ", " 384060.891722299", "", " 30.5570210489098", " 26.0042746353624", " 39.8158656622663", " ", " 7.69272282382449", "1.207", " 1.071", " 0.705", " 0.000", " 0.794", " 0.854", " 0.000", "0.27", " 0.10", " -0.50", " -Infinity", " -0.33", " -0.23", " -Infinity", "", " ", " 0.821089327005252", " ", " 0.999752069137198", " 0.999998390832574", " ", "", " ", " 1", " ", " 1", " 1", " ", "7.1", "2.3", " ", " ", " ", " ", " ", " ", " ", " 2.4", " 3.2", " 3.3", " 2.9", " 2.5", " 1.8", " ", " 5.9", " 3.2", " ", " 1.3", " ", " ", " ", " 3.2", " ", " ", " ", " ", " ", " 7.1", " ", " ", " 4.0", " 3.3", " ", " "
"883", "", "False", "", "C7 H10 N6 O6 P2 S2", "Full match", " No results", " No results", " No results", " No results", "4.57", "399.95967", "398.95240", "23.839", "606831.505693966", "0", "0", "0", "", "", "", "No matches found", " No matches found", " No matches found", " No matches found", " No matches found", "", "No matches found", "PreferredDDA", "", "[M-H]-1", "517194.373115837", " 541370.277946698", " 546859.210446346", " 519456.250822331", " 530269.898959098", " 519318.689202005", "8.3450585856414", " 3.54728905174641", " 4.65351284824381", " 8.46534195161534", " 6.07882112486215", " 4.03175172701837", "1.047", " 1.004", " 1.010", " 0.970", " 1.053", " 1.000", " 1.021", "0.07", " 0.01", " 0.01", " -0.04", " 0.07", " 0.00", " 0.03", "0.999939111135032", " 0.999999871710056", " 0.999999828627039", " 0.995674124914875", " 0.999998086069575", " 0.966377893506011", " 0.725734773739753", "1", " 1", " 1", " 1", " 1", " 1", " 1", "8.7", "8.6", " ", " 7.8", " 7.8", " 7.8", " 8.3", " ", " ", " 8.3", " 8.0", " 8.3", " ", " 8.3", " 8.3", " 8.3", " 8.7", " 8.2", " ", " 8.2", " ", " 7.8", " 7.8", " ", " 8.2", " 8.2", " 8.2", " 7.8", " 8.2", " 8.3", " 8.7", " ", " ", " ", " 8.7", " 8.7"
"1729", "", "False", "", "C43 H78 Cl P", "Full match", " No results", " No results", " No results", " No results", "-3.86", "660.55042", "659.54314", "18.973", "596133.094350138", "0", "0", "0", "", "", "", "No matches found", " No matches found", " No matches found", " No matches found", " No matches found", "", "No matches found", "PreferredDDA", "", "[M-H]-1", "427888.877853255", " 271904.614010275", " 382334.364956505", " 419128.711114539", " 347035.966667666", " 415139.705253532", "30.5547288147292", " 25.132822288926", " 18.6660273976844", " 22.2243265780085", " 20.4838327083898", " 22.3961613223556", "0.635", " 0.980", " 1.406", " 0.908", " 0.912", " 0.990", " 0.836", "-0.65", " -0.03", " 0.49", " -0.14", " -0.13", " -0.01", " -0.26", "0.891375944150093", " 0.982376181290483", " 0.53250397384137", " 0.972097605497782", " 0.999941129985566", " 0.988394990412915", " 0.779112115222236", "1", " 1", " 1", " 1", " 1", " 1", " 1", "5.7", "2.4", " ", " ", " 3.5", " 2.8", " 3.7", " ", " ", " 3.3", " 2.1", " 4.2", " 4.9", " 3.0", " 5.7", " 3.0", " 5.3", " 4.8", " 3.7", " 4.8", " 4.4", " 3.3", " 4.4", " 4.0", " 4.8", " 5.6", " ", " ", " ", " 4.0", " ", " 4.4", " 4.0", " ", " 4.8", " 2.9"
"1009", "", "False", "", "C8 H13 N8 O8 P3", "Full match", " No results", " No results", " No results", " No results", "-1.25", "442.00637", "440.99909", "23.844", "591843.208587334", "0", "0", "0", "", "", "", "No matches found", " No matches found", " No matches found", " No matches found", " No matches found", "", "No matches found", "PreferredDDA", "", "[M-H]-1", "543993.732071069", " 519710.58041554", " 567791.947246176", " 528366.198598071", " 530292.793011277", " 526886.923147429", "4.77720907499704", " 0.509343900201014", " 6.32245497353958", " 4.65328212763327", " 6.00397795432226", " 0.98116674460029", "0.955", " 0.971", " 1.093", " 0.934", " 1.075", " 0.997", " 1.006", "-0.07", " -0.04", " 0.13", " -0.10", " 0.10", " 0.00", " 0.01", "0.579627140410705", " 0.973820772837009", " 0.292452823782905", " 0.97813273387056", " 0.803740100057402", " 0.986336508934027", " 0.884677779000392", "1", " 1", " 1", " 1", " 1", " 1", " 1", "8.7", "8.3", " 8.3", " 8.3", " 8.3", " 8.3", " 7.6", " 8.7", " 8.0", " 8.3", " ", " 7.1", " 7.4", " 7.4", " 7.8", " 8.2", " 7.8", " 8.3", " 8.7", " 8.7", " 8.7", " 8.3", " ", " ", " 8.2", " ", " 8.2", " 7.8", " 7.8", " 8.3", " 8.3", " 8.3", " 8.3", " 8.0", " 8.0", " 8.7"
"959", "", "False", "", "C27 H16 N6 O14 P2 S", "Full match", " No results", " No results", " No results", " No results", "-0.32", "741.99181", "740.98453", "1.097", "578343.231896481", "0", "0", "0", "", "", "", "No matches found", " No matches found", " No matches found", " No matches found", " No matches found", "", "No matches found", "PreferredDDA", "", "[M-H]-1", "207850.210371364", " 285045.791192852", " ", " 150241.33402754", " ", " 578343.231896481", "36.9901648861866", " ", " ", " 13.2461502090454", " ", " ", "1.371", " 0.723", " 0.000", " ", " 0.000", " 3.849", " 0.000", "0.46", " -0.47", " -Infinity", " ", " -Infinity", " 1.94", " -Infinity", "", " 0.36586423826541", " ", " ", " ", " ", " ", "", " 1", " ", " ", " ", " ", " ", "5.4", "5.1", " 5.4", " ", " 4.3", " ", " ", " ", " 4.2", " ", " ", " ", " ", " ", " ", " ", " ", " 5.1", " ", " ", " 5.1", " ", " ", " ", " ", " ", " ", " ", " ", " ", " ", " ", " ", " ", " ", " 4.5"
"1837", "", "False", "NAGlySer 18:0/24:0", "C47 H90 N2 O7", "No results", " No results", " Invalid mass", " No results", " No results", "-5.40", "794.67051", "793.66323", "18.773", "577324.57411967", "0", "0", "2", "", "", "3.1", "No matches found", " No matches found", " No matches found", " Multiple matches found", " No matches found", "", "No matches found", "PreferredDDA", "", "[M-H]-1", "457421.269213797", " 463719.191872062", " 476569.371492706", " 421627.428138303", " 452226.510047549", " 407823.72578786", "8.29632146004706", " 3.73678763900091", " 2.76402133908851", " 25.9287608032052", " 15.2800073943325", " 15.5603079999336", "1.014", " 0.922", " 1.028", " 0.949", " 1.130", " 0.967", " 1.109", "0.02", " -0.12", " 0.04", " -0.08", " 0.18", " -0.05", " 0.15", "0.999994829673934", " 0.748293162489657", " 0.999201574340174", " 0.987420941947002", " 0.586633347580017", " 0.999999966044772", " 0.94560500744645", "1", " 1", " 1", " 1", " 1", " 1", " 1", "7.6", "4.0", " 6.7", " 4.8", " 4.8", " 2.5", " ", " 3.8", " 4.2", " 4.5", " ", " ", " 5.3", " 7.6", " 5.3", " 5.7", " 3.4", " 3.7", " 4.0", " 3.3", " 2.1", " ", " 2.9", " 3.7", " 3.4", " 2.7", " 3.8", " 3.0", " 2.7", " 4.2", " 2.7", " ", " 3.8", " ", " 6.1", " 5.3"
"2214", "", "False", "Trilauroyl-glycerol", "C39 H74 O6", "No results", " No results", " No results", " Full match", " Full match", "3.25", "638.55062", "637.54334", "16.770", "574651.726241722", "1", "0", "0", "", "", "", "No matches found", " No matches found", " No matches found", " No matches found", " No matches found", "", "Single match found", "PreferredDDA", "", "[M-H]-1", "481532.291424466", " 454596.074961916", " 451358.242379589", " 458234.125654659", " 415106.700916436", " 421110.20662878", "9.19751297545496", " 33.2334840136768", " 2.84922380503576", " 19.0557175899022", " 23.4938106037514", " 21.4729347432872", "0.944", " 0.952", " 0.993", " 0.920", " 0.985", " 0.919", " 0.986", "-0.08", " -0.07", " -0.01", " -0.12", " -0.02", " -0.12", " -0.02", "0.90857226361411", " 0.998256837189834", " 0.983798754899357", " 0.993230902082942", " 0.999999415721243", " 0.992068302768807", " 0.999999994846882", "1", " 1", " 1", " 1", " 1", " 1", " 1", "6.1", "2.9", " 3.7", " 2.5", " 3.7", " ", " 0.9", " 0.9", " 2.4", " 2.8", " ", " ", " ", " 6.1", " 3.0", " ", " 3.8", " 1.9", " 3.8", " 1.9", " 2.7", " 2.3", " ", " 3.0", " 2.9", " ", " ", " 2.1", " 1.0", " ", " ", " 1.8", " 2.1", " 1.4", " ", " 1.8"
"2348", "", "False", "", "C9 H14 O S2", "Full match", " No results", " No results", " No match", " No results", "-2.20", "202.04816", "201.04089", "1.268", "568714.237785747", "1", "0", "0", "", "", "", "No matches found", " No matches found", " No matches found", " No matches found", " No matches found", "", "No matches found", "PreferredDDA", "", "[M-H]-1", "", " ", " 568714.237785747", " ", " 461506.22547109", " 409085.693674286", "", " ", " ", " ", " 8.93717059600695", " 13.8761507613113", "", " ", " Infinity", " 0.811", " Infinity", " Infinity", " 1.128", "", " ", " Infinity", " -0.30", " Infinity", " Infinity", " 0.17", "", " ", " ", " ", " ", " ", " 0.61913872040889", "", " ", " ", " ", " ", " ", " 1", "7.1", "", " ", " ", " ", " ", " ", " ", " ", " ", " ", " ", " 4.5", " ", " ", " ", " ", " ", " ", " ", " ", " ", " ", " ", " 4.4", " 7.1", " ", " 6.3", " ", " ", " 5.4", " ", " 6.6", " 6.6", " ", " "
"865", "", "False", "", "C9 H12 N8 O12 P2 S2", "Full match", " No results", " No results", " No results", " No results", "0.31", "549.94930", "548.94202", "23.839", "565620.588126246", "0", "0", "0", "", "", "", "No matches found", " No matches found", " No matches found", " No matches found", " No matches found", "", "No matches found", "PreferredDDA", "", "[M-H]-1", "490488.228506037", " 497460.642089046", " 513465.066316622", " 473648.467621142", " 478320.722429451", " 448399.297072158", "8.78419478916992", " 6.03457138124123", " 11.2466590719151", " 6.0799857458918", " 6.60315845522277", " 4.22671660457463", "1.014", " 0.966", " 1.032", " 0.932", " 1.084", " 0.947", " 1.067", "0.02", " -0.05", " 0.05", " -0.10", " 0.12", " -0.08", " 0.09", "0.999989696352352", " 0.979423446783353", " 0.999982905983425", " 0.96741777645361", " 0.839468954921418", " 0.719672103379864", " 0.533081768749978", "1", " 1", " 1", " 1", " 1", " 1", " 1", "8.7", "7.8", " ", " 8.2", " 7.8", " ", " 8.2", " ", " 7.8", " 7.8", " 7.8", " 7.7", " 7.7", " ", " 7.3", " 7.3", " 8.1", " 7.8", " 8.2", " 8.2", " 7.4", " 7.4", " ", " 8.2", " 8.2", " 7.8", " 7.8", " 8.2", " 7.4", " 8.3", " 8.7", " 8.3", " 8.3", " 8.3", " 8.3", " 8.3"
"1283", "", "False", "", "C5 H15 N8 O6 P", "Full match", " No results", " No results", " No results", " No results", "3.51", "314.08632", "313.07904", "13.145", "564663.080277333", "0", "0", "0", "", "", "", "No matches found", " No matches found", " No matches found", " No matches found", " No matches found", "", "No matches found", "PreferredDDA", "", "[M-H]-1", "564663.080277333", " 292158.721506269", " ", " 380748.327543663", " ", " 418283.240352069", "", " 6.55525234331025", " ", " ", " ", " ", "0.517", " 0.674", " 0.000", " ", " 0.000", " 1.099", " 0.000", "-0.95", " -0.57", " -Infinity", " ", " -Infinity", " 0.14", " -Infinity", "", " ", " ", " ", " ", " ", " ", "", " ", " ", " ", " ", " ", " ", "5.6", "", " ", " 3.4", " ", " ", " ", " 5.6", " 4.4", " ", " ", " ", " ", " ", " ", " ", " ", " ", " 2.7", " ", " ", " ", " ", " ", " ", " ", " ", " ", " ", " ", " ", " 3.4", " ", " ", " ", " "
"2139", "", "False", "", "C41 H71 Cl N9 O6 P", "Full match", " No results", " No results", " No results", " No results", "2.41", "851.49740", "850.49012", "13.459", "563822.221343551", "0", "0", "0", "", "", "", "No matches found", " No matches found", " No matches found", " No matches found", " No matches found", "", "No matches found", "PreferredDDA", "", "[M-H]-1", "477902.130546004", " ", " 376844.576418867", " 390569.180467061", " ", " 414825.046147559", "25.4255735473275", " ", " ", " 22.5823827656566", " ", " 17.9447064721597", "0.000", " 0.817", " Infinity", " 0.000", " 0.965", " 1.062", " 0.000", "-Infinity", " -0.29", " Infinity", " -Infinity", " -0.05", " 0.09", " -Infinity", "", " 0.803058858408819", " ", " ", " ", " 0.998841064882051", " ", "", " 1", " ", " ", " ", " 1", " ", "6.1", "", " 5.6", " 1.0", " ", " ", " ", " ", " ", " ", " ", " ", " ", " ", " ", " 0.0", " ", " 3.7", " ", " ", " ", " ", " ", " 4.0", " ", " ", " ", " ", " ", " 6.1", " 4.9", " 4.5", " ", " ", " ", " "
"2209","","False","1,5-dimethyl-4-[2-(3-methyl-5-oxo-1-phenyl-4,5-dihydro-1H-pyrazol-4-yliden)hydrazino]-2-phenyl-2,3-dihydro-1H-pyrazol-3-one","C21 H20 N6 O2","Not the top hit"," Full match"," No results"," No match"," No results","-0.76","388.16448","387.15720","8.470","553385.844325388","1","1","0","80.2","9.0","","No matches found"," No matches found"," No matches found"," No matches found"," No matches found","","No matches found","PreferredDDA","","[M-H]-1","502803.280539539"," "," 553385.844325388"," 436845.910437322"," 419969.951993921"," 374031.792167697",""," "," "," 14.7674740049094"," "," ","0.000"," 0.869"," Infinity"," 0.759"," 1.267"," 0.856"," 1.123","-Infinity"," -0.20"," Infinity"," -0.40"," 0.34"," -0.22"," 0.17",""," "," "," "," "," "," ",""," "," "," "," "," "," ","5.1","1.9"," "," "," "," "," "," "," "," "," "," "," "," "," "," "," 3.8"," 4.3"," "," 4.3"," "," "," "," 5.1"," "," "," "," 2.3"," "," "," "," "," 2.3"," "," "," "
"884", "", "False", "", "C13 H13 N10 O18 P S", "Full match", " No results", " No results", " No results", " No results", "0.56", "659.98713", "658.97986", "23.841", "550625.13055574", "0", "0", "0", "", "", "", "No matches found", " No matches found", " No matches found", " No matches found", " No matches found", "", "No matches found", "PreferredDDA", "", "[M-H]-1", "468696.919201435", " 484236.898077601", " 486351.235971643", " 459759.22924604", " 457734.994544276", " 435832.204886744", "10.961837325145", " 3.57432750540131", " 10.7783198748271", " 8.74671302509808", " 8.27791932766822", " 7.15240444255072", "1.033", " 0.981", " 1.004", " 0.941", " 1.058", " 0.948", " 1.050", "0.05", " -0.03", " 0.01", " -0.09", " 0.08", " -0.08", " 0.07", "0.99603804699236", " 0.985362217269827", " 0.999994643510967", " 0.977164560414386", " 0.872454670274794", " 0.954370275062309", " 0.883078550032614", "1", " 1", " 1", " 1", " 1", " 1", " 1", "8.7", "7.3", " 7.3", " 7.7", " 7.3", " 7.3", " 8.3", " 8.3", " 7.6", " 6.8", " 8.7", " 7.3", " 7.3", " 7.3", " 7.3", " 7.3", " 7.3", " 8.2", " 8.2", " 8.2", " 7.8", " 7.4", " 7.8", " 7.8", " 8.2", " 8.2", " 7.8", " 7.8", " 7.4", " 8.2", " 8.2", " 7.8", " 7.8", " 7.8", " 7.8", " 8.2"
"1764", "", "False", "Isodomedin", "C22 H32 O6", "Invalid mass", " No results", " No results", " Invalid mass", " No results", "5.73", "392.22214", "391.21486", "1.943", "547262.723175901", "3", "0", "0", "", "", "", "No matches found", " No matches found", " No matches found", " No matches found", " No matches found", "", "No matches found", "PreferredDDA", "", "[M-H]-1", "336522.976240975", " 527458.804002857", " 482713.896800554", " 455158.965447131", " ", " ", "18.4324095487882", " 5.75367368734827", " 7.88556189142095", " 19.5669053434498", " ", " ", "1.567", " 1.353", " 0.915", " 0.000", " 1.061", " 0.000", " ", "0.65", " 0.44", " -0.13", " -Infinity", " 0.08", " -Infinity", " ", "0.0297778304079649", " 0.160212105170768", " 0.773784702917386", " ", " 0.911005227086832", " ", " ", "1", " 1", " 1", " ", " 1", " ", " ", "6.3", "", " 3.0", " ", " 4.2", " ", " ", " 6.3", " ", " 5.2", " 5.6", " 4.8", " 4.0", " 4.0", " 5.6", " 5.6", " ", " 3.4", " ", " 3.8", " 3.4", " 2.7", " ", " 3.0", " ", " ", " ", " ", " ", " ", " ", " ", " ", " ", " ", " "
"1721", "", "False", "", "C40 H72 N4 O S", "Full match", " No results", " No results", " No results", " No results", "-0.09", "656.54263", "655.53535", "16.273", "544826.914048771", "0", "0", "0", "", "", "", "No matches found", " No matches found", " No matches found", " No matches found", " No matches found", "", "No matches found", "PreferredDDA", "", "[M-H]-1", "325687.968973708", " 452487.091105927", " 341057.277738326", " 342956.973346389", " ", " ", "9.72322820004137", " 28.8601006569554", " 17.2136008078116", " 11.6503558991025", " ", " ", "1.389", " 1.053", " 0.754", " 0.000", " 0.994", " 0.000", " ", "0.47", " 0.07", " -0.41", " -Infinity", " -0.01", " -Infinity", " ", "0.442343211931764", " 0.991916078916684", " 0.538899963888205", " ", " 0.9999420582623", " ", " ", "1", " 1", " 1", " ", " 1", " ", " ", "6.6", "2.9", " ", " ", " ", " 5.6", " ", " ", " ", " 2.5", " 3.7", " ", " 3.8", " ", " 4.2", " ", " ", " ", " ", " ", " ", " 3.2", " ", " 6.6", " ", " ", " ", " ", " ", " ", " ", " ", " ", " ", " ", " "
"2056", "", "False", "", "C37 H80 Cl N9", "Full match", " No results", " No results", " No results", " No results", "-1.48", "685.62151", "684.61423", "19.149", "534105.01058804", "0", "0", "0", "", "", "", "No matches found", " No matches found", " No matches found", " No matches found", " No matches found", "", "No matches found", "PreferredDDA", "", "[M-H]-1", "306885.025566561", " 453538.089044518", " 399184.886274565", " 271281.527484231", " 281678.608375956", " 320748.432081883", "27.0303647931196", " 25.1222192529708", " 47.6133565302715", " 10.5733382121835", " ", " 12.9376281632754", "1.478", " 0.884", " 0.880", " 0.706", " 1.471", " 1.182", " 0.878", "0.56", " -0.18", " -0.18", " -0.50", " 0.56", " 0.24", " -0.19", "0.79347959809314", " 0.767420668523948", " 0.978199291454478", " ", " 0.693691617058277", " 0.96895522060595", " ", "1", " 1", " 1", " ", " 1", " 1", " ", "6.6", "4.4", " 4.4", " 5.2", " 4.8", " 3.3", " 4.4", " 5.6", " ", " ", " ", " ", " 2.7", " ", " 0.0", " ", " ", " 5.4", " 5.8", " ", " ", " ", " 5.4", " ", " ", " ", " ", " ", " 1.5", " ", " ", " ", " 5.8", " ", " 6.6", " 5.1"
"2096", "", "False", "", "", "No results", " No results", " No results", " No results", " No results", "", "719.62805", "718.62077", "18.660", "521662.035318578", "0", "0", "0", "", "", "", "No matches found", " No matches found", " No matches found", " No matches found", " No matches found", "", "No matches found", "PreferredDDA", "", "[M-H]-1", "338177.149115621", " 340460.840963204", " 419377.45662165", " 393010.601668358", " 395935.80890234", " 384461.858205045", "17.6665623013536", " 9.80919482948396", " 9.58145728865788", " 8.66460385665608", " 12.5538435342043", " 15.2185043515898", "1.007", " 1.162", " 1.232", " 0.944", " 1.067", " 0.978", " 1.030", "0.01", " 0.22", " 0.30", " -0.08", " 0.09", " -0.03", " 0.04", "0.9922156568623", " 0.591045372200312", " 0.742558358188911", " 0.991093803357801", " 0.971251832366612", " 0.993505549407842", " 0.999572585995147", "1", " 1", " 1", " 1", " 1", " 1", " 1", "6.4", "3.8", " 5.3", " 1.9", " 6.4", " 6.1", " 6.3", " ", " 4.4", " 3.7", " ", " ", " ", " ", " ", " 3.7", " 5.2", " 3.7", " 4.8", " ", " ", " 2.9", " 3.3", " 4.8", " 3.9", " 5.1", " ", " 2.8", " 2.4", " 4.5", " 3.4", " 3.8", " 2.3", " ", " 3.4", " 2.3"
"791", "", "False", "", "", "No results", " No results", " No results", " No results", " No results", "", "713.96112", "712.95385", "23.839", "520828.691856295", "0", "0", "0", "", "", "", "No matches found", " No matches found", " No matches found", " No matches found", " No matches found", "", "No matches found", "PreferredDDA", "", "[M-H]-1", "425978.750824669", " 452017.423054996", " 456844.654075901", " 424749.171111539", " 422366.775285085", " 416160.394142467", "12.2278059246244", " 4.76033074509477", " 13.0984809554681", " 9.673954474842", " 8.02210463523215", " 6.06510496507222", "1.061", " 0.997", " 1.011", " 0.925", " 1.076", " 0.980", " 1.015", "0.09", " 0.00", " 0.02", " -0.11", " 0.11", " -0.03", " 0.02", "0.999640704780219", " 0.985267751614529", " 0.999843224499128", " 0.995786995933828", " 0.970566497145516", " 0.981130687845241", " 0.960730595805787", "1", " 1", " 1", " 1", " 1", " 1", " 1", "8.7", "7.7", " ", " 6.9", " 7.7", " 7.3", " 8.3", " ", " 8.3", " 8.7", " 8.3", " 7.3", " 7.3", " 7.7", " ", " 7.3", " 7.3", " 7.8", " 8.2", " ", " 7.8", " 8.2", " 7.8", " 7.4", " 8.6", " 8.2", " 8.2", " ", " 7.8", " 8.2", " 8.2", " 7.8", " 7.8", " 8.2", " 7.8", " "
"1973", "", "False", "", "C4 H13 N6 O17 P S2", "Full match", " No results", " No results", " No results", " No results", "0.12", "511.95168", "510.94441", "23.873", "517194.994379584", "0", "0", "0", "", "", "", "No matches found", " No matches found", " No matches found", " No matches found", " No matches found", "", "No matches found", "PreferredDDA", "", "[M-H]-1", "421853.053369083", " 480505.97909641", " 478176.661720044", " 462689.007868747", " 466685.563062946", " 498775.88035415", "20.2501631496938", " ", " 4.85549244113867", " 2.01068532469815", " 4.11694970249713", " 10.6035026300089", "1.139", " 1.097", " 0.995", " 0.976", " 1.033", " 1.078", " 0.936", "0.19", " 0.13", " -0.01", " -0.04", " 0.05", " 0.11", " -0.10", "", " 0.205560969661542", " ", " 0.999208150315236", " 0.996015014470732", " 0.997889376626591", " 0.999616088697832", "", " 1", " ", " 1", " 1", " 1", " 1", "8.0", "3.7", " 4.0", " 4.8", " 4.4", " ", " 3.4", " ", " ", " ", " ", " 6.1", " 6.8", " 6.1", " 6.1", " 6.8", " 6.8", " 7.6", " 6.4", " ", " 8.0", " 5.7", " 5.3", " 6.4", " 5.3", " 6.8", " ", " 6.8", " 7.2", " 6.2", " 5.4", " 6.6", " ", " 5.4", " 5.8", " "
"2035", "", "False", "gamma-butyrobetainyl-CoA", "C28 H50 N8 O17 P3 S", "No match", " No results", " No results", " Full match", " Full match", "0.20", "895.22293", "894.21565", "14.900", "516100.324213243", "1", "0", "0", "", "", "", "No matches found", " No matches found", " No matches found", " No matches found", " No matches found", "", "Single match found", "PreferredDDA", "", "[M-H]-1", "325950.9848768", " 392333.049577383", " 177566.389053075", " 285320.062401035", " 248167.217703693", " 239801.578744322", "", " 44.6134626069696", " ", " 2.36937801830355", " ", " 43.7492423160851", "1.204", " 0.875", " 0.453", " 1.398", " 0.622", " 0.840", " 1.035", "0.27", " -0.19", " -1.14", " 0.48", " -0.68", " -0.25", " 0.05", "", " ", " ", " ", " ", " 0.983542153254175", " ", "", " ", " ", " ", " ", " 1", " ", "6.8", "", " ", " 0.4", " ", " ", " ", " 4.5", " ", " ", " 2.7", " ", " ", " ", " 0.4", " ", " ", " 6.4", " 6.8", " ", " ", " ", " ", " ", " ", " ", " 1.5", " ", " ", " ", " ", " 2.3", " ", " 4.9", " ", " "
"1620", "", "False", "", "C40 H82 N9 O7 P", "Full match", " No results", " No results", " No results", " No results", "-0.23", "831.60729", "830.60001", "23.806", "506433.187389521", "0", "0", "0", "", "", "", "No matches found", " No matches found", " No matches found", " No matches found", " No matches found", "", "No matches found", "PreferredDDA", "", "[M-H]-1", "209596.613844397", " 372504.19674377", " 297806.054489431", " ", " 297068.278207808", " 382021.540976294", "41.5857297731914", " ", " 22.4693407164583", " ", " 8.40930065383031", " 46.0562085648643", "1.777", " 0.000", " 0.799", " 0.998", " Infinity", " Infinity", " 0.778", "0.83", " -Infinity", " -0.32", " 0.00", " Infinity", " Infinity", " -0.36", "", " ", " ", " 0.998707455359065", " ", " ", " 0.962684408841465", "", " ", " ", " 1", " ", " ", " 1", "7.1", "", " 3.0", " 3.4", " ", " ", " ", " ", " 4.5", " ", " ", " ", " 4.4", " 5.6", " 7.1", " ", " ", " ", " ", " ", " ", " ", " ", " ", " ", " 5.9", " 4.4", " ", " 6.3", " ", " ", " ", " ", " 4.5", " 5.7", " "
"831", "", "False", "", "C26 H14 N6 O14 P2 S", "Full match", " No results", " No results", " No results", " No results", "0.61", "727.97683", "726.96956", "23.840", "495898.041572504", "0", "0", "0", "", "", "", "No matches found", " No matches found", " No matches found", " No matches found", " No matches found", "", "No matches found", "PreferredDDA", "", "[M-H]-1", "406921.708343462", " 418650.004612222", " 420716.840380264", " 386528.381586343", " 410804.633150354", " 382808.665675058", "8.40406283885695", " 5.43572561206085", " 10.4011925998881", " 8.1826618538325", " 8.10894344656698", " 6.18569949867941", "1.029", " 0.950", " 1.005", " 0.976", " 1.088", " 0.990", " 1.073", "0.04", " -0.07", " 0.01", " -0.03", " 0.12", " -0.01", " 0.10", "0.998210139575116", " 0.83969824258686", " 0.999961107986459", " 0.992525053627992", " 0.633596117539617", " 0.981587910917169", " 0.673620161978334", "1", " 1", " 1", " 1", " 1", " 1", " 1", "8.2", "7.8", " 7.8", " 7.8", " 7.8", " ", " 7.8", " ", " 8.2", " ", " 7.8", " 7.3", " 7.7", " ", " 7.3", " 7.3", " 7.3", " 7.8", " 7.8", " ", " 7.8", " 7.4", " 8.2", " 7.8", " 8.2", " 7.8", " ", " 7.4", " 7.4", " 8.2", " 8.2", " 7.8", " 7.8", " 7.8", " 7.8", " "
"1912", "", "False", "", "C8 H14 N4 O9 S2", "Full match", " No results", " No results", " No results", " No results", "-2.99", "374.01910", "373.01182", "23.848", "488038.47770027", "0", "0", "0", "", "", "", "No matches found", " No matches found", " No matches found", " No matches found", " No matches found", "", "No matches found", "PreferredDDA", "", "[M-H]-1", "415668.636821733", " 417643.785046747", " 457803.579941099", " 417180.815355528", " 413406.679729816", " 430028.429725062", "", " 3.56021661350267", " 10.8479266933081", " 5.81983884064016", " ", " 6.59494453521771", "1.005", " 1.004", " 1.096", " 0.903", " 1.097", " 1.031", " 0.961", "0.01", " 0.01", " 0.13", " -0.15", " 0.13", " 0.04", " -0.06", "", " ", " 0.931349154074897", " ", " 0.789027736555311", " 0.975530467661301", " ", "", " ", " 1", " ", " 1", " 1", " ", "8.0", "", " 4.9", " ", " ", " ", " 8.0", " ", " ", " ", " 8.0", " ", " 6.6", " ", " 6.6", " 7.3", " ", " 7.1", " ", " 7.8", " 7.4", " 6.7", " ", " ", " ", " ", " ", " ", " 4.9", " 7.8", " ", " ", " ", " 7.4", " ", " 7.8"
"2060", "", "False", "", "C39 H81 Cl N3 P", "Full match", " No results", " No results", " No results", " No results", "2.70", "657.58744", "656.58016", "18.666", "482570.760657944", "0", "0", "0", "", "", "", "No matches found", " No matches found", " No matches found", " No matches found", " No matches found", "", "No matches found", "PreferredDDA", "", "[M-H]-1", "375476.225504359", " ", " 373477.093651583", " 386669.915559962", " 356952.797129063", " 365863.31397179", "", " ", " 6.8383342494339", " 17.6521195332816", " 10.9090478170876", " 20.6151740384465", "0.000", " 1.030", " Infinity", " 0.956", " 0.966", " 0.946", " 0.976", "-Infinity", " 0.04", " Infinity", " -0.07", " -0.05", " -0.08", " -0.04", "", " ", " ", " 0.998217265256834", " 0.999825085138309", " 0.99999737198827", " 0.999538384336261", "", " ", " ", " 1", " 1", " 1", " 1", "7.4", "", " ", " 2.3", " ", " ", " ", " ", " ", " ", " ", " ", " ", " 4.0", " ", " 6.3", " 7.4", " ", " 5.3", " 1.5", " 6.4", " ", " 4.9", " 4.2", " 5.1", " 5.1", " ", " 5.8", " ", " 4.8", " ", " ", " ", " 3.3", " 4.8", " 4.8"
"2530","","False","1-dimethylarsinoyl-(2Z,5Z,8Z,11Z,14Z,17Z)-heneicosahexaene","C23 H37 As O","No match"," No results"," No results"," Not the top hit"," Full match","0.50","404.20624","403.19896","1.111","482413.471361307","2","0","0","","","","No matches found"," No matches found"," No matches found"," No matches found"," No matches found","","Single match found","PreferredDDA","","[M-H]-1","252675.299054471"," 404418.571173528"," 367440.871819285"," "," "," ",""," 27.2740802484476"," 3.95093211482759"," "," "," ","1.601"," 0.000"," 0.909"," 0.000"," Infinity"," "," ","0.68"," -Infinity"," -0.14"," -Infinity"," Infinity"," "," ",""," "," 0.921961753887745"," "," "," "," ",""," "," 1"," "," "," "," ","6.8",""," 4.5"," "," "," "," "," "," "," 3.7"," 4.4"," 6.4"," 6.8"," "," "," "," "," "," "," "," "," "," "," "," "," "," "," "," "," "," "," "," "," "," "," "
"2252", "", "False", "", "C18 H33 N2 O7 P", "Full match", " No results", " No results", " No match", " No results", "-2.63", "420.20143", "419.19416", "1.130", "475737.717687573", "1", "0", "0", "", "", "", "No matches found", " No matches found", " No matches found", " No matches found", " No matches found", "", "No matches found", "PreferredDDA", "", "[M-H]-1", "", " 437867.67794795", " ", " 324061.671442272", " ", " ", "", " 12.2311662871239", " ", " 13.965719280595", " ", " ", "Infinity", " Infinity", " 0.000", " ", " 0.000", " 0.000", " ", "Infinity", " Infinity", " -Infinity", " ", " -Infinity", " -Infinity", " ", "", " ", " ", " ", " ", " ", " ", "", " ", " ", " ", " ", " ", " ", "6.2", "", " ", " ", " ", " ", " ", " 4.7", " ", " ", " 6.2", " ", " ", " ", " ", " ", " ", " ", " ", " 4.7", " 5.8", " ", " ", " 4.7", " ", " ", " ", " ", " ", " ", " ", " ", " ", " ", " ", " "
"1247", "", "False", "", "C7 H11 N8 O8 P3", "Full match", " No results", " No results", " No results", " No results", "-0.42", "427.99109", "426.98381", "1.092", "472834.499884598", "0", "0", "0", "", "", "", "No matches found", " No matches found", " No matches found", " No matches found", " No matches found", "", "No matches found", "PreferredDDA", "", "[M-H]-1", "264703.459742156", " 366104.968368257", " 271389.679368663", " 342075.322760569", " 406025.657631656", " 294280.568620037", "", " 11.6858930886753", " 16.8659807190649", " 20.9844786601074", " 23.2699508084459", " ", "1.383", " 1.292", " 0.741", " 1.496", " 0.793", " 0.860", " 1.380", "0.47", " 0.37", " -0.43", " 0.58", " -0.33", " -0.22", " 0.46", "", " ", " 0.667536317993612", " 0.440346237327489", " 0.804563120015361", " ", " ", "", " ", " 1", " 1", " 1", " ", " ", "7.3", "", " ", " ", " ", " 4.5", " ", " 7.3", " ", " ", " 5.4", " ", " ", " ", " 5.7", " 6.4", " ", " 5.9", " 5.9", " ", " 5.6", " ", " 6.3", " ", " ", " ", " 4.4", " ", " 6.3", " ", " ", " ", " ", " 5.3", " ", " "
"2491", "", "False", "", "", "No results", " No results", " No results", " No results", " No results", "", "957.65141", "956.64413", "16.776", "471543.819990704", "0", "0", "0", "", "", "", "No matches found", " No matches found", " No matches found", " No matches found", " No matches found", "", "No matches found", "PreferredDDA", "", "[M-H]-1", "404813.229165205", " 404011.294941006", " 287793.970078182", " 400008.767559024", " 397980.632101743", " 471543.819990704", "5.12733783886227", " 21.6613696351174", " ", " 28.5041629666141", " 11.0446848968777", " ", "0.998", " 0.988", " 0.712", " 1.383", " 0.719", " 1.179", " 0.844", "0.00", " -0.02", " -0.49", " 0.47", " -0.47", " 0.24", " -0.24", "0.999961202757768", " 0.920788689697632", " ", " ", " ", " ", " ", "1", " 1", " ", " ", " ", " ", " ", "4.4", "2.9", " 4.0", " ", " 4.0", " ", " ", " 1.8", " 4.4", " ", " ", " ", " ", " ", " ", " 2.7", " ", " ", " 3.3", " ", " 1.4", " 2.5", " ", " ", " 2.8", " 2.4", " ", " ", " ", " ", " ", " ", " 1.1", " ", " ", " "
"1775", "", "False", "", "C31 H66 N8 O4", "Full match", " No results", " No results", " No results", " No results", "-4.24", "614.51809", "613.51082", "17.919", "462344.86616487", "0", "0", "0", "", "", "", "No matches found", " No matches found", " No matches found", " No matches found", " No matches found", "", "No matches found", "PreferredDDA", "", "[M-H]-1", "354933.581592511", " 352494.877224784", " 272019.480510676", " 399313.785292808", " ", " 335129.46452086", "8.88155800131743", " ", " ", " 15.2652518524728", " ", " 0.35331650708494", "0.993", " 1.125", " 0.772", " 0.000", " 0.681", " 0.839", " 0.000", "-0.01", " 0.17", " -0.37", " -Infinity", " -0.55", " -0.25", " -Infinity", "", " 0.877486389975353", " ", " ", " ", " 0.640506568221039", " ", "", " 1", " ", " ", " ", " 1", " ", "5.7", "5.2", " ", " ", " ", " 3.3", " ", " ", " ", " ", " 2.7", " ", " ", " ", " ", " ", " 3.0", " ", " ", " 3.8", " 5.3", " 3.4", " 5.3", " ", " ", " ", " ", " ", " ", " ", " ", " ", " 5.7", " ", " 5.7", " "
"2079", "", "False", "", "", "No results", " No results", " No results", " No results", " No results", "", "661.94449", "660.93722", "23.857", "460259.670528712", "0", "0", "0", "", "", "", "No matches found", " No matches found", " No matches found", " No matches found", " No matches found", "", "No matches found", "PreferredDDA", "", "[M-H]-1", "288874.809821236", " 308688.41573732", " 309156.879862735", " 303950.443111822", " 290598.447059999", " 287408.724840034", "22.3276766002761", " ", " 17.9159254546915", " 22.062782327873", " 7.81678136318149", " 25.3708114501485", "1.069", " 1.052", " 1.002", " 0.940", " 1.017", " 0.946", " 1.011", "0.10", " 0.07", " 0.00", " -0.09", " 0.02", " -0.08", " 0.02", "", " 0.983746344626534", " ", " 0.999879792911797", " 0.999624051508545", " 0.59011476989687", " 0.981377623703358", "", " 1", " ", " 1", " 1", " 1", " 1", "6.4", "3.3", " ", " ", " 2.5", " ", " 3.4", " ", " ", " ", " ", " ", " 6.4", " 3.8", " ", " ", " ", " 4.4", " ", " ", " 5.6", " 4.4", " 3.7", " 5.2", " ", " ", " ", " 6.3", " 6.3", " 4.4", " 4.4", " 5.2", " 4.8", " ", " 2.5", " "
"1963", "", "False", "", "C27 H59 N2 O12 P3", "Full match", " No results", " No results", " No results", " No results", "-4.61", "696.32488", "695.31760", "9.633", "457751.822099476", "0", "0", "0", "", "", "", "No matches found", " No matches found", " No matches found", " No matches found", " No matches found", "", "No matches found", "PreferredDDA", "", "[M-H]-1", "339802.328906158", " 373010.464456937", " 283255.09506345", " 323808.039387877", " 393495.533510928", " 400250.064660478", "11.7378724819367", " 11.0541593479242", " 29.5996456082501", " 17.3091584536629", " 1.57495742476272", " 10.6183415652538", "1.098", " 0.953", " 0.759", " 1.389", " 0.875", " 1.236", " 0.983", "0.13", " -0.07", " -0.40", " 0.47", " -0.19", " 0.31", " -0.02", "0.969889447175362", " 0.999999992854577", " 0.868309972689995", " 0.665591796884711", " 0.995527423567774", " 0.68063978382064", " 0.999963335553937", "1", " 1", " 1", " 1", " 1", " 1", " 1", "6.6", "3.9", " 6.6", " 3.2", " 3.9", " 3.9", " ", " ", " 2.0", " ", " 3.5", " ", " 4.4", " ", " ", " 2.9", " 4.0", " ", " 3.0", " 3.4", " ", " 1.5", " ", " ", " 4.9", " 4.9", " ", " ", " ", " ", " 3.9", " ", " 3.9", " ", " 4.7", " 5.8"
"2372", "", "False", "", "C11 H13 N6 O17 P3", "Full match", " No results", " No results", " No results", " No results", "1.01", "593.95560", "592.94833", "23.867", "456151.536943118", "0", "0", "0", "", "", "", "No matches found", " No matches found", " No matches found", " No matches found", " No matches found", "", "No matches found", "PreferredDDA", "", "[M-H]-1", "324565.084513861", " 333649.149164868", " 308505.10998216", " 337812.277724913", " 309390.652277098", " 328648.067172194", "", " ", " 27.5151479235414", " 2.31317440261687", " 2.60767984172396", " 6.88739124780617", "1.028", " 1.041", " 0.925", " 1.003", " 0.913", " 0.973", " 0.941", "0.04", " 0.06", " -0.11", " 0.00", " -0.13", " -0.04", " -0.09", "", " ", " ", " 0.97287262719876", " 0.999994759728973", " 0.998296311576863", " 0.999484397669535", "", " ", " ", " 1", " 1", " 1", " 1", "7.2", "", " ", " 4.5", " ", " ", " 3.0", " ", " ", " ", " ", " 3.7", " ", " ", " 4.8", " 2.5", " ", " ", " ", " 6.4", " ", " 7.2", " 6.1", " ", " ", " 7.2", " ", " ", " 6.4", " ", " 5.2", " ", " 6.3", " 6.7", " ", " 5.2"
"1061", "", "False", "", "C9 H19 N6 O18 P3", "Full match", " No results", " No results", " No results", " No results", "2.14", "591.99814", "590.99086", "23.842", "453687.711283503", "0", "0", "0", "", "", "", "No matches found", " No matches found", " No matches found", " No matches found", " No matches found", "", "No matches found", "PreferredDDA", "", "[M-H]-1", "373793.354322273", " 393022.260003086", " 393442.917977276", " 366095.170244396", " 387240.596575442", " 363796.255656324", "8.93749571164513", " 4.6496125447256", " 9.76545083204358", " 11.4790906832416", " 8.3102243434639", " 3.30271510999288", "1.051", " 0.979", " 1.001", " 0.984", " 1.075", " 0.994", " 1.064", "0.07", " -0.03", " 0.00", " -0.02", " 0.10", " -0.01", " 0.09", "0.975110199377621", " 0.989399719000749", " 0.99231650658525", " 0.999994533312744", " 0.949321009280884", " 0.979731749649557", " 0.773854869738888", "1", " 1", " 1", " 1", " 1", " 1", " 1", "8.7", "8.2", " 7.8", " 7.4", " 7.1", " ", " 8.3", " 8.3", " 8.3", " 8.7", " 8.3", " 7.8", " ", " 8.2", " 7.8", " 8.2", " 8.2", " 6.9", " 7.3", " 8.1", " 6.9", " 6.9", " 7.7", " ", " 8.6", " 7.8", " 7.8", " ", " 6.3", " ", " 7.2", " 8.7", " 8.7", " 8.3", " 8.3", " 8.7"
"2702","","False","6-Bromo-5E,9Z,13Z,24Z-heptacosatetraenoic acid","C26 H43 Br O2","Invalid mass"," No results"," No results"," Not the top hit"," Full match","-2.29","466.24357","465.23630","1.117","448792.104498435","2","0","0","","","","No matches found"," No matches found"," No matches found"," No matches found"," No matches found","","Multiple matches found","PreferredDDA","","[M-H]-1","313394.783689393"," 311739.926422544"," "," 142866.582525492"," "," ",""," 23.5754054706067"," "," "," "," ","0.995"," 0.456"," 0.000"," "," 0.000"," 0.000"," ","-0.01"," -1.13"," -Infinity"," "," -Infinity"," -Infinity"," ",""," "," "," "," "," "," ",""," "," "," "," "," "," ","4.5",""," "," "," 2.7"," "," "," 2.9"," "," 4.4"," 3.3"," "," "," "," "," "," "," "," "," 4.5"," "," "," "," "," "," "," "," "," "," "," "," "," "," "," "," "
"982", "", "False", "", "", "No results", " No results", " No results", " No results", " No results", "", "781.95101", "780.94374", "23.839", "441824.038004832", "0", "0", "0", "", "", "", "No matches found", " No matches found", " No matches found", " No matches found", " No matches found", "", "No matches found", "PreferredDDA", "", "[M-H]-1", "326817.693846809", " 374085.350789007", " 367449.629575169", " 349234.485040787", " 358971.960117401", " 329906.729998267", "", " 6.57355773300122", " 16.2908187822952", " 8.11932750365294", " 6.4683403491135", " ", "1.145", " 1.069", " 0.982", " 0.977", " 1.052", " 0.945", " 1.088", "0.19", " 0.10", " -0.03", " -0.03", " 0.07", " -0.08", " 0.12", "", " ", " 0.998623130027873", " 0.998931872319379", " 0.951211214063528", " ", " ", "", " ", " 1", " 1", " 1", " ", " ", "8.2", "", " ", " 4.9", " ", " ", " 7.4", " 7.8", " 7.8", " ", " ", " 7.2", " 6.4", " 6.8", " ", " ", " ", " 8.2", " ", " 7.8", " 7.8", " 8.2", " 7.8", " 7.8", " 8.2", " 7.4", " 7.4", " ", " 7.4", " ", " ", " ", " ", " 5.3", " ", " "
"941", "", "False", "", "C31 H11 N8 O13 P3", "Full match", " No results", " No results", " No results", " No results", "0.72", "795.96641", "794.95914", "23.839", "425386.760822815", "0", "0", "0", "", "", "", "No matches found", " No matches found", " No matches found", " No matches found", " No matches found", "", "No matches found", "PreferredDDA", "", "[M-H]-1", "353388.653911738", " 403601.87209222", " 365706.880886043", " 345047.560302117", " 353247.162422411", " 355738.176418881", "", " 7.68240778104188", " 7.99523072665103", " 5.75237155937316", " 8.87348933710013", " 2.72895629709426", "1.142", " 0.976", " 0.906", " 0.966", " 1.060", " 1.031", " 0.993", "0.19", " -0.03", " -0.14", " -0.05", " 0.08", " 0.04", " -0.01", "", " ", " 0.706609807033633", " 0.99983767157001", " 0.991720098645431", " 0.999988651271008", " 0.999889275729517", "", " ", " 1", " 1", " 1", " 1", " 1", "8.7", "", " ", " ", " 4.9", " ", " 7.4", " ", " 7.4", " 7.4", " ", " 8.2", " ", " ", " 7.8", " 7.4", " ", " ", " ", " 8.2", " 7.8", " ", " 7.8", " ", " 7.8", " ", " 7.8", " 7.8", " 7.1", " ", " ", " ", " 8.3", " 8.0", " 8.7", " 8.7"
"2430", "", "False", "", "C13 H4 N6 O12 P2", "Full match", " No results", " No results", " No results", " No results", "0.28", "497.93638", "496.92911", "23.870", "410259.466112723", "0", "0", "0", "", "", "", "No matches found", " No matches found", " No matches found", " No matches found", " No matches found", "", "No matches found", "PreferredDDA", "", "[M-H]-1", "", " 386076.615815072", " 375031.48904535", " 350391.533515229", " 358514.064299882", " 363688.499489504", "", " ", " 6.10184001386576", " 0.514351658481484", " 1.30167279108982", " 4.64570209965099", "Infinity", " Infinity", " 0.971", " 0.956", " 1.070", " 1.038", " 0.986", "Infinity", " Infinity", " -0.04", " -0.06", " 0.10", " 0.05", " -0.02", "", " ", " ", " 0.521492976684459", " 0.281534450299996", " 0.91047699748085", " 0.998961696608399", "", " ", " ", " 1", " 1", " 1", " 1", "8.3", "", " ", " ", " ", " ", " 3.0", " ", " ", " ", " ", " ", " 7.1", " 5.6", " ", " 7.1", " ", " ", " ", " ", " ", " 7.2", " 8.3", " ", " 8.0", " ", " ", " 6.8", " ", " 6.8", " ", " ", " 6.4", " 6.4", " ", " 6.8"
"2689", "", "False", "", "C8 H18 O4 P2", "Full match", " No results", " No results", " No results", " No results", "2.58", "240.06865", "239.06138", "8.775", "406663.586252595", "0", "0", "0", "", "", "", "No matches found", " No matches found", " No matches found", " No matches found", " No matches found", "", "No matches found", "PreferredDDA", "", "[M-H]-1", "312594.670383061", " 351614.936576812", " ", " 375789.8460514", " ", " 394323.021660281", "12.1639546068781", " ", " ", " 3.05212732034861", " ", " 4.42586226396596", "1.125", " 1.202", " 0.000", " ", " 0.000", " 1.049", " 0.000", "0.17", " 0.27", " -Infinity", " ", " -Infinity", " 0.07", " -Infinity", "", " 0.247633356012549", " ", " ", " ", " 0.918594230041885", " ", "", " 1", " ", " ", " ", " 1", " ", "7.2", "5.1", " 6.6", " ", " ", " ", " ", " ", " 4.2", " ", " ", " ", " ", " ", " ", " ", " ", " ", " 6.8", " ", " ", " 5.3", " ", " ", " ", " ", " ", " ", " ", " ", " ", " 7.2", " ", " 5.7", " ", " "
"1457", "", "False", "", "C10 H4 N8 O3 P2", "Full match", " No results", " No results", " No results", " No results", "-1.18", "345.98775", "344.98047", "1.094", "399496.538585643", "0", "0", "0", "", "", "", "No matches found", " No matches found", " No matches found", " No matches found", " No matches found", "", "No matches found", "PreferredDDA", "", "[M-H]-1", "374681.553400167", " 343834.87978936", " 375904.625505966", " 346119.662180296", " ", " ", "", " 22.8939753936862", " ", " 20.7137976798962", " ", " ", "0.918", " 0.924", " 1.093", " 0.000", " 1.086", " 0.000", " ", "-0.12", " -0.11", " 0.13", " -Infinity", " 0.12", " -Infinity", " ", "", " ", " ", " ", " ", " ", " ", "", " ", " ", " ", " ", " ", " ", "6.3", "4.9", " ", " ", " ", " ", " ", " ", " 5.9", " 5.9", " ", " ", " ", " 5.7", " ", " ", " ", " 5.2", " 6.3", " ", " 4.8", " ", " ", " ", " ", " ", " ", " ", " ", " ", " ", " ", " ", " ", " ", " "
"2122", "", "False", "", "", "No results", " No results", " No results", " No results", " No results", "", "579.94099", "578.93372", "23.863", "393538.11746409", "0", "0", "0", "", "", "", "No matches found", " No matches found", " No matches found", " No matches found", " No matches found", "", "No matches found", "PreferredDDA", "", "[M-H]-1", "344105.205850229", " 383235.287209321", " 334707.903485929", " 333573.070500193", " 363572.095887371", " 352290.612786179", "8.9688073265885", " 3.80194694053981", " 11.838129054134", " 0.82695808342419", " 9.34141404483973", " 5.52996021830848", "1.114", " 0.969", " 0.873", " 1.086", " 1.003", " 1.056", " 1.032", "0.16", " -0.04", " -0.20", " 0.12", " 0.00", " 0.08", " 0.05", "0.779433596751036", " 0.986796401089686", " 0.150105327411466", " 0.533733020018356", " 0.97400381966837", " 0.934173541539336", " 1", "1", " 1", " 1", " 1", " 1", " 1", " 1", "7.8", "6.3", " ", " ", " 6.3", " 6.3", " 7.6", " ", " 6.4", " ", " ", " 6.2", " ", " 6.6", " 5.4", " ", " ", " 6.1", " ", " ", " ", " ", " 6.4", " ", " 5.9", " 7.4", " ", " 7.8", " ", " 6.3", " 6.3", " 7.1", " 5.6", " ", " 5.6", " 6.3"
"2426", "", "False", "", "C14 H33 Cl N6 P2", "Full match", " No results", " No results", " No results", " No results", "-0.49", "382.19286", "381.18558", "1.935", "388491.724063094", "0", "0", "0", "", "", "", "No matches found", " No matches found", " No matches found", " No matches found", " No matches found", "", "No matches found", "PreferredDDA", "", "[M-H]-1", "311934.434162227", " 325896.307311284", " ", " 358672.283218111", " ", " 388491.724063094", "", " 1.78827867989447", " ", " 3.75558457403357", " ", " ", "1.045", " 1.150", " 0.000", " ", " 0.000", " 1.083", " 0.000", "0.06", " 0.20", " -Infinity", " ", " -Infinity", " 0.12", " -Infinity", "", " ", " ", " ", " ", " ", " ", "", " ", " ", " ", " ", " ", " ", "6.1", "", " ", " ", " 1.5", " ", " ", " 6.1", " ", " ", " 6.1", " ", " ", " ", " ", " ", " ", " 5.3", " ", " ", " ", " 5.7", " ", " ", " ", " ", " ", " ", " ", " ", " ", " ", " ", " ", " 3.4", " "
"2208", "", "False", "", "", "No results", " No results", " No results", " No results", " No results", "", "670.57909", "669.57181", "18.977", "385167.931897688", "0", "0", "0", "", "", "", "No matches found", " No matches found", " No matches found", " No matches found", " No matches found", "", "No matches found", "PreferredDDA", "", "[M-H]-1", "332585.997436964", " ", " 310298.530181902", " 354892.576760994", " ", " 381156.245361091", "4.50873003389147", " ", " 23.7772476571673", " 15.5153836941861", " ", " ", "0.000", " 1.067", " Infinity", " 0.000", " 0.874", " 1.074", " 0.000", "-Infinity", " 0.09", " Infinity", " -Infinity", " -0.19", " 0.10", " -Infinity", "", " 0.999477305126134", " ", " ", " 0.90924893416443", " ", " ", "", " 1", " ", " ", " 1", " ", " ", "7.2", "7.2", " ", " ", " ", " 4.2", " ", " ", " ", " ", " ", " ", " 3.3", " 5.6", " ", " ", " ", " ", " 3.8", " ", " ", " 4.2", " 4.2", " ", " ", " ", " ", " ", " ", " ", " ", " ", " ", " ", " 2.3", " "
"2681", "", "False", "", "C9 H17 N6 O10 P3 S2", "Full match", " No results", " No results", " No results", " No results", "0.65", "525.96639", "524.95911", "23.877", "382032.686678863", "0", "0", "0", "", "", "", "No matches found", " No matches found", " No matches found", " No matches found", " No matches found", "", "No matches found", "PreferredDDA", "", "[M-H]-1", "273489.195176706", " 358124.218343298", " ", " ", " 278916.702227565", " 363357.328187065", "", " ", " ", " ", " ", " 7.26858747917749", "1.309", " 0.000", " 0.000", " Infinity", " ", " Infinity", " 0.768", "0.39", " -Infinity", " -Infinity", " Infinity", " ", " Infinity", " -0.38", "", " ", " ", " ", " ", " ", " ", "", " ", " ", " ", " ", " ", " ", "6.3", "", " ", " 3.4", " ", " ", " 2.7", " ", " ", " ", " ", " ", " ", " ", " ", " ", " ", " ", " ", " ", " ", " ", " ", " ", " ", " ", " ", " 3.4", " ", " 6.3", " ", " ", " 5.6", " ", " ", " "
"1175", "", "False", "", "C40 H10 N4 O16 P2", "Full match", " No results", " No results", " No results", " No results", "-0.38", "863.95637", "862.94910", "23.838", "367970.067385438", "0", "0", "0", "", "", "", "No matches found", " No matches found", " No matches found", " No matches found", " No matches found", "", "No matches found", "PreferredDDA", "", "[M-H]-1", "", " 357031.717345929", " 367970.067385438", " 295668.563028465", " 303173.235465245", " 306870.376000196", "", " ", " ", " ", " 4.12054192038135", " ", "Infinity", " Infinity", " 1.031", " 0.824", " 1.245", " 1.038", " 0.988", "Infinity", " Infinity", " 0.04", " -0.28", " 0.32", " 0.05", " -0.02", "", " ", " ", " ", " ", " ", " ", "", " ", " ", " ", " ", " ", " ", "8.0", "", " ", " ", " ", " ", " ", " ", " ", " 4.9", " ", " ", " 5.3", " ", " ", " ", " ", " ", " ", " 4.2", " ", " ", " ", " ", " 8.0", " 6.4", " ", " ", " ", " 5.7", " ", " ", " ", " ", " ", " "
"1430", "", "False", "", "C9 H6 N6 O13 P2", "Full match", " No results", " No results", " No results", " No results", "1.03", "467.94729", "466.94001", "23.837", "367662.910660256", "0", "0", "0", "", "", "", "No matches found", " No matches found", " No matches found", " No matches found", " No matches found", "", "No matches found", "PreferredDDA", "", "[M-H]-1", "", " ", " 355959.692867538", " 296178.4139329", " 343117.44065355", " 300402.018815789", "", " ", " 4.64964142218995", " ", " 1.58032279696905", " ", "", " Infinity", " Infinity", " 0.964", " 1.202", " 1.014", " 1.142", "", " Infinity", " Infinity", " -0.05", " 0.27", " 0.02", " 0.19", "", " ", " ", " 0.496113762328091", " ", " ", " ", "", " ", " ", " 1", " ", " ", " ", "8.7", "", " ", " ", " ", " ", " ", " ", " ", " ", " ", " ", " ", " 8.3", " ", " 8.3", " ", " ", " ", " 5.7", " ", " ", " ", " ", " 8.7", " 8.3", " ", " ", " 8.3", " ", " ", " ", " ", " 5.3", " ", " "
"2133", "", "False", "", "C38 H4 Cl N P2 S", "Full match", " No results", " No results", " No results", " No results", "-0.23", "602.92268", "601.91540", "0.982", "361443.758779247", "0", "0", "0", "", "", "", "No matches found", " No matches found", " No matches found", " No matches found", " No matches found", "", "No matches found", "PreferredDDA", "", "[M-H]-1", "", " 361443.758779247", " ", " 262115.437916161", " 287581.537873487", " 337212.169535525", "", " ", " ", " ", " ", " 4.04874987222651", "Infinity", " Infinity", " 0.000", " Infinity", " 0.000", " 1.287", " 0.853", "Infinity", " Infinity", " -Infinity", " Infinity", " -Infinity", " 0.36", " -0.23", "", " ", " ", " ", " ", " ", " ", "", " ", " ", " ", " ", " ", " ", "7.6", "", " ", " ", " ", " ", " ", " ", " 4.5", " ", " ", " ", " ", " ", " ", " ", " ", " 4.5", " ", " ", " ", " ", " ", " ", " ", " ", " ", " ", " 4.5", " ", " ", " ", " ", " ", " 7.6", " 7.6"
"2598", "", "False", "", "C9 H Cl N P S4", "Full match", " No results", " No results", " No results", " No results", "0.21", "316.84186", "315.83459", "1.009", "355462.226558456", "0", "0", "0", "", "", "", "No matches found", " No matches found", " No matches found", " No matches found", " No matches found", "", "No matches found", "PreferredDDA", "", "[M-H]-1", "", " ", " ", " 207585.32461043", " 231250.206831825", " 273505.543173011", "", " ", " ", " 6.82083271797254", " ", " 13.3645805507099", "", " Infinity", " ", " Infinity", " 0.000", " 1.318", " 0.846", "", " Infinity", " ", " Infinity", " -Infinity", " 0.40", " -0.24", "", " ", " ", " ", " ", " 0.0101031711796394", " ", "", " ", " ", " ", " ", " 0.207340766614926", " ", "7.1", "", " ", " ", " ", " ", " ", " ", " ", " ", " ", " ", " ", " ", " ", " ", " ", " ", " 6.7", " ", " ", " ", " 6.3", " 7.1", " ", " ", " ", " ", " 3.8", " 6.6", " 5.1", " 5.8", " 6.6", " 6.2", " 5.4", " 5.1"
"1189", "", "False", "", "C14 H11 N10 O18 P3", "Full match", " No results", " No results", " No results", " No results", "-1.37", "699.94561", "698.93833", "23.839", "350947.109031717", "0", "0", "0", "", "", "", "No matches found", " No matches found", " No matches found", " No matches found", " No matches found", "", "No matches found", "NoMSn", "", "[M-H]-1", "315826.309265554", " ", " 329630.14894471", " 281538.668943514", " 303773.728723439", " 268988.467245224", "10.0588428828066", " ", " 4.64576829397082", " ", " 4.36391793833964", " 11.9070550410724", "0.000", " 0.891", " Infinity", " 0.922", " 1.171", " 0.955", " 1.129", "-Infinity", " -0.17", " Infinity", " -0.12", " 0.23", " -0.07", " 0.18", "", " ", " ", " 0.595412682704456", " ", " ", " 0.250001126990214", "", " ", " ", " 1", " ", " ", " 1", "8.7", "5.8", " ", " 7.3", " ", " ", " ", " ", " ", " ", " ", " ", " 8.3", " ", " ", " 8.0", " 8.7", " ", " ", " ", " 4.5", " ", " ", " ", " 8.7", " ", " 8.3", " 8.3", " 8.0", " 6.2", " ", " ", " ", " ", " ", " 7.3"
"1243", "", "False", "", "C32 H13 N8 O13 P3", "Full match", " No results", " No results", " No results", " No results", "1.08", "809.98237", "808.97509", "23.840", "344167.521198627", "0", "0", "0", "", "", "", "No matches found", " No matches found", " No matches found", " No matches found", " No matches found", "", "No matches found", "PreferredDDA", "", "[M-H]-1", "284246.514396523", " 303823.770855945", " 300904.629415037", " 261705.966239809", " 260762.348597412", " 254144.020989759", "", " 9.19330201200425", " 18.0797230561172", " 6.73341657044075", " 3.91537759353402", " 10.0499305696798", "1.069", " 0.921", " 0.990", " 0.867", " 1.150", " 0.971", " 1.026", "0.10", " -0.12", " -0.01", " -0.21", " 0.20", " -0.04", " 0.04", "", " ", " 0.999996125426045", " 0.875640803278829", " 0.81724308322862", " 0.998968155142176", " 0.999814666634054", "", " ", " 1", " 1", " 1", " 1", " 1", "8.3", "", " ", " ", " 4.9", " ", " ", " ", " 5.9", " 7.8", " 7.4", " 5.3", " 6.8", " ", " ", " 6.8", " ", " ", " ", " ", " 5.9", " 7.8", " 5.6", " 7.4", " ", " ", " 8.3", " ", " 8.0", " 6.9", " ", " ", " 5.8", " ", " ", " "
"1301", "", "False", "", "C10 H9 N10 O16 P3", "Full match", " No results", " No results", " No results", " No results", "-0.33", "617.94088", "616.93360", "23.838", "339038.786046015", "0", "0", "0", "", "", "", "No matches found", " No matches found", " No matches found", " No matches found", " No matches found", "", "No matches found", "NoMSn", "", "[M-H]-1", "333382.60984734", " 290120.615397392", " 327085.35549889", " 275075.256364551", " 284639.84800116", " 272848.322957737", "", " ", " 5.16828507068004", " 3.89485300044037", " 12.7539976357581", " 6.55995131461912", "0.870", " 0.825", " 1.127", " 0.870", " 1.189", " 0.992", " 1.043", "-0.20", " -0.28", " 0.17", " -0.20", " 0.25", " -0.01", " 0.06", "", " ", " ", " 0.477275853876578", " 0.314519262358179", " 0.999963509200989", " 0.982407232772184", "", " ", " ", " 1", " 1", " 1", " 1", "8.3", "5.3", " ", " ", " ", " ", " ", " ", " ", " ", " 5.3", " ", " ", " ", " ", " 7.8", " 7.8", " ", " ", " 8.3", " 8.3", " ", " ", " ", " ", " 7.3", " 7.3", " ", " ", " 7.8", " 7.8", " ", " 7.4", " ", " ", " 8.2"
"2211", "", "False", "", "C14 H15 N9 O6", "Full match", " No results", " No results", " No results", " No results", "-2.01", "405.11371", "404.10644", "23.747", "326450.853958531", "0", "0", "0", "", "", "", "No matches found", " No matches found", " No matches found", " No matches found", " No matches found", "", "No matches found", "PreferredDDA", "", "[M-H]-1", "277336.262565107", " 277646.239595782", " 265077.351900763", " 268643.565653233", " 250076.710960418", " 259207.334730658", "3.06939583852369", " 5.3563505253965", " 10.3468194629416", " 4.91512182441848", " 5.21267533241984", " 3.80991556617496", "1.001", " 0.969", " 0.955", " 0.943", " 0.987", " 0.965", " 0.965", "0.00", " -0.05", " -0.07", " -0.08", " -0.02", " -0.05", " -0.05", "0.995130531651402", " 0.747862300610883", " 0.999961663381675", " 0.603193889161505", " 0.986729617707263", " 0.721988318092553", " 0.999885058157912", "1", " 1", " 1", " 1", " 1", " 1", " 1", "8.0", "6.8", " 6.8", " 6.1", " 5.3", " 6.4", " 6.3", " 4.8", " 5.6", " 4.8", " 7.1", " 6.2", " 6.9", " 5.8", " 6.2", " 5.8", " 5.1", " 6.4", " 7.6", " 8.0", " 7.6", " 7.2", " 8.0", " 7.2", " 4.4", " 6.3", " 6.3", " 6.7", " 7.1", " 8.0", " 7.6", " 7.2", " 6.4", " 6.8", " 7.2", " 6.8"
"1157", "", "False", "", "", "No results", " No results", " No results", " No results", " No results", "", "849.94031", "848.93303", "23.838", "315660.389954379", "0", "0", "0", "", "", "", "No matches found", " No matches found", " No matches found", " No matches found", " No matches found", "", "No matches found", "NoMSn", "", "[M-H]-1", "269462.703833605", " 296849.640208595", " 315660.389954379", " ", " 250007.689651846", " 238224.099246061", "10.6430791690539", " ", " ", " ", " 7.34833024038175", " ", "1.102", " 0.000", " 1.063", " 0.792", " Infinity", " Infinity", " 1.049", "0.14", " -Infinity", " 0.09", " -0.34", " Infinity", " Infinity", " 0.07", "", " ", " ", " ", " ", " ", " ", "", " ", " ", " ", " ", " ", " ", "7.4", "7.3", " ", " ", " ", " 6.9", " ", " ", " ", " 5.3", " ", " ", " 5.3", " ", " ", " ", " ", " ", " ", " ", " ", " ", " ", " ", " ", " 7.4", " ", " 7.1", " ", " ", " ", " ", " ", " 4.9", " ", " "
"1801", "", "False", "", "C10 H23 O18 P3", "Full match", " No results", " No results", " No results", " No results", "-0.86", "524.00927", "523.00199", "23.843", "313966.343625022", "0", "0", "0", "", "", "", "No matches found", " No matches found", " No matches found", " No matches found", " No matches found", "", "No matches found", "NoMSn", "", "[M-H]-1", "292789.550881142", " 267558.259973305", " 278874.825058083", " 280765.015830507", " 254535.693402074", " 256275.350309865", "7.83832542122472", " 7.85476071170012", " 9.13615510429281", " 7.53110138288198", " 9.26127928727671", " 4.47735570651484", "0.914", " 0.959", " 1.042", " 0.913", " 0.993", " 0.913", " 0.993", "-0.13", " -0.06", " 0.06", " -0.13", " -0.01", " -0.13", " -0.01", "0.96843757942623", " 0.910067607126701", " 0.997732422034471", " 0.858469240265472", " 0.98305866847295", " 0.97283043089175", " 0.999995264212772", "1", " 1", " 1", " 1", " 1", " 1", " 1", "9.1", "7.8", " 8.2", " ", " ", " ", " 7.4", " ", " 7.8", " ", " 6.7", " ", " ", " 7.8", " ", " 8.2", " 7.8", " 6.7", " 7.4", " ", " 7.8", " ", " 8.2", " 6.7", " ", " 6.7", " 8.2", " ", " 7.4", " ", " 8.7", " ", " ", " 8.3", " ", " 9.1"
"1288", "", "False", "", "", "No results", " No results", " No results", " No results", " No results", "", "877.97289", "876.96561", "23.840", "304409.819271102", "0", "0", "0", "", "", "", "No matches found", " No matches found", " No matches found", " No matches found", " No matches found", "", "No matches found", "NoMSn", "", "[M-H]-1", "245371.714749851", " ", " 261527.808798204", " 210749.639422033", " ", " 255440.0818322", "", " ", " 23.1884789121567", " ", " ", " 1.4274072030587", "0.000", " 0.859", " Infinity", " 0.000", " 1.241", " 1.212", " 0.000", "-Infinity", " -0.22", " Infinity", " -Infinity", " 0.31", " 0.28", " -Infinity", "", " ", " ", " ", " ", " ", " ", "", " ", " ", " ", " ", " ", " ", "8.7", "", " ", " ", " ", " 4.9", " ", " ", " ", " ", " ", " 6.3", " ", " ", " ", " ", " 6.3", " ", " ", " ", " ", " ", " 4.9", " ", " ", " ", " ", " ", " ", " 8.0", " 8.7", " ", " ", " ", " ", " "
"1566", "", "False", "", "C16 H22 N6 O8 P2 S2", "Full match", " No results", " No results", " No results", " No results", "-1.94", "552.04051", "551.03323", "1.089", "303337.936132612", "0", "0", "0", "", "", "", "No matches found", " No matches found", " No matches found", " No matches found", " No matches found", "", "No matches found", "PreferredDDA", "", "[M-H]-1", "246764.149680425", " 251748.918393532", " ", " 184309.558013324", " ", " 117358.794196084", "", " 28.9804178789224", " ", " ", " ", " ", "1.020", " 0.747", " 0.000", " ", " 0.000", " 0.637", " 0.000", "0.03", " -0.42", " -Infinity", " ", " -Infinity", " -0.65", " -Infinity", "", " ", " ", " ", " ", " ", " ", "", " ", " ", " ", " ", " ", " ", "5.9", "", " 5.3", " ", " ", " ", " ", " ", " 5.9", " ", " 4.0", " ", " ", " ", " ", " ", " ", " 5.3", " ", " ", " ", " ", " ", " ", " ", " ", " ", " ", " ", " ", " ", " ", " ", " 4.9", " ", " "
"2434", "", "False", "", "", "No results", " No results", " No results", " No results", " No results", "", "647.92950", "646.92223", "23.859", "298300.641370391", "0", "0", "0", "", "", "", "No matches found", " No matches found", " No matches found", " No matches found", " No matches found", "", "No matches found", "PreferredDDA", "", "[M-H]-1", "246780.269822518", " ", " 298300.641370391", " 250367.108439352", " 257001.043483837", " 225512.877350788", "", " ", " ", " 1.86196326426087", " 6.60636171013208", " 2.85220002903589", "0.000", " 1.015", " Infinity", " 0.862", " 1.191", " 0.901", " 1.140", "-Infinity", " 0.02", " Infinity", " -0.21", " 0.25", " -0.15", " 0.19", "", " ", " ", " ", " ", " 0.306473655673757", " 0.19854774967913", "", " ", " ", " ", " ", " 1", " 1", "8.0", "", " ", " ", " 2.3", " ", " ", " ", " ", " ", " ", " ", " 3.8", " ", " ", " ", " ", " ", " 7.6", " ", " 8.0", " ", " ", " ", " ", " ", " ", " 6.3", " 7.4", " ", " 6.8", " ", " 6.1", " ", " ", " "
"2198", "", "False", "", "C10 H5 Cl N8 O P2", "Full match", " No results", " No results", " No results", " No results", "-1.45", "349.97450", "348.96722", "1.099", "293538.264884938", "0", "0", "0", "", "", "", "No matches found", " No matches found", " No matches found", " No matches found", " No matches found", "", "No matches found", "PreferredDDA", "", "[M-H]-1", "201469.977984625", " ", " 207711.594743579", " 191788.198980722", " 236429.01035256", " 246100.446453852", "", " ", " ", " ", " ", " 27.2600912193856", "0.000", " 0.952", " Infinity", " 1.138", " 1.083", " 1.283", " 0.961", "-Infinity", " -0.07", " Infinity", " 0.19", " 0.12", " 0.36", " -0.06", "", " ", " ", " ", " ", " ", " ", "", " ", " ", " ", " ", " ", " ", "4.9", "", " 4.9", " ", " ", " ", " ", " ", " ", " ", " ", " ", " ", " 4.5", " ", " ", " ", " 4.9", " ", " ", " ", " ", " ", " ", " ", " ", " ", " ", " 4.5", " ", " ", " 4.4", " ", " ", " ", " 3.3"
"1565", "", "False", "", "C27 H16 N6 O14 P2 S", "Full match", " No results", " No results", " No results", " No results", "0.35", "741.99230", "740.98503", "23.841", "289587.175789583", "0", "0", "0", "", "", "", "No matches found", " No matches found", " No matches found", " No matches found", " No matches found", "", "No matches found", "PreferredDDA", "", "[M-H]-1", "237682.485650067", " 254927.4643353", " 248754.831268289", " 251148.299295679", " 250619.743663505", " 229331.269699745", "4.38637277275842", " 7.79403550434159", " 9.4916616520261", " 8.20908411894483", " 4.6296255172353", " 4.4489308058559", "1.073", " 1.057", " 0.976", " 1.007", " 0.990", " 0.913", " 1.093", "0.10", " 0.08", " -0.04", " 0.01", " -0.01", " -0.13", " 0.13", "0.999959194435923", " 0.945289932220509", " 0.986313292119182", " 0.998989706106171", " 0.99999999999911", " 0.207448646274833", " 0.130556679413108", "1", " 1", " 1", " 1", " 1", " 1", " 1", "8.7", "", " 8.7", " 8.0", " ", " 8.3", " 7.4", " ", " ", " 7.8", " 7.8", " 7.8", " 7.8", " 6.7", " 7.8", " ", " 7.8", " 7.8", " 7.8", " 8.2", " 5.6", " ", " 7.4", " 7.8", " 8.7", " 8.3", " 8.3", " 8.0", " 8.3", " 8.3", " 8.7", " ", " 8.3", " 8.3", " 8.0", " "
"1543", "", "False", "", "C21 H25 O17 P3 S", "Full match", " No results", " No results", " No results", " No results", "0.29", "674.00273", "672.99545", "23.842", "287823.779342633", "0", "0", "0", "", "", "", "No matches found", " No matches found", " No matches found", " No matches found", " No matches found", "", "No matches found", "NoMSn", "", "[M-H]-1", "222825.764105446", " ", " 224088.722941173", " 201000.08727003", " 216782.549546011", " 199100.431405627", "9.95270267091253", " ", " 15.2980079704694", " 8.60882196109774", " 2.13350672083963", " 16.7294332081403", "0.000", " 0.902", " Infinity", " 0.967", " 1.115", " 0.991", " 1.089", "-Infinity", " -0.15", " Infinity", " -0.05", " 0.16", " -0.01", " 0.12", "", " 0.775583268723665", " ", " 0.842705108483462", " 0.536554531832676", " 0.846424417289889", " 0.519383108911442", "", " 1", " ", " 1", " 1", " 1", " 1", "8.3", "7.8", " 7.4", " 7.4", " 7.4", " ", " ", " ", " ", " ", " ", " ", " 7.6", " ", " ", " 6.4", " 6.8", " ", " ", " 8.2", " 6.7", " ", " ", " 7.8", " 8.0", " ", " 8.3", " ", " 8.3", " 6.4", " ", " 6.1", " ", " 6.4", " 5.7", " "
"1592", "", "False", "", "C25 H15 N4 O17 P3 S", "Full match", " No results", " No results", " No results", " No results", "-1.16", "767.93568", "766.92841", "23.838", "282366.056575857", "0", "0", "0", "", "", "", "No matches found", " No matches found", " No matches found", " No matches found", " No matches found", "", "No matches found", "NoMSn", "", "[M-H]-1", "236248.100578299", " ", " 282366.056575857", " 226866.332885663", " 212302.981953427", " 185236.302056488", "", " ", " ", " 9.24949624092354", " 2.01842998762956", " ", "0.000", " 0.960", " Infinity", " 0.752", " 1.245", " 0.816", " 1.146", "-Infinity", " -0.06", " Infinity", " -0.41", " 0.32", " -0.29", " 0.20", "", " ", " ", " ", " ", " ", " ", "", " ", " ", " ", " ", " ", " ", "7.6", "", " ", " 5.3", " ", " ", " ", " ", " ", " ", " ", " ", " ", " ", " ", " 4.9", " ", " 7.4", " ", " 7.1", " 5.9", " 7.1", " ", " ", " ", " 6.1", " ", " ", " 7.6", " ", " ", " ", " ", " ", " 5.3", " "
"2224", "", "False", "", "", "No results", " No results", " No results", " No results", " No results", "", "811.93948", "810.93221", "23.849", "277265.618224994", "0", "0", "0", "", "", "", "No matches found", " No matches found", " No matches found", " No matches found", " No matches found", "", "No matches found", "PreferredDDA", "", "[M-H]-1", "220977.647250412", " 243551.620715435", " 201452.093689218", " 243343.906442061", " 277265.618224994", " ", "5.53479580973034", " 0.860464758916521", " ", " 2.75190013469952", " ", " ", "1.102", " 1.101", " 0.827", " 1.376", " 0.828", " 0.000", " Infinity", "0.14", " 0.14", " -0.27", " 0.46", " -0.27", " -Infinity", " Infinity", "0.0529421076898728", " 0.085067589690567", " ", " ", " ", " ", " ", "1", " 0.701019952079673", " ", " ", " ", " ", " ", "8.3", "", " ", " 4.4", " 5.2", " 5.9", " 8.3", " ", " 7.2", " ", " 6.1", " ", " 4.5", " ", " ", " ", " ", " ", " ", " ", " ", " 5.7", " 7.6", " ", " ", " ", " ", " 2.3", " ", " ", " ", " ", " ", " ", " ", " "
"2607", "", "False", "", "", "No results", " No results", " No results", " No results", " No results", "", "743.94792", "742.94064", "23.857", "271581.233692045", "0", "0", "0", "", "", "", "No matches found", " No matches found", " No matches found", " No matches found", " No matches found", "", "No matches found", "PreferredDDA", "", "[M-H]-1", "173382.968614955", " 230896.117778409", " 233346.260843786", " 184185.438771652", " ", " 155580.735960696", "", " 3.95246238757473", " 23.1726092217836", " 7.51230715909532", " ", " 2.88006619976917", "1.332", " 1.062", " 1.011", " 0.000", " 1.267", " 0.845", " 0.000", "0.41", " 0.09", " 0.02", " -Infinity", " 0.34", " -0.24", " -Infinity", "", " ", " 0.999999930683607", " ", " 0.480365232167527", " 0.688235230683083", " ", "", " ", " 1", " ", " 1", " 1", " ", "8.0", "4.9", " ", " ", " ", " ", " ", " ", " 7.2", " ", " 8.0", " ", " 3.3", " ", " ", " ", " 4.8", " ", " ", " 5.9", " ", " 7.8", " ", " ", " ", " ", " ", " ", " ", " ", " 7.6", " ", " ", " ", " 6.1", " "
"1547", "", "False", "", "", "No results", " No results", " No results", " No results", " No results", "", "931.94249", "930.93521", "23.839", "252973.300278518", "0", "0", "0", "", "", "", "No matches found", " No matches found", " No matches found", " No matches found", " No matches found", "", "No matches found", "NoMSn", "", "[M-H]-1", "", " 252973.300278518", " ", " 218248.41033394", " 204917.080904764", " 202561.458040139", "", " ", " ", " ", " ", " ", "Infinity", " Infinity", " 0.000", " Infinity", " 0.000", " 0.928", " 1.012", "Infinity", " Infinity", " -Infinity", " Infinity", " -Infinity", " -0.11", " 0.02", "", " ", " ", " ", " ", " ", " ", "", " ", " ", " ", " ", " ", " ", "4.9", "", " ", " ", " ", " ", " ", " ", " 4.9", " ", " ", " ", " ", " ", " ", " ", " ", " ", " 3.8", " ", " ", " ", " ", " ", " ", " 3.8", " ", " ", " ", " ", " ", " ", " ", " ", " ", " 4.9"
"2793", "", "False", "", "", "No results", " No results", " No results", " No results", " No results", "", "729.93341", "728.92613", "23.854", "252542.271907295", "0", "0", "0", "", "", "", "No matches found", " No matches found", " No matches found", " No matches found", " No matches found", "", "No matches found", "PreferredDDA", "", "[M-H]-1", "200457.118992597", " 231420.868877167", " 252542.271907295", " ", " 232454.67351161", " 209432.408167385", "", " ", " ", " ", " 1.75822085234448", " 22.2020100548978", "1.154", " 0.000", " 1.091", " 0.920", " Infinity", " Infinity", " 1.110", "0.21", " -Infinity", " 0.13", " -0.12", " Infinity", " Infinity", " 0.15", "", " ", " ", " ", " ", " ", " 0.88087721064826", "", " ", " ", " ", " ", " ", " 1", "7.6", "", " ", " ", " 3.0", " ", " ", " ", " ", " 1.9", " ", " ", " ", " ", " ", " ", " 4.9", " ", " ", " ", " ", " ", " ", " ", " ", " 7.6", " 5.7", " ", " ", " 4.0", " 4.8", " ", " ", " 2.5", " 3.7", " "
"2406", "", "False", "", "", "No results", " No results", " No results", " No results", " No results", "", "743.95098", "742.94370", "23.858", "250178.365957055", "0", "0", "0", "", "", "", "No matches found", " No matches found", " No matches found", " No matches found", " No matches found", "", "No matches found", "PreferredDDA", "", "[M-H]-1", "", " 202071.99139664", " 170700.452417231", " 182323.834516642", " 214259.966802823", " 216502.947257135", "", " ", " 39.7354234917899", " 7.17984773233363", " 34.7595321310852", " ", "Infinity", " Infinity", " 0.845", " 1.255", " 0.936", " 1.187", " 0.990", "Infinity", " Infinity", " -0.24", " 0.33", " -0.10", " 0.25", " -0.02", "", " ", " ", " 0.99275363915039", " 0.997263479735064", " ", " ", "", " ", " ", " 1", " 1", " ", " ", "7.1", "", " ", " ", " ", " ", " 4.9", " ", " ", " ", " ", " ", " ", " ", " 3.5", " 3.2", " ", " ", " 7.1", " ", " 5.2", " ", " ", " ", " 3.9", " 5.4", " ", " ", " 3.2", " ", " ", " ", " ", " ", " ", " 4.9"
"2298", "", "False", "", "", "No results", " No results", " No results", " No results", " No results", "", "879.92930", "878.92202", "23.850", "235380.003964725", "0", "0", "0", "", "", "", "No matches found", " No matches found", " No matches found", " No matches found", " No matches found", "", "No matches found", "PreferredDDA", "", "[M-H]-1", "194700.673809085", " 235380.003964725", " ", " 209257.856353626", " 167841.873408528", " 180556.767802149", "", " ", " ", " 8.09533076769369", " 3.33930774164664", " ", "1.209", " 1.075", " 0.000", " Infinity", " 0.000", " 0.863", " 0.930", "0.27", " 0.10", " -Infinity", " Infinity", " -Infinity", " -0.21", " -0.11", "", " ", " ", " ", " ", " ", " ", "", " ", " ", " ", " ", " ", " ", "7.6", "", " ", " ", " ", " 4.9", " 3.8", " ", " ", " ", " ", " ", " ", " ", " ", " ", " ", " ", " 7.4", " ", " 4.8", " ", " ", " ", " 7.6", " ", " 7.6", " ", " ", " ", " ", " ", " ", " ", " 1.9", " "
"2332", "", "False", "", "", "No results", " No results", " No results", " No results", " No results", "", "797.92259", "796.91531", "23.853", "234597.445670033", "0", "0", "0", "", "", "", "No matches found", " No matches found", " No matches found", " No matches found", " No matches found", "", "No matches found", "NoMSn", "", "[M-H]-1", "208017.518879575", " 214561.486246925", " 227334.752203125", " 139650.210448452", " 159684.643087441", " 234597.445670033", "2.98382233400645", " 10.4822107536146", " ", " 36.5907890506044", " ", " ", "1.031", " 0.671", " 1.060", " 0.702", " 1.628", " 1.680", " 0.681", "0.04", " -0.57", " 0.08", " -0.51", " 0.70", " 0.75", " -0.55", "0.999993666266233", " 0.310970071010343", " ", " ", " ", " ", " ", "1", " 1", " ", " ", " ", " ", " ", "8.0", "6.1", " 6.1", " ", " 8.0", " ", " 6.9", " ", " 5.1", " ", " ", " ", " 4.5", " ", " ", " ", " ", " ", " 4.3", " ", " ", " ", " ", " 4.3", " ", " ", " ", " 4.5", " ", " 3.8", " ", " ", " ", " ", " ", " "
"925", "", "False", "", "", "No results", " No results", " No results", " No results", " No results", "", "202.81249", "201.80521", "23.776", "228620.273097637", "0", "0", "0", "", "", "", "No matches found", " No matches found", " No matches found", " No matches found", " No matches found", "", "No matches found", "PreferredDDA", "", "[M-H]-1", "146503.881557791", " 132268.260462022", " 161821.86325412", " 190509.944403453", " 214256.445074338", " 226225.582266617", "15.4280404351555", " 7.50663969196984", " 12.7179616158587", " 12.3347482307273", " 15.5745237899787", " 11.3384505360852", "0.903", " 1.300", " 1.223", " 1.324", " 0.849", " 1.187", " 0.947", "-0.15", " 0.38", " 0.29", " 0.40", " -0.24", " 0.25", " -0.08", "0.976193070454145", " 0.635686132884826", " 0.32160889526656", " 0.700491999958603", " 0.999950001679219", " 0.602851773588326", " 0.995487306808889", "1", " 1", " 1", " 1", " 1", " 1", " 1", "7.8", "", " ", " 6.4", " ", " 6.4", " ", " 7.8", " ", " ", " 7.8", " 7.3", " 6.9", " ", " 6.9", " ", " ", " 7.3", " ", " 6.6", " ", " 5.8", " ", " ", " 6.1", " 6.8", " 6.4", " ", " 6.1", " ", " ", " 6.9", " 6.6", " ", " 7.3", " "
"2970", "", "False", "NP-014839", "C19 H22 O3", "No match", " Invalid mass", " No results", " No results", " No results", "15.26", "298.16144", "297.15417", "23.764", "211254.427074406", "0", "3", "0", "87.6", "9.4", "", "No matches found", " No matches found", " No matches found", " No matches found", " No matches found", "", "No matches found", "PreferredDDA", "", "[M-H]-1", "204274.030373004", " 210415.569905175", " ", " ", " ", " ", "3.54453090680919", " 0.563800096236581", " ", " ", " ", " ", "1.030", " 0.000", " 0.000", " ", " ", " ", " ", "0.04", " -Infinity", " -Infinity", " ", " ", " ", " ", "0.35962795818673", " ", " ", " ", " ", " ", " ", "1", " ", " ", " ", " ", " ", " ", "7.2", "6.8", " ", " ", " 7.2", " ", " 6.1", " ", " ", " 6.1", " ", " ", " ", " ", " ", " ", " ", " ", " ", " ", " ", " ", " ", " ", " ", " ", " ", " ", " ", " ", " ", " ", " ", " ", " ", " "
"1080", "", "False", "", "C49 H83 N4 O3 P3", "Full match", " No results", " No results", " No match", " No results", "-0.44", "868.56742", "867.56014", "23.770", "205297.777882087", "1", "0", "0", "", "", "", "No matches found", " No matches found", " No matches found", " No matches found", " No matches found", "", "No matches found", "PreferredDDA", "", "[M-H]-1", "", " 172046.28084692", " 160919.462009901", " ", " ", " ", "", " 21.0678757181159", " ", " ", " ", " ", "Infinity", " ", " 0.935", " 0.000", " Infinity", " ", " ", "Infinity", " ", " -0.10", " -Infinity", " Infinity", " ", " ", "", " ", " ", " ", " ", " ", " ", "", " ", " ", " ", " ", " ", " ", "6.7", "", " ", " ", " ", " ", " ", " 5.6", " ", " 6.7", " 3.7", " ", " 5.7", " ", " ", " ", " ", " ", " ", " ", " ", " ", " ", " ", " ", " ", " ", " ", " ", " ", " ", " ", " ", " ", " ", " "
"1835", "", "False", "", "C8 H19 N2 P S", "Full match", " No results", " No results", " No results", " No results", "-2.14", "206.10021", "205.09304", "23.775", "167882.260767901", "0", "0", "0", "", "", "", "No matches found", " No matches found", " No matches found", " No matches found", " No matches found", "", "No matches found", "PreferredDDA", "", "[M-H]-1", "128040.220153959", " 139564.376220781", " 122296.541480312", " 143598.047180036", " 138746.087612676", " 139503.358651766", "9.50898721762287", " 3.99011069344179", " 20.3222129630001", " 15.2919279314554", " 14.6765580611252", " 6.00568004867824", "1.090", " 1.122", " 0.876", " 1.135", " 0.852", " 0.971", " 0.995", "0.12", " 0.17", " -0.19", " 0.18", " -0.23", " -0.04", " -0.01", "0.946081007700233", " 0.974112011260172", " 0.997813984396185", " 0.988327005215756", " 0.999640655925477", " 0.999789445009982", " 0.999998664966849", "1", " 1", " 1", " 1", " 1", " 1", " 1", "8.7", "7.8", " ", " 8.2", " 7.4", " 8.2", " 8.0", " ", " 8.7", " 8.3", " ", " ", " 6.3", " ", " ", " 6.7", " 6.7", " 7.2", " ", " ", " 7.2", " 7.2", " ", " ", " 7.3", " ", " 7.3", " ", " 7.3", " 8.2", " 7.4", " 7.4", " ", " ", " 8.2", " 7.1"
"2527", "", "False", "", "", "No results", " No results", " No results", " No results", " No results", "", "213.92091", "212.91364", "23.778", "144669.268957948", "0", "0", "0", "", "", "", "No matches found", " No matches found", " No matches found", " No matches found", " No matches found", "", "No matches found", "PreferredDDA", "", "[M-H]-1", "117139.454040038", " 114611.728558", " 122074.668911995", " 103761.476439514", " 128024.505155631", " 132645.946021356", "", " 7.94940352553044", " 17.6454427404674", " 9.91796363629142", " ", " 8.31210188776759", "0.978", " 0.886", " 1.065", " 1.049", " 1.176", " 1.278", " 0.965", "-0.03", " -0.17", " 0.09", " 0.07", " 0.23", " 0.35", " -0.05", "", " ", " 0.992133450014748", " ", " 0.676435904770249", " 0.1832880247121", " ", "", " ", " 1", " ", " 1", " 1", " ", "8.2", "4.9", " ", " ", " ", " ", " ", " ", " 8.2", " ", " 7.4", " ", " 5.7", " 4.9", " ", " ", " ", " 7.4", " ", " ", " ", " 8.2", " ", " ", " ", " ", " 5.3", " ", " ", " ", " 7.8", " 7.8", " 7.8", " 7.8", " 7.4", " "
"2177", "", "False", "", "", "No results", " No results", " No results", " No results", " No results", "", "256.83095", "255.82367", "23.776", "142590.756527045", "0", "0", "0", "", "", "", "No matches found", " No matches found", " No matches found", " No matches found", " No matches found", "", "No matches found", "PreferredDDA", "", "[M-H]-1", "72770.6062331506", " 88794.7050590198", " 97089.5434673612", " 105023.830203832", " 115428.637393785", " 116136.507262118", "6.75255314363835", " 10.8710574248964", " 9.30433260531748", " 8.23513084790001", " 14.4873724021122", " 9.59461006707273", "1.220", " 1.443", " 1.093", " 1.189", " 0.924", " 1.106", " 0.994", "0.29", " 0.53", " 0.13", " 0.25", " -0.11", " 0.15", " -0.01", "0.42283863099556", " 0.00370295041926461", " 0.994205418351453", " 0.304678200412543", " 0.370271147471703", " 0.312152562022756", " 0.629828010857296", "1", " 0.0716440407205543", " 1", " 1", " 1", " 1", " 1", "8.6", "7.1", " ", " ", " ", " 7.4", " ", " ", " 6.2", " ", " 7.3", " 7.1", " 7.1", " 7.1", " 7.1", " ", " 7.8", " 7.8", " 7.4", " 7.8", " 8.2", " ", " 8.2", " 7.4", " ", " 6.2", " 6.9", " 6.2", " 7.3", " 8.6", " 7.1", " 7.8", " 7.8", " 7.4", " 8.2", " "
"2863", "", "False", "", "C5 H10 N O8 P S", "Full match", " No results", " No results", " No results", " No results", "1.42", "274.98686", "273.97959", "23.771", "122460.026285306", "0", "0", "0", "", "", "", "No matches found", " No matches found", " No matches found", " No matches found", " No matches found", "", "No matches found", "PreferredDDA", "", "[M-H]-1", "103688.910692394", " 83461.5006532223", " 122460.026285306", " 111973.858123602", " 103444.883754307", " ", "", " ", " ", " ", " 2.6587054266029", " ", "0.805", " 1.080", " 1.467", " 0.845", " 1.094", " 0.000", " Infinity", "-0.31", " 0.11", " 0.55", " -0.24", " 0.13", " -Infinity", " Infinity", "", " ", " ", " ", " ", " ", " ", "", " ", " ", " ", " ", " ", " ", "8.0", "", " ", " 5.3", " ", " ", " ", " ", " ", " 5.7", " ", " ", " ", " 4.2", " ", " ", " ", " ", " ", " ", " ", " ", " 5.3", " ", " ", " ", " 7.6", " ", " 8.0", " ", " ", " ", " ", " ", " ", " "
"3052", "", "False", "", "C18 H3 N5", "Full match", " No results", " No results", " No results", " No results", "0.22", "289.03891", "288.03163", "23.770", "105818.044546859", "0", "0", "0", "", "", "", "No matches found", " No matches found", " No matches found", " No matches found", " No matches found", "", "No matches found", "PreferredDDA", "", "[M-H]-1", "91647.7737362742", " 99466.8316939422", " ", " 105818.044546859", " ", " ", "", " 7.88569166323251", " ", " ", " ", " ", "1.085", " 1.155", " 0.000", " ", " 0.000", " 0.000", " ", "0.12", " 0.21", " -Infinity", " ", " -Infinity", " -Infinity", " ", "", " ", " ", " ", " ", " ", " ", "", " ", " ", " ", " ", " ", " ", "7.8", "", " ", " 6.1", " ", " ", " ", " ", " 7.8", " 7.1", " ", " ", " ", " ", " ", " ", " ", " ", " ", " ", " ", " 6.1", " ", " ", " ", " ", " ", " ", " ", " ", " ", " ", " ", " ", " ", " "
