"Compounds ID", "Tags", "Checked", "Name", "Formula", "Annot. Source: Predicted Compositions", "Annot. Source: mzCloud Search", "Annot. Source: mzVault Search", "Annot. Source: ChemSpider Search", "Annot. Source: MassList Search", "Annot. DeltaMass [ppm]", "Calc. MW", "m/z", "RT [min]", "Area (Max.)", "# ChemSpider Results", "# mzCloud Results", "# mzVault Results", "mzCloud Best Match", "mzCloud Best Match Confidence", "mzVault Best Match", "Class Coverage: Phosphatidylcholine Compound Class", "Mass List Match: LipidMaps Structure Database 2023-01-11", "Mass List Match: HMDB Serum metabolites (v5. 40600 cpds)", "MS2", "Neutral Losses", "Reference Ion", "Group Area: 16h-lps", "Group Area: 16h-lps-cla", "Group Area: 6h-cla-lps", "Group Area: 6h-lps", "Group Area: cla", "Group Area: ctrl", "Group CV [%]: 16h-lps", "Group CV [%]: 16h-lps-cla", "Group CV [%]: 6h-cla-lps", "Group CV [%]: 6h-lps", "Group CV [%]: cla", "Group CV [%]: ctrl", "Ratio: (16h-lps-cla) / (16h-lps)", "Ratio: (6h-lps) / (16h-lps)", "Ratio: (6h-cla-lps) / (16h-lps-cla)", "Ratio: (cla) / (6h-cla-lps)", "Ratio: (6h-cla-lps) / (6h-lps)", "Ratio: (ctrl) / (6h-lps)", "Ratio: (cla) / (ctrl)", "Log2 Fold Change: (16h-lps-cla) / (16h-lps)", "Log2 Fold Change: (6h-lps) / (16h-lps)", "Log2 Fold Change: (6h-cla-lps) / (16h-lps-cla)", "Log2 Fold Change: (cla) / (6h-cla-lps)", "Log2 Fold Change: (6h-cla-lps) / (6h-lps)", "Log2 Fold Change: (ctrl) / (6h-lps)", "Log2 Fold Change: (cla) / (ctrl)", "P-value: (16h-lps-cla) / (16h-lps)", "P-value: (6h-lps) / (16h-lps)", "P-value: (6h-cla-lps) / (16h-lps-cla)", "P-value: (cla) / (6h-cla-lps)", "P-value: (6h-cla-lps) / (6h-lps)", "P-value: (ctrl) / (6h-lps)", "P-value: (cla) / (ctrl)", "Adj. P-value: (16h-lps-cla) / (16h-lps)", "Adj. P-value: (6h-lps) / (16h-lps)", "Adj. P-value: (6h-cla-lps) / (16h-lps-cla)", "Adj. P-value: (cla) / (6h-cla-lps)", "Adj. P-value: (6h-cla-lps) / (6h-lps)", "Adj. P-value: (ctrl) / (6h-lps)", "Adj. P-value: (cla) / (ctrl)", "Peak Rating (Max.)", "Peak Rating: Plasma-27.raw (F27)", "Peak Rating: Plasma-28.raw (F28)", "Peak Rating: Plasma-29.raw (F29)", "Peak Rating: Plasma-30.raw (F30)", "Peak Rating: Plasma-31.raw (F31)", "Peak Rating: Plasma-32.raw (F32)", "Peak Rating: Plasma-33.raw (F33)", "Peak Rating: Plasma-34.raw (F34)", "Peak Rating: Plasma-35.raw (F35)", "Peak Rating: Plasma-36.raw (F36)", "Peak Rating: Plasma-21.raw (F21)", "Peak Rating: Plasma-22.raw (F22)", "Peak Rating: Plasma-23.raw (F23)", "Peak Rating: Plasma-24.raw (F24)", "Peak Rating: Plasma-25.raw (F25)", "Peak Rating: Plasma-26.raw (F26)", "Peak Rating: Plasma-14.raw (F14)", "Peak Rating: Plasma-15.raw (F15)", "Peak Rating: Plasma-16.raw (F16)", "Peak Rating: Plasma-17.raw (F17)", "Peak Rating: Plasma-18.raw (F18)", "Peak Rating: Plasma-19.raw (F19)", "Peak Rating: Plasma-20.raw (F20)", "Peak Rating: Plasma-8.raw (F8)", "Peak Rating: Plasma-9.raw (F9)", "Peak Rating: Plasma-10.raw (F10)", "Peak Rating: Plasma-12.raw (F12)", "Peak Rating: Plasma-1.raw (F1)", "Peak Rating: Plasma-2.raw (F2)", "Peak Rating: Plasma-3.raw (F3)", "Peak Rating: Plasma-4.raw (F4)", "Peak Rating: Plasma-5.raw (F5)", "Peak Rating: Plasma-6.raw (F6)", "Peak Rating: Plasma-7.raw (F7)", "Peak Rating: Plasma-11.raw (F11)"
"1417", "", "False", "cis-dihomoaconitic acid", "C8 H10 O6", "Not the top hit", " No results", " No results", " Full match", " No results", "2.09", "202.04816", "201.04088", "1.434", "574681.563029562", "1", "0", "0", "", "", "", "", "No matches found", " No matches found", "PreferredDDA", "", "[M-H]-1", "148280.112676107", " 139177.899583815", " 361709.254727689", " 277912.454410998", " 450233.699600524", " 359008.536977871", "47.5525410355824", " 81.1090963168268", " 34.0793799270403", " 19.5063706845797", " 31.3544706474657", " 54.5050134767419", "0.939", " 1.874", " 2.599", " 1.245", " 1.302", " 1.292", " 1.254", "-0.09", " 0.91", " 1.38", " 0.32", " 0.38", " 0.37", " 0.33", "0.999939714267516", " 0.276320180280783", " 0.139548766893744", " 0.999327544533308", " 0.97676139057132", " 0.999999991743049", " 0.917108891680593", "1", " 0.800305114739156", " 0.99999999999978", " 1", " 1", " 1", " 1", "6.0", "2.3", " 1.9", " 0.4", " ", " ", " 2.3", " 3.6", " ", " 2.9", " ", " 4.1", " 5.3", " 3.8", " 2.6", " 3.2", " 3.4", " 1.5", " 5.2", " 4.0", " 5.5", " 4.4", " 5.3", " 4.5", " 3.0", " 6.0", " 4.1", " 3.2", " 5.2", " 4.4", " 4.2", " 5.2", " 5.5", " ", " ", " 4.4"
"297", "", "False", "", "", "No results", " No results", " No results", " No results", " No results", "", "202.81216", "201.80488", "1.858", "13081609.7544269", "0", "0", "0", "", "", "", "", "No matches found", " No matches found", "PreferredDDA", "", "[M-H]-1", "194030.583274472", " 561555.264722193", " 310385.699371632", " 703398.077585197", " 853327.783596902", " 207885.795492943", "131.19970650128", " 148.189295485307", " 110.726245842543", " 104.16921121493", " 118.23306345096", " 178.012446243047", "2.894", " 3.625", " 0.553", " 2.749", " 0.441", " 0.296", " 4.105", "1.53", " 1.86", " -0.86", " 1.46", " -1.18", " -1.76", " 2.04", "0.999999999964016", " 0.999986793071364", " 0.999939704542292", " 0.995960214583208", " 0.99851261900592", " 0.999960716651741", " 1", "1", " 1", " 0.99999999999978", " 1", " 1", " 1", " 1", "5.2", "3.3", " ", " ", " 2.6", " 3.8", " 4.0", " ", " 3.0", " ", " 3.9", " 4.8", " 4.6", " 3.9", " ", " 4.9", " ", " 4.1", " 5.0", " 4.9", " 5.0", " ", " 5.2", " ", " 3.4", " ", " 5.0", " 3.7", " 4.5", " 5.2", " 3.8", " 4.5", " 5.0", " 2.8", " 3.2", " "
"1509", "", "False", "", "", "No results", " No results", " No results", " No results", " No results", "", "210.16473", "209.15745", "2.865", "728069.371529643", "0", "0", "0", "", "", "", "", "No matches found", " No matches found", "PreferredDDA", "", "[M-H]-1", "425951.519410282", " 636559.936788402", " 475382.551789455", " 551699.884772117", " 441064.407967803", " 415897.294630112", "39.9574465569681", " 33.7431019135475", " 18.5098965690655", " 17.4313188444951", " 12.1986796642747", " 19.6335689156993", "1.494", " 1.295", " 0.747", " 0.928", " 0.862", " 0.754", " 1.061", "0.58", " 0.37", " -0.42", " -0.11", " -0.21", " -0.41", " 0.08", "0.364492939457659", " 0.177093223245073", " 0.993785804080075", " 0.991976073289562", " 0.948860489247825", " 0.44397599545406", " 0.999976989528595", "1", " 0.553947602310587", " 0.99999999999978", " 1", " 1", " 1", " 1", "5.9", "4.1", " 3.0", " 2.0", " 4.1", " 4.1", " 3.2", " 3.8", " 3.8", " 4.5", " 4.7", " 4.8", " 5.9", " 5.5", " 4.8", " 4.8", " 5.2", " 4.4", " 5.9", " 5.2", " 5.0", " 5.0", " 4.4", " 5.2", " 5.7", " 5.7", " 5.7", " 4.9", " 4.8", " 3.3", " 4.4", " 4.8", " 4.8", " 4.0", " 4.4", " 4.8"
"697", "", "False", "", "", "Unused", " No results", " No results", " No results", " No results", "", "210.95879", "209.95152", "1.786", "637682.885283887", "0", "0", "0", "", "", "", "", "No matches found", " No matches found", "PreferredDDA", "", "[M-H]-1", "49048.2542461509", " 22443.6747595133", " 70294.2129011079", " 47916.0848922781", " 86194.17256944", " 28669.4086265843", "64.5530724635848", " 92.9405953047489", " 104.665611733898", " 123.818076113267", " 107.299183344177", " 210.289083665906", "0.458", " 0.977", " 3.132", " 1.226", " 1.467", " 0.598", " 3.006", "-1.13", " -0.03", " 1.65", " 0.29", " 0.55", " -0.74", " 1.59", "0.999990964629398", " 0.961541391532381", " 0.96017441849246", " 0.999992093316498", " 0.999952573070585", " 0.987475863847456", " 0.992262021539235", "1", " 1", " 0.99999999999978", " 1", " 1", " 1", " 1", "5.2", "3.4", " 1.1", " ", " 1.9", " 4.5", " 0.4", " ", " 0.4", " ", " 4.5", " ", " 4.2", " 4.0", " 2.7", " 4.9", " ", " 5.2", " 1.9", " ", " 4.5", " ", " 2.3", " ", " ", " ", " 5.2", " 0.4", " 2.7", " 0.4", " ", " 1.5", " ", " ", " 4.0", " "
"887", "", "False", "8-Chlorotheophylline", "C7 H7 Cl N4 O2", "No match", " No results", " No results", " No match", " Full match", "-2.13", "214.02530", "213.01802", "2.197", "1162087.53630322", "7", "0", "0", "", "", "", "", "No matches found", " Multiple matches found", "PreferredDDA", "", "[M-H]-1", "249964.961521176", " 367320.169764557", " 690845.213423064", " 552582.383930251", " 444289.80440571", " 371714.325129851", "45.3016110136227", " 67.2640943667086", " 31.2118531042732", " 31.8108233586467", " 31.9374330178419", " 53.6777456329055", "1.469", " 2.211", " 1.881", " 0.643", " 1.250", " 0.673", " 1.195", "0.56", " 1.14", " 0.91", " -0.64", " 0.32", " -0.57", " 0.26", "0.613791815841147", " 0.291775566770985", " 0.668145029752602", " 0.743871847559585", " 0.846286156640438", " 0.424429342616415", " 0.822015954953578", "1", " 0.822886269758842", " 0.99999999999978", " 1", " 1", " 1", " 1", "6.3", "1.1", " 3.6", " 1.9", " ", " 4.0", " 2.5", " 5.4", " 2.5", " 5.0", " 1.7", " 5.5", " 6.3", " 4.4", " 4.5", " 5.1", " 4.1", " 3.0", " 3.8", " 4.4", " 4.5", " 4.5", " 3.0", " 4.4", " 4.1", " 4.4", " 4.1", " 1.9", " 2.9", " 2.5", " 3.3", " 4.0", " 2.5", " 1.1", " 1.7", " 5.4"
"33", "", "False", "", "", "Unused", " No results", " No results", " No results", " No results", "", "214.97368", "213.96641", "2.110", "30826864.8620848", "0", "0", "0", "", "", "", "", "No matches found", " No matches found", "PreferredDDA", "", "[M-H]-1", "30131.9138761373", " 64295.9108665423", " 107507.181512609", " 37182.1663276779", " 56710.3948152937", " 73082.0061327669", "212.583930156835", " 56.4014217548809", " 176.993135274515", " 218.089634010234", " 163.60111260808", " 195.774160976331", "2.134", " 1.234", " 1.672", " 0.528", " 2.891", " 1.966", " 0.776", "1.09", " 0.30", " 0.74", " -0.92", " 1.53", " 0.97", " -0.37", "0.999999968018904", " 0.993127381283296", " 0.746633104365988", " 0.919086898207672", " 0.955323602998601", " 0.999999957360657", " 0.999910743616881", "1", " 1", " 0.99999999999978", " 1", " 1", " 1", " 1", "6.6", "", " 4.8", " ", " ", " ", " ", " 1.9", " 0.0", " 2.3", " 1.5", " 0.0", " 6.2", " 0.4", " 1.5", " 6.6", " ", " 5.8", " 0.8", " 5.2", " ", " ", " ", " ", " 0.4", " ", " 5.0", " 0.0", " 6.0", " 2.5", " ", " 3.3", " 1.1", " ", " ", " "
"718", "", "False", "", "", "Unused", " No results", " No results", " No results", " No results", "", "215.15459", "214.14732", "1.524", "1641715.90498339", "0", "0", "0", "", "", "", "", "No matches found", " No matches found", "PreferredDDA", "", "[M-H]-1", "562796.716500536", " 1252857.0317019", " 678273.138776302", " 872537.350717464", " 709305.15464696", " 704187.775360059", "56.8553854246568", " 49.5068807637529", " 41.007963583335", " 15.1322987614676", " 30.5829796332185", " 27.5846906424596", "2.226", " 1.550", " 0.541", " 1.046", " 0.777", " 0.807", " 1.007", "1.15", " 0.63", " -0.89", " 0.06", " -0.36", " -0.31", " 0.01", "0.278979422282264", " 0.370518511326789", " 0.81219296089312", " 0.99999366045952", " 0.921816304381229", " 0.971670776749122", " 0.998828324393942", "1", " 1", " 0.99999999999978", " 1", " 1", " 1", " 1", "7.1", "3.3", " 3.3", " 1.9", " 3.3", " 5.0", " 2.5", " 5.4", " 4.2", " 5.4", " 4.1", " 4.4", " 4.6", " 4.8", " 5.4", " 5.4", " 4.8", " 6.1", " 4.4", " 6.1", " 5.0", " 6.1", " 5.4", " 5.8", " 5.5", " 5.1", " 4.4", " 3.4", " 5.6", " 7.1", " 3.9", " 4.9", " 5.3", " 2.6", " 4.5", " 5.8"
"754", "", "False", "", "", "Unused", " No results", " No results", " No results", " No results", "", "215.95422", "214.94694", "1.292", "641629.439522441", "0", "0", "0", "", "", "", "", "No matches found", " No matches found", "PreferredDDA", "", "[M-H]-1", "24265.076533476", " 19731.6744579872", " 14651.4388647249", " 16406.3820450017", " 14458.8024583727", " 20403.3757343528", "153.748651518252", " 24.7717484345391", " 144.071128956393", " 225.490301415939", " 144.996847443349", " 99.7838690969266", "0.813", " 0.676", " 0.743", " 0.987", " 0.893", " 1.244", " 0.709", "-0.30", " -0.56", " -0.43", " -0.02", " -0.16", " 0.31", " -0.50", "0.99233228159856", " 0.999999851036144", " 0.770355050778958", " 0.956940329530991", " 0.95325795772288", " 0.999973386372413", " 0.999831664106087", "1", " 1", " 0.99999999999978", " 1", " 1", " 1", " 1", "5.9", "", " 5.3", " ", " ", " ", " ", " ", " ", " ", " ", " ", " 5.9", " ", " ", " 5.5", " ", " 5.9", " ", " 3.4", " ", " ", " ", " ", " ", " ", " 3.8", " 1.9", " 3.4", " 2.7", " ", " ", " ", " ", " ", " "
"1025", "", "False", "cis-trihomoaconitic acid", "C9 H12 O6", "Full match", " No results", " No results", " Full match", " No results", "1.07", "216.06362", "215.05634", "1.396", "874213.773228789", "1", "0", "0", "", "", "", "", "No matches found", " No matches found", "PreferredDDA", "", "[M-H]-1", "379021.460149426", " 242249.322237007", " 373194.25515622", " 372482.300845814", " 200301.373134136", " 162973.420219899", "52.1237623778272", " 80.7376770917297", " 31.3370160877359", " 50.9518471185748", " 27.7603260520134", " 42.5110950992475", "0.639", " 0.983", " 1.541", " 0.537", " 1.002", " 0.438", " 1.229", "-0.65", " -0.03", " 0.62", " -0.90", " 0.00", " -1.19", " 0.30", "0.89607028172864", " 0.963565198478698", " 0.728380466374102", " 0.558666716440948", " 0.994638704846565", " 0.0726567268025095", " 0.999961500956606", "1", " 1", " 0.99999999999978", " 1", " 1", " 0.5260885218478", " 1", "5.9", "1.9", " 5.9", " 1.1", " 2.1", " 1.7", " 1.1", " 5.8", " 2.7", " 4.8", " ", " 4.1", " 4.5", " 4.1", " 3.8", " 2.0", " 2.6", " 3.3", " 2.3", " 3.6", " 2.5", " 3.9", " 2.5", " 5.0", " 3.3", " 2.1", " 1.0", " 1.8", " 1.9", " 1.7", " 0.8", " 2.9", " 1.1", " ", " ", " 0.4"
"788", "", "False", "", "", "Unused", " No results", " No results", " No results", " No results", "", "216.08323", "215.07595", "1.366", "616924.953169061", "0", "0", "0", "", "", "", "", "No matches found", " No matches found", "PreferredDDA", "", "[M-H]-1", "45956.4826351112", " 97252.1926389276", " 18735.0988413498", " 39659.6081167218", " 10006.0636785026", " 17431.4580360681", "107.428557820652", " 138.185705801799", " 124.820853069104", " 148.260599295979", " 15.9430002162368", " 107.615202083853", "2.116", " 0.863", " 0.193", " 0.534", " 0.472", " 0.440", " 0.574", "1.08", " -0.21", " -2.38", " -0.90", " -1.08", " -1.19", " -0.80", "0.992493046444205", " 0.999999760132624", " 0.876913173499213", " 0.697949689925196", " 0.988031732137601", " 0.835243293158227", " 0.882880932014406", "1", " 1", " 0.99999999999978", " 1", " 1", " 1", " 1", "5.5", "", " 4.5", " ", " 4.9", " 4.2", " ", " 5.2", " 3.4", " 2.7", " ", " 4.2", " 4.5", " ", " ", " ", " ", " ", " ", " 5.3", " 2.3", " 5.5", " ", " 4.2", " ", " ", " ", " ", " ", " ", " ", " 0.8", " ", " ", " ", " "
"569", "", "False", "1-Chlorodibenzo-p-dioxin", "C12 H7 Cl O2", "No match", " No results", " No results", " Partial match", " Full match", "-4.85", "218.01240", "217.00512", "2.026", "34773341.3506612", "2", "0", "0", "", "", "", "", "No matches found", " Single match found", "PreferredDDA", "", "[M-H]-1", "4155147.86681077", " 6689810.9172091", " 6962521.88575092", " 5939353.62530091", " 9071815.03283253", " 16109877.1783158", "28.2047561864296", " 79.499207356848", " 64.3227124432498", " 94.3248403766975", " 95.0890561785892", " 54.5918879615192", "1.610", " 1.429", " 1.041", " 1.303", " 1.172", " 2.712", " 0.563", "0.69", " 0.52", " 0.06", " 0.38", " 0.23", " 1.44", " -0.83", "0.998001164720952", " 0.598793739144853", " 0.989164078146051", " 0.991127913417147", " 0.993883913523786", " 0.999999999364841", " 0.865502957885911", "1", " 1", " 0.99999999999978", " 1", " 1", " 1", " 1", "3.6", "2.1", " 2.4", " 2.1", " 2.4", " 2.3", " 1.4", " 1.3", " 1.8", " ", " 3.6", " ", " 1.7", " 1.3", " 1.4", " 1.7", " ", " 1.3", " ", " 1.4", " 3.2", " 3.2", " 1.4", " 1.1", " ", " 1.8", " ", " 2.3", " ", " ", " 1.2", " 1.3", " ", " ", " 1.7", " "
"390", "", "False", "1-Chlorodibenzo-p-dioxin", "C12 H7 Cl O2", "No match", " No results", " No results", " Partial match", " Full match", "-4.84", "218.01240", "217.00512", "1.538", "24642495.6268964", "2", "0", "0", "", "", "", "", "No matches found", " Single match found", "PreferredDDA", "", "[M-H]-1", "3227222.44633548", " 3804008.26331984", " 4768174.45343605", " 4014297.87500412", " 3490455.7934537", " 3498212.73429485", "23.8500913210516", " 44.4103254983621", " 86.6555024425263", " 64.2433335729024", " 94.3488842702167", " 142.780476279194", "1.179", " 1.244", " 1.253", " 0.732", " 1.188", " 0.871", " 0.998", "0.24", " 0.31", " 0.33", " -0.45", " 0.25", " -0.20", " 0.00", "0.941646613728646", " 0.981092127942415", " 0.999938839439362", " 0.818087186186118", " 0.994618252215933", " 0.944536196992583", " 0.999999849636607", "1", " 1", " 0.99999999999978", " 1", " 1", " 1", " 1", "5.5", "3.2", " 4.7", " 2.4", " 5.5", " 4.7", " 2.2", " 3.0", " 3.7", " 1.7", " 1.3", " 3.6", " 3.3", " 3.3", " 2.0", " 2.4", " 2.6", " 4.1", " 2.4", " 2.2", " 2.4", " 2.6", " 4.8", " 3.0", " 3.3", " 3.6", " 3.6", " 3.3", " 2.5", " 1.7", " 1.4", " ", " 3.9", " ", " 4.1", " "
"613", "", "False", "1-Chlorodibenzo-p-dioxin", "C12 H7 Cl O2", "No match", " No results", " No results", " Partial match", " Full match", "-3.77", "218.01264", "217.00536", "1.073", "5737537.74029231", "2", "0", "0", "", "", "", "", "No matches found", " Single match found", "PreferredDDA", "", "[M-H]-1", "1632456.39305015", " 2474101.40898209", " 3092458.53853868", " 2216502.89224921", " 2937019.66098623", " 2328348.45468039", "23.9771496202153", " 35.3639211492234", " 39.4265348265572", " 17.7773011980489", " 49.6292628290632", " 53.0666355455697", "1.516", " 1.358", " 1.250", " 0.950", " 1.395", " 1.050", " 1.261", "0.60", " 0.44", " 0.32", " -0.07", " 0.48", " 0.07", " 0.34", "0.949261739769115", " 0.72224953208354", " 0.533152872786977", " 1", " 0.737404320202409", " 0.989234730624034", " 0.975613959985833", "1", " 1", " 0.99999999999978", " 1", " 1", " 1", " 1", "4.0", "1.7", " 1.8", " 3.6", " 2.2", " 2.6", " 1.6", " 2.3", " 4.0", " 2.3", " 1.6", " 1.8", " 2.3", " 2.3", " 2.3", " ", " 1.9", " 3.7", " 3.3", " 3.0", " ", " 3.0", " ", " ", " 1.4", " 1.1", " 1.7", " 2.6", " 1.7", " 3.9", " 1.8", " 2.2", " 1.1", " ", " 1.4", " 1.4"
"67", "", "False", "", "", "No results", " No results", " No results", " No results", " No results", "", "220.85423", "219.84755", "1.635", "10679601.6397439", "0", "0", "0", "", "", "", "", "No matches found", " No matches found", "PreferredDDA", "", "[M-H]-1", "155302.224459721", " 78394.9860639318", " 90740.1284462215", " 121452.724795257", " 225142.167668659", " 177455.923427717", "95.1695289881196", " 148.359313515154", " 199.926781760443", " 150.279879585824", " 143.093375633752", " 174.104374503652", "0.505", " 0.782", " 1.157", " 2.481", " 0.747", " 1.461", " 1.269", "-0.99", " -0.35", " 0.21", " 1.31", " -0.42", " 0.55", " 0.34", "0.998716702747992", " 0.997188597559244", " 0.999999999974074", " 0.91472963509107", " 0.939945178502639", " 0.985954890122073", " 0.999450556046953", "1", " 1", " 0.99999999999978", " 1", " 1", " 1", " 1", "5.6", "3.6", " ", " 0.4", " ", " ", " ", " ", " ", " ", " ", " ", " ", " 5.2", " ", " ", " ", " 5.2", " ", " ", " ", " ", " 5.2", " ", " ", " ", " 5.6", " ", " ", " ", " ", " ", " ", " 4.3", " 3.9", " "
"77", "", "False", "", "", "No results", " No results", " No results", " No results", " No results", "", "220.86469", "219.85741", "1.865", "28366417.1020758", "0", "0", "0", "", "", "", "", "No matches found", " No matches found", "PreferredDDA", "", "[M-H]-1", "152302.829207806", " 369382.466301313", " 229750.872821179", " 439021.398063905", " 606463.942798791", " 214580.161409692", "131.547912410142", " 165.365439226088", " 103.433434769718", " 103.732304443898", " 124.236453218733", " 199.128822366761", "2.425", " 2.883", " 0.622", " 2.640", " 0.523", " 0.489", " 2.826", "1.28", " 1.53", " -0.69", " 1.40", " -0.93", " -1.03", " 1.50", "0.998041277432056", " 0.999999321511973", " 0.999999772373008", " 0.988506266542887", " 0.996901507108711", " 0.988609022085804", " 0.999668050132405", "1", " 1", " 0.99999999999978", " 1", " 1", " 1", " 1", "6.2", "6.0", " 0.8", " ", " 5.5", " 3.4", " 4.4", " 0.8", " 6.0", " 0.0", " 5.2", " 3.6", " 5.2", " 5.0", " 2.7", " 4.2", " 0.4", " 5.0", " 4.4", " 3.8", " 5.2", " 1.1", " 5.0", " 1.1", " 3.4", " 0.8", " 6.1", " 5.6", " 1.9", " 4.4", " 4.2", " 2.3", " 4.4", " 4.7", " 6.2", " 2.7"
"39", "", "False", "triafungin", "C13 H10 N4", "Not the top hit", " No results", " No results", " Full match", " No results", "3.39", "222.09130", "221.08402", "2.546", "22330033.2321995", "1", "0", "0", "", "", "", "", "No matches found", " No matches found", "PreferredDDA", "", "[M-H]-1", "2678384.68010918", " 631299.103220253", " 67272.3445442417", " 542870.607798461", " 552593.647205211", " 1943650.37371672", "111.087158592495", " 174.997064870102", " 41.021651580025", " 220.958721592992", " 156.741983222389", " 128.603618167614", "0.236", " 0.203", " 0.107", " 8.214", " 0.124", " 3.580", " 0.284", "-2.08", " -2.30", " -3.23", " 3.04", " -3.01", " 1.84", " -1.81", "0.851465297051807", " 0.898609998605535", " 0.33153115880768", " 0.331867873182317", " 0.166480629547395", " 0.840053321460457", " 0.890208645843963", "1", " 1", " 0.99999999999978", " 1", " 1", " 1", " 1", "6.6", "4.8", " 6.6", " 3.3", " 2.3", " 6.2", " 0.0", " 6.6", " 5.0", " 1.5", " 4.0", " ", " 1.1", " 0.0", " 0.0", " 1.5", " 0.4", " 1.5", " 3.6", " 6.6", " 5.6", " 3.6", " 2.3", " 2.3", " 5.0", " 2.3", " 1.1", " 6.2", " 1.1", " 6.6", " 6.0", " 6.6", " 5.0", " 4.6", " 4.2", " 5.6"
"98", "", "False", "2-(Methylsulfonyl)-3-(pyrazin-2-ylamino)acrylonitrile", "C8 H8 N4 O2 S", "No results", " Full match", " No results", " No results", " No results", "3.90", "224.03767", "223.03039", "14.269", "6540751.3380392", "0", "1", "0", "95.7", "9.8", "", "", "No matches found", " No matches found", "PreferredDDA", "", "[M-H]-1", "3280456.59448837", " 4001174.44374294", " 2620267.42165261", " 3408030.70750846", " 3174162.82086679", " 2912148.91339612", "67.3872264378718", " 55.0826616782403", " 49.7217273444631", " 44.4285115084006", " 45.7930168391418", " 56.2892761301135", "1.220", " 1.039", " 0.655", " 1.211", " 0.769", " 0.854", " 1.090", "0.29", " 0.06", " -0.61", " 0.28", " -0.38", " -0.23", " 0.12", "0.995216589741061", " 0.991946626896373", " 0.928961200954161", " 0.967825832770628", " 0.893784334255848", " 0.996853467117426", " 0.999806123464955", "1", " 1", " 0.99999999999978", " 1", " 1", " 1", " 1", "6.6", "6.0", " 6.4", " 6.6", " 4.6", " 4.2", " 4.6", " 5.2", " 6.0", " 6.0", " 5.8", " 4.6", " 4.5", " 4.8", " 6.4", " 5.6", " 4.2", " 6.4", " 5.5", " 5.0", " 5.2", " 5.6", " 6.4", " 4.8", " 3.9", " 6.4", " 6.6", " 4.8", " 5.8", " 5.6", " 6.2", " 5.2", " 5.6", " 5.6", " 6.0", " 4.6"
"124", "", "False", "2-(Methylsulfonyl)-3-(pyrazin-2-ylamino)acrylonitrile", "C8 H8 N4 O2 S", "No match", " Full match", " No results", " No results", " No results", "3.92", "224.03768", "223.03040", "10.719", "7245805.94103524", "0", "1", "0", "95.3", "9.8", "", "", "No matches found", " No matches found", "PreferredDDA", "", "[M-H]-1", "4431581.39548007", " 5137529.56890483", " 3868431.52215456", " 5424834.29887512", " 4515935.52891753", " 4547951.5862324", "36.5462320387067", " 33.8259360170706", " 22.8671032200497", " 28.9235755707885", " 32.9462768873897", " 33.2546450827754", "1.159", " 1.224", " 0.753", " 1.167", " 0.713", " 0.838", " 0.993", "0.21", " 0.29", " -0.41", " 0.22", " -0.49", " -0.25", " -0.01", "0.999921920223855", " 0.89075050515841", " 0.999039344604494", " 0.999999973873145", " 0.797729764233481", " 0.833376589072796", " 0.999998801240131", "1", " 1", " 0.99999999999978", " 1", " 1", " 1", " 1", "7.2", "5.7", " 6.7", " 6.3", " 5.0", " 4.2", " 5.0", " 6.3", " 6.3", " 5.7", " 5.2", " 4.7", " 4.7", " 6.8", " 6.8", " 5.5", " 4.0", " 6.8", " 7.2", " 3.2", " 6.5", " 7.2", " 6.5", " 4.3", " 5.4", " 5.7", " 6.3", " 6.5", " 4.2", " 5.4", " 6.7", " 5.7", " 6.3", " 6.0", " 6.0", " 5.7"
"71", "", "False", "2-(Methylsulfonyl)-3-(pyrazin-2-ylamino)acrylonitrile", "C8 H8 N4 O2 S", "No results", " Full match", " No results", " No results", " No results", "3.97", "224.03769", "223.03041", "15.063", "9032908.3164209", "0", "1", "0", "95.0", "9.7", "", "", "No matches found", " No matches found", "PreferredDDA", "", "[M-H]-1", "2707066.79033171", " 3772318.33398633", " 1801081.98441838", " 2556014.10489026", " 2566897.40362793", " 2438920.61064094", "67.2019813696645", " 81.0492227149028", " 51.5659825120015", " 56.2248294264253", " 55.8551407327759", " 56.6047794850298", "1.394", " 0.944", " 0.477", " 1.425", " 0.705", " 0.954", " 1.052", "0.48", " -0.08", " -1.07", " 0.51", " -0.51", " -0.07", " 0.07", "0.984280504517038", " 0.999670191006704", " 0.756553832105388", " 0.963398480413364", " 0.907857553886918", " 0.999919455766109", " 0.999996887978226", "1", " 1", " 0.99999999999978", " 1", " 1", " 1", " 1", "6.2", "5.2", " 6.0", " 5.8", " 5.4", " 4.2", " 2.7", " 5.6", " 5.6", " 5.6", " 5.1", " 3.5", " 3.5", " 6.0", " 5.6", " 5.2", " 5.8", " 6.0", " 5.5", " 3.9", " 5.6", " 3.7", " 5.6", " 6.1", " 3.5", " 4.8", " 5.2", " 5.2", " 5.4", " 5.2", " 6.2", " 6.0", " 6.0", " 5.6", " 4.5", " 5.8"
"361", "", "False", "2-(Methylsulfonyl)-3-(pyrazin-2-ylamino)acrylonitrile", "C8 H8 N4 O2 S", "Full match", " Full match", " No results", " No results", " No results", "4.06", "224.03771", "223.03043", "13.311", "2407425.58198836", "0", "1", "0", "94.7", "9.7", "", "", "No matches found", " No matches found", "PreferredDDA", "", "[M-H]-1", "1184058.95308913", " 1418470.186247", " 1083160.21244281", " 1448403.71689122", " 1137903.46043411", " 1075216.35059702", "58.4869038149554", " 40.6672043617712", " 29.48354042218", " 39.3866177484542", " 48.904088023655", " 42.2415199990245", "1.198", " 1.223", " 0.764", " 1.051", " 0.748", " 0.742", " 1.058", "0.26", " 0.29", " -0.39", " 0.07", " -0.42", " -0.43", " 0.08", "0.999999248020592", " 0.999999778054747", " 0.997716379393964", " 0.999956595270409", " 0.99740827976564", " 0.998894961417551", " 0.999996897144086", "1", " 1", " 0.99999999999978", " 1", " 1", " 1", " 1", "6.0", "3.1", " 4.2", " 6.0", " 2.3", " 1.4", " 2.5", " 4.5", " 3.9", " 3.9", " 3.1", " 3.0", " 2.2", " 3.7", " 4.5", " 5.3", " 2.8", " 5.1", " 5.4", " 1.9", " 4.7", " 3.2", " 4.0", " 1.7", " 5.2", " 3.9", " 5.2", " 4.2", " 1.2", " 2.7", " 4.8", " 2.7", " 3.5", " 3.1", " 3.9", " 2.1"
"198", "", "False", "2-(Methylsulfonyl)-3-(pyrazin-2-ylamino)acrylonitrile", "C8 H8 N4 O2 S", "No results", " Full match", " No results", " No results", " No results", "4.50", "224.03780", "223.03053", "8.949", "4432943.48812293", "0", "1", "0", "95.4", "9.8", "", "", "No matches found", " No matches found", "PreferredDDA", "", "[M-H]-1", "3391069.92513179", " 3893699.57358145", " 3210706.31058891", " 3707157.75895534", " 3093112.55789743", " 3187600.83849895", "25.9112688323694", " 27.0387974489263", " 18.9665555446497", " 21.5019908261938", " 23.6741506817076", " 28.5809778488289", "1.148", " 1.093", " 0.825", " 0.963", " 0.866", " 0.860", " 0.970", "0.20", " 0.13", " -0.28", " -0.05", " -0.21", " -0.22", " -0.04", "0.998461433930746", " 0.980602343187888", " 0.99520201988053", " 1", " 0.958288805425925", " 0.983010420998525", " 0.999966015192039", "1", " 1", " 0.99999999999978", " 1", " 1", " 1", " 1", "7.9", "7.4", " 7.4", " 7.4", " 7.0", " 6.6", " 6.6", " 6.6", " 7.4", " 6.6", " 7.0", " 7.1", " 7.1", " 6.7", " 7.5", " 7.9", " 6.4", " 7.0", " 7.4", " 5.9", " 7.0", " 6.6", " 7.4", " 6.2", " 6.6", " 6.2", " 7.4", " 6.6", " 7.0", " 7.0", " 6.6", " 7.4", " 7.0", " 7.4", " 5.9", " 6.6"
"172", "", "False", "2-(Methylsulfonyl)-3-(pyrazin-2-ylamino)acrylonitrile", "C8 H8 N4 O2 S", "No results", " Invalid mass", " No results", " No results", " No results", "5.56", "224.03804", "223.03077", "2.991", "7928255.04190013", "0", "1", "0", "95.6", "9.8", "", "", "No matches found", " No matches found", "PreferredDDA", "", "[M-H]-1", "6341136.97674352", " 5953614.69987282", " 5650041.27785466", " 6777889.23606389", " 5613595.08423805", " 6413464.94869464", "8.29546656324755", " 11.9206480235637", " 31.6490890463829", " 7.38410606142457", " 11.7469853705652", " 11.4455297096416", "0.939", " 1.069", " 0.949", " 0.994", " 0.834", " 0.946", " 0.875", "-0.09", " 0.10", " -0.08", " -0.01", " -0.26", " -0.08", " -0.19", "0.998914782105747", " 0.988549430839098", " 0.493852897573441", " 0.745044352474274", " 0.0536006184847031", " 0.997467926802633", " 0.938087448213939", "1", " 1", " 0.99999999999978", " 1", " 1", " 1", " 1", "8.7", "7.6", " 8.7", " 8.0", " 8.7", " 8.0", " 8.2", " 7.5", " 8.2", " 7.1", " 8.2", " 5.6", " 5.7", " 6.0", " 5.7", " 6.3", " 5.6", " 8.4", " 7.6", " 8.0", " 8.7", " 7.6", " 8.7", " 8.7", " 7.5", " 8.2", " 7.5", " 8.2", " 6.7", " 8.6", " 7.5", " 7.9", " 8.6", " 8.2", " 7.5", " 8.2"
"149", "", "False", "", "", "No results", " No results", " No results", " No results", " No results", "", "224.17983", "223.17255", "7.496", "7255461.86534221", "0", "0", "0", "", "", "", "", "No matches found", " No matches found", "PreferredDDA", "", "[M-H]-1", "3053050.46399355", " 4645286.10868342", " 2374684.43512035", " 4287427.42238161", " 416166.56129242", " 466704.172404439", "83.557472372382", " 23.6111480355693", " 47.3228639057571", " 40.4487440527063", " 34.7073598680207", " 39.1064402101692", "1.522", " 1.404", " 0.511", " 0.175", " 0.554", " 0.109", " 0.892", "0.61", " 0.49", " -0.97", " -2.51", " -0.85", " -3.20", " -0.17", "0.739651844586096", " 0.807728796161457", " 0.831054029919878", " 0.000133525374272359", " 0.891980478021561", " 1.9489091440672E-07", " 0.999999999994393", "1", " 1", " 0.99999999999978", " 0.00522084213404922", " 1", " 2.54007825110092E-05", " 1", "7.2", "6.1", " 6.6", " 5.8", " 6.2", " 6.4", " 7.0", " 7.2", " 6.1", " 6.6", " 6.2", " 4.8", " 7.0", " 5.2", " 6.0", " 4.1", " 5.2", " 6.4", " 6.0", " 6.0", " 5.6", " 6.6", " 6.4", " 5.8", " 1.6", " 3.8", " 3.8", " 3.8", " 4.9", " 4.1", " 1.6", " 3.0", " 4.5", " 4.5", " 5.7", " 4.7"
"908", "", "False", "", "", "No results", " No results", " No results", " No results", " No results", "", "224.17996", "223.17268", "7.021", "1142970.57262915", "0", "0", "0", "", "", "", "", "No matches found", " No matches found", "PreferredDDA", "", "[M-H]-1", "173639.041440736", " 212728.926199538", " 439221.443733586", " 494675.865233723", " 179522.481683942", " 109303.283994115", "92.8895813582541", " 53.2021962029971", " 53.2722100948534", " 58.3492712672697", " 24.3203224469576", " 78.9808111648836", "1.225", " 2.849", " 2.065", " 0.409", " 0.888", " 0.221", " 1.642", "0.29", " 1.51", " 1.05", " -1.29", " -0.17", " -2.18", " 0.72", "0.988317130926133", " 0.147637863141648", " 0.257908516926185", " 0.0660054064325424", " 0.99703723708716", " 0.00533425420361", " 0.981538607552747", "1", " 0.489178433773677", " 0.99999999999978", " 0.472468160210129", " 1", " 0.0651779185503597", " 1", "5.8", "1.1", " 3.9", " 1.1", " ", " 2.1", " 3.0", " 2.9", " 2.3", " 4.0", " 1.9", " 5.8", " 5.4", " 1.7", " 1.7", " 4.0", " 2.5", " 2.7", " 3.4", " 1.0", " 4.8", " 4.8", " 3.6", " 2.9", " 3.3", " 3.3", " 2.1", " 2.9", " 1.5", " 0.4", " 1.1", " 2.7", " 4.4", " 1.9", " 3.4", " 2.3"
"252", "", "False", "", "", "No results", " No results", " No results", " No results", " No results", "", "224.85870", "223.85142", "1.836", "12089013.6227491", "0", "0", "0", "", "", "", "", "No matches found", " No matches found", "PreferredDDA", "", "[M-H]-1", "50443.3323503905", " 123418.600320447", " 77556.6189939292", " 157234.190416892", " 197263.61113536", " 74478.3377584059", "129.993356496809", " 157.584734316275", " 95.2072666216425", " 100.771313537043", " 122.45868193049", " 208.488068825369", "2.447", " 3.117", " 0.628", " 2.543", " 0.493", " 0.474", " 2.649", "1.29", " 1.64", " -0.67", " 1.35", " -1.02", " -1.08", " 1.41", "0.999865121943583", " 0.999972250069085", " 0.998987035373073", " 0.986709913278595", " 0.99599101080255", " 0.992143526862719", " 0.999833167189476", "1", " 1", " 0.99999999999978", " 1", " 1", " 1", " 1", "5.5", "3.9", " ", " ", " 4.5", " ", " 1.5", " ", " 4.2", " ", " 3.0", " 4.2", " 2.7", " 4.4", " ", " ", " ", " 3.3", " 2.7", " 2.3", " 2.7", " ", " 4.8", " ", " 1.1", " ", " 4.8", " 5.4", " 1.5", " 3.0", " 1.5", " ", " 3.8", " 5.5", " 4.8", " "
"1071", "", "False", "Furazolidone", "C8 H7 N3 O5", "Not the top hit", " No results", " No results", " Full match", " Full match", "-4.95", "225.03746", "224.03018", "8.950", "648612.887102712", "2", "0", "0", "", "", "", "", "No matches found", " Multiple matches found", "PreferredDDA", "", "[M-H]-1", "417098.083607381", " 515744.127573138", " 399978.601262684", " 542201.438448237", " 442744.668471475", " 457319.789026098", "21.2520190109253", " 31.4665177234845", " 28.3613842406399", " 26.2991891084271", " 26.8433897729693", " 30.6233215866073", "1.237", " 1.300", " 0.776", " 1.107", " 0.738", " 0.843", " 0.968", "0.31", " 0.38", " -0.37", " 0.15", " -0.44", " -0.25", " -0.05", "0.999999627352946", " 0.998932230184933", " 0.977871380234335", " 0.992271872545669", " 0.880211014921949", " 0.99978803528893", " 0.999980778225653", "1", " 1", " 0.99999999999978", " 1", " 1", " 1", " 1", "6.5", "6.2", " 6.5", " 6.2", " 3.9", " 3.5", " 4.7", " 3.4", " 6.4", " 3.0", " 3.8", " 3.9", " 2.8", " 4.3", " 5.8", " 5.4", " 3.7", " 5.0", " 6.5", " 3.1", " 4.3", " 5.0", " 5.4", " 3.1", " 2.8", " 3.5", " 6.2", " 4.6", " 5.7", " 4.5", " 5.5", " 3.4", " 4.5", " 5.3", " 4.9", " 3.8"
"1038", "", "False", "Furazolidone", "C8 H7 N3 O5", "No match", " No results", " No results", " Full match", " Full match", "-4.17", "225.03763", "224.03036", "3.000", "1235037.97716573", "2", "0", "0", "", "", "", "", "No matches found", " Multiple matches found", "PreferredDDA", "", "[M-H]-1", "964103.446848596", " 902597.94201218", " 930052.811587956", " 1042031.62877457", " 850614.657539675", " 993132.27111715", "8.9526505057648", " 12.2503507565465", " 11.6973726802819", " 6.69687069190067", " 12.6789692911322", " 12.0906627987886", "0.936", " 1.081", " 1.030", " 0.915", " 0.893", " 0.953", " 0.856", "-0.10", " 0.11", " 0.04", " -0.13", " -0.16", " -0.07", " -0.22", "0.988360397573813", " 0.722133619351662", " 0.997744802729475", " 0.933043245613946", " 0.534276199521715", " 0.941118635912524", " 0.494692083117272", "1", " 1", " 0.99999999999978", " 1", " 1", " 1", " 1", "7.4", "7.1", " 7.1", " 6.4", " 6.4", " 6.0", " 6.3", " 5.9", " 5.9", " 6.3", " 5.9", " 5.9", " 6.6", " 5.5", " 5.5", " 5.1", " 5.5", " 7.1", " 7.1", " 6.4", " 6.8", " 6.8", " 7.1", " 7.1", " 6.3", " 6.3", " 5.5", " 6.3", " 6.3", " 6.6", " 6.6", " 6.6", " 7.4", " 5.9", " 5.1", " 6.6"
"105", "", "False", "", "", "No results", " No results", " No results", " No results", " No results", "", "226.19543", "225.18815", "9.039", "7670903.98322868", "0", "0", "0", "", "", "", "", "No matches found", " No matches found", "PreferredDDA", "", "[M-H]-1", "2575144.57346631", " 5488122.06747514", " 3575941.99794779", " 4546728.82069328", " 848083.286992213", " 881004.849593293", "72.3845168075249", " 28.2427804845937", " 39.7397285189514", " 32.3151178713198", " 27.2712995771458", " 18.4399781224402", "2.131", " 1.766", " 0.652", " 0.237", " 0.786", " 0.194", " 0.963", "1.09", " 0.82", " -0.62", " -2.08", " -0.35", " -2.37", " -0.05", "0.0111179698810444", " 0.0366705124723842", " 0.861892460616591", " 7.10188328922889E-06", " 0.998381244353544", " 4.70357828241674E-08", " 0.999999648248262", "0.824289026249532", " 0.164806556054048", " 0.99999999999978", " 0.00138841818304425", " 1", " 1.15677768490752E-05", " 1", "7.6", "3.9", " 5.5", " 3.5", " 5.6", " 6.4", " 7.4", " 7.6", " 6.8", " 7.2", " 7.2", " 6.0", " 6.0", " 6.5", " 5.4", " 6.1", " 6.1", " 6.9", " 5.4", " 6.9", " 7.1", " 6.0", " 6.1", " 6.3", " 3.0", " 6.0", " 4.9", " 5.6", " 5.0", " 4.6", " 2.5", " 3.1", " 5.8", " 4.6", " 6.1", " 4.6"
"260", "", "False", "", "", "No results", " No results", " No results", " No results", " No results", "", "226.19549", "225.18821", "8.677", "4542845.75898779", "0", "0", "0", "", "", "", "", "No matches found", " No matches found", "PreferredDDA", "", "[M-H]-1", "1248844.0978658", " 1293292.12434728", " 1395803.11821364", " 3245490.58528232", " 847807.144650648", " 1145287.73763433", "59.7356821097373", " 46.8260589317868", " 22.8557782599306", " 33.5388140477352", " 19.3386912270586", " 27.0096116600721", "1.036", " 2.599", " 1.079", " 0.607", " 0.430", " 0.353", " 0.740", "0.05", " 1.38", " 0.11", " -0.72", " -1.22", " -1.50", " -0.43", "0.984637609554411", " 0.0788538876387609", " 0.999578290835572", " 0.322889498977107", " 0.0216262762170975", " 0.00028937107606275", " 0.907296474537389", "1", " 0.296460289103418", " 0.99999999999978", " 1", " 1", " 0.00628578281891862", " 1", "6.9", "3.9", " 4.1", " 3.9", " 6.0", " 3.9", " 4.2", " 4.5", " 4.8", " 4.2", " 3.5", " 4.0", " 6.2", " 3.0", " 4.1", " 4.5", " 3.4", " 6.9", " 6.3", " 5.7", " 6.1", " 6.5", " 5.0", " 6.5", " 4.2", " 4.6", " 5.8", " 5.0", " 4.5", " 4.5", " 3.5", " 5.3", " 5.6", " 6.4", " 4.9", " 5.3"
"28", "", "False", "Myristic acid", "C14 H28 O2", "No results", " Invalid mass", " No results", " No results", " No results", "9.33", "228.21106", "227.20378", "10.403", "44981122.4844539", "0", "2", "0", "97.7", "9.9", "", "", "No matches found", " No matches found", "PreferredDDA", "", "[M-H]-1", "16490782.7098215", " 23014835.4958149", " 24559511.0004039", " 30126960.126429", " 13712044.451855", " 20553361.8704266", "38.3008895579692", " 17.9570749582284", " 24.0290777395945", " 31.1572350866838", " 7.31382399771521", " 23.0694868704269", "1.396", " 1.827", " 1.067", " 0.558", " 0.815", " 0.682", " 0.667", "0.48", " 0.87", " 0.09", " -0.84", " -0.29", " -0.55", " -0.58", "0.812839656216787", " 0.0217456077047528", " 0.984991300754162", " 0.0446956011942898", " 0.694805851512236", " 0.0208047866393979", " 0.546718701533859", "1", " 0.113367101500778", " 0.99999999999978", " 0.365698474745024", " 1", " 0.193682656571537", " 1", "8.4", "6.7", " 6.0", " 5.2", " 6.7", " 6.0", " 7.3", " 7.3", " 7.3", " 7.7", " 7.0", " 6.8", " 7.6", " 6.8", " 7.6", " 7.2", " 4.9", " 6.0", " 3.7", " 6.7", " 7.1", " 6.3", " 7.1", " 6.7", " 7.6", " 7.6", " 7.2", " 8.4", " 5.3", " 5.3", " 6.1", " 6.1", " 6.5", " 5.7", " 6.8", " 7.2"
"320", "", "False", "", "", "No results", " No results", " No results", " No results", " No results", "", "229.16935", "228.16208", "1.828", "3059739.8170485", "0", "0", "0", "", "", "", "", "No matches found", " No matches found", "PreferredDDA", "", "[M-H]-1", "1308468.70417753", " 2073486.32203832", " 959914.125389399", " 1256708.37968055", " 1027881.00412724", " 1027449.81756272", "60.251396161239", " 44.6691066407204", " 34.3018832674909", " 18.6196910552905", " 29.021776272992", " 63.2271877589758", "1.585", " 0.960", " 0.463", " 1.071", " 0.764", " 0.818", " 1.000", "0.66", " -0.06", " -1.11", " 0.10", " -0.39", " -0.29", " 0.00", "0.245695366113495", " 0.621375046153722", " 0.418306162052787", " 0.999744339999066", " 0.84665977920394", " 0.912633941204431", " 0.999999504231191", "1", " 1", " 0.99999999999978", " 1", " 1", " 1", " 1", "7.7", "2.0", " 4.0", " 1.1", " 4.8", " 5.4", " 3.1", " 4.6", " 4.5", " 6.4", " 6.0", " 5.1", " 5.1", " 5.5", " 5.9", " 4.7", " 5.7", " 5.8", " 5.4", " 6.5", " 6.7", " 7.7", " 6.5", " 5.8", " 6.4", " 6.8", " 6.4", " 6.4", " 4.6", " 2.6", " 4.0", " 5.4", " 5.4", " 3.1", " 4.2", " 5.0"
"332", "", "False", "", "", "No results", " No results", " No results", " No results", " No results", "", "229.16942", "228.16214", "1.590", "5185122.1998484", "0", "0", "0", "", "", "", "", "No matches found", " No matches found", "PreferredDDA", "", "[M-H]-1", "1184713.79994121", " 1839755.88515379", " 1565806.471894", " 2170426.94890488", " 1501894.30291043", " 1536004.62122965", "59.6805582565257", " 70.2591367845612", " 30.1056465990066", " 21.2284190019491", " 30.4244269798803", " 49.496068267327", "1.553", " 1.832", " 0.851", " 0.959", " 0.721", " 0.708", " 0.978", "0.63", " 0.87", " -0.23", " -0.06", " -0.47", " -0.50", " -0.03", "0.390076221000693", " 0.304984422674107", " 0.908704503138845", " 0.999535167471847", " 0.871810023103592", " 0.864570284976126", " 0.998725147246883", "1", " 0.851777923325542", " 0.99999999999978", " 1", " 1", " 1", " 1", "5.6", "1.6", " 3.1", " 0.6", " 3.5", " 2.2", " 2.5", " 5.6", " 4.1", " 4.8", " 4.3", " 4.2", " 5.4", " 2.5", " 3.6", " 4.2", " 2.1", " 3.2", " 3.4", " 5.5", " 5.5", " 4.0", " 5.1", " 5.1", " 3.5", " 2.9", " 2.9", " 2.5", " 2.3", " ", " 2.0", " 3.3", " 1.8", " 3.5", " 1.8", " 2.0"
"619","","False","Galactitol,1,2:5,6-dianhydro-,diacetate","C10 H14 O6","No match"," No results"," No results"," No results"," Full match","-2.65","230.07843","229.07115","1.386","819375.995865322","0","0","0","","","","","No matches found"," Single match found","PreferredDDA","","[M-H]-1","88765.9341365229"," 240587.086874005"," 215055.405260652"," 261064.826438129"," 281313.879351108"," 169562.03637265","111.942912555736"," 70.2777155125612"," 88.6805996711568"," 57.9084073074724"," 25.8707601185995"," 73.2524969748152","2.710"," 2.941"," 0.894"," 1.308"," 0.824"," 0.650"," 1.659","1.44"," 1.56"," -0.16"," 0.39"," -0.28"," -0.62"," 0.73","0.999999999672259"," 0.990565221663718"," 0.997319192460467"," 0.882194098833537"," 0.859943109649131"," 0.886192995814008"," 0.90717260063596","1"," 1"," 0.99999999999978"," 1"," 1"," 1"," 1","6.5",""," 5.2"," 1.5"," 6.5"," 2.3"," 0.0"," 4.8"," 4.2"," 2.9"," "," 2.9"," 1.7"," 4.5"," 2.9"," 0.8"," "," 3.8"," 0.8"," 5.9"," 1.4"," 6.3"," 2.3"," 5.2"," 2.1"," 4.3"," 4.3"," 2.5"," 1.5"," 2.5"," 0.0"," 1.7"," 2.3"," "," "," "
"30", "", "False", "", "", "Unused", " No results", " No results", " No results", " No results", "", "232.98731", "231.98003", "1.347", "22630523.1729511", "0", "0", "0", "", "", "", "", "No matches found", " No matches found", "PreferredDDA", "", "[M-H]-1", "45164.8051567163", " 26363.9019330264", " 20135.2288957489", " 27032.7912553224", " 37576.6866982328", " 38292.4234786406", "191.28918452976", " 161.923424054375", " 71.3314006561471", " 115.439652099579", " 133.05059116869", " 207.665858232886", "0.584", " 0.599", " 0.764", " 1.866", " 0.745", " 1.417", " 0.981", "-0.78", " -0.74", " -0.39", " 0.90", " -0.42", " 0.50", " -0.03", "0.905679610644466", " 0.830502266354297", " 0.992786241276679", " 0.984354503867636", " 0.995497199644743", " 0.721321061060406", " 0.929748928123423", "1", " 1", " 0.99999999999978", " 1", " 1", " 1", " 1", "6.6", "6.2", " ", " ", " 3.3", " ", " ", " ", " 2.5", " ", " ", " ", " ", " ", " ", " ", " ", " 1.1", " ", " ", " ", " ", " 2.3", " 0.0", " ", " ", " ", " 2.5", " ", " ", " ", " ", " 0.0", " 6.2", " 6.6", " "
"232","","False","2-(8-Hydroxy-4a,8-dimethyldecahydro-2-naphthalenyl)acrylic acid","C15 H24 O3","No results"," Invalid mass"," No results"," No results"," No results","-71413.69","234.16397","233.15670","5.302","4429014.58431411","0","2","0","97.2","9.9","","","No matches found"," No matches found","PreferredDDA","","[M-H]-1","614353.080709114"," 402317.626860408"," 1605378.58722252"," 1052126.85965681"," 624989.992653397"," 890611.442389098","49.4295053339429"," 94.4033395471758"," 51.0826216013464"," 93.3034271576003"," 32.0210564269262"," 47.4650803406941","0.655"," 1.713"," 3.990"," 0.389"," 1.526"," 0.846"," 0.702","-0.61"," 0.78"," 2.00"," -1.36"," 0.61"," -0.24"," -0.51","0.967770759213083"," 0.208316613373053"," 0.482254954544582"," 0.613683985178584"," 0.99885320933061"," 0.948665157823547"," 0.991334381325897","1"," 0.626470491010589"," 0.99999999999978"," 1"," 1"," 1"," 1","6.4","4.4"," "," 4.2"," 3.6"," "," 4.2"," "," 3.6"," 6.4"," 1.7"," 5.0"," 6.0"," 4.8"," "," 4.2"," 4.8"," 6.0"," 2.5"," 3.9"," 4.2"," 4.6"," 4.0"," 4.5"," 5.5"," 4.7"," 4.5"," 3.4"," 5.2"," 3.9"," 3.3"," 3.9"," 5.4"," 5.0"," 1.7"," 4.0"
"113", "", "False", "", "", "No results", " No results", " No results", " No results", " No results", "", "238.19498", "237.18771", "7.872", "8087833.63174553", "0", "0", "0", "", "", "", "", "No matches found", " No matches found", "PreferredDDA", "", "[M-H]-1", "1016458.3121656", " 682287.91509106", " 4021405.69486074", " 2626654.48865259", " 2271946.2413329", " 1636493.95627619", "82.2051349613007", " 71.6707241890281", " 37.740916871743", " 54.3877445012482", " 45.1593864233772", " 90.2016822553549", "0.671", " 2.584", " 5.894", " 0.565", " 1.531", " 0.623", " 1.388", "-0.58", " 1.37", " 2.56", " -0.82", " 0.61", " -0.68", " 0.47", "0.982608150553887", " 0.0164012513794898", " 0.0207512859195946", " 0.822545451578318", " 0.965847094292788", " 0.991269878812682", " 0.99999973234384", "1", " 0.0956718013935893", " 0.412692635825484", " 1", " 1", " 1", " 1", "6.9", "3.9", " 6.0", " 2.9", " ", " 4.2", " 4.2", " 3.5", " 3.6", " 4.5", " 2.9", " 6.0", " 6.1", " 6.5", " 5.0", " 6.9", " 5.0", " 6.2", " 4.6", " 6.0", " 6.0", " 4.5", " 5.2", " 5.6", " 6.0", " 5.6", " 5.4", " 6.0", " 5.0", " 5.0", " 5.8", " 6.0", " 6.2", " 5.0", " 5.6", " 5.0"
"523", "", "False", "", "", "Unused", " No results", " No results", " No results", " No results", "", "240.06854", "239.06126", "14.272", "1062720.27934329", "0", "0", "0", "", "", "", "", "No matches found", " No matches found", "PreferredDDA", "", "[M-H]-1", "263757.645584064", " 612976.161667733", " 335965.005373884", " 516465.660734465", " 438207.700251059", " 409344.283017581", "88.920821666083", " 60.2816749488244", " 61.3000095313797", " 51.3734629775564", " 56.8669162002961", " 66.6238278830071", "2.324", " 1.958", " 0.548", " 1.304", " 0.651", " 0.793", " 1.071", "1.22", " 0.97", " -0.87", " 0.38", " -0.62", " -0.34", " 0.10", "0.988710690467323", " 0.985145134828604", " 0.947537169017573", " 0.982347661586357", " 0.929680870093372", " 0.99422400563892", " 0.999574298178263", "1", " 1", " 0.99999999999978", " 1", " 1", " 1", " 1", "5.8", "4.8", " 3.3", " 5.8", " 2.3", " 2.3", " 1.5", " 3.6", " 2.5", " 2.9", " 4.2", " 1.1", " 1.5", " 4.4", " 4.0", " 5.2", " 2.3", " 4.6", " 3.9", " 1.5", " 3.6", " 4.0", " 3.6", " 3.0", " 1.1", " 3.6", " 4.6", " 2.1", " 3.0", " 2.3", " 4.6", " 3.6", " 4.4", " 4.0", " 4.0", " 3.4"
"535", "", "False", "", "", "Unused", " No results", " No results", " No results", " No results", "", "240.06856", "239.06128", "15.062", "1424918.99994991", "0", "0", "0", "", "", "", "", "No matches found", " No matches found", "PreferredDDA", "", "[M-H]-1", "397778.481811634", " 566105.903774953", " 266077.672210844", " 358384.955296392", " 368117.95715571", " 351534.612452451", "70.4376717585304", " 86.1647463319033", " 58.6021623282468", " 68.8648713399822", " 59.6926696458998", " 63.0000022717832", "1.423", " 0.901", " 0.470", " 1.383", " 0.742", " 0.981", " 1.047", "0.51", " -0.15", " -1.09", " 0.47", " -0.43", " -0.03", " 0.07", "0.983329271276853", " 0.999999958087449", " 0.734916072930721", " 0.961673955528115", " 0.966763549937733", " 0.999999995740818", " 0.999978080566899", "1", " 1", " 0.99999999999978", " 1", " 1", " 1", " 1", "5.5", "5.2", " 3.6", " 4.2", " 3.0", " 1.9", " 0.4", " 4.0", " 5.5", " 2.5", " 4.6", " 0.4", " 1.5", " 3.6", " 4.0", " 2.9", " 3.0", " 4.6", " 5.0", " 1.5", " 4.0", " 2.5", " 2.9", " 1.9", " 3.4", " 2.9", " 1.2", " 2.5", " 3.0", " 2.3", " 4.2", " 5.2", " 4.8", " 2.9", " 2.5", " "
"1589", "", "False", "", "", "Unused", " No results", " No results", " No results", " No results", "", "240.06865", "239.06138", "8.944", "408755.655689287", "0", "0", "0", "", "", "", "", "No matches found", " No matches found", "PreferredDDA", "", "[M-H]-1", "286258.440102449", " 288894.855460777", " 253733.686035573", " 326673.386501158", " 255575.403555243", " 236344.272590651", "29.0505994633989", " 34.7293188054027", " 27.8555187270812", " 32.2972700535385", " 26.5136476246498", " 43.0452870520338", "1.009", " 1.141", " 0.878", " 1.007", " 0.777", " 0.723", " 1.081", "0.01", " 0.19", " -0.19", " 0.01", " -0.36", " -0.47", " 0.11", "0.999999985047579", " 0.998586141948208", " 0.998878645440441", " 0.999762091158946", " 0.949598381669775", " 0.945427201297229", " 0.99985380102526", "1", " 1", " 0.99999999999978", " 1", " 1", " 1", " 1", "6.2", "4.6", " 5.8", " 5.4", " 4.8", " 1.8", " 3.5", " 3.4", " 5.3", " 4.7", " 2.6", " 4.0", " 2.9", " 3.5", " 6.2", " 4.3", " 1.8", " 3.8", " 4.9", " 2.8", " 2.2", " 3.8", " 3.4", " 2.0", " 4.0", " 4.6", " 5.4", " 2.9", " 3.0", " 3.8", " 4.8", " 2.5", " 3.3", " 4.0", " 4.5", " 1.5"
"1655", "", "False", "", "", "Unused", " No results", " No results", " No results", " No results", "", "240.06877", "239.06149", "2.991", "653352.762211805", "0", "0", "0", "", "", "", "", "No matches found", " No matches found", "PreferredDDA", "", "[M-H]-1", "494781.833995879", " 459949.331916584", " 476922.048127465", " 550804.580385278", " 445327.472680839", " 535760.440504835", "11.1176725052456", " 10.9450883796386", " 19.4783526431556", " 8.00628783696087", " 11.8551400736206", " 11.0890932393212", "0.930", " 1.113", " 1.037", " 0.934", " 0.866", " 0.973", " 0.831", "-0.11", " 0.15", " 0.05", " -0.10", " -0.21", " -0.04", " -0.27", "0.884705384485157", " 0.877589465017294", " 0.999990225349678", " 0.999999967406529", " 0.255436709469096", " 0.999869775882273", " 0.498662632087365", "1", " 1", " 0.99999999999978", " 1", " 1", " 1", " 1", "6.6", "4.9", " 5.7", " 4.9", " 4.5", " 3.4", " 4.5", " 4.5", " 4.5", " 3.8", " 4.5", " 4.4", " 4.8", " 4.0", " 5.2", " 4.0", " 4.8", " 6.2", " 5.0", " 4.6", " 4.6", " 5.4", " 6.5", " 5.8", " 4.9", " 5.7", " 3.8", " 5.3", " 4.9", " 4.5", " 5.3", " 6.0", " 6.6", " 5.3", " 3.4", " 5.7"
"29", "", "False", "Dinoterb", "C10 H12 N2 O5", "No match", " Invalid mass", " No results", " No results", " No results", "7.66", "240.07646", "239.06918", "5.095", "41759643.0727245", "0", "2", "0", "98.3", "9.9", "", "", "No matches found", " No matches found", "PreferredDDA", "", "[M-H]-1", "10822035.1711541", " 3674659.63752173", " 2608202.7918985", " 3885204.17869267", " 3033460.04754264", " 8860993.83054473", "65.4207847567143", " 130.848732376032", " 24.7346616453639", " 77.0477452946199", " 28.8193499330925", " 54.7210594811514", "0.340", " 0.359", " 0.710", " 1.163", " 0.671", " 2.281", " 0.342", "-1.56", " -1.48", " -0.49", " 0.22", " -0.57", " 1.19", " -1.55", "0.679368265929327", " 0.0669485226190347", " 0.3421156727356", " 0.99610242435594", " 0.957397813292029", " 0.184575379654441", " 0.232411795564771", "1", " 0.259176953901412", " 0.99999999999978", " 1", " 1", " 1", " 1", "7.0", "5.5", " 6.2", " 5.8", " 6.6", " 6.2", " 5.8", " 6.6", " 5.2", " 4.8", " 4.2", " 6.2", " 6.6", " 7.0", " 6.6", " 6.4", " 5.9", " 6.4", " 6.2", " 5.8", " 4.1", " 4.5", " 3.9", " 4.8", " 6.6", " 6.6", " 6.6", " 7.0", " 5.8", " 5.8", " 6.6", " 6.2", " 6.2", " 6.2", " 4.8", " 6.6"
"374", "", "False", "", "", "Unused", " No results", " No results", " No results", " No results", "", "240.17458", "239.16730", "4.790", "4007263.76923596", "0", "0", "0", "", "", "", "", "No matches found", " No matches found", "PreferredDDA", "", "[M-H]-1", "622675.054890964", " 1766798.43994997", " 1128106.90028885", " 1264373.16092187", " 199642.797123756", " 208798.926025579", "102.862355235589", " 62.0548013833913", " 56.123142935218", " 36.1714500580014", " 20.5592966990075", " 28.1054783388778", "2.837", " 2.031", " 0.639", " 0.177", " 0.892", " 0.165", " 0.956", "1.50", " 1.02", " -0.65", " -2.50", " -0.16", " -2.60", " -0.06", "0.994790172055863", " 0.945361534877961", " 0.999999999910721", " 0.0024362572725396", " 0.999123521882724", " 6.13039838487373E-05", " 0.999999756080871", "1", " 1", " 0.99999999999978", " 0.0453607901696659", " 1", " 0.00199748814040469", " 1", "5.7", "1.9", " 5.6", " 3.6", " 5.6", " 4.0", " 2.7", " 3.3", " 5.6", " 5.2", " 1.5", " 3.9", " 5.2", " 3.9", " 5.0", " 4.2", " 3.1", " 4.7", " 5.1", " 5.0", " 4.7", " 5.7", " 5.1", " 5.7", " 1.8", " 3.7", " 3.3", " 2.1", " 2.9", " 2.9", " 1.8", " 3.3", " 2.9", " 1.8", " 2.9", " 3.9"
"1270", "", "False", "", "", "Unused", " No results", " No results", " No results", " No results", "", "241.97886", "240.97159", "1.097", "1824399.56752699", "0", "0", "0", "", "", "", "", "No matches found", " No matches found", "PreferredDDA", "", "[M-H]-1", "583685.603873909", " 591932.815963966", " 683810.772389934", " 738802.497282306", " 662109.812797232", " 645751.585987929", "9.49034389871601", " 14.9064414570813", " 25.9608896296056", " 29.252850127339", " 66.4753932217217", " 34.7920009740499", "1.014", " 1.266", " 1.155", " 0.968", " 0.926", " 0.874", " 1.025", "0.02", " 0.34", " 0.21", " -0.05", " -0.11", " -0.19", " 0.04", "0.999948775395884", " 0.930171737447912", " 0.985173139024802", " 0.918873817204656", " 0.995315188105899", " 0.999893702415672", " 0.970174135513786", "1", " 1", " 0.99999999999978", " 1", " 1", " 1", " 1", "4.7", "3.7", " 4.6", " 3.9", " ", " 3.9", " 3.4", " 2.6", " 4.7", " 2.6", " 2.9", " 2.6", " ", " 2.8", " 1.8", " 2.4", " 2.2", " 2.4", " 2.2", " 2.2", " 2.4", " 2.0", " 2.2", " 1.8", " ", " 1.1", " 2.5", " 2.0", " 1.9", " 2.1", " 2.1", " 2.5", " 2.6", " ", " ", " 1.3"
"971","","False","1,5-Diphenylcarbazide","C13 H14 N4 O","Full match"," No results"," No results"," Partial match"," Full match","1.34","242.11709","241.10981","1.506","1817337.46116525","1","0","0","","","","","No matches found"," Multiple matches found","PreferredDDA","","[M-H]-1","941000.924996293"," 1253237.34564443"," 1266463.76526244"," 1265655.26468451"," 1103453.17605677"," 925161.238025121","40.7443086188496"," 39.2784879766299"," 23.4411576137833"," 16.8253357541906"," 24.2560266545557"," 31.5782357021084","1.332"," 1.345"," 1.011"," 0.871"," 1.001"," 0.731"," 1.193","0.41"," 0.43"," 0.02"," -0.20"," 0.00"," -0.45"," 0.25","0.459093271207727"," 0.045661326603349"," 0.961446438540443"," 0.914710009142559"," 0.999783281559985"," 0.375877182098187"," 0.998881090605122","1"," 0.194060638064233"," 0.99999999999978"," 1"," 1"," 1"," 1","6.1","2.7"," 3.9"," 0.0"," 4.2"," 4.2"," 1.5"," 4.4"," 4.4"," 4.7"," 3.8"," 3.4"," 5.5"," 5.3"," 4.9"," 4.5"," 4.5"," 5.4"," 4.6"," 5.4"," 5.0"," 6.1"," 5.6"," 5.0"," 4.9"," 4.9"," 5.6"," 3.7"," 3.6"," 4.7"," 2.5"," 4.0"," 3.6"," 3.2"," 2.9"," 4.0"
"199", "", "False", "", "", "Unused", " No results", " No results", " No results", " No results", "", "242.19025", "241.18297", "6.068", "6215815.68411039", "0", "0", "0", "", "", "", "", "No matches found", " No matches found", "PreferredDDA", "", "[M-H]-1", "733918.715914114", " 2350336.94020518", " 1296208.27879682", " 1037629.22675419", " 285655.69458708", " 282533.331696085", "122.038855339554", " 57.0857845335896", " 41.2505090721766", " 48.4682919127389", " 14.5871489849008", " 28.5588416395952", "3.202", " 1.414", " 0.551", " 0.220", " 1.249", " 0.272", " 1.011", "1.68", " 0.50", " -0.86", " -2.18", " 0.32", " -1.88", " 0.02", "0.997890025794148", " 0.999999639506309", " 0.999999632648048", " 0.00593541577349044", " 0.996018792534185", " 0.00532727221873963", " 0.999371434366573", "1", " 1", " 0.99999999999978", " 0.0966978153097817", " 1", " 0.0651779185503597", " 1", "6.6", "1.7", " 4.1", " 3.5", " 6.6", " 4.2", " 4.2", " 4.5", " 5.2", " 5.6", " 0.4", " 5.4", " 4.8", " 5.0", " 4.8", " 3.5", " 3.5", " 5.0", " 3.1", " 4.5", " 3.5", " 4.8", " 3.1", " 4.8", " 2.0", " 3.4", " 4.1", " 4.1", " 2.4", " 2.8", " ", " 1.6", " ", " ", " 2.0", " 5.0"
"165", "", "False", "Pentadecanoic acid", "C15 H30 O2", "No results", " Invalid mass", " No results", " No results", " No results", "6.12", "242.22606", "241.21879", "11.153", "32234585.0042275", "0", "2", "0", "97.7", "9.9", "", "", "No matches found", " No matches found", "PreferredDDA", "", "[M-H]-1", "29123218.9821824", " 3863712.17233971", " 17644678.3271848", " 16183350.1776325", " 20388920.933527", " 17389592.2206953", "20.6204357129361", " 102.400662412679", " 42.331505222611", " 29.2369104859307", " 59.133053416349", " 48.0576054090077", "0.133", " 0.556", " 4.567", " 1.156", " 1.090", " 1.075", " 1.172", "-2.91", " -0.85", " 2.19", " 0.21", " 0.12", " 0.10", " 0.23", "0.0830365821002383", " 0.81808594798659", " 0.580147540139866", " 0.999975428656799", " 0.999995880644895", " 0.994649136784052", " 0.999987591487914", "1", " 1", " 0.99999999999978", " 1", " 1", " 1", " 1", "4.9", "", " 4.9", " 4.9", " ", " 4.9", " 3.9", " 1.1", " 2.2", " 1.1", " ", " 2.4", " ", " ", " 3.6", " 2.0", " ", " 4.9", " 1.9", " 4.6", " 4.9", " ", " ", " 3.1", " 2.6", " ", " ", " 3.6", " 3.6", " 2.2", " ", " ", " ", " ", " ", " 3.9"
"122", "", "False", "Pentadecanoic acid", "C15 H30 O2", "No results", " Invalid mass", " No results", " No results", " No results", "6.43", "242.22614", "241.21886", "11.381", "35508238.2407321", "0", "2", "0", "97.7", "9.9", "", "", "No matches found", " No matches found", "PreferredDDA", "", "[M-H]-1", "27111488.1813829", " 11547481.876583", " 15182729.90752", " 11232628.2193858", " 27656820.6150333", " 13340152.0160599", "25.9805839325425", " 60.5974496255715", " 43.5002160400012", " 10.627152373018", " 20.4811233797983", " 52.1221108592659", "0.426", " 0.414", " 1.315", " 1.822", " 1.352", " 1.188", " 2.073", "-1.23", " -1.27", " 0.39", " 0.87", " 0.43", " 0.25", " 1.05", "0.337340405750407", " 0.017596838530443", " 0.992925018195766", " 0.475276785645336", " 0.396108666671944", " 0.559127572025737", " 0.241932304441503", "1", " 0.0969065333155384", " 0.99999999999978", " 1", " 1", " 1", " 1", "7.1", "3.8", " 4.9", " 4.9", " 4.9", " ", " 3.9", " 3.9", " 3.6", " 3.2", " 2.8", " 3.6", " 3.2", " 3.6", " 3.2", " 4.3", " 3.6", " 7.1", " 5.6", " 4.8", " 4.8", " 5.2", " 6.0", " 6.7", " 4.9", " 4.9", " 4.9", " 4.6", " 2.8", " 5.1", " 3.9", " 3.9", " 4.3", " 3.2", " 3.9", " 3.9"
"404", "", "False", "", "", "No results", " No results", " No results", " No results", " No results", "", "243.18509", "242.17781", "11.632", "1921855.87424", "0", "0", "0", "", "", "", "", "No matches found", " No matches found", "PreferredDDA", "", "[M-H]-1", "640117.684353167", " 1345566.35997094", " 722887.000155262", " 857562.917328461", " 738534.619360304", " 679371.893656636", "48.2725925812674", " 42.6261472212376", " 21.6955877969355", " 25.3447675086034", " 24.7151075668233", " 32.0718261819475", "2.102", " 1.340", " 0.537", " 1.022", " 0.843", " 0.792", " 1.087", "1.07", " 0.42", " -0.90", " 0.03", " -0.25", " -0.34", " 0.12", "0.0776487380093075", " 0.862796806583189", " 0.313573202275139", " 0.999484884172435", " 0.999863340231792", " 0.989130589348183", " 0.999999973360307", "1", " 1", " 0.99999999999978", " 1", " 1", " 1", " 1", "6.2", "3.3", " 5.2", " 0.8", " 5.0", " 4.6", " 3.3", " 6.1", " 4.2", " 5.2", " 4.5", " 2.2", " 4.5", " 4.3", " 4.3", " 4.5", " 4.6", " 4.5", " 5.3", " 6.2", " 4.9", " 4.1", " 5.6", " 4.5", " 5.6", " 5.6", " 6.0", " 2.8", " 3.0", " 3.6", " 4.1", " 4.0", " 3.8", " 5.5", " 5.9", " 2.2"
"147", "", "False", "", "", "Invalid mass", " No results", " No results", " No results", " No results", "", "243.18516", "242.17789", "1.845", "14028366.8525918", "0", "0", "0", "", "", "", "", "No matches found", " No matches found", "PreferredDDA", "", "[M-H]-1", "5153084.36454444", " 9030995.27505213", " 5012430.90825531", " 6759173.83099918", " 4042597.88724573", " 5172750.84966514", "54.7053775763448", " 44.8416448467213", " 39.017492812378", " 19.7707633537429", " 22.4605148721374", " 26.0993032522341", "1.753", " 1.312", " 0.555", " 0.807", " 0.742", " 0.765", " 0.782", "0.81", " 0.39", " -0.85", " -0.31", " -0.43", " -0.39", " -0.36", "0.226449512438526", " 0.47660809751383", " 0.555406007829931", " 0.99401579039583", " 0.87073562087602", " 0.733402606980642", " 0.998377343003945", "1", " 1", " 0.99999999999978", " 1", " 1", " 1", " 1", "7.2", "", " ", " 3.9", " ", " 3.2", " 3.7", " ", " ", " 5.5", " ", " 5.2", " ", " 5.0", " 5.7", " 5.2", " 5.4", " ", " ", " 7.0", " 5.8", " 5.5", " 5.5", " 7.0", " 4.0", " 6.2", " ", " ", " ", " 7.2", " ", " ", " 5.3", " 5.9", " ", " 6.2"
"35", "", "False", "", "", "No results", " No results", " No results", " No results", " No results", "", "243.18518", "242.17791", "2.050", "43663023.3570208", "0", "0", "0", "", "", "", "", "No matches found", " No matches found", "PreferredDDA", "", "[M-H]-1", "11972174.2617313", " 29233954.946484", " 9420192.87321456", " 15070410.8003463", " 11168526.3833096", " 12973982.6994824", "60.9184649753301", " 53.4613136740042", " 45.6935111230613", " 17.5694673297717", " 28.5687458541023", " 32.5220808120591", "2.442", " 1.259", " 0.322", " 1.186", " 0.625", " 0.861", " 0.861", "1.29", " 0.33", " -1.63", " 0.25", " -0.68", " -0.22", " -0.22", "0.100008612322089", " 0.434688975258484", " 0.293394121179084", " 0.999478929542606", " 0.827926459552381", " 0.955654324137549", " 0.999999976106975", "1", " 1", " 0.99999999999978", " 1", " 1", " 1", " 1", "7.7", "6.2", " 5.1", " 4.1", " 5.1", " 6.6", " 5.2", " 5.5", " 5.1", " 6.2", " 2.0", " 5.8", " 6.2", " 4.7", " 6.2", " 3.9", " 5.5", " 7.3", " 7.3", " 6.2", " 7.0", " 7.7", " 5.8", " 6.6", " 6.1", " 5.7", " 6.8", " 4.9", " 6.0", " 5.2", " 4.1", " 6.0", " 6.3", " 7.1", " 6.7", " 4.8"
"1206","","False","16:4(4Z,7Z,10Z,13Z)","C16 H24 O2","Not the top hit"," No results"," No results"," No results"," Full match","4.90","248.17884","247.17157","7.149","954821.728292149","0","0","0","","","","","Multiple matches found"," Single match found","PreferredDDA","","[M-H]-1","172491.974073392"," 368264.308494331"," 277729.626998742"," 573666.713947711"," 58924.504578317"," 90215.3750479602","85.444602653774"," 25.0028575588273"," 37.2738215877267"," 43.8504379983365"," 16.3089996830204"," 33.3411591543466","2.135"," 3.326"," 0.754"," 0.212"," 0.484"," 0.157"," 0.653","1.09"," 1.73"," -0.41"," -2.24"," -1.05"," -2.67"," -0.61","0.690789460843721"," 0.0404514611222334"," 0.999999999925711"," 0.000131030982516878"," 0.567117029901237"," 4.9629956428987E-06"," 0.601648564543006","1"," 0.177713722458351"," 0.99999999999978"," 0.00522084213404922"," 1"," 0.00038310650180251"," 1","5.4","0.0"," 4.4"," 1.1"," 2.9"," 1.5"," 2.5"," 3.1"," 4.6"," 3.9"," 2.8"," 4.1"," 2.6"," 2.0"," 1.5"," 3.5"," 2.0"," 3.3"," 3.0"," 4.4"," 4.0"," 3.9"," 3.6"," 5.4"," "," 2.3"," 1.5"," 1.9"," 0.5"," 0.5"," "," "," 1.3"," 2.0"," 1.6"," 1.3"
"75","","False","2-[(1S,2S,4aR,8aS)-1-hydroxy-4a-methyl-8-methylidene-decahydronaphthalen-2-yl]prop-2-enoic acid","C15 H22 O3","Full match"," Full match"," No results"," Partial match"," Partial match","4.81","250.15810","249.15082","8.263","13318674.1540118","14","7","0","96.2","9.8","","","Multiple matches found"," Multiple matches found","PreferredDDA","","[M-H]-1","5612483.15618859"," 3165410.58999475"," 5738705.26416429"," 4038464.27733137"," 3439407.66561657"," 3343748.0076726","85.9162057872846"," 68.5790481718906"," 45.2623531923454"," 44.5405997762156"," 13.150322251562"," 37.0475073292252","0.564"," 0.720"," 1.813"," 0.599"," 1.421"," 0.828"," 1.029","-0.83"," -0.47"," 0.86"," -0.74"," 0.51"," -0.27"," 0.04","0.999995395297506"," 0.999999327196342"," 0.786533013585583"," 0.723670115104915"," 0.752597589190439"," 0.999990049840209"," 0.999994598957164","1"," 1"," 0.99999999999978"," 1"," 1"," 1"," 1","8.4","6.6"," 6.6"," 5.0"," 4.6"," 6.6"," 5.2"," 6.2"," 5.6"," 6.6"," 5.6"," 6.6"," 6.6"," 5.2"," 5.8"," 6.6"," 6.6"," 4.6"," 5.2"," 6.2"," 6.6"," 4.8"," 6.4"," 6.4"," 8.0"," 8.4"," 8.4"," 8.4"," 6.1"," 6.1"," 6.9"," 6.9"," 6.1"," 6.5"," 6.9"," 6.7"
"128","","False","4,7,10-hexadecatrienoic acid","C16 H26 O2","No results"," No results"," No results"," Partial match"," Full match","4.86","250.19449","249.18722","8.576","7826569.5080273","2","0","0","","","","","Multiple matches found"," Multiple matches found","PreferredDDA","","[M-H]-1","1365949.06229412"," 3158297.92378823"," 4078520.28651499"," 4650515.53926331"," 820260.706240473"," 1040402.35908052","70.5396796921153"," 27.1656396845219"," 29.2653384097417"," 47.6970587105658"," 24.3205907997904"," 44.7025537059207","2.312"," 3.405"," 1.291"," 0.201"," 0.877"," 0.224"," 0.788","1.21"," 1.77"," 0.37"," -2.31"," -0.19"," -2.16"," -0.34","0.255493452156548"," 0.0314528188168469"," 0.902165342841212"," 0.000435732810942335"," 0.999877148613538"," 5.97091060714483E-05"," 0.99996131100112","1"," 0.151827804412187"," 0.99999999999978"," 0.0131055022368041"," 1"," 0.00199748814040469"," 1","7.4","5.0"," 5.6"," 6.1"," 6.4"," 5.0"," 6.6"," 5.9"," 7.4"," 7.0"," 5.9"," 7.2"," 6.8"," 7.4"," 6.6"," 6.2"," 5.5"," 6.0"," 5.4"," 5.6"," 6.2"," 5.1"," 6.0"," 6.2"," 5.4"," 6.4"," 3.7"," 5.3"," 4.8"," 3.9"," 3.6"," 4.2"," 4.2"," 5.0"," 5.4"," 5.4"
"19", "", "False", "Furmecyclox", "C14 H21 N O3", "Invalid mass", " No results", " No results", " Invalid mass", " No results", "5.02", "251.15340", "250.14613", "6.790", "77408879.6390106", "1", "0", "0", "", "", "", "", "No matches found", " No matches found", "PreferredDDA", "", "[M-H]-1", "774314.782668552", " 786252.9917985", " 4354359.28285952", " 4946697.37121294", " 3632981.27945686", " 5247165.01329796", "159.199049533357", " 163.03182470273", " 86.2456215323983", " 150.801423580288", " 35.2201878007982", " 77.650299181718", "1.015", " 6.388", " 5.538", " 0.834", " 0.880", " 1.061", " 0.692", "0.02", " 2.68", " 2.47", " -0.26", " -0.18", " 0.09", " -0.53", "0.949278433298981", " 0.0467726917306441", " 0.868947658382253", " 0.998905450480243", " 0.905908547714879", " 0.886182275095405", " 0.998221374754105", "1", " 0.196646478136364", " 0.99999999999978", " 1", " 1", " 1", " 1", "6.6", "", " 1.4", " 6.6", " 0.4", " 0.6", " 6.6", " ", " 1.0", " 5.8", " ", " 6.0", " 6.0", " 6.2", " 3.9", " 5.6", " 6.2", " 6.6", " 6.2", " 6.0", " 6.4", " 6.2", " 5.2", " 6.2", " 6.5", " 5.7", " 6.5", " 4.2", " 6.6", " 6.6", " 5.6", " 6.6", " 5.8", " 6.0", " 4.2", " 5.0"
"148","","False","9,12-hexadecadienoic acid","C16 H28 O2","Full match"," No results"," No results"," Partial match"," Full match","4.29","252.21001","251.20273","9.632","7705510.28744109","3","0","0","","","","","Multiple matches found"," Single match found","PreferredDDA","","[M-H]-1","271054.278047071"," 2689330.99615303"," 6561339.41103867"," 830443.305027616"," 4025685.64620756"," 531712.64562501","50.5212707344702"," 61.6019381388669"," 22.7282333373648"," 43.3337338822526"," 49.6048259635015"," 173.299371495398","9.922"," 3.064"," 2.440"," 0.614"," 7.901"," 0.640"," 7.571","3.31"," 1.62"," 1.29"," -0.70"," 2.98"," -0.64"," 2.92","0.000714896978301405"," 0.122535239365422"," 0.278102601649513"," 0.850671201432381"," 0.000361609212203962"," 0.978732745544464"," 0.00637273131612648","0.139762359257925"," 0.435557078107999"," 0.99999999999978"," 1"," 0.141389201971749"," 1"," 1","5.1",""," "," "," "," "," "," "," "," 3.6"," 3.3"," 4.9"," 4.6"," 3.8"," 5.1"," "," 4.6"," 2.1"," "," "," "," "," "," "," 3.7"," 2.4"," 5.0"," "," "," "," "," "," "," 2.9"," 1.4"," "
"66","","False","9,12-hexadecadienoic acid","C16 H28 O2","Full match"," No results"," No results"," Partial match"," Full match","4.34","252.21003","251.20275","9.438","15758664.5820558","3","0","0","","","","","Multiple matches found"," Single match found","PreferredDDA","","[M-H]-1","3097477.03892119"," 7557256.8729304"," 10404464.3386217"," 8461492.7888143"," 4055373.9644734"," 3493919.77938738","62.5682969068289"," 38.0313861376633"," 32.7248973440297"," 39.0018262676744"," 32.1731936499756"," 70.84327440158","2.440"," 2.732"," 1.377"," 0.390"," 1.230"," 0.413"," 1.161","1.29"," 1.45"," 0.46"," -1.36"," 0.30"," -1.28"," 0.21","0.101622125230931"," 0.0212113665100538"," 0.992909155670142"," 0.261845430472326"," 0.999997853692683"," 0.00748795288369564"," 0.913615239662881","1"," 0.112076274397717"," 0.99999999999978"," 1"," 1"," 0.0836511307864284"," 1","7.1","5.2"," 5.8"," 5.4"," 6.2"," 6.0"," 6.0"," 5.6"," 7.1"," 6.0"," 5.6"," 4.8"," 5.2"," 5.2"," 5.6"," 2.6"," 3.7"," 6.3"," 5.7"," 6.3"," 7.1"," 6.0"," 6.0"," 5.6"," "," 3.3"," "," 5.4"," 5.6"," 5.2"," 4.2"," 5.6"," 5.6"," 6.0"," 6.0"," 3.6"
"739","","False","9,12-hexadecadienoic acid","C16 H28 O2","Full match"," No results"," No results"," Partial match"," Full match","4.54","252.21008","251.20280","10.033","1555238.51829695","3","0","0","","","","","Multiple matches found"," Single match found","PreferredDDA","","[M-H]-1","171976.512677862"," 749252.858597157"," 1082763.40859726"," 714360.716622436"," 344006.552083605"," 480091.365031012","63.5099890821344"," 43.013743433135"," 26.9230146984507"," 41.4829937344885"," 54.5194956328783"," 51.1647163577884","4.357"," 4.154"," 1.445"," 0.318"," 1.516"," 0.672"," 0.717","2.12"," 2.05"," 0.53"," -1.65"," 0.60"," -0.57"," -0.48","0.0120330233822563"," 0.00560196958923775"," 0.709575578189798"," 0.00788112843361111"," 0.638317405868651"," 0.471078389646603"," 0.885856631952141","0.824289026249532"," 0.0447014308039176"," 0.99999999999978"," 0.118520046828536"," 1"," 1"," 1","5.6","0.0"," 3.3"," "," 1.4"," "," 1.4"," 4.6"," 1.4"," 2.7"," 3.5"," 4.9"," 4.9"," 5.6"," 4.5"," 2.6"," 4.5"," 1.7"," 2.5"," 1.6"," 3.5"," 4.6"," 2.9"," 3.1"," "," 1.4"," 3.3"," 2.7"," 0.6"," 1.0"," 1.1"," 2.1"," 1.0"," 4.6"," 4.4"," 1.2"
"661", "", "False", "", "", "Unused", " No results", " No results", " No results", " No results", "", "252.87199", "251.86472", "1.951", "1493197.95935048", "0", "0", "0", "", "", "", "", "No matches found", " No matches found", "PreferredDDA", "", "[M-H]-1", "20295.8883506729", " 24475.9648395797", " 20892.853507952", " 23422.180168211", " 42669.9229407574", " 20817.16154182", "125.249918998263", " 158.682370454438", " 85.8603014180928", " 102.570720896719", " 142.313155493685", " 179.839637282953", "1.206", " 1.154", " 0.854", " 2.042", " 0.892", " 0.889", " 2.050", "0.27", " 0.21", " -0.23", " 1.03", " -0.16", " -0.17", " 1.04", "0.986253075686769", " 0.986596890765059", " 0.998976605689734", " 0.974737022065514", " 0.997076700289458", " 0.994217773631076", " 0.999999081852347", "1", " 1", " 0.99999999999978", " 1", " 1", " 1", " 1", "5.0", "3.3", " ", " ", " 3.6", " ", " ", " ", " 2.5", " ", " ", " ", " 1.5", " 0.4", " ", " ", " ", " 1.5", " 2.3", " ", " ", " ", " 2.3", " ", " ", " ", " ", " 4.0", " ", " ", " ", " ", " ", " 5.0", " 4.2", " "
"275", "", "False", "", "", "No results", " No results", " No results", " No results", " No results", "", "254.18971", "253.18243", "4.914", "4146700.3759006", "0", "0", "0", "", "", "", "", "No matches found", " No matches found", "PreferredDDA", "", "[M-H]-1", "411516.667488862", " 625370.988433126", " 1080650.79401822", " 1400955.20932704", " 120693.340785751", " 123467.501184778", "110.417237966538", " 115.220811186358", " 79.7956698126162", " 76.1561593420565", " 27.0615509018189", " 26.0689426119446", "1.520", " 3.404", " 1.728", " 0.112", " 0.771", " 0.088", " 0.978", "0.60", " 1.77", " 0.79", " -3.16", " -0.37", " -3.50", " -0.03", "0.973656226192925", " 0.149417113240336", " 0.414428708816173", " 0.0015123464888358", " 0.999758559179243", " 0.000152774279263745", " 0.999999988928601", "1", " 0.489178433773677", " 0.99999999999978", " 0.0295663738567399", " 1", " 0.00364035993428102", " 1", "6.0", "0.0", " 4.8", " 4.6", " ", " 1.7", " 4.4", " 4.2", " 4.0", " 4.8", " 0.0", " 5.6", " 6.0", " 3.9", " 3.9", " 5.0", " 4.2", " 5.6", " 3.6", " 5.0", " 4.6", " 5.0", " 4.2", " 4.2", " 1.8", " 2.1", " 1.0", " 1.4", " 1.0", " 1.8", " 1.0", " 1.4", " 1.8", " 1.0", " 1.0", " 1.0"
"956", "", "False", "", "", "No results", " No results", " No results", " No results", " No results", "", "254.18972", "253.18244", "5.878", "1595333.56870501", "0", "0", "0", "", "", "", "", "No matches found", " No matches found", "PreferredDDA", "", "[M-H]-1", "325077.479730987", " 202865.314911659", " 849375.508515141", " 763980.854248552", " 416641.329115162", " 431694.200628409", "68.1806123471086", " 61.4500908560818", " 43.563100629633", " 27.2800085860832", " 29.2648632850167", " 76.8073491529695", "0.624", " 2.350", " 4.187", " 0.491", " 1.112", " 0.565", " 0.965", "-0.68", " 1.23", " 2.07", " -1.03", " 0.15", " -0.82", " -0.05", "0.999999388205418", " 0.0530325902703269", " 0.0231832580672026", " 0.408694876537789", " 0.998502084160233", " 0.331535493910014", " 0.999999323115596", "1", " 0.215997320788519", " 0.414137822553988", " 1", " 1", " 1", " 1", "5.6", "2.9", " 4.2", " 2.3", " ", " 1.7", " 0.8", " 2.1", " 1.5", " 3.6", " ", " 4.6", " 5.4", " 4.2", " 4.4", " 4.2", " 5.0", " 5.6", " 4.3", " 5.3", " 5.3", " 5.3", " 5.3", " 4.6", " 4.3", " 5.0", " 3.9", " 3.9", " 3.3", " 0.4", " 2.5", " 2.7", " 5.0", " 1.1", " 4.0", " 1.5"
"9", "", "False", "Palmitoleic Acid", "C16 H30 O2", "Full match", " Full match", " No results", " Full match", " Not the top hit", "4.00", "254.22560", "253.21832", "10.782", "383133731.978961", "4", "6", "0", "97.0", "9.9", "", "", "Multiple matches found", " Multiple matches found", "PreferredDDA", "", "[M-H]-1", "82571358.1341001", " 119251217.560739", " 127428801.147651", " 199023653.647241", " 101113411.441426", " 142957963.362813", "56.3794764192477", " 32.3711389463661", " 14.7887931754675", " 35.8976919653965", " 35.4869019938108", " 44.8284118393439", "1.444", " 2.410", " 1.069", " 0.793", " 0.640", " 0.718", " 0.707", "0.53", " 1.27", " 0.10", " -0.33", " -0.64", " -0.48", " -0.50", "0.998599219533047", " 0.017036229863687", " 0.897823431701939", " 0.70554187831343", " 0.315721232224675", " 0.0407614986890473", " 0.970738703675538", "1", " 0.0956718013935893", " 0.99999999999978", " 1", " 1", " 0.332036374737865", " 1", "8.6", "6.2", " 6.6", " 5.5", " 6.6", " 5.8", " 6.7", " 5.6", " 6.3", " 5.2", " 6.7", " 7.5", " 8.6", " 8.2", " 7.1", " 7.1", " 7.5", " 6.3", " 7.1", " 7.1", " 6.0", " 6.7", " 7.1", " 6.7", " 6.3", " 7.1", " 7.1", " 7.1", " 5.8", " 6.6", " 6.6", " 4.3", " 6.6", " 5.1", " 6.6", " 5.5"
"3", "", "False", "Ethyl myristate", "C16 H32 O2", "Full match", " Full match", " No results", " Partial match", " Not the top hit", "3.71", "256.24118", "255.23391", "12.345", "1049658889.55987", "3", "2", "0", "97.2", "9.9", "", "", "Multiple matches found", " Multiple matches found", "PreferredDDA", "", "[M-H]-1", "404783195.445521", " 471950484.085377", " 685994854.590959", " 630039616.292489", " 475854487.651231", " 610033776.165048", "25.2261306046259", " 11.2106288934454", " 21.9553573418016", " 29.3920293864171", " 19.2342994503355", " 26.2957752088497", "1.166", " 1.556", " 1.454", " 0.694", " 1.089", " 0.968", " 0.780", "0.22", " 0.64", " 0.54", " -0.53", " 0.12", " -0.05", " -0.36", "0.893060095617749", " 0.0113722330699562", " 0.0466343461448109", " 0.0555161044384918", " 0.980971513125836", " 0.998890086417138", " 0.262707134089394", "1", " 0.0728941496779157", " 0.617424009524951", " 0.42562346736177", " 1", " 1", " 1", "8.2", "7.2", " 6.8", " 5.7", " 6.8", " 6.1", " 7.9", " 8.2", " 7.1", " 8.2", " 7.9", " 6.5", " 6.1", " 6.8", " 7.2", " 6.1", " 6.8", " 7.2", " 6.5", " 5.7", " 6.5", " 7.2", " 6.8", " 5.7", " 6.2", " 7.0", " 7.3", " 7.3", " 7.2", " 6.5", " 6.8", " 6.8", " 6.1", " 6.8", " 6.5", " 6.5"
"26", "", "False", "Ethyl myristate", "C16 H32 O2", "Full match", " Full match", " No results", " Partial match", " Not the top hit", "3.80", "256.24120", "255.23393", "12.641", "81503508.5859006", "3", "2", "0", "97.4", "9.9", "", "", "Multiple matches found", " Multiple matches found", "PreferredDDA", "", "[M-H]-1", "52739684.1985575", " 54241487.2353774", " 58728263.8626908", " 55669325.4123159", " 55852772.5649276", " 57437781.0224434", "15.5295131079785", " 41.0710545373039", " 18.528140601524", " 3.08681226136393", " 5.35137765777789", " 6.89132957087811", "1.028", " 1.056", " 1.083", " 0.951", " 1.055", " 1.032", " 0.972", "0.04", " 0.08", " 0.11", " -0.07", " 0.08", " 0.05", " -0.04", "0.844550886003451", " 0.999999996555479", " 0.569786923974122", " 0.993277188469422", " 0.995892177334801", " 0.99998758718953", " 0.999823705972541", "1", " 1", " 0.99999999999978", " 1", " 1", " 1", " 1", "7.3", "", " ", " ", " 6.2", " ", " 3.2", " 3.9", " ", " 3.6", " ", " ", " 4.7", " ", " ", " ", " 5.5", " ", " ", " ", " ", " ", " ", " 7.3", " ", " ", " ", " ", " ", " ", " ", " 5.3", " 6.1", " ", " ", " "
"21", "", "False", "Ethyl myristate", "C16 H32 O2", "Full match", " Full match", " No results", " Partial match", " Not the top hit", "4.01", "256.24126", "255.23398", "12.077", "88901691.0391812", "3", "2", "0", "97.1", "9.9", "", "", "Multiple matches found", " Multiple matches found", "PreferredDDA", "", "[M-H]-1", "58022214.9947883", " 52843227.8275103", " 58638565.5689815", " 59107897.9149474", " 56246606.7566256", " 55397160.9752801", "25.8007359026034", " 24.127857134918", " 22.1467203405468", " 16.0016819055442", " 13.8297319474074", " 6.16631323234123", "0.911", " 1.019", " 1.110", " 0.959", " 0.992", " 0.937", " 1.015", "-0.13", " 0.03", " 0.15", " -0.06", " -0.01", " -0.09", " 0.02", "0.999050250537775", " 0.909745448888002", " 0.26819396837497", " 0.667501072926891", " 0.940027666471813", " 0.998872375238367", " 0.99791819275078", "1", " 1", " 0.99999999999978", " 1", " 1", " 1", " 1", "8.1", "", " 6.1", " ", " 6.8", " 6.5", " ", " 6.5", " 3.8", " ", " 5.7", " ", " 4.9", " ", " ", " ", " 3.8", " ", " 8.1", " 7.0", " ", " 7.0", " ", " 6.2", " ", " ", " 7.5", " ", " ", " ", " ", " 8.0", " 7.6", " ", " ", " "
"70", "", "False", "", "", "No results", " No results", " No results", " No results", " No results", "", "220.85427", "255.82332", "1.854", "17126080.3434518", "0", "0", "0", "", "", "", "", "No matches found", " No matches found", "PreferredDDA", "", "[M+Cl]-1", "4168278.20022474", " 6277541.37281488", " 5563918.46044793", " 6346847.01888443", " 8089843.82647464", " 5450267.83116391", "105.624545248727", " 83.0624679196956", " 63.3508103149996", " 58.5768684123296", " 64.6953722394173", " 67.2890864430013", "1.506", " 1.523", " 0.886", " 1.454", " 0.877", " 0.859", " 1.484", "0.59", " 0.61", " -0.17", " 0.54", " -0.19", " -0.22", " 0.57", "0.999999601428025", " 0.985332250854187", " 0.999614382785043", " 0.991420994672524", " 0.999768042457499", " 0.991748403727795", " 0.999995627678585", "1", " 1", " 0.99999999999978", " 1", " 1", " 1", " 1", "6.6", "5.1", " 4.6", " 2.9", " 3.2", " 6.4", " 5.5", " 5.8", " 3.9", " 3.6", " ", " 6.2", " 5.5", " 5.8", " 6.4", " 5.6", " 5.4", " 5.5", " 6.2", " 6.6", " 6.6", " 6.1", " 6.2", " 6.1", " 6.6", " 6.4", " 5.1", " 5.8", " 6.0", " 6.6", " 6.4", " 6.4", " 5.1", " 5.1", " 4.7", " 6.4"
"108", "", "False", "", "", "No results", " No results", " No results", " No results", " No results", "", "220.85431", "255.82333", "1.725", "15878347.0695653", "0", "0", "0", "", "", "", "", "No matches found", " No matches found", "PreferredDDA", "", "[M+Cl]-1", "2478501.38405454", " 3193814.42716378", " 2466703.62068978", " 3979501.30390545", " 3190901.59832183", " 2422760.85244712", "76.6040331372677", " 88.530334966997", " 74.5798942429632", " 57.6001815497137", " 49.6550626712897", " 115.67727794194", "1.289", " 1.606", " 0.772", " 1.294", " 0.620", " 0.609", " 1.317", "0.37", " 0.68", " -0.37", " 0.37", " -0.69", " -0.72", " 0.40", "0.999813725704326", " 0.903783199980099", " 0.999794914929897", " 0.997693217477116", " 0.995924349529627", " 0.998851347910183", " 0.999583089271079", "1", " 1", " 0.99999999999978", " 1", " 1", " 1", " 1", "6.0", "5.2", " ", " 1.9", " 6.0", " ", " ", " ", " 5.6", " ", " 5.8", " ", " ", " ", " ", " ", " ", " 5.6", " ", " ", " ", " ", " 5.5", " ", " ", " ", " ", " 5.2", " ", " ", " ", " ", " ", " ", " ", " "
"151", "", "False", "", "", "No results", " No results", " No results", " No results", " No results", "", "220.85435", "255.82341", "1.174", "4752222.73549089", "0", "0", "0", "", "", "", "", "No matches found", " No matches found", "PreferredDDA", "", "[M+Cl]-1", "1658605.36139411", " 1390609.28705768", " 1879506.44669411", " 2121872.54979966", " 2332164.03653345", " 3093804.64711712", "20.7116233223746", " 16.2724738417899", " 14.6831411712002", " 9.50064414285742", " 3.89654442629263", " 23.6825753568421", "0.838", " 1.279", " 1.352", " 1.241", " 0.886", " 1.458", " 0.754", "-0.25", " 0.36", " 0.43", " 0.31", " -0.17", " 0.54", " -0.41", "0.824914039030223", " 0.0168865235703347", " 0.0165917873902763", " 0.272077288578415", " 0.808694606820433", " 0.00161284017373053", " 0.139949708595028", "1", " 0.0956718013935893", " 0.381611109976356", " 1", " 1", " 0.0242546349203323", " 1", "8.6", "6.6", " 6.6", " 7.0", " 6.4", " 6.4", " 6.9", " 6.9", " 6.5", " 6.9", " 6.5", " 7.6", " 7.6", " 7.6", " 7.4", " 7.6", " 7.4", " 7.8", " 7.8", " 7.4", " 8.1", " 8.1", " 7.8", " 7.8", " 7.9", " 8.3", " 8.6", " 8.6", " 6.6", " 6.2", " 6.2", " 6.6", " 6.6", " 5.9", " 6.2", " 6.6"
"1205", "", "False", "", "", "Unused", " No results", " No results", " No results", " No results", "", "257.83034", "256.82306", "1.859", "1172926.82159426", "0", "0", "0", "", "", "", "", "No matches found", " No matches found", "PreferredDDA", "", "[M-H]-1", "275113.991676279", " 217842.296258708", " 373102.292205809", " 366857.527366886", " 396716.942520606", " 371149.451857877", "108.816555185617", " 77.9257161484455", " 64.8988800037956", " 62.7712104864367", " 79.6001429661878", " 68.345761722851", "0.792", " 1.333", " 1.713", " 1.063", " 1.017", " 1.012", " 1.069", "-0.34", " 0.42", " 0.78", " 0.09", " 0.02", " 0.02", " 0.10", "0.999998412724736", " 0.951514938731921", " 0.971371682737311", " 0.996463446162833", " 0.99995768605735", " 0.980844293369505", " 0.999828406320687", "1", " 1", " 0.99999999999978", " 1", " 1", " 1", " 1", "5.5", "4.8", " 2.3", " ", " 0.8", " 4.8", " 4.2", " 1.5", " 3.3", " ", " 3.3", " 3.3", " 1.7", " 2.5", " 4.2", " 3.3", " 0.8", " 3.6", " 3.1", " 3.6", " 3.6", " 1.1", " 4.0", " 3.0", " 5.5", " 3.0", " 1.7", " 2.0", " 4.4", " 4.4", " 5.2", " 4.4", " 3.1", " 4.2", " 2.0", " 4.2"
"1015", "", "False", "", "", "No results", " No results", " No results", " No results", " No results", "", "259.82656", "258.81928", "1.850", "1183889.37547322", "0", "0", "0", "", "", "", "", "No matches found", " No matches found", "PreferredDDA", "", "[M-H]-1", "271354.194401482", " 417007.224833256", " 381943.616143362", " 428658.958526925", " 515910.955451042", " 374023.589289638", "104.387767669003", " 74.4510284606725", " 65.5924536944016", " 66.1763716591341", " 65.2483040224509", " 69.9063976152735", "1.537", " 1.580", " 0.916", " 1.351", " 0.891", " 0.873", " 1.379", "0.62", " 0.66", " -0.13", " 0.43", " -0.17", " -0.20", " 0.46", "0.999995697358434", " 0.936764269619826", " 0.997248988931881", " 0.992860689750814", " 0.999355232530269", " 0.99136839079769", " 0.99993766975709", "1", " 1", " 0.99999999999978", " 1", " 1", " 1", " 1", "5.2", "2.5", " 1.5", " ", " 1.6", " 4.8", " ", " 2.3", " 2.9", " ", " 3.3", " 3.6", " 2.9", " 2.1", " 3.8", " 3.6", " 1.5", " 0.5", " 2.9", " 5.2", " 3.3", " 3.8", " 3.6", " 4.2", " 5.2", " 3.8", " 2.0", " ", " 5.2", " 4.4", " 4.0", " 4.4", " 3.1", " 4.2", " 2.3", " 3.8"
"1722", "", "False", "", "", "No results", " No results", " No results", " No results", " No results", "", "259.82661", "258.81934", "1.167", "318565.607604769", "0", "0", "0", "", "", "", "", "No matches found", " No matches found", "PreferredDDA", "", "[M-H]-1", "105090.074596328", " 91057.8187134359", " 122892.20946686", " 149925.080617159", " 153895.497648875", " 209318.328466143", "22.1991603871895", " 17.4405240597327", " 11.6508889655535", " 9.02892169536012", " 7.64558207181063", " 24.1851988569548", "0.866", " 1.427", " 1.350", " 1.252", " 0.820", " 1.396", " 0.735", "-0.21", " 0.51", " 0.43", " 0.32", " -0.29", " 0.48", " -0.44", "0.957288182969225", " 0.00581555947396428", " 0.032734730173164", " 0.319356560404541", " 0.621020365025902", " 0.00344354958234472", " 0.101904104660273", "1", " 0.0454776750864007", " 0.492279980681043", " 1", " 1", " 0.0464285478171305", " 1", "7.1", "5.6", " 5.6", " 4.8", " 3.7", " 5.6", " 4.9", " 4.5", " 5.3", " 6.1", " 6.1", " 5.1", " 5.4", " 6.2", " 6.9", " 6.6", " 6.2", " 5.6", " 5.9", " 5.2", " 6.3", " 7.1", " 7.1", " 4.8", " 5.6", " 7.1", " 5.6", " 5.9", " 5.9", " 5.6", " 4.8", " 5.2", " 5.2", " 3.9", " 4.0", " 4.8"
"248", "", "False", "", "", "No results", " No results", " No results", " No results", " No results", "", "260.82368", "259.81640", "2.006", "2879221.99520596", "0", "0", "0", "", "", "", "", "No matches found", " No matches found", "PreferredDDA", "", "[M-H]-1", "1388312.94488416", " 108318.440813888", " 487271.007714631", " 365841.033734828", " 1124756.22482991", " 273742.363461276", "87.7756530688986", " 180.157991276487", " 107.544806667128", " 99.8684662420884", " 85.9251066007975", " 115.849424655736", "0.078", " 0.264", " 4.499", " 2.308", " 1.332", " 0.748", " 4.109", "-3.68", " -1.92", " 2.17", " 1.21", " 0.41", " -0.42", " 2.04", "0.699234201746504", " 0.999999999996545", " 0.582100685380525", " 0.997971506553674", " 0.999994348488124", " 0.999993630873786", " 0.997239360452252", "1", " 1", " 0.99999999999978", " 1", " 1", " 1", " 1", "6.1", "6.0", " ", " 1.1", " 5.6", " 5.4", " ", " 0.4", " 5.2", " 1.1", " ", " 5.6", " ", " 4.8", " 5.8", " 0.4", " 4.4", " ", " ", " 6.0", " ", " 4.4", " 6.0", " ", " 6.0", " ", " ", " 5.6", " ", " ", " 6.1", " ", " ", " 4.5", " 5.6", " "
"303", "", "False", "", "", "No results", " No results", " No results", " No results", " No results", "", "260.82375", "259.81647", "1.837", "5916679.33725993", "0", "0", "0", "", "", "", "", "No matches found", " No matches found", "PreferredDDA", "", "[M-H]-1", "1388312.94488416", " 2095238.71529896", " 1394009.38386", " 2010640.28784766", " 1440823.27053438", " 1845826.02857607", "97.7628198668424", " 73.0987483588095", " 68.8338664251808", " 59.6447313291838", " 77.5280689524244", " 68.5487958714667", "1.509", " 1.448", " 0.665", " 1.034", " 0.693", " 0.918", " 0.781", "0.59", " 0.53", " -0.59", " 0.05", " -0.53", " -0.12", " -0.36", "0.99992504002606", " 0.909148722272635", " 0.999243117620495", " 0.999379493272282", " 0.9976645114178", " 0.986952778656742", " 0.991061688906677", "1", " 1", " 0.99999999999978", " 1", " 1", " 1", " 1", "6.4", "4.8", " 4.4", " 1.1", " 2.2", " 5.4", " 4.5", " 4.8", " 4.1", " 1.1", " 4.8", " 6.0", " 4.1", " 5.0", " 5.8", " 5.8", " 4.4", " 4.8", " 4.8", " 6.4", " 5.6", " 4.4", " 4.8", " 5.2", " 6.0", " 5.5", " 4.5", " 5.0", " 5.8", " 6.0", " 6.1", " 5.8", " 4.8", " 4.1", " 2.8", " 6.1"
"431", "", "False", "", "", "No results", " No results", " No results", " No results", " No results", "", "260.82387", "259.81660", "1.172", "1593722.62034415", "0", "0", "0", "", "", "", "", "No matches found", " No matches found", "PreferredDDA", "", "[M-H]-1", "576757.235937022", " 471306.311075037", " 642169.953121573", " 716398.453255998", " 813465.823484286", " 1084950.60252071", "20.6620015471775", " 16.3368100427294", " 13.2708609081632", " 8.64920057336981", " 3.57657666306656", " 22.6477793094962", "0.817", " 1.242", " 1.363", " 1.267", " 0.896", " 1.514", " 0.750", "-0.29", " 0.31", " 0.45", " 0.34", " -0.16", " 0.60", " -0.42", "0.747988266385066", " 0.017127943983507", " 0.0153128302538699", " 0.226190275988321", " 0.741743015802432", " 0.00105845307028807", " 0.107882193567594", "1", " 0.0956718013935893", " 0.374207289328945", " 1", " 1", " 0.0172439646034431", " 1", "8.4", "6.2", " 5.8", " 6.5", " 6.2", " 6.2", " 6.7", " 6.3", " 6.7", " 6.7", " 6.3", " 7.0", " 7.4", " 7.0", " 7.2", " 7.2", " 7.2", " 7.5", " 7.9", " 7.5", " 7.1", " 7.5", " 7.1", " 7.7", " 8.0", " 8.4", " 8.0", " 8.0", " 6.4", " 6.0", " 6.0", " 6.0", " 6.0", " 6.0", " 6.4", " 6.0"
"135", "", "False", "NP-021701", "C15 H22 O4", "No match", " Invalid mass", " No results", " No results", " No results", "14.71", "266.15572", "265.14845", "7.459", "14859750.9678035", "0", "5", "0", "86.3", "9.3", "", "", "No matches found", " No matches found", "PreferredDDA", "", "[M-H]-1", "6640464.25874479", " 7978859.01426944", " 8346640.27474718", " 7022695.77477293", " 7254223.10680009", " 6712106.19127243", "20.5225089645718", " 39.4361658807749", " 33.4003578452795", " 38.3008418476957", " 15.9522482470241", " 34.1306135290282", "1.202", " 1.058", " 1.046", " 0.869", " 1.189", " 0.956", " 1.081", "0.26", " 0.08", " 0.07", " -0.20", " 0.25", " -0.07", " 0.11", "0.907234960175789", " 0.470361179204689", " 0.999999902538019", " 0.995169176040938", " 0.962226574161916", " 0.554843710866837", " 0.999992583570436", "1", " 1", " 0.99999999999978", " 1", " 1", " 1", " 1", "6.7", "3.4", " 6.5", " ", " 4.2", " 6.1", " ", " 5.6", " 4.8", " 4.1", " 6.0", " 3.7", " 6.0", " 4.1", " 6.0", " 6.0", " 3.7", " 6.0", " 6.7", " 4.4", " 3.7", " 6.0", " 4.8", " 4.1", " 4.7", " 5.1", " 5.1", " ", " 4.4", " 4.8", " 4.4", " 5.2", " 6.0", " 3.3", " 2.7", " 4.4"
"588", "", "False", "7-heptadecynoic acid", "C17 H30 O2", "Full match", " No results", " No results", " Partial match", " Full match", "1.46", "266.22497", "265.21769", "10.350", "1386757.52347335", "2", "0", "0", "", "", "", "", "Multiple matches found", " Multiple matches found", "PreferredDDA", "", "[M-H]-1", "495703.803819203", " 461658.006545656", " 592631.348432107", " 948175.203152841", " 301561.985968446", " 766374.271801441", "53.6892776391343", " 30.6121368981411", " 25.6783198695792", " 24.9767874528375", " 21.8453721909811", " 36.5530075422297", "0.931", " 1.913", " 1.284", " 0.509", " 0.625", " 0.808", " 0.393", "-0.10", " 0.94", " 0.36", " -0.97", " -0.68", " -0.31", " -1.35", "0.955725646661503", " 0.00212758985993744", " 0.727421844858279", " 0.0402523653760961", " 0.337288748143052", " 0.389924050154258", " 0.0161258559737283", "1", " 0.0207971908808885", " 0.99999999999978", " 0.357697155955763", " 1", " 1", " 1", "6.4", "2.9", " 5.0", " 1.5", " 2.1", " 2.5", " 3.4", " 3.0", " 3.4", " 3.4", " 5.5", " 4.5", " 4.9", " 3.5", " 4.3", " 3.1", " 4.3", " 6.0", " 5.3", " 4.9", " 6.4", " 5.3", " 5.6", " 5.3", " 3.9", " 3.1", " 2.9", " 5.0", " 4.4", " 3.8", " 3.2", " 4.0", " 4.7", " 5.5", " 5.9", " 3.8"
"974", "", "False", "9-oxo-7E-hexadecenoic acid", "C16 H28 O3", "Full match", " No results", " No results", " No results", " Full match", "3.30", "268.20473", "267.19745", "6.508", "1318991.95032337", "0", "0", "0", "", "", "", "", "Multiple matches found", " No matches found", "PreferredDDA", "", "[M-H]-1", "265040.897943596", " 536053.760219888", " 381288.75927978", " 354194.712724811", " 165008.767832793", " 141144.125998154", "81.9184155877252", " 33.2267710144196", " 71.7940630426985", " 32.2662823169266", " 16.3471289874001", " 33.0641651067745", "2.023", " 1.336", " 0.711", " 0.433", " 1.076", " 0.398", " 1.169", "1.02", " 0.42", " -0.49", " -1.21", " 0.11", " -1.33", " 0.23", "0.788549915642228", " 0.998531813751678", " 0.994321064201052", " 0.0130466864803023", " 0.9970366716419", " 0.00174594790016536", " 0.999480566745804", "1", " 1", " 0.99999999999978", " 0.154583467084794", " 1", " 0.0252839121838761", " 1", "5.4", "1.5", " 3.6", " 2.9", " 5.0", " 1.5", " 4.9", " 3.2", " 4.1", " 4.0", " 1.1", " 3.6", " 5.4", " 2.9", " 3.3", " 4.0", " 1.7", " 2.6", " 3.8", " 4.1", " 2.6", " 3.4", " 3.0", " 4.1", " 3.0", " 2.3", " ", " 2.3", " 1.6", " 1.5", " ", " ", " 1.3", " ", " 2.4", " 1.6"
"97", "", "False", "trans-10-Heptadecenoic acid", "C17 H32 O2", "Full match", " Full match", " No results", " Partial match", " Not the top hit", "1.52", "268.24064", "267.23336", "11.727", "13571960.3338632", "2", "2", "0", "96.4", "9.8", "", "", "Multiple matches found", " Multiple matches found", "PreferredDDA", "", "[M-H]-1", "7120790.11830287", " 8614046.70316674", " 10594162.5332307", " 10475064.9814988", " 7776717.88732771", " 9355747.14936572", "25.4087090952021", " 22.850311379626", " 14.7250922956555", " 20.0579985390534", " 7.51343642450447", " 20.6293311617411", "1.210", " 1.471", " 1.230", " 0.734", " 1.011", " 0.893", " 0.831", "0.27", " 0.56", " 0.30", " -0.45", " 0.02", " -0.16", " -0.27", "0.755571240078816", " 0.00237588143326473", " 0.140630267075024", " 0.188707495763761", " 0.999970689135265", " 0.739758428754875", " 0.647578595100478", "1", " 0.0226577961074758", " 0.99999999999978", " 0.997089605995008", " 1", " 1", " 1", "7.6", "6.1", " 5.3", " 3.6", " 4.9", " 4.9", " 5.3", " 6.1", " 5.7", " 5.3", " 5.7", " 7.5", " 6.3", " 6.3", " 6.0", " 7.1", " 7.5", " 5.7", " 5.3", " 4.6", " 6.5", " 6.5", " 5.7", " 5.7", " 6.1", " 7.6", " 6.8", " 7.6", " 5.7", " 5.3", " 4.6", " 5.7", " 5.3", " 6.5", " 6.5", " 6.5"
"335", "", "False", "Ambrettolic acid", "C16 H30 O3", "Full match", " No results", " No results", " Partial match", " Full match", "2.88", "270.22027", "269.21300", "6.630", "3422120.13249993", "1", "0", "0", "", "", "", "", "Multiple matches found", " Single match found", "PreferredDDA", "", "[M-H]-1", "1082699.48818758", " 858446.554291336", " 945915.99301822", " 1083106.788183", " 990505.872061811", " 660596.653763674", "70.7790641531684", " 13.0378597708589", " 26.9200716251271", " 25.0644836498467", " 47.622100957811", " 25.8341410446855", "0.793", " 1.000", " 1.102", " 1.047", " 0.873", " 0.610", " 1.499", "-0.33", " 0.00", " 0.14", " 0.07", " -0.20", " -0.71", " 0.58", "0.600763276829254", " 0.831458697467472", " 0.999633163674944", " 0.994836700294117", " 0.946615148421647", " 0.461309307772055", " 0.999958302125018", "1", " 1", " 0.99999999999978", " 1", " 1", " 1", " 1", "4.5", "0.8", " 1.6", " 0.5", " 4.5", " 0.8", " 3.6", " 2.5", " 4.0", " 2.5", " 2.9", " 1.6", " ", " 2.2", " 4.1", " 2.0", " 1.8", " 1.5", " 1.8", " 1.8", " 2.6", " 1.8", " 2.2", " 3.4", " 0.6", " 1.2", " 3.1", " 0.8", " ", " 2.2", " 1.5", " 2.2", " 1.8", " 1.2", " 2.8", " 2.6"
"1429", "", "False", "Ambrettolic acid", "C16 H30 O3", "Full match", " No results", " No results", " Partial match", " Full match", "3.28", "270.22038", "269.21310", "4.648", "1590781.10212159", "1", "0", "0", "", "", "", "", "Multiple matches found", " Single match found", "PreferredDDA", "", "[M-H]-1", "878680.262169525", " 922836.724778218", " 1194754.44187823", " 1252936.97414324", " 817729.256517151", " 850368.092842093", "32.9752425089519", " 14.209732979914", " 22.2241267976494", " 19.7904879880514", " 38.4490525585188", " 3.32043213850456", "1.050", " 1.426", " 1.295", " 0.684", " 0.954", " 0.679", " 0.962", "0.07", " 0.51", " 0.37", " -0.55", " -0.07", " -0.56", " -0.06", "0.999999421956848", " 0.477616379259118", " 0.713513764490073", " 0.00752024595631007", " 0.999820919794488", " 0.0648362565644039", " 0.483090215275279", "1", " 1", " 0.99999999999978", " 0.117616646756689", " 1", " 0.478320307861923", " 1", "5.0", "", " 1.3", " ", " 3.2", " 1.3", " ", " 3.6", " 4.7", " 4.0", " ", " 3.7", " 4.5", " 4.5", " 2.6", " 3.4", " 1.5", " 4.6", " 3.5", " 3.1", " 3.5", " 4.6", " 2.3", " 5.0", " 0.7", " ", " ", " ", " ", " ", " ", " ", " ", " ", " ", " "
"10", "", "False", "Margaric acid", "C17 H34 O2", "Full match", " No results", " No results", " Partial match", " Full match", "1.30", "270.25623", "269.24895", "13.176", "142736504.453828", "2", "0", "0", "", "", "", "", "Multiple matches found", " Multiple matches found", "PreferredDDA", "", "[M-H]-1", "74881323.6495538", " 90548414.9047596", " 108691905.664316", " 113423953.407157", " 87687539.659382", " 92507805.3203762", "50.5923810252356", " 26.8362324484084", " 18.6022607879196", " 18.2268414681177", " 26.3396232535835", " 26.6356533116041", "1.209", " 1.515", " 1.200", " 0.807", " 0.958", " 0.816", " 0.948", "0.27", " 0.60", " 0.26", " -0.31", " -0.06", " -0.29", " -0.08", "0.838471515067083", " 0.197443063249686", " 0.956516636656886", " 0.839646518108275", " 0.999897160506101", " 0.981035897965064", " 0.949801419877326", "1", " 0.603126857270525", " 0.99999999999978", " 1", " 1", " 1", " 1", "8.1", "6.6", " 6.6", " 5.1", " 6.2", " 6.6", " 6.8", " 7.6", " 6.8", " 7.6", " 7.6", " 8.1", " 6.6", " 7.0", " 8.1", " 7.7", " 8.1", " 8.1", " 7.7", " 7.7", " 8.1", " 8.1", " 8.1", " 7.7", " 7.2", " 6.8", " 6.1", " 7.6", " 7.6", " 7.6", " 6.5", " 6.8", " 7.6", " 7.6", " 7.2", " 7.2"
"1248", "", "False", "Cer 9:1;2O/6:0", "C15 H29 N O3", "Full match", " No results", " Full match", " No results", " Partial match", "2.36", "271.21538", "270.20811", "2.923", "1293551.85509511", "0", "0", "2", "", "", "0.2", "", "No matches found", " Single match found", "PreferredDDA", "", "[M-H]-1", "347816.213888175", " 828051.476683303", " 365439.406387469", " 622666.006760156", " 447321.145353217", " 454007.642437772", "51.3201142792609", " 49.9354714307207", " 37.0021924406594", " 15.1327940318165", " 25.9163318458672", " 25.5257473738292", "2.381", " 1.790", " 0.441", " 1.224", " 0.587", " 0.729", " 0.985", "1.25", " 0.84", " -1.18", " 0.29", " -0.77", " -0.46", " -0.02", "0.122525434415965", " 0.218115274090868", " 0.356074244643632", " 0.999999999092553", " 0.571131682394775", " 0.532473372163088", " 0.999999996954748", "1", " 0.643169185941652", " 0.99999999999978", " 1", " 1", " 1", " 1", "5.2", "2.1", " 1.4", " 0.8", " 2.9", " 3.3", " 0.4", " 3.9", " 3.5", " 3.9", " 2.7", " 2.6", " 3.4", " 2.2", " 2.2", " 4.4", " 1.9", " 3.3", " 4.4", " 3.9", " 5.0", " 5.0", " 4.4", " 5.2", " 3.9", " 3.9", " 4.3", " 2.0", " 2.8", " 2.8", " 2.1", " 3.1", " 3.9", " 2.8", " 4.3", " 3.1"
"1490", "", "False", "Asperitaconic acid B", "C13 H20 O6", "Not the top hit", " No results", " No results", " No results", " Full match", "1.64", "272.12643", "271.11916", "1.489", "1034950.11128591", "0", "0", "0", "", "", "", "", "Multiple matches found", " No matches found", "PreferredDDA", "", "[M-H]-1", "465609.670478277", " 571342.829511709", " 846082.109645474", " 618180.866305719", " 542470.369199698", " 497301.037741017", "44.2169323060222", " 30.313450241365", " 20.7649609672503", " 8.2089285463775", " 10.9584661481829", " 40.6964415534753", "1.227", " 1.328", " 1.481", " 0.641", " 1.369", " 0.804", " 1.091", "0.30", " 0.41", " 0.57", " -0.64", " 0.45", " -0.31", " 0.13", "0.999980224301105", " 0.898779172119035", " 0.459687007179066", " 0.399967307706737", " 0.882059619988782", " 0.873953087961754", " 0.999996286954646", "1", " 1", " 0.99999999999978", " 1", " 1", " 1", " 1", "5.4", "2.0", " 1.4", " 1.7", " 2.9", " 4.2", " 1.1", " 3.4", " 3.8", " 3.2", " 3.6", " 1.8", " 3.4", " 2.2", " 3.5", " 4.5", " 3.1", " 4.6", " 3.1", " 5.3", " 5.4", " 4.3", " 5.0", " 5.3", " 3.8", " 3.4", " 4.1", " 3.8", " 1.7", " 1.4", " 1.0", " 3.5", " 2.3", " 2.1", " 1.0", " 1.7"
"1108", "", "False", "16-Hydroxyhexadecanoic acid", "C16 H32 O3", "Full match", " Full match", " No results", " Full match", " Not the top hit", "1.04", "272.23543", "271.22815", "9.458", "1848016.37504706", "1", "1", "0", "61.7", "8.1", "", "", "Multiple matches found", " No matches found", "PreferredDDA", "", "[M-H]-1", "523340.347080488", " 812574.251801922", " 782909.454229843", " 817882.164545657", " 506162.577588228", " 586524.748568623", "74.9684184102744", " 50.8073280717894", " 35.8785549537807", " 25.0034997253718", " 50.7132313017081", " 34.5771989490387", "1.553", " 1.563", " 0.963", " 0.647", " 0.957", " 0.717", " 0.863", "0.63", " 0.64", " -0.05", " -0.63", " -0.06", " -0.48", " -0.21", "0.981385854039428", " 0.821736500044448", " 0.999999999998867", " 0.890137472620851", " 0.995477808303261", " 0.530625797780709", " 0.999993451200588", "1", " 1", " 0.99999999999978", " 1", " 1", " 1", " 1", "4.1", "0.2", " 1.8", " ", " 2.3", " 0.2", " 1.6", " 2.7", " 0.5", " 2.7", " ", " 3.6", " 3.6", " ", " 1.9", " 1.7", " 1.3", " 1.8", " 3.0", " 3.7", " 3.0", " 3.0", " 2.6", " 4.1", " ", " 0.5", " ", " ", " ", " 1.0", " 2.6", " 1.0", " 3.8", " ", " 0.7", " 1.0"
"686", "", "False", "16-Hydroxyhexadecanoic acid", "C16 H32 O3", "Full match", " Full match", " No results", " Full match", " Not the top hit", "3.33", "272.23605", "271.22878", "5.848", "3079605.08281567", "1", "1", "0", "96.9", "9.8", "", "", "Multiple matches found", " No matches found", "PreferredDDA", "", "[M-H]-1", "1481454.9125718", " 1586267.81819299", " 1583971.17881595", " 2179130.63909835", " 1153064.72727964", " 1285346.84053872", "63.5478516023438", " 34.1377218548118", " 42.1997749201252", " 32.4725643467125", " 16.5926125022174", " 17.4094561643376", "1.071", " 1.471", " 0.999", " 0.728", " 0.727", " 0.590", " 0.897", "0.10", " 0.56", " 0.00", " -0.46", " -0.46", " -0.76", " -0.16", "0.999767147123479", " 0.453002125821394", " 0.996409534719708", " 0.948620626052656", " 0.874481629447938", " 0.516693480722181", " 0.997159098429789", "1", " 1", " 0.99999999999978", " 1", " 1", " 1", " 1", "6.4", "3.9", " 2.7", " 1.0", " 4.8", " 3.5", " 3.2", " 3.6", " 4.2", " 3.2", " 2.9", " 3.3", " 3.3", " 2.3", " 3.1", " 2.0", " 2.9", " 4.6", " 2.5", " 4.2", " 2.7", " 4.6", " 3.8", " 4.7", " 4.6", " 4.2", " 5.4", " 4.6", " 4.6", " 4.6", " 5.8", " 5.8", " 6.4", " 5.8", " 5.0", " 5.8"
"1315", "", "False", "podocarpic acid", "C17 H22 O3", "Full match", " No results", " No results", " Full match", " Full match", "3.09", "274.15774", "273.15047", "5.880", "1091631.90509736", "4", "0", "0", "", "", "", "", "Single match found", " Single match found", "PreferredDDA", "", "[M-H]-1", "362115.587642371", " 475424.647727352", " 443571.7448561", " 254705.779787956", " 226100.729825163", " 227499.165417567", "75.6615614832178", " 72.4885500562062", " 51.9000874608523", " 52.0086275358903", " 14.6996211944973", " 39.0527250973936", "1.313", " 0.703", " 0.933", " 0.510", " 1.742", " 0.893", " 0.994", "0.39", " -0.51", " -0.10", " -0.97", " 0.80", " -0.16", " -0.01", "0.994146496050654", " 0.992430362117106", " 0.999999956863618", " 0.746145293826063", " 0.803777152986937", " 0.995587964891419", " 0.999993949706868", "1", " 1", " 0.99999999999978", " 1", " 1", " 1", " 1", "4.6", "0.6", " 2.3", " ", " 1.4", " 3.9", " 0.8", " 3.3", " 0.4", " 2.5", " 4.6", " 1.4", " 2.7", " 0.4", " 3.5", " 2.9", " 1.7", " 0.4", " 1.1", " 2.1", " 2.5", " 1.7", " 1.0", " 1.9", " 3.2", " 3.4", " 3.2", " 2.0", " 2.4", " 1.3", " 1.6", " 1.5", " 2.4", " ", " ", " 1.9"
"99","","False","3E,9Z,12Z,15Z-octadecatetraenoic acid","C18 H28 O2","Full match"," No results"," No results"," Partial match"," Full match","2.81","276.20971","275.20243","8.828","8498242.46564983","3","0","0","","","","","Multiple matches found"," Multiple matches found","PreferredDDA","","[M-H]-1","1419274.61107512"," 625234.564294688"," 1042786.43895002"," 2961904.3410193"," 570265.444477587"," 2615376.81880816","67.8340834053598"," 22.537113057272"," 50.7863666733809"," 60.7641266133091"," 33.0933776911439"," 42.6589265387397","0.441"," 2.087"," 1.668"," 0.547"," 0.352"," 0.883"," 0.218","-1.18"," 1.06"," 0.74"," -0.87"," -1.51"," -0.18"," -2.20","0.852097151003579"," 0.00450547052656469"," 0.701990534015483"," 0.56350578707319"," 0.00500177915896527"," 0.588571755435701"," 0.00478449304144835","1"," 0.0374816803380169"," 0.99999999999978"," 1"," 0.433772932400521"," 1"," 1","6.4","6.0"," 4.5"," 1.9"," 5.4"," 3.3"," 4.3"," 6.0"," 6.2"," 5.6"," 3.9"," 5.2"," 5.8"," 2.7"," 5.4"," 3.9"," 5.5"," 6.4"," 6.0"," 6.0"," 6.0"," 5.2"," 5.6"," 6.2"," 5.7"," 4.1"," 4.9"," 4.7"," 6.4"," 4.2"," 5.4"," 5.2"," 6.0"," 5.6"," 5.6"," 4.6"
"474", "", "False", "", "", "Unused", " No results", " No results", " No results", " No results", "", "277.99970", "276.99242", "1.259", "900622.552275544", "0", "0", "0", "", "", "", "", "No matches found", " No matches found", "PreferredDDA", "", "[M-H]-1", "426767.947693668", " 429161.900520944", " 386982.754482246", " 357158.452108545", " 376565.401407199", " 290629.221576725", "48.1924732224685", " 28.324023762279", " 27.8412673559321", " 36.9371453460447", " 47.2849061048733", " 67.9315486702736", "1.006", " 0.837", " 0.902", " 0.973", " 1.084", " 0.814", " 1.296", "0.01", " -0.26", " -0.15", " -0.04", " 0.12", " -0.30", " 0.37", "0.998978578615864", " 0.999758310208716", " 0.998287331486445", " 0.999998128500464", " 0.999810834949701", " 0.994593329353102", " 0.991928900814505", "1", " 1", " 0.99999999999978", " 1", " 1", " 1", " 1", "7.3", "5.5", " 5.9", " 2.7", " 5.8", " 5.2", " 5.0", " 6.9", " 6.5", " 6.5", " 5.8", " 6.9", " 6.5", " 7.3", " 5.0", " 6.5", " 4.8", " 6.0", " 6.4", " 6.0", " 6.0", " 5.8", " 6.0", " 4.7", " 4.9", " 5.5", " 5.5", " 5.9", " 4.9", " 5.5", " 5.9", " 5.9", " 5.5", " ", " 5.8", " 4.2"
"946", "", "False", "2-Phenyl-4-piperazin-1-yl-1H-benzimidazole", "C17 H18 N4", "Not the top hit", " No results", " No results", " No match", " Full match", "-1.58", "278.15271", "277.14543", "7.072", "916762.103393275", "4", "0", "0", "", "", "", "", "Multiple matches found", " Multiple matches found", "PreferredDDA", "", "[M-H]-1", "404536.522968218", " 498643.427857994", " 565363.590087381", " 609061.056723275", " 453271.784826697", " 500584.588749625", "36.6042550656993", " 38.3221928777307", " 27.4394196536897", " 21.4434130306178", " 34.8046368767335", " 34.6977829164559", "1.233", " 1.506", " 1.134", " 0.802", " 0.928", " 0.822", " 0.905", "0.30", " 0.59", " 0.18", " -0.32", " -0.11", " -0.28", " -0.14", "0.899465547275026", " 0.288331871880182", " 0.901364480942487", " 0.944869641781435", " 0.999999971719347", " 0.999883343433747", " 0.980379948407964", "1", " 0.822886269758842", " 0.99999999999978", " 1", " 1", " 1", " 1", "6.4", "5.3", " 3.8", " 0.9", " 3.4", " 4.1", " 1.6", " 4.1", " 3.8", " 4.9", " 6.3", " 5.3", " 5.6", " 5.8", " 5.6", " 3.9", " 4.3", " 3.1", " 5.0", " 4.3", " 5.0", " 4.3", " 6.4", " 5.8", " 5.3", " 5.9", " 3.8", " 2.6", " 5.3", " 5.9", " 5.3", " 5.1", " 2.6", " 3.8", " 5.3", " 3.8"
"11", "", "False", "Oleic acid alkyne", "C18 H30 O2", "Full match", " Full match", " No results", " Partial match", " Partial match", "2.18", "278.22519", "277.21791", "9.984", "117181268.655161", "7", "6", "0", "96.0", "9.8", "", "", "Multiple matches found", " Multiple matches found", "PreferredDDA", "", "[M-H]-1", "34660904.4292634", " 32923705.0493749", " 37466735.4674997", " 71610965.5142579", " 33224006.7705783", " 73330115.2572215", "64.1548902452651", " 26.5864700585416", " 26.6550808655487", " 31.5080456444839", " 34.575918287558", " 33.3454741714491", "0.950", " 2.066", " 1.138", " 0.887", " 0.523", " 1.024", " 0.453", "-0.07", " 1.05", " 0.19", " -0.17", " -0.93", " 0.03", " -1.14", "0.999367645720403", " 0.0279091165044791", " 0.784766137012993", " 0.906668519862185", " 0.174266033696871", " 0.999998681176498", " 0.0230500500345988", "1", " 0.138132462699384", " 0.99999999999978", " 1", " 1", " 1", " 1", "7.2", "6.6", " 6.6", " 6.6", " 5.5", " 6.6", " 6.5", " 7.2", " 6.5", " 7.2", " 5.7", " 6.5", " 5.7", " 6.5", " 6.8", " 5.7", " 6.5", " 7.1", " 6.7", " 6.7", " 5.6", " 5.2", " 6.7", " 7.1", " 5.6", " 6.3", " 6.3", " 6.0", " 6.3", " 6.0", " 6.3", " 6.3", " 6.3", " 6.3", " 5.2", " 6.3"
"22", "", "False", "a-Eleostearic acid", "C18 H30 O2", "Full match", " Full match", " No results", " Not the top hit", " Not the top hit", "2.51", "278.22528", "277.21800", "10.184", "61569281.767442", "7", "6", "0", "96.3", "9.8", "", "", "Multiple matches found", " Multiple matches found", "PreferredDDA", "", "[M-H]-1", "8382602.05967625", " 9199921.28425759", " 20230076.3213615", " 27259199.4861937", " 9839676.88508036", " 23140080.773629", "61.9229323486826", " 21.0585534310842", " 39.0832655375281", " 49.5988134843506", " 17.6443935962816", " 35.9914763045777", "1.098", " 3.252", " 2.199", " 0.486", " 0.742", " 0.849", " 0.425", "0.13", " 1.70", " 1.14", " -1.04", " -0.43", " -0.24", " -1.23", "0.890726023505563", " 7.54304770940184E-05", " 0.0888809668731588", " 0.21358223002031", " 0.607391110410592", " 0.697531814732269", " 0.109230685819394", "1", " 0.00109234505717634", " 0.955225505727727", " 1", " 1", " 1", " 1", "7.0", "6.6", " 5.8", " ", " 6.2", " 6.0", " ", " 5.3", " 5.7", " 6.5", " 6.8", " 6.0", " 5.2", " 5.6", " 6.0", " 5.2", " 6.7", " 5.8", " 5.1", " ", " 5.8", " 5.8", " 5.8", " 5.8", " 6.6", " 7.0", " 6.6", " 7.0", " 5.2", " 6.0", " 5.2", " 4.4", " 4.4", " 5.2", " ", " 5.2"
"463", "", "False", "", "", "Unused", " No results", " No results", " No results", " No results", "", "280.04843", "279.04115", "2.547", "2734086.15184537", "0", "0", "0", "", "", "", "", "No matches found", " No matches found", "PreferredDDA", "", "[M-H]-1", "422889.368305973", " 86297.020921061", " 18746.8735398385", " 77236.1476264759", " 80037.8998745598", " 316771.417118409", "107.347757109591", " 174.05711017812", " 7.79127402034148", " 213.799439905746", " 161.624652248668", " 121.527857504277", "0.204", " 0.183", " 0.217", " 4.269", " 0.243", " 4.101", " 0.253", "-2.29", " -2.45", " -2.20", " 2.09", " -2.04", " 2.04", " -1.98", "0.927382426823012", " 0.890742138095144", " 0.626011307962551", " 0.717936290970453", " 0.560154781806022", " 0.734099419741763", " 0.833314770044526", "1", " 1", " 0.99999999999978", " 1", " 1", " 1", " 1", "6.0", "3.3", " 4.6", " 0.0", " ", " 4.6", " ", " 5.8", " 2.3", " ", " 0.0", " ", " ", " ", " ", " ", " ", " ", " 0.8", " 6.0", " 3.3", " 0.8", " ", " ", " 2.3", " ", " ", " 5.0", " ", " 6.0", " 4.4", " 4.6", " 1.1", " 0.8", " 0.8", " 4.4"
"4","","False","9(Z),11(E)-Conjugated linoleic acid","C18 H32 O2","No match"," Invalid mass"," No results"," No match"," No match","64270.06","298.25129","279.23345","11.282","1499336948.63095","7","4","0","97.0","9.8","","","Multiple matches found"," Multiple matches found","PreferredDDA","","[M-H-H2O]-1","519462902.070295"," 679291690.212438"," 756726898.973644"," 736801426.499893"," 343929000.322608"," 833556987.098935","52.9968630117493"," 27.5868557587746"," 35.4651127254221"," 56.0890693516528"," 23.0159809349105"," 36.2230203660143","1.308"," 1.418"," 1.114"," 0.454"," 1.027"," 1.131"," 0.413","0.39"," 0.50"," 0.16"," -1.14"," 0.04"," 0.18"," -1.28","0.797751822057996"," 0.494160591609749"," 0.972545026827363"," 0.154492689166702"," 0.998591472128867"," 0.9541440062097"," 0.0549019669282318","1"," 1"," 0.99999999999978"," 0.888332962708537"," 1"," 1"," 1","7.6","7.0"," 3.9"," 6.6"," 6.2"," 6.6"," 6.8"," 5.3"," 7.6"," 6.5"," 6.8"," 6.0"," 6.3"," 6.0"," 7.5"," 5.6"," 6.7"," 5.5"," 5.5"," 4.7"," 6.2"," 6.2"," 5.5"," 5.8"," 6.5"," 6.8"," 6.5"," 7.6"," 6.3"," 6.7"," 6.7"," 6.3"," 7.1"," 7.1"," 7.1"," 6.3"
"1","","False","9(Z),11(E)-Conjugated linoleic acid","C18 H32 O2","Full match"," Full match"," No results"," Not the top hit"," Not the top hit","1.86","280.24075","279.23347","11.263","1499336948.63095","5","4","0","96.4","9.8","","","Multiple matches found"," Multiple matches found","PreferredDDA","","[M-H]-1","519462902.070295"," 721928735.678902"," 787099684.834787"," 741252972.141881"," 348149014.30013"," 833556987.098935","52.9968630117493"," 28.7315753462219"," 32.1281279171185"," 43.577567477601"," 22.1216240095976"," 36.2230203660143","1.390"," 1.427"," 1.090"," 0.442"," 1.062"," 1.125"," 0.418","0.47"," 0.51"," 0.12"," -1.18"," 0.09"," 0.17"," -1.26","0.686295073501853"," 0.141406042901261"," 0.940305373659528"," 0.109167706175056"," 0.99999999740915"," 0.999776404584152"," 0.0460271053204883","1"," 0.476635885986148"," 0.99999999999978"," 0.699747100236836"," 1"," 1"," 1","7.6","7.0"," 3.9"," 6.6"," 6.2"," 6.6"," 6.8"," 5.3"," 7.6"," 6.5"," 6.8"," 6.0"," 6.3"," 6.0"," 7.5"," 5.6"," 6.7"," 5.5"," 5.5"," 4.7"," 6.2"," 7.0"," 5.5"," 5.8"," 6.5"," 6.8"," 6.5"," 7.6"," 6.3"," 6.7"," 6.7"," 6.3"," 7.1"," 7.1"," 7.1"," 6.3"
"60", "", "False", "Linoleic acid", "C18 H32 O2", "Full match", " Full match", " No results", " Full match", " Not the top hit", "2.21", "280.24085", "279.23357", "11.545", "51475360.4130279", "5", "4", "0", "96.7", "9.8", "", "", "Multiple matches found", " Multiple matches found", "PreferredDDA", "", "[M-H]-1", "4680361.97048241", " 16520852.3039523", " 36267430.5578132", " 16657251.394623", " 28192453.5475234", " 14876942.0377424", "52.4745678971495", " 38.7792542576464", " 23.4930095406037", " 33.8058391634599", " 41.5619996609182", " 87.4186251547903", "3.530", " 3.559", " 2.195", " 0.777", " 2.177", " 0.893", " 1.895", "1.82", " 1.83", " 1.13", " -0.36", " 1.12", " -0.16", " 0.92", "0.0838269148340595", " 0.0878075980614276", " 0.543365198311232", " 0.987508638527866", " 0.310588296616668", " 0.934290258006834", " 0.34633867496348", "1", " 0.326978769923983", " 0.99999999999978", " 1", " 1", " 1", " 1", "6.0", "5.1", " 5.2", " ", " ", " ", " ", " ", " ", " ", " ", " ", " ", " ", " ", " ", " ", " ", " ", " ", " ", " 6.0", " 6.0", " ", " 5.5", " ", " ", " ", " 3.3", " ", " ", " ", " 5.1", " 5.5", " ", " "
"2", "", "False", "Oleic acid", "C18 H34 O2", "Full match", " Full match", " No results", " Full match", " Not the top hit", "1.81", "282.25639", "281.24911", "12.585", "1405205763.30702", "6", "3", "0", "96.7", "9.8", "", "", "Multiple matches found", " Multiple matches found", "PreferredDDA", "", "[M-H]-1", "334153641.041723", " 580379118.879589", " 961969750.947518", " 819334714.597072", " 378759615.528489", " 645864937.980319", "63.4582236666424", " 27.5872116475337", " 22.3382658573097", " 31.7623876807721", " 22.7802890491338", " 45.3543810567372", "1.737", " 2.452", " 1.657", " 0.394", " 1.174", " 0.788", " 0.586", "0.80", " 1.29", " 0.73", " -1.34", " 0.23", " -0.34", " -0.77", "0.0870094432874587", " 0.000660590463673949", " 0.182924815355313", " 0.0294916893106587", " 0.963470516803441", " 0.798951551504206", " 0.575933247899808", "1", " 0.00759679033225041", " 0.99999999999978", " 0.274553583820656", " 1", " 1", " 1", "7.6", "5.8", " 6.6", " 6.6", " 6.6", " 6.6", " 7.6", " 7.2", " 7.6", " 7.6", " 6.8", " 7.6", " 7.2", " 6.8", " 6.5", " 7.2", " 5.3", " 7.1", " 5.6", " 6.7", " 6.7", " 7.1", " 7.1", " 5.2", " 7.6", " 7.2", " 7.6", " 7.6", " 6.6", " 6.2", " 6.2", " 5.8", " 6.2", " 5.1", " 5.8", " 6.6"
"123", "", "False", "", "", "Unused", " No results", " No results", " No results", " No results", "", "284.25085", "283.24358", "10.585", "8060496.49037244", "0", "0", "0", "", "", "", "", "No matches found", " No matches found", "PreferredDDA", "", "[M-H]-1", "631804.85885001", " 1619261.36019299", " 2765942.85526495", " 4238143.36558448", " 547064.848981146", " 1081834.51630795", "72.5911741431166", " 38.1040941110413", " 35.1328497346529", " 38.7824767376851", " 31.2312551646816", " 39.2161605605951", "2.563", " 6.708", " 1.708", " 0.198", " 0.653", " 0.255", " 0.506", "1.36", " 2.75", " 0.77", " -2.34", " -0.62", " -1.97", " -0.98", "0.107616284854095", " 4.40479780250413E-06", " 0.439747661577539", " 0.000883231630567805", " 0.452811474324313", " 4.83429495123922E-05", " 0.513601510017467", "1", " 0.000107642246298695", " 0.99999999999978", " 0.0215839729720007", " 1", " 0.00189020932593453", " 1", "6.9", "3.6", " 4.2", " 3.0", " 2.7", " 4.8", " 5.1", " 6.9", " 4.0", " 4.2", " 5.1", " 4.2", " 6.9", " 4.4", " 5.7", " 5.0", " 5.4", " 6.5", " 6.5", " 5.4", " 4.4", " 6.0", " 5.0", " 5.0", " 3.0", " 5.5", " 3.0", " 2.2", " 4.0", " 4.7", " 2.4", " 2.5", " 5.9", " 4.4", " 5.5", " 1.7"
"8", "", "False", "Stearic acid", "C18 H36 O2", "Full match", " Full match", " No results", " Full match", " Full match", "1.88", "284.27206", "283.26479", "13.923", "399417336.874577", "3", "2", "0", "96.9", "9.8", "", "", "Multiple matches found", " Multiple matches found", "PreferredDDA", "", "[M-H]-1", "239327540.40633", " 260590171.680947", " 305830651.24601", " 302891671.865343", " 241451141.165809", " 240654133.292217", "22.7141067415959", " 10.4547117673478", " 38.4453164169769", " 30.8224024815551", " 5.02942837632661", " 26.9420665655259", "1.089", " 1.266", " 1.174", " 0.789", " 1.010", " 0.795", " 1.003", "0.12", " 0.34", " 0.23", " -0.34", " 0.01", " -0.33", " 0.00", "0.973449478430059", " 0.857569493814916", " 0.999999999887929", " 0.99995386250012", " 0.999358702200674", " 0.799489723907508", " 0.993010457491513", "1", " 1", " 0.99999999999978", " 1", " 1", " 1", " 1", "9.1", "7.6", " 6.1", " 6.1", " 6.5", " 7.2", " 8.6", " 8.6", " 7.1", " 8.2", " 8.2", " 6.0", " 6.3", " 6.7", " 5.2", " 6.0", " 6.0", " 6.7", " 6.3", " 6.0", " 5.6", " 7.1", " 5.6", " 6.0", " 8.4", " 8.0", " 9.1", " 8.4", " 7.2", " 6.5", " 6.8", " 7.6", " 6.5", " 7.2", " 7.6", " 6.5"
"721", "", "False", "", "", "Unused", " No results", " No results", " No results", " No results", "", "286.12521", "285.11794", "5.614", "2458155.29149519", "0", "0", "0", "", "", "", "", "No matches found", " No matches found", "PreferredDDA", "", "[M-H]-1", "380417.068185261", " 399045.145998838", " 739857.60263269", " 426504.053634022", " 290713.53459669", " 381411.230350151", "48.2951613366363", " 50.68152483882", " 80.8189754120543", " 64.0401055438809", " 53.6094587445105", " 27.2147276134366", "1.049", " 1.121", " 1.854", " 0.393", " 1.735", " 0.894", " 0.762", "0.07", " 0.16", " 0.89", " -1.35", " 0.79", " -0.16", " -0.39", "0.999834183704064", " 0.837432782328951", " 0.166448410154599", " 0.135624987928902", " 0.527099714703266", " 0.938529856551304", " 0.998964924959892", "1", " 1", " 0.99999999999978", " 0.803475307275766", " 1", " 1", " 1", "4.8", "1.4", " 1.4", " 1.5", " 0.2", " 2.9", " 2.1", " 1.7", " 0.8", " 2.1", " 2.7", " 4.2", " 4.8", " 2.5", " 3.5", " 1.7", " 3.3", " 2.1", " 1.7", " 1.7", " 2.5", " 2.5", " 4.6", " 3.6", " 3.6", " 1.0", " 2.5", " 0.4", " 3.9", " 2.5", " 3.1", " 3.9", " 3.9", " 3.5", " 1.6", " 2.4"
"396", "", "False", "", "", "Unused", " No results", " No results", " No results", " No results", "", "290.07735", "289.07008", "2.548", "3189923.34831477", "0", "0", "0", "", "", "", "", "No matches found", " No matches found", "PreferredDDA", "", "[M-H]-1", "537531.889364085", " 121106.286746259", " 18525.5168471774", " 92340.7666610904", " 106298.090918845", " 365300.967263472", "106.9302895676", " 172.5556352811", " 7.79127402034146", " 210.895322578543", " 158.693141973122", " 119.014098190684", "0.225", " 0.172", " 0.153", " 5.738", " 0.201", " 3.956", " 0.291", "-2.15", " -2.54", " -2.71", " 2.52", " -2.32", " 1.98", " -1.78", "0.932867800638486", " 0.884180980614794", " 0.482265312096428", " 0.617251576997026", " 0.430834877887428", " 0.816084335814093", " 0.881080008545133", "1", " 1", " 0.99999999999978", " 1", " 1", " 1", " 1", "6.4", "2.9", " 5.0", " 0.4", " 0.0", " 5.2", " ", " 5.8", " 1.1", " 0.0", " 1.1", " ", " ", " ", " ", " ", " ", " ", " 0.4", " 6.4", " 3.3", " 1.1", " ", " ", " 2.3", " ", " 0.0", " 5.4", " ", " 6.0", " 4.6", " 5.0", " 1.9", " 0.4", " 1.5", " 3.6"
"356", "", "False", "Carboxyifosfamide", "C7 H15 Cl2 N2 O4 P", "No match", " No results", " No results", " Not the top hit", " Full match", "2.18", "292.01529", "291.00801", "1.259", "1224482.95584914", "3", "0", "0", "", "", "", "", "No matches found", " Multiple matches found", "PreferredDDA", "", "[M-H]-1", "540461.133062365", " 568310.78324562", " 500551.62537149", " 403892.963761136", " 436700.695302671", " 310029.058323052", "61.2908553646822", " 35.0876176389077", " 30.9231347192662", " 43.8190363640278", " 56.0647628910547", " 86.4036010772316", "1.052", " 0.747", " 0.881", " 0.872", " 1.239", " 0.768", " 1.409", "0.07", " -0.42", " -0.18", " -0.20", " 0.31", " -0.38", " 0.49", "0.999966419153722", " 0.999360146600512", " 0.999379612015816", " 0.999979351655433", " 0.999949950736668", " 0.923494639064631", " 0.960252639852269", "1", " 1", " 0.99999999999978", " 1", " 1", " 1", " 1", "6.8", "5.5", " 6.1", " 3.0", " 5.8", " 5.5", " 4.9", " 6.4", " 6.0", " 6.4", " 6.3", " 6.4", " 6.0", " 6.8", " 6.0", " 6.0", " 5.4", " 5.5", " 5.5", " 5.5", " 5.9", " 4.9", " 6.1", " 4.8", " 4.5", " 4.8", " 5.9", " 6.1", " 5.2", " 5.5", " 5.9", " 5.5", " 6.3", " ", " 5.8", " 4.9"
"375", "", "False", "Alosetron", "C17 H18 N4 O", "Full match", " No results", " No results", " Partial match", " Full match", "-0.70", "294.14786", "293.14058", "4.621", "3724001.31472326", "1", "0", "0", "", "", "", "", "No matches found", " Multiple matches found", "PreferredDDA", "", "[M-H]-1", "1412039.50069457", " 743671.6730697", " 98627.0985251903", " 349938.242631552", " 412797.595531625", " 797042.953157841", "80.8506409684237", " 100.983453924679", " 86.9220198736029", " 144.491035034642", " 96.5173942883559", " 92.4154050158761", "0.527", " 0.248", " 0.133", " 4.185", " 0.282", " 2.278", " 0.518", "-0.93", " -2.01", " -2.91", " 2.07", " -1.83", " 1.19", " -0.95", "0.810775935695782", " 0.691168776954327", " 0.541063514369174", " 0.506990991328382", " 0.52241681567793", " 0.515888455376286", " 0.835750302388472", "1", " 1", " 0.99999999999978", " 1", " 1", " 1", " 1", "4.8", "3.9", " 4.5", " 2.1", " 1.4", " 4.8", " 0.0", " 3.7", " 4.2", " 0.0", " 4.6", " ", " 2.5", " 0.8", " 0.0", " 0.4", " 0.8", " ", " 3.3", " 4.1", " 4.2", " 2.9", " 1.9", " 0.0", " 2.5", " 0.0", " 2.9", " 3.1", " 2.9", " 4.8", " 4.5", " 4.5", " 2.5", " 3.5", " 2.5", " 3.1"
"169", "", "False", "Myristyl sulfate", "C14 H30 O4 S", "Not the top hit", " Full match", " No results", " No results", " Full match", "2.08", "294.18709", "293.17982", "9.412", "15639943.2798461", "0", "2", "0", "90.1", "9.5", "", "", "No matches found", " Single match found", "PreferredDDA", "", "[M-H]-1", "10293596.0337929", " 11780312.0354127", " 11777162.4174417", " 11798948.6670892", " 11444672.1731137", " 11529557.5472648", "12.2469349731499", " 14.7804646546224", " 17.0562963139397", " 13.7829284853189", " 12.8079479039041", " 19.5755872178123", "1.144", " 1.146", " 1.000", " 0.972", " 0.998", " 0.977", " 0.993", "0.19", " 0.20", " 0.00", " -0.04", " 0.00", " -0.03", " -0.01", "0.93502812830918", " 0.380903421565146", " 0.986156018809476", " 0.998640938000169", " 0.999549626760382", " 0.755226482110361", " 0.997669461251771", "1", " 1", " 0.99999999999978", " 1", " 1", " 1", " 1", "7.1", "", " 4.1", " ", " 4.4", " 6.0", " 4.4", " 6.7", " 5.6", " 5.6", " 6.3", " 3.9", " 5.5", " 5.1", " 5.5", " 5.1", " ", " 6.7", " 7.1", " 4.1", " 4.1", " 6.0", " 5.6", " 4.4", " ", " 4.1", " 6.0", " ", " 4.3", " 6.2", " 5.8", " 5.1", " 5.8", " 4.3", " ", " 3.9"
"136", "", "False", "13(S)-HOTrE", "C18 H30 O3", "Full match", " Full match", " No results", " Not the top hit", " Not the top hit", "3.25", "294.22045", "293.21317", "6.820", "8472381.71696115", "11", "3", "0", "92.9", "9.6", "", "", "Multiple matches found", " Multiple matches found", "PreferredDDA", "", "[M-H]-1", "532996.67768603", " 743632.0651017", " 288441.989029237", " 410381.790159435", " 190464.756475579", " 182420.669921902", "175.244180704446", " 99.2075342731356", " 24.9209391596765", " 35.7381177943953", " 81.1986966047108", " 64.7282392327566", "1.395", " 0.770", " 0.388", " 0.660", " 0.703", " 0.445", " 1.044", "0.48", " -0.38", " -1.37", " -0.60", " -0.51", " -1.17", " 0.06", "0.997089694315653", " 0.959950705488143", " 0.502678380571591", " 0.999933824942043", " 0.994708944593037", " 0.903982281722125", " 0.999978008074815", "1", " 1", " 0.99999999999978", " 1", " 1", " 1", " 1", "6.4", "2.5", " 3.3", " ", " 5.8", " 4.2", " 2.5", " 2.7", " 6.4", " ", " 5.6", " 2.0", " ", " 1.6", " 2.4", " 2.8", " 2.1", " 3.8", " ", " 1.6", " 2.6", " 0.7", " 3.8", " 2.2", " 0.8", " ", " 0.4", " 2.9", " ", " 0.8", " 2.9", " 0.8", " 2.5", " 1.1", " 2.5", " 1.5"
"43", "", "False", "(+/-)12(13)-DiHOME", "C18 H34 O4", "No match", " Invalid mass", " No results", " No match", " No match", "-57310.34", "296.23618", "295.22890", "7.483", "32611909.0827385", "6", "9", "0", "95.5", "9.8", "", "", "Multiple matches found", " Multiple matches found", "PreferredDDA", "", "[M-H]-1", "1993572.00232795", " 2304688.40572244", " 1671186.91310262", " 1671924.73838372", " 1549926.87616977", " 1433821.23867767", "172.703849960528", " 66.0444746187356", " 58.1674165686491", " 30.2604559888461", " 27.3903758518407", " 38.2260851532983", "1.156", " 0.839", " 0.725", " 0.927", " 1.000", " 0.858", " 1.081", "0.21", " -0.25", " -0.46", " -0.11", " 0.00", " -0.22", " 0.11", "0.999243312066043", " 0.942422588443021", " 0.892810321051209", " 0.99954483829118", " 0.999958067515272", " 0.999439340392829", " 0.999995801233826", "1", " 1", " 0.99999999999978", " 1", " 1", " 1", " 1", "6.5", "6.0", " 5.2", " 0.0", " 3.2", " 4.5", " 6.0", " 4.1", " 5.1", " 4.5", " ", " 2.0", " 5.6", " 4.1", " 4.1", " 2.0", " 3.1", " 4.4", " 5.1", " 4.7", " 4.2", " 4.2", " 5.4", " 6.5", " 3.2", " ", " 4.3", " 5.3", " 4.4", " 4.7", " 5.0", " 2.9", " 5.0", " 1.7", " 5.0", " 4.7"
"150", "", "False", "(+/-)9-HODE", "C18 H32 O3", "Full match", " Full match", " No results", " Partial match", " Not the top hit", "3.63", "296.23622", "295.22894", "7.728", "14742601.9180912", "6", "9", "0", "88.4", "9.4", "", "", "Multiple matches found", " Multiple matches found", "PreferredDDA", "", "[M-H]-1", "2181879.79865009", " 1794952.93069369", " 1599361.68415953", " 1387057.50097206", " 1658134.29540188", " 1550501.36223366", "67.6044200515004", " 130.726538061366", " 42.8357770901265", " 35.5633451821138", " 23.6720674265724", " 30.8183059730634", "0.823", " 0.636", " 0.891", " 1.037", " 1.153", " 1.118", " 1.069", "-0.28", " -0.65", " -0.17", " 0.05", " 0.21", " 0.16", " 0.10", "0.876451428526112", " 0.997175674791411", " 0.838377128779164", " 0.999998846751177", " 0.997641473708152", " 0.999162284375432", " 0.989928599024327", "1", " 1", " 0.99999999999978", " 1", " 1", " 1", " 1", "6.1", "4.8", " 4.5", " 1.0", " 4.8", " 1.8", " 3.9", " 4.5", " 3.9", " 4.8", " 4.7", " 4.6", " 4.8", " ", " 4.8", " 3.9", " 2.7", " 3.6", " 4.4", " 4.4", " 4.0", " 4.7", " 4.4", " 6.1", " 3.2", " 3.6", " 4.5", " 6.0", " 4.7", " 4.4", " ", " 2.9", " 5.0", " ", " ", " 3.6"
"764","","False","(+/-)9,10-dihydroxy-12Z-octadecenoic acid","C18 H34 O4","No match"," Invalid mass"," No results"," No match"," No match","-57310.10","296.23626","295.22898","8.458","1410247.60293807","6","9","0","75.2","8.8","","","Multiple matches found"," Multiple matches found","PreferredDDA","","[M-H]-1","425466.868837419"," 726876.208771714"," 635684.203677231"," 605024.587078501"," 395735.168067287"," 320752.014182288","60.4582487979023"," 40.4884523354862"," 29.3027231575167"," 17.5871501944779"," 8.4221045162462"," 21.926139527504","1.708"," 1.422"," 0.875"," 0.623"," 1.051"," 0.530"," 1.234","0.77"," 0.51"," -0.19"," -0.68"," 0.07"," -0.92"," 0.30","0.0933293125315205"," 0.616817113081305"," 0.874317313387883"," 0.082840534870836"," 0.999785676160144"," 0.00101595995499404"," 0.853874058441563","1"," 1"," 0.99999999999978"," 0.568257002359594"," 1"," 0.0172439646034431"," 1","5.4","1.4"," 4.0"," 1.7"," 3.1"," 0.6"," 2.9"," 4.6"," 2.5"," 3.9"," 3.9"," 4.6"," 4.9"," 3.9"," 4.1"," 4.3"," 4.5"," 4.4"," 5.2"," 4.8"," 4.4"," 5.4"," 3.6"," 5.0"," 3.5"," 3.1"," 3.5"," 3.9"," 1.2"," 1.6"," "," 2.0"," 1.0"," 1.2"," 2.4"," 2.0"
"1541","","False","(+/-)9,10-dihydroxy-12Z-octadecenoic acid","C18 H34 O4","No match"," Invalid mass"," No results"," No match"," No match","-57309.35","296.23649","295.22922","5.633","2271107.36754137","6","9","0","94.2","9.7","","","Multiple matches found"," Multiple matches found","PreferredDDA","","[M-H]-1","261979.837385299"," 400106.685026244"," 790739.954792667"," 450559.854309991"," 441267.337732261"," 736862.896754478","126.70936664054"," 59.2158924093214"," 54.2230035249611"," 34.9103222985981"," 18.8364913965302"," 30.4815799329067","1.527"," 1.720"," 1.976"," 0.558"," 1.755"," 1.635"," 0.599","0.61"," 0.78"," 0.98"," -0.84"," 0.81"," 0.71"," -0.74","0.999999719376908"," 0.999491559574409"," 0.759944087553846"," 0.755399160588768"," 0.832143786671618"," 0.78842198686302"," 0.715078834241516","1"," 1"," 0.99999999999978"," 1"," 1"," 1"," 1","4.7","0.6"," 1.7"," "," "," 0.0"," "," 0.8"," 0.6"," 4.2"," 1.7"," 1.4"," "," "," 1.4"," "," 3.5"," 1.1"," 1.9"," "," 2.6"," 1.9"," 1.9"," 2.6"," 2.9"," 2.9"," 2.1"," 3.3"," 3.4"," 2.5"," 1.9"," 3.6"," 3.0"," 4.0"," 2.2"," 4.7"
"519", "", "False", "(+/-)13-HODE", "C18 H32 O3", "Full match", " Full match", " No results", " Full match", " Not the top hit", "4.58", "296.23650", "295.22923", "5.383", "3340074.76961372", "6", "9", "0", "95.0", "9.8", "", "", "Multiple matches found", " Multiple matches found", "PreferredDDA", "", "[M-H]-1", "744818.903324275", " 954880.904748961", " 943997.008885634", " 1061519.19596034", " 255447.362397987", " 559485.014949088", "104.962535402781", " 26.5758140853359", " 47.000129915318", " 16.0784091731547", " 22.7415480396039", " 36.7274767858086", "1.282", " 1.425", " 0.989", " 0.271", " 0.889", " 0.527", " 0.457", "0.36", " 0.51", " -0.02", " -1.89", " -0.17", " -0.92", " -1.13", "0.999999999602646", " 0.962451595194768", " 0.996062835278946", " 0.00132539664465925", " 0.999639529391287", " 0.0355381613666153", " 0.224328211994735", "1", " 1", " 0.99999999999978", " 0.0272752677927245", " 1", " 0.30207437161623", " 1", "5.4", "3.6", " 4.2", " 1.4", " 3.7", " 2.7", " 4.9", " 2.0", " 4.5", " 5.3", " 4.5", " 3.1", " 4.5", " 3.9", " 2.1", " 4.6", " 3.5", " 3.9", " 4.6", " 5.4", " 5.4", " 5.4", " 4.6", " 3.9", " 2.5", " 1.8", " 4.3", " 2.4", " 1.3", " 1.1", " 3.4", " ", " 4.4", " ", " 3.0", " "
"322", "", "False", "(+/-)12(13)-DiHOME", "C18 H34 O4", "No match", " Invalid mass", " No results", " No match", " No match", "-57309.07", "296.23658", "295.22930", "6.261", "6183432.15729796", "6", "9", "0", "94.3", "54.6", "", "", "Multiple matches found", " Multiple matches found", "PreferredDDA", "", "[M-H]-1", "1055538.20616156", " 1211184.72554045", " 1231980.92207153", " 1188071.42379242", " 724275.113293791", " 979505.609979244", "95.4708112123458", " 15.4738592555432", " 94.8284717436489", " 77.882604735696", " 13.7772871786352", " 25.4793176188617", "1.147", " 1.126", " 1.017", " 0.588", " 1.037", " 0.824", " 0.739", "0.20", " 0.17", " 0.02", " -0.77", " 0.05", " -0.28", " -0.44", "0.998757832086347", " 0.918966454090734", " 0.873802281875996", " 0.348533939728484", " 0.989497039007644", " 0.642128132899293", " 0.999697944701843", "1", " 1", " 0.99999999999978", " 1", " 1", " 1", " 1", "5.0", "2.7", " 3.5", " 0.0", " 2.2", " 3.1", " 5.0", " 4.2", " 3.5", " 3.1", " 3.5", " 2.7", " 3.0", " 2.0", " 2.3", " 3.6", " 1.6", " 3.0", " 2.3", " 3.9", " 2.7", " 0.8", " 3.9", " 1.2", " 4.4", " 4.0", " 4.4", " 4.7", " 3.4", " 3.0", " 4.5", " 2.0", " 4.5", " 3.9", " 3.4", " 3.4"
"310", "", "False", "17-methyl-6Z-octadecenoic acid", "C19 H36 O2", "Full match", " No results", " No results", " Partial match", " Full match", "3.10", "296.27245", "295.26516", "13.383", "5463729.16929602", "3", "0", "0", "", "", "", "", "Multiple matches found", " Multiple matches found", "PreferredDDA", "", "[M-H]-1", "3363344.62084048", " 3771513.82889323", " 4482087.21893256", " 3945067.20897934", " 3331783.8036652", " 3413886.02946213", "20.5555730151079", " 13.342043900239", " 10.2816042400544", " 14.9496706387181", " 11.8487997334497", " 24.8167839808822", "1.121", " 1.173", " 1.188", " 0.743", " 1.136", " 0.865", " 0.976", "0.17", " 0.23", " 0.25", " -0.43", " 0.18", " -0.21", " -0.04", "0.999469386817867", " 0.775018316414497", " 0.310371055670768", " 0.0448939304034812", " 0.792202693318171", " 0.607823063028391", " 0.97354801628804", "1", " 1", " 0.99999999999978", " 0.365698474745024", " 1", " 1", " 1", "7.1", "2.8", " 4.2", " 3.6", " 3.6", " 4.0", " 4.2", " 5.4", " 4.6", " 5.7", " 4.6", " 5.0", " 5.2", " 5.7", " 5.6", " 6.5", " 5.7", " 6.1", " 5.4", " 6.1", " 7.1", " 5.4", " 6.1", " 6.5", " 5.4", " 4.6", " 3.8", " 4.2", " 4.7", " 3.6", " 3.2", " 4.3", " 5.1", " 5.3", " 5.1", " 4.3"
"1007", "", "False", "Phoxim", "C12 H15 N2 O3 P S", "Invalid mass", " No results", " No results", " Not the top hit", " Full match", "3.46", "298.05513", "297.04785", "13.310", "589289.975493257", "3", "0", "0", "", "", "", "", "No matches found", " Multiple matches found", "PreferredDDA", "", "[M-H]-1", "257614.256452827", " 314049.309597098", " 148982.504130796", " 291638.149845531", " 272827.130715285", " 179273.965078576", "77.292440285224", " 52.8936895951224", " 55.6234722109006", " 48.6067504133136", " 57.9546648820321", " 71.4919985218478", "1.219", " 1.132", " 0.474", " 1.831", " 0.511", " 0.615", " 1.522", "0.29", " 0.18", " -1.08", " 0.87", " -0.97", " -0.70", " 0.61", "0.999996006158548", " 0.999989851924641", " 0.900944488077171", " 0.919608994185734", " 0.857881792570103", " 0.959752733920023", " 0.98105071526257", "1", " 1", " 0.99999999999978", " 1", " 1", " 1", " 1", "5.5", "1.4", " 2.9", " 4.8", " 1.1", " ", " ", " 2.9", " 1.0", " 1.5", " 0.6", " 0.4", " ", " 1.7", " 2.1", " 0.8", " ", " 4.0", " 1.7", " ", " 2.7", " 3.6", " 1.7", " ", " 2.3", " 5.5", " 2.1", " 2.7", " ", " ", " 4.4", " 3.8", " 3.3", " 0.8", " 2.3", " 1.5"
"534", "", "False", "Phoxim", "C12 H15 N2 O3 P S", "No match", " No results", " No results", " Not the top hit", " Full match", "3.88", "298.05526", "297.04798", "12.158", "1303290.24491959", "3", "0", "0", "", "", "", "", "No matches found", " Multiple matches found", "PreferredDDA", "", "[M-H]-1", "542963.65613135", " 929528.701428802", " 563636.654989197", " 654733.849584367", " 653536.065266133", " 657391.463213605", "67.026022651937", " 44.3501569702308", " 45.8530321055356", " 49.4851863429527", " 42.0225634037713", " 51.9552499804298", "1.712", " 1.206", " 0.606", " 1.159", " 0.861", " 1.004", " 0.994", "0.78", " 0.27", " -0.72", " 0.21", " -0.22", " 0.01", " -0.01", "0.962435438450329", " 0.999979106144576", " 0.858161441916448", " 0.966290913566034", " 0.995881396897034", " 0.999999351508711", " 0.999543401992982", "1", " 1", " 0.99999999999978", " 1", " 1", " 1", " 1", "5.2", "4.8", " 2.0", " 2.7", " 5.2", " ", " ", " 2.7", " 2.3", " 2.5", " 2.0", " 1.7", " 2.9", " 1.2", " 2.0", " 0.8", " 1.9", " 3.9", " 2.3", " ", " 1.7", " 2.3", " 3.9", " 0.2", " 1.4", " 2.9", " 4.6", " 1.6", " 0.6", " 1.7", " 4.2", " 3.1", " 2.3", " 4.2", " 1.0", " 2.1"
"1551", "", "False", "glyprothiazol", "C11 H14 N4 O2 S2", "No match", " No results", " No results", " Full match", " No results", "0.06", "298.05583", "297.04856", "4.887", "668880.121000454", "1", "0", "0", "", "", "", "", "No matches found", " No matches found", "PreferredDDA", "", "[M-H]-1", "585792.187956308", " 525854.699084765", " 561757.996488701", " 609129.754750428", " 469736.976337794", " 550630.992883149", "10.0351724579335", " 12.9949091105036", " 13.3409714141493", " 10.1435335506752", " 11.043030333993", " 12.0812131236837", "0.898", " 1.040", " 1.068", " 0.836", " 0.922", " 0.904", " 0.853", "-0.16", " 0.06", " 0.10", " -0.26", " -0.12", " -0.15", " -0.23", "0.892513335366133", " 0.999996973813209", " 0.999966575815655", " 0.637810678295987", " 0.866879149560827", " 0.723671374973344", " 0.687704451172445", "1", " 1", " 0.99999999999978", " 1", " 1", " 1", " 1", "6.6", "3.4", " 6.6", " 4.5", " 6.4", " 4.5", " 4.9", " 5.3", " 4.7", " 3.8", " 5.7", " 4.9", " 6.3", " 5.3", " 5.3", " 4.5", " 5.3", " 6.0", " 4.9", " 4.9", " 5.3", " 5.3", " 4.7", " 5.3", " 5.7", " 4.9", " 4.1", " 4.5", " 4.5", " 5.7", " 4.1", " 4.1", " 4.7", " 4.9", " 4.5", " 4.9"
"502", "", "False", "NP-014839", "C19 H22 O3", "No match", " Invalid mass", " No results", " No results", " No results", "14.40", "298.16119", "297.15391", "7.733", "8534233.79748031", "0", "3", "0", "83.0", "9.2", "", "", "No matches found", " No matches found", "PreferredDDA", "", "[M-H]-1", "6187766.96944587", " 5585897.3184766", " 7573625.80761925", " 6325909.79780906", " 5400377.69316533", " 6366146.38986934", "29.8269077791329", " 16.910253208104", " 11.8971549726565", " 12.8588144712464", " 56.2509503540295", " 25.0285948399308", "0.903", " 1.022", " 1.356", " 0.713", " 1.197", " 1.006", " 0.848", "-0.15", " 0.03", " 0.44", " -0.49", " 0.26", " 0.01", " -0.24", "0.999999990478329", " 0.999815399129024", " 0.931270703988059", " 0.0682248432777977", " 0.978910930255863", " 0.999425058549573", " 0.296007534688904", "1", " 1", " 0.99999999999978", " 0.476355602171766", " 1", " 1", " 1", "6.7", "4.9", " 4.2", " ", " 4.2", " 3.6", " ", " ", " ", " 4.7", " 5.5", " 6.3", " 6.3", " 4.8", " 6.3", " 6.3", " 5.6", " 5.2", " 5.2", " 5.6", " 6.7", " 5.6", " 6.3", " 6.3", " 3.9", " 3.7", " 2.0", " ", " 4.9", " 5.3", " ", " 4.2", " ", " 2.8", " 4.9", " 3.4"
"496", "", "False", "NP-011548", "C18 H34 O3", "Full match", " Full match", " No results", " Partial match", " Partial match", "3.28", "298.25177", "297.24450", "10.810", "7578652.24125237", "7", "1", "0", "87.2", "9.4", "", "", "Multiple matches found", " Multiple matches found", "PreferredDDA", "", "[M-H]-1", "3215863.5100789", " 3167676.36701741", " 2859486.49162498", " 3304367.80347223", " 3530212.56724536", " 2684603.20134811", "24.7063910229549", " 14.0759085674863", " 35.8797279023167", " 51.2399145795944", " 70.054441276354", " 34.8304124465356", "0.985", " 1.028", " 0.903", " 1.235", " 0.865", " 0.812", " 1.315", "-0.02", " 0.04", " -0.15", " 0.30", " -0.21", " -0.30", " 0.40", "0.999997486645893", " 0.988365114992634", " 0.995685475937077", " 0.998785500109197", " 0.999892881099741", " 0.99897642859449", " 0.934866740148181", "1", " 1", " 0.99999999999978", " 1", " 1", " 1", " 1", "5.0", "1.7", " 3.2", " ", " ", " 2.1", " 3.5", " 5.0", " 2.7", " 4.6", " 3.1", " 1.6", " 1.2", " 1.2", " 1.6", " 1.2", " 1.9", " ", " 4.5", " 1.7", " 1.1", " 1.3", " 0.7", " 1.1", " 2.0", " 0.7", " 1.3", " ", " 1.2", " 1.2", " 1.7", " 1.2", " 1.2", " ", " 2.5", " 1.2"
"140", "", "False", "NP-011548", "C18 H34 O3", "Full match", " Full match", " No results", " Partial match", " Partial match", "3.40", "298.25181", "297.24453", "8.827", "13179424.2875846", "7", "1", "0", "93.1", "9.7", "", "", "Multiple matches found", " Multiple matches found", "PreferredDDA", "", "[M-H]-1", "4503520.63338392", " 4240940.44400469", " 4366546.61091986", " 2980216.55615854", " 4134093.52756312", " 3667014.12536086", "78.570630426591", " 28.3162844515064", " 41.2418335489402", " 32.7873558484084", " 14.1898572283024", " 43.842506939347", "0.942", " 0.662", " 1.030", " 0.947", " 1.465", " 1.230", " 1.127", "-0.09", " -0.60", " 0.04", " -0.08", " 0.55", " 0.30", " 0.17", "0.996646496387051", " 0.764653383932653", " 0.999997176644517", " 0.999158493942221", " 0.975198009169955", " 0.999771270139847", " 0.962031560633519", "1", " 1", " 0.99999999999978", " 1", " 1", " 1", " 1", "6.1", "4.1", " 3.3", " ", " 5.1", " 2.8", " 5.1", " 6.1", " 4.9", " 5.1", " 4.0", " 2.2", " 2.6", " 4.1", " 5.5", " 3.7", " 2.6", " ", " 3.1", " 3.8", " 4.2", " 3.1", " 3.8", " 5.0", " 3.8", " 3.3", " 6.1", " 4.6", " 2.0", " 1.8", " ", " 1.7", " 4.1", " 0.8", " 4.1", " 3.0"
"331", "", "False", "Nonadecylic acid", "C19 H38 O2", "Full match", " No results", " No results", " Not the top hit", " Full match", "2.76", "298.28800", "297.28073", "14.601", "6646953.57343776", "3", "0", "0", "", "", "", "", "Multiple matches found", " Multiple matches found", "PreferredDDA", "", "[M-H]-1", "4437809.14639214", " 3879961.64219695", " 4562738.9935162", " 4037272.96188665", " 4866606.38626373", " 5341307.96831059", "20.0916174595577", " 8.90601515315545", " 23.2180678577186", " 18.3833438012779", " 4.93595227168321", " 15.8881587994384", "0.874", " 0.910", " 1.176", " 1.067", " 1.130", " 1.323", " 0.911", "-0.19", " -0.14", " 0.23", " 0.09", " 0.18", " 0.40", " -0.13", "0.997439251570825", " 0.999247947327475", " 0.77543722112981", " 0.988885596991163", " 0.9933477826962", " 0.725540962895979", " 0.999999993216267", "1", " 1", " 0.99999999999978", " 1", " 1", " 1", " 1", "7.7", "4.6", " 5.5", " 4.7", " 5.7", " 5.9", " 7.4", " 6.2", " 5.9", " 7.0", " 6.2", " 5.9", " 4.6", " 5.5", " 5.1", " 5.5", " 5.1", " 4.8", " 6.0", " 6.2", " 6.4", " 6.0", " 6.0", " 5.1", " 6.0", " 7.7", " 6.7", " 7.0", " 6.4", " 4.7", " 5.1", " 5.2", " 5.5", " 6.6", " 5.1", " 5.6"
"270", "", "False", "Tretinoin", "C20 H28 O2", "Full match", " Full match", " No results", " Full match", " Not the top hit", "3.69", "300.21004", "299.20276", "8.689", "3941379.77391249", "21", "1", "0", "98.1", "9.9", "", "", "Multiple matches found", " Multiple matches found", "PreferredDDA", "", "[M-H]-1", "279138.077821691", " 344181.357193754", " 541578.827671418", " 484051.924428622", " 312660.532482713", " 332954.820462045", "45.1155738841044", " 22.6533841351256", " 116.245093192175", " 113.148736447312", " 9.56839810960139", " 34.5743286329908", "1.233", " 1.734", " 1.574", " 0.577", " 1.119", " 0.688", " 0.939", "0.30", " 0.79", " 0.65", " -0.79", " 0.16", " -0.54", " -0.09", "0.999998690016701", " 0.465464071558194", " 0.268612394656339", " 0.345804251197463", " 0.991527908200023", " 0.597451293346912", " 0.99982252660959", "1", " 1", " 0.99999999999978", " 1", " 1", " 1", " 1", "6.4", "2.9", " 2.9", " 0.0", " 2.3", " 2.1", " 2.1", " 3.5", " 2.8", " 3.1", " 2.8", " 2.5", " 6.4", " 1.4", " 2.5", " 6.4", " 1.9", " 6.4", " 1.4", " 2.5", " 2.9", " 2.1", " 1.4", " 4.2", " 5.4", " 3.5", " 6.2", " 3.9", " 4.7", " 4.5", " 4.1", " 2.2", " 1.5", " 3.8", " 2.6", " 1.1"
"876", "", "False", "(S)-3-hydroxystearic acid", "C18 H36 O3", "Full match", " No results", " No results", " Partial match", " Full match", "3.83", "300.26759", "299.26032", "8.430", "1491893.90157094", "4", "0", "0", "", "", "", "", "Multiple matches found", " Single match found", "PreferredDDA", "", "[M-H]-1", "501721.044344654", " 487499.891893354", " 599397.537901836", " 567201.338910452", " 658700.194369838", " 666731.167816343", "14.1018558778325", " 19.5368364428566", " 38.8381149619202", " 39.1121748848867", " 67.5640611113845", " 30.3511675862763", "0.972", " 1.131", " 1.230", " 1.099", " 1.057", " 1.175", " 0.988", "-0.04", " 0.18", " 0.30", " 0.14", " 0.08", " 0.23", " -0.02", "0.999937698633525", " 0.999094566507469", " 0.970694256776461", " 0.982495389109862", " 0.999925858607439", " 0.81782492208", " 0.999995390492138", "1", " 1", " 0.99999999999978", " 1", " 1", " 1", " 1", "5.0", "2.6", " ", " ", " ", " ", " ", " ", " ", " ", " 1.7", " 1.9", " ", " ", " 1.1", " 4.7", " 1.1", " 0.7", " ", " ", " ", " ", " 1.5", " 2.2", " 0.2", " 5.0", " 0.2", " 2.7", " 1.1", " 3.6", " ", " ", " ", " 1.9", " 4.0", " 1.3"
"16", "", "False", "Eicosapentaenoic acid", "C20 H30 O2", "Full match", " Full match", " No results", " Full match", " Not the top hit", "3.07", "302.22551", "301.21823", "9.727", "92112009.8596481", "39", "2", "0", "85.8", "57.9", "", "", "Multiple matches found", " Multiple matches found", "PreferredDDA", "", "[M-H]-1", "9440558.05338672", " 7831093.37187205", " 18949023.1780107", " 44782366.6248065", " 6229032.54312935", " 14804924.5160177", "65.8110277492718", " 34.227896256521", " 41.0690141139267", " 51.704172922688", " 38.3213927637321", " 46.0193222098777", "0.830", " 4.744", " 2.420", " 0.329", " 0.423", " 0.331", " 0.421", "-0.27", " 2.25", " 1.27", " -1.61", " -1.24", " -1.60", " -1.25", "0.941507095712594", " 3.93305897439244E-06", " 0.14484695488395", " 0.0282592611945496", " 0.0362513715946767", " 0.00405796033695138", " 0.0649318705838707", "1", " 0.00010252173726583", " 0.99999999999978", " 0.274553583820656", " 1", " 0.052888749724933", " 1", "7.5", "6.6", " 5.5", " 4.2", " 5.8", " 5.6", " 6.5", " 7.1", " 7.1", " 7.1", " 6.7", " 6.6", " 6.2", " 6.2", " 6.6", " 6.2", " 6.6", " 6.6", " 6.2", " 6.6", " 6.6", " 7.0", " 6.2", " 6.6", " 6.1", " 7.1", " 7.1", " 7.5", " 6.2", " 6.6", " 6.6", " 6.6", " 5.1", " 6.6", " 5.5", " 6.6"
"280", "", "False", "Symplocosidin", "C16 H16 O6", "Not the top hit", " No results", " No results", " Partial match", " Full match", "-4.74", "304.09325", "303.08597", "2.545", "4184004.26291705", "9", "0", "0", "", "", "", "", "Multiple matches found", " Multiple matches found", "PreferredDDA", "", "[M-H]-1", "638564.936927826", " 141679.568793683", " 17333.2899548498", " 108468.367304016", " 120287.811703132", " 438131.283882367", "108.665859301198", " 174.771487980904", " 7.79127402034144", " 215.521139865229", " 161.887642792574", " 121.403546995806", "0.222", " 0.170", " 0.122", " 6.940", " 0.160", " 4.039", " 0.275", "-2.17", " -2.56", " -3.03", " 2.79", " -2.65", " 2.01", " -1.86", "0.933612262194154", " 0.899026261758457", " 0.431877004857511", " 0.535306780259168", " 0.358121860289013", " 0.827070911157953", " 0.895925522116542", "1", " 1", " 0.99999999999978", " 1", " 1", " 1", " 1", "6.4", "2.9", " 4.8", " 1.5", " ", " 4.8", " ", " 6.0", " 3.0", " ", " 1.1", " ", " ", " ", " ", " ", " ", " ", " 0.0", " 6.0", " 3.6", " 1.1", " ", " ", " 1.5", " 0.4", " ", " 5.0", " ", " 6.4", " 5.4", " 4.8", " 1.9", " 1.1", " 0.8", " 4.6"
"59", "", "False", "Arachidonic acid", "C20 H32 O2", "Full match", " Full match", " No results", " Full match", " Not the top hit", "2.55", "304.24101", "303.23373", "10.614", "14299869.7216134", "26", "2", "0", "94.2", "9.7", "", "", "Multiple matches found", " Multiple matches found", "PreferredDDA", "", "[M-H]-1", "918509.35569818", " 1011935.27019367", " 3581220.77756941", " 7178076.28508998", " 1398949.46345483", " 5657034.68740225", "92.6312272518496", " 25.7172956564455", " 20.5593031620248", " 41.9337889831438", " 42.4332239529439", " 45.8356568500761", "1.102", " 7.815", " 3.539", " 0.391", " 0.499", " 0.788", " 0.247", "0.14", " 2.97", " 1.82", " -1.36", " -1.00", " -0.34", " -2.02", "0.999988401508228", " 7.70009790662662E-06", " 0.0144905905405527", " 0.160176552090013", " 0.113080233240343", " 0.612915165281631", " 0.0103143834466018", "1", " 0.000177102251852412", " 0.374207289328945", " 0.896993230945794", " 1", " 1", " 1", "6.2", "4.8", " 4.5", " 0.4", " 5.4", " 0.2", " ", " 4.1", " 4.9", " 5.6", " 4.5", " 3.6", " 3.6", " 4.0", " ", " 5.5", " 5.9", " 5.5", " 6.2", " 3.9", " 3.9", " 2.8", " 3.3", " 2.8", " 2.7", " 5.8", " ", " 4.1", " 5.8", " 5.6", " 5.2", " 5.1", " 2.4", " 3.6", " 5.8", " 5.6"
"7", "", "False", "Arachidonic acid", "C20 H32 O2", "Full match", " Full match", " No results", " Full match", " Not the top hit", "2.65", "304.24104", "303.23376", "10.980", "343170508.158851", "26", "2", "0", "92.8", "49.4", "", "", "Multiple matches found", " Multiple matches found", "PreferredDDA", "", "[M-H]-1", "55551448.4441543", " 79018950.4467257", " 153230048.983143", " 237656945.091457", " 61964226.641016", " 104906554.348379", "60.8272454000807", " 32.421225377354", " 29.0990248126179", " 29.277935538006", " 27.8588528462993", " 36.482653299254", "1.422", " 4.278", " 1.939", " 0.404", " 0.645", " 0.441", " 0.591", "0.51", " 2.10", " 0.96", " -1.31", " -0.63", " -1.18", " -0.76", "0.202421085322916", " 9.36462911549363E-07", " 0.0505308652296635", " 0.0293902956685925", " 0.630002337263615", " 0.0262494717011468", " 0.334206190231714", "1", " 4.0684110935089E-05", " 0.617424009524951", " 0.274553583820656", " 1", " 0.238687056631358", " 1", "7.6", "6.2", " 6.2", " 6.6", " 6.6", " 6.2", " 6.7", " 5.2", " 6.7", " 7.1", " 6.0", " 7.2", " 6.5", " 7.6", " 7.2", " 7.6", " 7.2", " 7.2", " 7.6", " 7.6", " 6.5", " 7.2", " 7.2", " 7.6", " 7.2", " 6.5", " 7.2", " 7.6", " 4.8", " 6.3", " 6.7", " 7.5", " 7.1", " 6.7", " 6.7", " 7.1"
"423", "", "False", "4-carboxy-4'-sulfoazobenzene", "C13 H10 N2 O5 S", "No match", " No results", " No results", " Full match", " No results", "0.67", "306.03125", "305.02397", "1.259", "948757.288320194", "1", "0", "0", "", "", "", "", "No matches found", " No matches found", "PreferredDDA", "", "[M-H]-1", "328804.088812897", " 384585.671789587", " 305371.768764679", " 269258.847281472", " 240270.863830897", " 168853.324745433", "74.8010587991223", " 40.6417867142624", " 38.2543044214643", " 51.1975137427567", " 68.8732805488036", " 108.356876463306", "1.170", " 0.819", " 0.794", " 0.787", " 1.134", " 0.627", " 1.423", "0.23", " -0.29", " -0.33", " -0.35", " 0.18", " -0.67", " 0.51", "0.99863391946314", " 0.999999083359104", " 0.999032303531943", " 0.999712944285063", " 0.99999059358571", " 0.95002635243407", " 0.992477112122097", "1", " 1", " 0.99999999999978", " 1", " 1", " 1", " 1", "6.8", "5.9", " 5.9", " 2.7", " 5.8", " 5.9", " 4.2", " 5.9", " 5.9", " 5.5", " 5.5", " 6.0", " 6.0", " 6.8", " 6.4", " 6.2", " 4.7", " 5.9", " 5.9", " 5.7", " 5.9", " 3.4", " 5.5", " 4.2", " 3.0", " 4.5", " 5.5", " 5.9", " 4.9", " 5.3", " 5.9", " 5.3", " 5.9", " ", " 5.8", " 4.2"
"41","","False","8Z,11Z,14Z-Eicosatrienoic acid","C20 H34 O2","Full match"," Full match"," No results"," Full match"," Not the top hit","2.00","306.25649","305.24922","12.262","20254477.6340379","12","3","0","96.9","9.8","","","Multiple matches found"," Multiple matches found","PreferredDDA","","[M-H]-1","1566578.07012638"," 1941884.67499501"," 5359252.73756109"," 5680900.81648335"," 2390260.06535034"," 4196242.03243605","54.963895199918"," 32.610480483521"," 37.479285560885"," 78.3916582613226"," 36.4229122450394"," 48.1206399439906","1.240"," 3.626"," 2.760"," 0.446"," 0.943"," 0.739"," 0.570","0.31"," 1.86"," 1.46"," -1.16"," -0.08"," -0.44"," -0.81","0.844135562340045"," 0.000144557934660283"," 0.00663876719013146"," 0.0597489016990711"," 0.999999997680143"," 0.607611422922183"," 0.478284363985671","1"," 0.00194903973973003"," 0.21631316427845"," 0.440789067251638"," 1"," 1"," 1","5.5","3.7"," 1.2"," "," 3.3"," 2.0"," 4.4"," 3.8"," 1.3"," 3.8"," 3.8"," 2.9"," 3.1"," 3.5"," 4.8"," 4.1"," 4.4"," 3.7"," 5.5"," 5.1"," 4.7"," 4.3"," 5.2"," 3.6"," 1.0"," 3.1"," 4.2"," 3.1"," 0.7"," 1.8"," 2.7"," 3.9"," 4.1"," 5.5"," 3.7"," 4.5"
"13","","False","8Z,11Z,14Z-Eicosatrienoic acid","C20 H34 O2","Full match"," Full match"," No results"," Full match"," Not the top hit","2.73","306.25672","305.24944","11.813","99446573.1787","12","3","0","97.6","9.9","","","Multiple matches found"," Multiple matches found","PreferredDDA","","[M-H]-1","8282070.69459443"," 14253460.7627602"," 42421524.6724188"," 60566635.7697153"," 13370531.7309273"," 23614891.6256266","75.35107463291"," 41.3406911674328"," 19.2969323896479"," 42.8966743609648"," 21.7808580845789"," 50.0640391466635","1.721"," 7.313"," 2.976"," 0.315"," 0.700"," 0.390"," 0.566","0.78"," 2.87"," 1.57"," -1.67"," -0.51"," -1.36"," -0.82","0.445424472303715"," 1.27171188413211E-06"," 0.004265629160628"," 0.0235013750470239"," 0.940074832602105"," 0.0343564023468467"," 0.561719663953741","1"," 4.52035769723323E-05"," 0.151623727436868"," 0.241816780089114"," 1"," 0.298518962613712"," 1","7.7","6.2"," 6.6"," 5.6"," 6.2"," 6.4"," 5.1"," 5.1"," 5.8"," 5.5"," 5.8"," 7.3"," 7.7"," 6.2"," 7.3"," 6.6"," 7.0"," 6.2"," 5.8"," 6.6"," 5.5"," 6.6"," 6.6"," 6.2"," 6.8"," 6.8"," 5.7"," 5.7"," 6.6"," 5.5"," 5.5"," 5.8"," 6.2"," 4.3"," 5.8"," 3.6"
"623", "", "False", "", "", "Unused", " No results", " No results", " No results", " No results", "", "306.95429", "305.94701", "1.343", "475370.65474067", "0", "0", "0", "", "", "", "", "No matches found", " No matches found", "PreferredDDA", "", "[M-H]-1", "7489.31065894803", " 9871.85497529297", " 8644.12009917546", " 9835.5978074629", " 11967.9729593846", " 9750.10424932031", "22.2357711878719", " 15.2389869385385", " 208.751039551365", " 154.672243766182", " 62.400246755244", " 205.006458159539", "1.318", " 1.313", " 0.876", " 1.385", " 0.879", " 0.991", " 1.227", "0.40", " 0.39", " -0.19", " 0.47", " -0.19", " -0.01", " 0.30", "0.999783951196535", " 0.569603506614625", " 0.986752610592186", " 0.99996850888145", " 0.975250675609643", " 0.999873744139855", " 0.985004969396258", "1", " 1", " 0.99999999999978", " 1", " 1", " 1", " 1", "5.9", "", " ", " ", " ", " ", " ", " ", " ", " ", " ", " ", " 5.9", " 4.5", " ", " ", " ", " ", " 5.3", " ", " ", " ", " 5.9", " ", " 3.8", " ", " 1.5", " 1.9", " 0.8", " ", " ", " ", " 4.5", " ", " 5.2", " "
"989", "", "False", "Narciclasine", "C14 H13 N O7", "Not the top hit", " No results", " No results", " Partial match", " Full match", "-4.16", "307.06792", "306.06065", "2.543", "1152144.95202273", "1", "0", "0", "", "", "", "", "No matches found", " Single match found", "PreferredDDA", "", "[M-H]-1", "217642.071669218", " 48637.5553345908", " 18913.2549123335", " 39684.5766772192", " 44030.5991813382", " 131328.292993535", "105.745442227998", " 166.296413590603", " 7.79127402034177", " 202.725604151814", " 151.269684079863", " 115.350629140966", "0.223", " 0.182", " 0.389", " 2.328", " 0.477", " 3.309", " 0.335", "-2.16", " -2.46", " -1.36", " 1.22", " -1.07", " 1.73", " -1.58", "0.938751615278635", " 0.880259048109236", " 0.728265681393304", " 0.814060788370237", " 0.718573385758985", " 0.903302826535353", " 0.955141199926059", "1", " 1", " 0.99999999999978", " 1", " 1", " 1", " 1", "5.8", "1.5", " 3.6", " ", " ", " 5.4", " ", " 5.0", " 1.5", " ", " 0.0", " ", " ", " ", " ", " ", " ", " ", " 0.0", " 5.8", " 0.8", " 0.4", " ", " ", " 0.4", " ", " ", " 3.6", " ", " 4.6", " 2.3", " 4.0", " 0.0", " 0.0", " ", " 1.1"
"430","","False","2,3-Dinor prostaglandin E1","C18 H30 O5","No match"," Invalid mass"," No results"," No results"," No results","-55198.85","308.20295","307.19567","9.984","9713493.00147315","0","2","0","75.4","8.8","","","No matches found"," No matches found","PreferredDDA","","[M-H]-1","7014450.95731885"," 6707849.04297676"," 7479041.07121626"," 7632310.03471403"," 7883901.96258643"," 7510149.64687061","9.28661383958172"," 1.98769704516363"," 13.3157969795948"," 21.2407640607307"," 25.8600874502365"," 16.1457164696963","0.956"," 1.088"," 1.115"," 1.054"," 0.980"," 0.984"," 1.050","-0.06"," 0.12"," 0.16"," 0.08"," -0.03"," -0.02"," 0.07","1"," 0.999952908258272"," 0.887737476262353"," 0.980772834043559"," 0.92772438743149"," 0.995235875571609"," 0.999638808108823","1"," 1"," 0.99999999999978"," 1"," 1"," 1"," 1","5.8","4.9"," 4.6"," 4.9"," 4.6"," 4.6"," 4.7"," 5.1"," 4.7"," 4.7"," 5.8"," 4.1"," 3.7"," 3.3"," 4.4"," 3.7"," 4.1"," 2.3"," "," 3.1"," "," 3.1"," 3.6"," "," 3.4"," 2.1"," 3.1"," 3.4"," 3.9"," "," "," 3.2"," 3.2"," 5.8"," 3.9"," 3.9"
"82","","False","11(Z),14(Z)-Eicosadienoic Acid","C20 H36 O2","Full match"," Full match"," No results"," Partial match"," Not the top hit","2.45","308.27229","307.26501","13.174","7834001.48712789","5","2","0","96.0","9.8","","","Multiple matches found"," Multiple matches found","PreferredDDA","","[M-H]-1","953843.66352902"," 851311.759161451"," 3426329.67023034"," 3996823.30622798"," 2073310.0637643"," 3070931.74317797","36.8007433464485"," 69.3155474676519"," 27.1426668718936"," 47.0700468687818"," 22.8698077452125"," 50.0729429118528","0.893"," 4.190"," 4.025"," 0.605"," 0.857"," 0.768"," 0.675","-0.16"," 2.07"," 2.01"," -0.72"," -0.22"," -0.38"," -0.57","0.982528330670391"," 0.00153842419202221"," 0.000365291590530226"," 0.415086152693802"," 0.99999998904097"," 0.984168312165341"," 0.675778099624399","1"," 0.0158295752389654"," 0.0714145059486591"," 1"," 1"," 1"," 1","6.6",""," "," "," "," "," 2.7"," "," "," 4.8"," 2.3"," 6.6"," "," "," "," "," "," 4.5"," 4.1"," 5.6"," 6.2"," 5.6"," 5.6"," 5.2"," "," "," "," "," 5.6"," 4.5"," "," 6.2"," 4.1"," 5.1"," 4.1"," "
"27","","False","11(Z),14(Z)-Eicosadienoic acid","C20 H36 O2","Full match"," Full match"," No results"," Not the top hit"," Full match","2.83","308.27240","307.26513","12.901","38215721.3820727","5","2","0","96.3","9.8","","","Multiple matches found"," Multiple matches found","PreferredDDA","","[M-H]-1","5769625.3076583"," 11378074.0254085"," 28147834.4992131"," 25210419.1932955"," 9763129.27887408"," 14142060.6923034","54.5033006480201"," 34.764981831453"," 21.2440385105598"," 31.6455106198736"," 32.3809580439194"," 43.0480632791805","1.972"," 4.370"," 2.474"," 0.347"," 1.117"," 0.561"," 0.690","0.98"," 2.13"," 1.31"," -1.53"," 0.16"," -0.83"," -0.53","0.454135431658497"," 1.18444711694199E-05"," 0.00109533109717186"," 0.00361436893196054"," 0.995398700063934"," 0.086529516692309"," 0.660682164855754","1"," 0.000231559411362159"," 0.098141376822997"," 0.0642371932907533"," 1"," 0.615146200485324"," 1","7.5","5.1"," 6.2"," 3.3"," 5.5"," 5.6"," 6.3"," 6.3"," 5.2"," 6.7"," 6.3"," 6.8"," 6.8"," 7.2"," 6.1"," 7.2"," 7.2"," 6.7"," 6.3"," 7.5"," 6.0"," 6.7"," 6.7"," 6.3"," 6.3"," 6.0"," 4.8"," 6.0"," 5.1"," 5.8"," 5.1"," 4.3"," 5.5"," 6.2"," 5.8"," 5.5"
"558", "", "False", "", "", "Unused", " No results", " No results", " No results", " No results", "", "310.18239", "309.17511", "8.232", "3171640.6006011", "0", "0", "0", "", "", "", "", "No matches found", " No matches found", "PreferredDDA", "", "[M-H]-1", "1229533.35488209", " 1814188.06644899", " 2480375.36760719", " 2391271.04869451", " 1571154.90033744", " 2314201.23362191", "32.7326147443215", " 43.756755574593", " 27.5274972130046", " 31.1924622864923", " 37.9714036280389", " 50.3004185923575", "1.476", " 1.945", " 1.367", " 0.633", " 1.037", " 0.968", " 0.679", "0.56", " 0.96", " 0.45", " -0.66", " 0.05", " -0.05", " -0.56", "0.987916042077063", " 0.887884090903703", " 0.968906235160344", " 0.957351284226285", " 0.997867899154187", " 0.961286771139022", " 0.999948843502845", "1", " 1", " 0.99999999999978", " 1", " 1", " 1", " 1", "5.6", "", " ", " ", " 2.5", " 4.6", " ", " 4.8", " 5.2", " 2.7", " 5.6", " 4.5", " 3.2", " ", " 4.7", " 3.6", " 3.2", " ", " ", " 1.9", " 3.2", " 2.3", " 3.5", " 2.3", " ", " 1.9", " 2.3", " ", " 2.6", " 2.2", " 2.2", " 1.4", " 1.1", " 1.6", " 1.4", " "
"926", "", "False", "", "", "Unused", " No results", " No results", " No results", " No results", "", "310.21285", "309.20558", "10.408", "918307.299937411", "0", "0", "0", "", "", "", "", "No matches found", " No matches found", "PreferredDDA", "", "[M-H]-1", "445980.723105984", " 494892.457175888", " 541294.788043294", " 685390.135734327", " 426496.512164338", " 366270.665757893", "37.0012500029638", " 18.7257973921538", " 40.5059859781276", " 24.0246925799678", " 38.4638952712654", " 23.1953412215982", "1.110", " 1.537", " 1.094", " 0.788", " 0.790", " 0.534", " 1.164", "0.15", " 0.62", " 0.13", " -0.34", " -0.34", " -0.90", " 0.22", "1", " 0.463570935937677", " 0.999966024891117", " 0.580305702184463", " 0.525404649897251", " 0.0302614723956891", " 0.994081504583681", "1", " 1", " 0.99999999999978", " 1", " 1", " 0.268914447879874", " 1", "4.9", "4.1", " 1.9", " 1.5", " 4.0", " 1.9", " 3.6", " 4.4", " 2.5", " 3.6", " 3.6", " 2.3", " 2.7", " 1.0", " 4.0", " 2.5", " 0.4", " 3.4", " 1.2", " 3.0", " 4.9", " 4.6", " 3.9", " 4.1", " 1.6", " 1.5", " 1.5", " 2.6", " 3.5", " ", " 2.8", " 3.1", " 3.5", " 2.8", " 3.9", " 3.5"
"1006", "", "False", "Desogestrel", "C22 H30 O", "Full match", " No results", " No results", " Full match", " Full match", "3.31", "310.23069", "309.22342", "7.628", "1266177.74764681", "2", "0", "0", "", "", "", "", "Multiple matches found", " Single match found", "PreferredDDA", "", "[M-H]-1", "414957.573303546", " 486181.364426179", " 652179.65645472", " 608817.551649306", " 521220.199166569", " 346810.488626515", "73.0638617567545", " 46.8299684801527", " 46.0939670514298", " 51.3757741743087", " 57.543620788296", " 73.3034180277682", "1.172", " 1.467", " 1.341", " 0.799", " 1.071", " 0.570", " 1.503", "0.23", " 0.55", " 0.42", " -0.32", " 0.10", " -0.81", " 0.59", "0.878115353682318", " 0.770299642239949", " 0.919272864074765", " 0.99570245345374", " 0.936108284657052", " 0.999799931801202", " 0.994068805844374", "1", " 1", " 0.99999999999978", " 1", " 1", " 1", " 1", "4.2", "1.6", " 2.9", " ", " 0.8", " 2.1", " 0.8", " 2.9", " 1.4", " 2.5", " 3.1", " 2.9", " 3.9", " 1.7", " 1.6", " 3.5", " 1.4", " ", " 4.0", " 2.7", " 2.0", " 4.0", " 2.5", " 3.3", " 2.5", " 3.9", " 4.0", " 1.7", " 4.2", " 0.2", " 0.6", " 3.1", " 1.0", " 0.8", " ", " 3.1"
"20", "", "False", "11(Z)-Eicosenoic acid", "C20 H38 O2", "Full match", " Full match", " No results", " Partial match", " Not the top hit", "2.57", "310.28798", "309.28070", "14.032", "64287942.6237291", "3", "3", "0", "95.7", "9.8", "", "", "Multiple matches found", " Multiple matches found", "PreferredDDA", "", "[M-H]-1", "9733232.25270659", " 17181125.083623", " 42497659.2707212", " 32826796.7130771", " 14326903.1043936", " 25553855.217715", "52.9104957451349", " 42.3916466110213", " 24.6191974552942", " 38.062325565448", " 22.2019372655797", " 46.6700493575571", "1.765", " 3.373", " 2.474", " 0.337", " 1.295", " 0.778", " 0.561", "0.82", " 1.75", " 1.31", " -1.57", " 0.37", " -0.36", " -0.83", "0.545457415759141", " 0.000213297778838495", " 0.00304208064558276", " 0.00534894486767323", " 0.900631981710397", " 0.748095409884685", " 0.323811843078975", "1", " 0.0026926193643398", " 0.148681691552857", " 0.090932062750445", " 1", " 1", " 1", "7.6", "5.5", " 6.2", " 4.8", " 6.2", " 5.8", " 6.6", " 6.6", " 6.2", " 6.2", " 6.2", " 7.2", " 7.6", " 7.6", " 7.6", " 7.6", " 7.6", " 6.7", " 6.3", " 7.5", " 5.6", " 7.1", " 6.3", " 7.1", " 7.6", " 7.6", " 6.8", " 7.6", " 6.6", " 6.2", " 6.6", " 6.6", " 6.6", " 5.8", " 6.6", " 6.6"
"130", "", "False", "", "", "Unused", " No results", " No results", " No results", " No results", "", "312.17694", "311.16967", "8.684", "36599283.263737", "0", "0", "0", "", "", "", "", "No matches found", " No matches found", "PreferredDDA", "", "[M-H]-1", "28298750.5816033", " 28756804.0093041", " 30041038.2088278", " 31811244.7625256", " 29119782.1375768", " 30377141.9030644", "9.09483867449573", " 7.84322373687709", " 13.7844686681701", " 11.9599749801607", " 1.89013617261645", " 39.7843077365532", "1.016", " 1.124", " 1.045", " 0.969", " 0.944", " 0.955", " 0.959", "0.02", " 0.17", " 0.06", " -0.04", " -0.08", " -0.07", " -0.06", "0.999999149874887", " 0.965874207668863", " 0.999995682175719", " 0.99999996648318", " 0.989864768752115", " 0.326940906867871", " 0.806426119856331", "1", " 1", " 0.99999999999978", " 1", " 1", " 1", " 1", "7.6", "", " ", " ", " 6.8", " 7.6", " ", " ", " ", " 6.5", " 6.5", " 5.2", " 6.3", " 4.8", " 6.0", " 6.3", " ", " 6.0", " 6.0", " 5.2", " 6.7", " 6.7", " 6.0", " 6.0", " ", " 6.2", " ", " ", " 4.1", " 4.8", " ", " 5.2", " ", " 2.6", " 5.6", " "
"794", "", "False", "Arachidic acid", "C20 H40 O2", "Full match", " Full match", " No results", " Full match", " Full match", "2.04", "312.30347", "311.29619", "15.033", "2081938.34775244", "1", "2", "0", "89.7", "9.5", "", "", "Multiple matches found", " Multiple matches found", "PreferredDDA", "", "[M-H]-1", "706093.599050865", " 803856.335977546", " 840484.220448534", " 867074.363641757", " 756320.800511172", " 854406.397722589", "12.3837088282675", " 59.3984443133757", " 9.64848517562709", " 11.8899606303894", " 6.16714628115828", " 21.6488843096402", "1.138", " 1.228", " 1.046", " 0.900", " 0.969", " 0.985", " 0.885", "0.19", " 0.30", " 0.06", " -0.15", " -0.04", " -0.02", " -0.18", "0.548141165687196", " 0.852204778608657", " 0.993564671101361", " 0.930921615406996", " 0.999997797345912", " 0.999120079728493", " 0.831332925700318", "1", " 1", " 0.99999999999978", " 1", " 1", " 1", " 1", "4.9", "3.4", " ", " 2.9", " 2.5", " ", " 2.1", " ", " ", " ", " 0.7", " ", " ", " ", " ", " ", " 4.9", " ", " ", " 3.6", " ", " 4.4", " ", " 4.4", " 3.4", " ", " ", " 4.5", " ", " 3.0", " 3.0", " 4.9", " 3.0", " ", " ", " "
"854", "", "False", "", "", "Unused", " No results", " No results", " No results", " No results", "", "314.08632", "313.07904", "13.318", "566466.298181631", "0", "0", "0", "", "", "", "", "No matches found", " No matches found", "PreferredDDA", "", "[M-H]-1", "186416.736846997", " 278015.038614834", " 140523.616174078", " 224275.988765595", " 240788.744912274", " 199633.282368488", "82.1321068536805", " 45.953096440671", " 54.9562901439368", " 48.4860331891634", " 65.1945693020628", " 63.3350063276572", "1.491", " 1.203", " 0.505", " 1.714", " 0.627", " 0.890", " 1.206", "0.58", " 0.27", " -0.98", " 0.78", " -0.67", " -0.17", " 0.27", "0.99997955360479", " 0.999999980716524", " 0.85952652314633", " 0.894182023620792", " 0.878713659459847", " 0.998956724997352", " 0.997868426275634", "1", " 1", " 0.99999999999978", " 1", " 1", " 1", " 1", "4.5", "2.3", " 3.6", " 4.0", " 2.7", " 0.4", " 1.5", " 3.3", " 2.1", " 3.4", " 2.5", " ", " ", " ", " 2.3", " ", " ", " 2.5", " 3.3", " ", " ", " 3.0", " 1.7", " 0.4", " ", " 4.5", " 3.6", " 2.3", " 1.5", " 0.0", " 4.4", " 1.5", " 2.9", " 4.0", " 1.5", " "
"554", "", "False", "(2S)-1-Hydroxy-3-(phosphonooxy)-2-propanyl D-alanyl-D-alaninate", "C9 H19 N2 O8 P", "No match", " No results", " No results", " Full match", " No results", "-4.37", "314.08653", "313.07925", "12.151", "1483990.60082668", "1", "0", "0", "", "", "", "", "No matches found", " No matches found", "PreferredDDA", "", "[M-H]-1", "628199.260742034", " 942803.818284191", " 571445.618655039", " 759394.565190587", " 705880.728730181", " 702186.231742904", "64.8870456018596", " 51.633757746507", " 48.3118220053243", " 44.7097943132651", " 50.3857002191142", " 52.4429418079331", "1.501", " 1.209", " 0.606", " 1.235", " 0.753", " 0.925", " 1.005", "0.59", " 0.27", " -0.72", " 0.30", " -0.41", " -0.11", " 0.01", "0.999731287304277", " 0.999993558177792", " 0.92155313048653", " 0.966443543273672", " 0.947743923059075", " 0.999581445757728", " 0.999662241195016", "1", " 1", " 0.99999999999978", " 1", " 1", " 1", " 1", "5.4", "3.3", " 2.7", " 3.1", " 4.4", " 0.6", " 2.3", " 4.2", " 2.3", " 2.9", " 3.1", " ", " 1.0", " 2.3", " 1.2", " 2.0", " 2.3", " 3.1", " 5.4", " ", " 3.5", " 4.2", " 3.1", " 1.4", " 0.6", " 1.6", " 5.4", " 3.1", " 1.0", " 1.0", " 5.0", " 3.9", " 2.3", " 3.1", " 2.5", " 0.2"
"274", "", "False", "?8-THC", "C21 H30 O2", "Full match", " Full match", " No results", " Partial match", " Not the top hit", "2.96", "314.22551", "313.21831", "9.864", "3981233.4010978", "15", "4", "0", "96.3", "9.8", "", "", "Multiple matches found", " Multiple matches found", "PreferredDDA", "", "[M-H]-1", "1331788.95307171", " 1661841.00154387", " 1213573.01748459", " 642603.184758447", " 586231.33624606", " 642152.908132586", "96.4777617612792", " 71.3900180128043", " 64.7420401888226", " 74.1117026068466", " 31.5965521981928", " 39.2344077380459", "1.248", " 0.483", " 0.730", " 0.483", " 1.889", " 0.999", " 0.913", "0.32", " -1.05", " -0.45", " -1.05", " 0.92", " 0.00", " -0.13", "0.9735294487319", " 0.990137086736683", " 0.999873525489827", " 0.831760484177909", " 0.822497505882862", " 0.99999705692407", " 0.999999855988186", "1", " 1", " 0.99999999999978", " 1", " 1", " 1", " 1", "6.0", "3.5", " 5.2", " ", " 0.2", " 6.0", " 2.5", " 4.8", " 2.1", " 3.0", " 3.0", " 1.6", " 4.1", " 2.5", " 3.7", " 3.1", " 2.7", " 1.5", " 2.5", " 3.9", " 3.7", " 3.6", " 3.1", " 1.0", " 2.6", " 4.1", " 3.4", " 4.7", " 3.8", " 4.1", " 3.6", " 1.9", " 3.2", " 3.2", " 0.7", " 4.7"
"312", "", "False", "FAHFA 16:0/2:0", "C18 H34 O4", "Full match", " No results", " Full match", " Partial match", " Partial match", "2.59", "314.24652", "313.23925", "11.949", "3499095.58769961", "5", "0", "2", "", "", "54.7", "", "Multiple matches found", " Multiple matches found", "PreferredDDA", "", "[M-H]-1", "1562992.83818087", " 1609651.25842713", " 1192590.13213304", " 1317727.10769741", " 1311810.57549764", " 1271816.74152836", "26.067609938915", " 54.9264289817082", " 8.06670830642262", " 7.99187443273684", " 5.13571634593184", " 5.76921312843021", "1.030", " 0.843", " 0.741", " 1.100", " 0.905", " 0.965", " 1.031", "0.04", " -0.25", " -0.43", " 0.14", " -0.14", " -0.05", " 0.04", "0.763631309055459", " 0.999772876854364", " 0.273317634676899", " 0.999296028258484", " 0.991734912663739", " 0.999795036471652", " 0.999999847267319", "1", " 1", " 0.99999999999978", " 1", " 1", " 1", " 1", "5.2", "", " 3.4", " 1.5", " 2.6", " 4.3", " ", " 2.2", " 0.8", " ", " 5.2", " ", " ", " ", " ", " ", " ", " ", " ", " 3.0", " ", " ", " ", " ", " ", " ", " ", " ", " ", " ", " ", " ", " ", " ", " ", " "
"499","","False","13,14-Dihydro-15-keto Prostaglandin J2","C20 H30 O4","No match"," Invalid mass"," No results"," No results"," No results","-53884.09","316.20557","315.19829","3.574","2807332.42264607","0","17","0","96.1","9.8","","","No matches found"," No matches found","PreferredDDA","","[M-H]-1","133389.03377776"," 257163.977606686"," 340987.363574087"," 299954.834298576"," 463001.638253453"," 855473.516243744","184.657835551983"," 67.8788059114789"," 69.097295992668"," 51.3077782422495"," 60.6080821114058"," 39.2540208484868","1.928"," 2.249"," 1.326"," 1.358"," 1.137"," 2.852"," 0.541","0.95"," 1.17"," 0.41"," 0.44"," 0.18"," 1.51"," -0.89","0.888711988117264"," 0.965564657283466"," 0.999558636581178"," 0.987041456295007"," 0.97821377830439"," 0.140709186654858"," 0.957989580343145","1"," 1"," 0.99999999999978"," 1"," 1"," 0.916954866367493"," 1","4.7","4.1"," 1.1"," "," 0.0"," 0.0"," 0.4"," 3.0"," 1.7"," 4.2"," 3.3"," 1.1"," 2.1"," 1.0"," 2.1"," 4.2"," 0.4"," 1.7"," 0.0"," 2.3"," 2.5"," 2.1"," 1.4"," 1.5"," 1.7"," 3.5"," 2.1"," 2.5"," 4.0"," 4.7"," 4.7"," 3.2"," 4.4"," 3.4"," 4.7"," 3.0"
"1536", "", "False", "", "", "Unused", " No results", " No results", " No results", " No results", "", "316.84186", "315.83458", "1.173", "351706.109829946", "0", "0", "0", "", "", "", "", "No matches found", " No matches found", "PreferredDDA", "", "[M-H]-1", "163948.97861776", " 130848.007839761", " 185216.359697727", " 216937.720953502", " 225316.596908195", " 267536.630383082", "23.2872585669163", " 15.3421400429199", " 10.8352573450946", " 6.63760845807398", " 2.56704277566664", " 13.5003506751779", "0.798", " 1.323", " 1.416", " 1.217", " 0.854", " 1.233", " 0.842", "-0.33", " 0.40", " 0.50", " 0.28", " -0.23", " 0.30", " -0.25", "0.70543159689632", " 0.000642967693406105", " 0.00407244231806569", " 0.103232093696575", " 0.261762450227337", " 0.0109256615184383", " 0.239810604785146", "1", " 0.00759679033225041", " 0.151623727436868", " 0.672729143922682", " 1", " 0.112419306676563", " 1", "7.4", "5.2", " 5.2", " 5.6", " 4.4", " 4.0", " 5.3", " 4.5", " 5.3", " 4.9", " 4.5", " 6.2", " 5.8", " 5.4", " 5.8", " 4.7", " 5.1", " 5.6", " 6.7", " 6.7", " 5.6", " 6.3", " 7.1", " 7.4", " 6.4", " 6.4", " 6.4", " 6.8", " 7.2", " 5.7", " 6.4", " 6.8", " 6.8", " 5.7", " 5.4", " 5.4"
"239", "", "False", "", "", "Unused", " No results", " No results", " No results", " No results", "", "318.14861", "317.14134", "5.897", "7150138.61550895", "0", "0", "0", "", "", "", "", "No matches found", " No matches found", "PreferredDDA", "", "[M-H]-1", "2389270.33656669", " 3112441.49218139", " 3010186.29739543", " 1620689.28320346", " 1517033.85361747", " 1479171.51470182", "75.9707038211992", " 72.8737379104408", " 52.527686827007", " 52.5423538721211", " 14.8020765628793", " 47.8931225248266", "1.303", " 0.678", " 0.967", " 0.504", " 1.857", " 0.913", " 1.026", "0.38", " -0.56", " -0.05", " -0.99", " 0.89", " -0.13", " 0.04", "0.995782970282483", " 0.995237450774152", " 0.999996853437967", " 0.762844700715866", " 0.816956089281852", " 0.964293652554353", " 0.998664817934792", "1", " 1", " 0.99999999999978", " 1", " 1", " 1", " 1", "6.6", "2.6", " 3.3", " 1.5", " 4.1", " 5.1", " 3.1", " 4.8", " 2.3", " 4.5", " 5.1", " 4.5", " 5.1", " 4.2", " 4.8", " 4.1", " 4.8", " 3.5", " 3.9", " 4.5", " 4.5", " 3.9", " 4.5", " 4.2", " 5.1", " 5.4", " 6.6", " 5.5", " 4.6", " 4.2", " 3.1", " 2.6", " 4.2", " 2.1", " 1.7", " 4.1"
"968","","False","Benzyl alcohol,4-(2,4-diamino-5-pyrimidinylmethyl)-2,6-dimethoxy-alpha,alpha-dimethyl-","C16 H22 N4 O3","Not the top hit"," No results"," No results"," Partial match"," Full match","-0.24","318.16912","317.16187","1.538","1713356.23764013","3","0","0","","","","","No matches found"," Multiple matches found","PreferredDDA","","[M-H]-1","853293.901761062"," 1076085.61255159"," 1164901.67901334"," 927248.7215074"," 839427.814276229"," 703383.566150139","32.5633780905274"," 38.5392373550169"," 19.8593420665338"," 13.7103855930797"," 23.152902988642"," 52.5143958857164","1.261"," 1.087"," 1.083"," 0.721"," 1.256"," 0.759"," 1.193","0.33"," 0.12"," 0.11"," -0.47"," 0.33"," -0.40"," 0.26","0.780329392480819"," 0.723050251910554"," 0.934488629059663"," 0.636537763955047"," 0.907946852179775"," 0.707005960447448"," 0.99563844857769","1"," 1"," 0.99999999999978"," 1"," 1"," 1"," 1","6.3","2.5"," 2.9"," 1.1"," 3.2"," 4.0"," 1.5"," 4.0"," 3.2"," 4.0"," 4.0"," 4.6"," 4.6"," 6.1"," 5.0"," 3.9"," 5.4"," 4.7"," 4.7"," 5.9"," 3.6"," 6.3"," 4.4"," 5.1"," 4.1"," 3.7"," 3.4"," 3.9"," 1.6"," 3.9"," 0.2"," 3.7"," 3.5"," 0.6"," 0.6"," 2.1"
"668","","False","11,12-Epoxy-(5Z,8Z,11Z)-icosatrienoic acid","C20 H32 O3","Invalid mass"," Full match"," No results"," Not the top hit"," Not the top hit","4.87","320.23670","319.22943","6.903","1613777.63548589","21","1","0","62.0","26.3","","","Multiple matches found"," Multiple matches found","PreferredDDA","","[M-H]-1","393599.103139755"," 372218.892536505"," 612041.458127718"," 642293.095839396"," 288146.082064395"," 313253.991066713","75.3836103146534"," 22.9018125325386"," 50.4953597832001"," 52.7545191278863"," 25.9710811753871"," 79.2180286792538","0.946"," 1.632"," 1.644"," 0.471"," 0.953"," 0.488"," 0.920","-0.08"," 0.71"," 0.72"," -1.09"," -0.07"," -1.04"," -0.12","0.995681323442923"," 0.348316146125911"," 0.51154042284366"," 0.0893353640704967"," 0.999378262665233"," 0.523995760673411"," 0.849075043998988","1"," 0.965897965498094"," 0.99999999999978"," 0.602243575026969"," 1"," 1"," 1","5.8","4.0"," 2.5"," 0.8"," 2.7"," 1.0"," 3.9"," 5.0"," 4.3"," 3.5"," 1.6"," 5.4"," 4.4"," 3.3"," 3.5"," 2.5"," 4.4"," 2.9"," 3.9"," 4.0"," 4.2"," 4.0"," 1.7"," 2.7"," 2.1"," 3.5"," 3.5"," 4.3"," 5.8"," 4.2"," 0.8"," 1.5"," 3.9"," 1.5"," 4.0"," 1.5"
"1260","","False","5-[(3Z)-5-Hydroxy-3-methyl-3-penten-1-yl]-1,4a-dimethyl-6-methylenedecahydro-1-naphthalenecarboxylic acid","C20 H32 O3","Unused"," Invalid mass"," No results"," Invalid mass"," No results","5.27","320.23683","319.22956","5.970","842208.043410018","21","7","0","64.3","8.2","","","No matches found"," No matches found","PreferredDDA","","[M-H]-1","151345.323336483"," 188231.187353259"," 89474.1168281024"," 177762.606831953"," 51550.1417349454"," 51348.0618082461","125.929741538467"," 51.314763920097"," 133.035959780338"," 93.7561062703055"," 68.4652707777075"," 110.222478479209","1.244"," 1.175"," 0.475"," 0.576"," 0.503"," 0.289"," 1.004","0.31"," 0.23"," -1.07"," -0.80"," -0.99"," -1.79"," 0.01","0.999991618009703"," 0.995253220103708"," 0.999207058078352"," 0.884937177450612"," 0.884506895764679"," 0.302379254956388"," 0.999459783749264","1"," 1"," 0.99999999999978"," 1"," 1"," 1"," 1","4.2","0.8"," 0.8"," "," 4.2"," 2.3"," 1.9"," 2.7"," 1.5"," "," 1.1"," "," 0.8"," "," 0.0"," 4.2"," "," 4.2"," 1.1"," 0.0"," 3.1"," "," 1.1"," 0.0"," 0.0"," "," 0.4"," "," "," 0.0"," 0.8"," "," 2.5"," "," "," 0.0"
"250","","False","17-hydroxy-1-oxo-2,3-seco-androstan-3-oic acid","C19 H30 O4","Full match"," No results"," No results"," Partial match"," Full match","-1.44","322.21395","321.20667","10.785","3989691.51314143","4","0","0","","","","","Multiple matches found"," Single match found","PreferredDDA","","[M-H]-1","1396542.44043011"," 1080521.96856415"," 1828976.24861862"," 2232515.91564971"," 865375.737787163"," 1412115.19701185","84.9860251399125"," 61.6718440840237"," 20.1332411320377"," 37.9290740622215"," 69.0965926465483"," 63.5568364439912","0.774"," 1.599"," 1.693"," 0.473"," 0.819"," 0.633"," 0.613","-0.37"," 0.68"," 0.76"," -1.08"," -0.29"," -0.66"," -0.71","0.999990049359345"," 0.146710053696186"," 0.407289597098863"," 0.397483971379103"," 0.998391814810895"," 0.449841672825386"," 0.954373905388118","1"," 0.489178433773677"," 0.99999999999978"," 1"," 1"," 1"," 1","5.6","3.5"," 4.1"," "," 5.6"," "," "," 4.6"," 2.3"," 1.6"," 4.8"," 2.2"," 3.6"," 1.7"," 2.8"," 2.2"," 5.1"," 3.6"," 3.6"," 1.9"," 1.6"," 2.7"," 4.2"," 3.5"," "," "," "," 2.0"," 3.9"," 2.1"," "," 0.8"," 3.0"," 3.7"," 2.2"," 3.0"
"405", "", "False", "", "", "Unused", " No results", " No results", " No results", " No results", "", "322.21834", "321.21106", "10.977", "5417799.86979108", "0", "0", "0", "", "", "", "", "No matches found", " No matches found", "PreferredDDA", "", "[M-H]-1", "2215300.3838784", " 1003406.50350789", " 2470148.41187795", " 2425853.89955644", " 3875743.80724662", " 2419505.19453711", "28.3874196975317", " 51.1890230666903", " 26.8154075417898", " 25.4901058354611", " 34.098278416511", " 48.7539140630906", "0.453", " 1.095", " 2.462", " 1.569", " 1.018", " 0.997", " 1.602", "-1.14", " 0.13", " 1.30", " 0.65", " 0.03", " 0.00", " 0.68", "0.573693113224314", " 0.846644152803969", " 0.146474768543468", " 0.711135188335963", " 0.999257314886612", " 0.999999991944266", " 0.824877198818413", "1", " 1", " 0.99999999999978", " 1", " 1", " 1", " 1", "3.6", "2.2", " 1.8", " 3.2", " ", " 1.7", " 2.3", " 0.7", " ", " 3.1", " 2.7", " ", " 3.2", " 3.6", " ", " 3.6", " 2.4", " ", " 2.8", " ", " ", " ", " ", " ", " 3.5", " 2.7", " 2.3", " 1.2", " 3.0", " 2.0", " 2.3", " ", " 1.4", " ", " 1.4", " 2.6"
"155","","False","methyl-10-hydroperoxy-8E,12Z,15Z-octadecatrienoate","C19 H32 O4","No results"," No results"," No results"," Partial match"," Full match","-4.68","324.22854","323.22126","12.345","7218336.23880308","1","0","0","","","","","Multiple matches found"," No matches found","PreferredDDA","","[M-H]-1","3856227.92434688"," 5361537.19979094"," 5796727.25299282"," 5303236.2728294"," 4774270.5552176"," 5300647.74912077","31.6794071157069"," 12.1722434045612"," 38.7835768146592"," 12.7054433642231"," 8.45062198727855"," 35.152968637909","1.390"," 1.375"," 1.081"," 0.824"," 1.093"," 1.000"," 0.901","0.48"," 0.46"," 0.11"," -0.28"," 0.13"," 0.00"," -0.15","0.861511096711501"," 0.574459415963996"," 0.99995615320441"," 0.999999999902478"," 0.98548758389459"," 0.964547855432282"," 0.999998452037484","1"," 1"," 0.99999999999978"," 1"," 1"," 1"," 1","7.6","4.2"," 5.0"," 2.7"," 5.2"," 3.1"," 5.6"," 6.3"," 6.5"," 6.3"," 5.4"," 4.8"," 5.2"," 4.8"," 3.7"," 4.7"," 4.4"," 4.4"," 6.7"," 5.2"," 6.0"," 4.1"," 5.4"," 5.2"," 6.8"," 6.2"," 6.2"," 7.6"," 6.0"," 4.6"," 4.8"," 4.4"," 5.2"," 4.8"," 5.2"," 6.6"
"121", "", "False", "4-Dodecylbenzenesulfonic acid", "C18 H30 O3 S", "Full match", " Full match", " No results", " No results", " Partial match", "3.25", "326.19263", "325.18535", "9.121", "22383821.6439041", "0", "3", "0", "99.7", "10.0", "", "", "No matches found", " Multiple matches found", "PreferredDDA", "", "[M-H]-1", "14476242.1005821", " 14737324.0136434", " 14715235.1449952", " 14729391.4586963", " 9708505.1833952", " 14075304.8066483", "6.8379638124934", " 4.12265698972636", " 41.8347879315535", " 4.04927922809068", " 58.2294156429376", " 29.3122474677261", "1.018", " 1.017", " 0.999", " 0.660", " 0.999", " 0.956", " 0.690", "0.03", " 0.03", " 0.00", " -0.60", " 0.00", " -0.07", " -0.54", "0.999999981207542", " 0.999997972542259", " 0.997060735245439", " 0.466226862106909", " 0.992383233418588", " 0.981396523336485", " 0.448657671257496", "1", " 1", " 0.99999999999978", " 1", " 1", " 1", " 1", "6.1", "", " ", " ", " ", " ", " ", " ", " ", " ", " ", " ", " ", " 4.7", " 5.2", " ", " ", " ", " ", " ", " ", " ", " ", " ", " 3.6", " ", " ", " 3.3", " ", " ", " 5.1", " ", " 5.7", " 6.1", " ", " "
"62", "", "False", "4-Dodecylbenzenesulfonic acid", "C18 H30 O3 S", "Full match", " Full match", " No results", " No results", " Partial match", "3.41", "326.19268", "325.18540", "9.582", "84440434.3050766", "0", "3", "0", "99.6", "10.0", "", "", "No matches found", " Multiple matches found", "PreferredDDA", "", "[M-H]-1", "55408120.9258916", " 59088060.3258076", " 64611976.0082977", " 68716544.736281", " 41452666.304957", " 62453988.7990783", "4.81608441617723", " 9.68554442554075", " 31.2206504177119", " 5.99081574352235", " 73.0964314574169", " 43.5098450725551", "1.066", " 1.240", " 1.093", " 0.642", " 0.940", " 0.909", " 0.664", "0.09", " 0.31", " 0.13", " -0.64", " -0.09", " -0.14", " -0.59", "0.999923130781215", " 0.970646856110047", " 0.99999999999678", " 0.535012835865511", " 0.992350426094191", " 0.661195393652074", " 0.898274511119496", "1", " 1", " 0.99999999999978", " 1", " 1", " 1", " 1", "7.7", "", " ", " ", " ", " 7.7", " 6.5", " 6.5", " 6.5", " 6.8", " 6.5", " 4.1", " 5.2", " 4.4", " 3.3", " 4.8", " ", " 6.8", " 6.8", " 6.5", " 6.8", " 6.5", " 6.8", " 6.1", " 3.6", " 4.7", " 3.9", " 2.4", " 4.3", " 4.7", " 3.9", " 3.9", " 2.4", " 2.0", " 4.3", " 3.9"
"416", "", "False", "Zooxanthellactone", "C22 H30 O2", "Full match", " No results", " No results", " Partial match", " Full match", "0.08", "326.22461", "325.21733", "9.496", "1873096.90833688", "3", "0", "0", "", "", "", "", "Multiple matches found", " Multiple matches found", "PreferredDDA", "", "[M-H]-1", "218714.30731083", " 404401.877301693", " 764218.313493522", " 513007.337630761", " 155920.684835108", " 284036.112618779", "70.3736124362443", " 40.3912571633503", " 50.9491275504188", " 65.4661230163654", " 32.8991115067862", " 47.2835478807782", "1.849", " 2.346", " 1.890", " 0.204", " 1.490", " 0.554", " 0.549", "0.89", " 1.23", " 0.92", " -2.29", " 0.58", " -0.85", " -0.87", "0.196701000747848", " 0.00324098190025979", " 0.970336650552079", " 0.0933654656059278", " 0.959291936631822", " 0.0364196964816974", " 0.923330979633913", "1", " 0.0294703237907343", " 0.99999999999978", " 0.618744017829115", " 1", " 0.302980879241355", " 1", "5.6", "2.3", " 3.6", " ", " 2.5", " ", " 2.5", " 2.1", " 1.1", " 1.7", " 3.3", " 2.9", " 2.3", " 2.3", " 1.2", " 2.0", " 2.7", " 3.6", " 2.9", " 1.0", " 5.6", " 3.5", " 1.4", " 3.1", " ", " ", " ", " ", " ", " 1.5", " ", " 2.1", " 2.5", " 3.3", " 2.9", " 2.1"
"605", "", "False", "Heneicosylic acid", "C21 H42 O2", "Full match", " No results", " No results", " No results", " Full match", "3.19", "326.31952", "325.31224", "14.191", "5396875.67182238", "0", "0", "0", "", "", "", "", "Multiple matches found", " No matches found", "PreferredDDA", "", "[M-H]-1", "3718358.0980121", " 3905343.2871478", " 4345043.83670972", " 4732546.94214522", " 4076411.28801009", " 3951709.35701849", "12.8669696383021", " 6.4685727021209", " 9.80443988172804", " 15.9862150579512", " 11.9355951878732", " 22.1755981014632", "1.050", " 1.273", " 1.113", " 0.938", " 0.918", " 0.835", " 1.032", "0.07", " 0.35", " 0.15", " -0.09", " -0.12", " -0.26", " 0.04", "0.998557388815024", " 0.554407105880917", " 0.895867092134116", " 0.998695148192943", " 0.999977447053606", " 0.710896708814368", " 0.986956204690826", "1", " 1", " 0.99999999999978", " 1", " 1", " 1", " 1", "4.7", "2.7", " 4.6", " 3.5", " 4.6", " 4.6", " 4.7", " 3.2", " 3.6", " 4.7", " 4.3", " 4.3", " 4.0", " 4.0", " 4.3", " 3.6", " ", " 3.0", " 3.3", " 2.6", " 2.6", " 3.0", " 3.9", " 3.7", " 4.2", " 3.5", " 3.5", " 3.8", " 1.7", " 3.2", " 2.4", " 3.6", " 2.8", " 3.1", " 1.7", " 2.8"
"5", "", "False", "Docosahexaenoic acid", "C22 H32 O2", "Full match", " Full match", " No results", " Partial match", " Full match", "3.25", "328.24130", "327.23402", "10.582", "603143659.361807", "9", "2", "0", "76.5", "52.0", "", "", "Multiple matches found", " Multiple matches found", "PreferredDDA", "", "[M-H]-1", "44481842.5224328", " 111771624.114318", " 204331777.624596", " 313908228.247228", " 41795942.1288211", " 80012131.424896", "72.0687730177614", " 34.0024456975598", " 19.6881737688029", " 39.508622221628", " 28.7673663783093", " 37.9557797478426", "2.513", " 7.057", " 1.828", " 0.205", " 0.651", " 0.255", " 0.522", "1.33", " 2.82", " 0.87", " -2.29", " -0.62", " -1.97", " -0.94", "0.0770854378804192", " 3.92854430208978E-07", " 0.157674397908917", " 0.000109418469676048", " 0.393612954486596", " 5.87887215042215E-06", " 0.371013274622852", "1", " 3.27486903678083E-05", " 0.99999999999978", " 0.00522084213404922", " 1", " 0.00038310650180251", " 1", "8.1", "6.2", " 6.2", " 5.8", " 6.2", " 7.0", " 7.1", " 7.5", " 6.7", " 6.7", " 6.7", " 7.7", " 8.1", " 7.7", " 8.1", " 7.7", " 7.3", " 6.7", " 6.7", " 6.7", " 7.1", " 6.7", " 7.1", " 7.1", " 7.2", " 7.2", " 6.8", " 7.2", " 6.7", " 6.7", " 6.7", " 6.7", " 6.3", " 6.3", " 7.1", " 7.1"
"884", "", "False", "DHA", "C22 H32 O2", "No match", " No results", " No results", " Partial match", " Full match", "3.83", "328.24149", "327.23421", "9.777", "912180.575827466", "9", "0", "0", "", "", "", "", "Multiple matches found", " Multiple matches found", "PreferredDDA", "", "[M-H]-1", "290716.54248255", " 170343.509766164", " 414001.210469849", " 195373.279312947", " 162607.114659755", " 219487.183712871", "75.9900734948369", " 67.8797055785717", " 66.7968666278293", " 87.5314897294928", " 40.8315894925142", " 36.8054317332339", "0.586", " 0.672", " 2.430", " 0.393", " 2.119", " 1.123", " 0.741", "-0.77", " -0.57", " 1.28", " -1.35", " 1.08", " 0.17", " -0.43", "0.999997386469211", " 0.977434622030739", " 0.693140388928136", " 0.590805311338099", " 0.929706845312492", " 0.997175443740593", " 0.997167521746661", "1", " 1", " 0.99999999999978", " 1", " 1", " 1", " 1", "5.4", "1.7", " 2.5", " ", " ", " 2.9", " 2.3", " 2.3", " ", " 3.6", " 1.0", " 5.4", " 2.5", " ", " 1.0", " 3.3", " 1.1", " ", " 4.0", " 4.4", " 3.9", " 0.4", " 3.0", " ", " ", " 2.9", " 0.4", " ", " 3.0", " ", " 2.2", " 2.4", " 0.9", " ", " 2.4", " 1.1"
"12","","False","all-cis-4,7,10,13,16-Docosapentaenoic acid","C22 H34 O2","Full match"," Full match"," No results"," Partial match"," Full match","2.88","330.25683","329.24955","11.232","82546207.0007904","7","2","0","91.9","9.6","","","Multiple matches found"," Multiple matches found","PreferredDDA","","[M-H]-1","9075641.49728866"," 21293987.6450158"," 30786361.662617"," 46326906.3785149"," 14932239.5477222"," 22583496.5673055","69.1414380637828"," 38.3318397296154"," 38.195966293171"," 44.6180017355497"," 24.4675502031049"," 33.9528017692777","2.346"," 5.105"," 1.446"," 0.485"," 0.665"," 0.487"," 0.661","1.23"," 2.35"," 0.53"," -1.04"," -0.59"," -1.04"," -0.60","0.183526487186242"," 1.36055852049122E-05"," 0.324313534027698"," 0.169555179885448"," 0.674225460569736"," 0.0182773901381668"," 0.911857152392112","1"," 0.00025332303881527"," 0.99999999999978"," 0.920778824100143"," 1"," 0.174303891317639"," 1","7.6","6.2"," 5.1"," 5.6"," 3.6"," 6.2"," 6.7"," 6.0"," 6.7"," 7.5"," 6.7"," 6.3"," 7.1"," 5.6"," 5.6"," 6.3"," 6.7"," 6.2"," 5.8"," 6.2"," 5.5"," 6.2"," 6.2"," 5.5"," 6.5"," 7.6"," 6.5"," 7.2"," 6.3"," 7.5"," 6.3"," 5.6"," 6.7"," 5.6"," 6.7"," 7.1"
"25","","False","all-cis-4,7,10,13,16-Docosapentaenoic acid","C22 H34 O2","Full match"," Full match"," No results"," Partial match"," Full match","3.41","330.25701","329.24973","11.749","36722914.1109133","7","2","0","85.0","36.6","","","Multiple matches found"," Multiple matches found","PreferredDDA","","[M-H]-1","2220459.40410946"," 5614967.63476156"," 13626602.2077615"," 16633733.3761272"," 4864358.35582958"," 8202202.10046759","55.4265381852972"," 39.4048642052757"," 23.6547810770585"," 52.1400009414999"," 28.1629191011627"," 50.190157481121","2.529"," 7.491"," 2.427"," 0.357"," 0.819"," 0.493"," 0.593","1.34"," 2.91"," 1.28"," -1.49"," -0.29"," -1.02"," -0.75","0.091005113570459"," 3.77321998978886E-07"," 0.00390260577073454"," 0.00909043027368661"," 0.999428051052004"," 0.0438533543320182"," 0.583866449989472","1"," 3.27486903678083E-05"," 0.151623727436868"," 0.126941365607552"," 1"," 0.349931868241206"," 1","7.2","5.6"," 6.4"," 5.5"," 6.0"," 5.4"," 6.5"," 7.1"," 5.4"," 5.6"," 6.0"," 6.8"," 6.8"," 7.2"," 7.2"," 7.2"," 7.2"," 5.1"," 5.1"," 5.5"," 5.5"," 6.6"," 5.8"," 6.2"," 5.9"," 6.1"," 7.0"," 7.2"," 6.2"," 6.4"," 3.7"," 6.6"," 4.7"," 6.2"," 6.6"," 5.1"
"64", "", "False", "", "", "Unused", " No results", " No results", " No results", " No results", "", "332.26420", "331.25693", "9.096", "10764995.4919689", "0", "0", "0", "", "", "", "", "No matches found", " No matches found", "PreferredDDA", "", "[M-H]-1", "4031549.52652454", " 6090025.04228418", " 6625073.64924207", " 7517691.18815177", " 6632902.26862252", " 6526321.40317423", "57.1283293398133", " 32.7136094977429", " 30.7310969529502", " 26.3434251614094", " 22.9149886984137", " 23.4242297925248", "1.511", " 1.865", " 1.088", " 1.001", " 0.881", " 0.868", " 1.016", "0.60", " 0.90", " 0.12", " 0.00", " -0.18", " -0.20", " 0.02", "0.170734090908837", " 0.00501451742330206", " 0.852753166661059", " 0.999697484882033", " 0.99998968116086", " 0.993563659630702", " 0.999999998257716", "1", " 0.0408474231773147", " 0.99999999999978", " 1", " 1", " 1", " 1", "7.6", "6.2", " 5.6", " 5.0", " 6.0", " 6.4", " 6.5", " 6.3", " 6.7", " 6.3", " 6.0", " 6.7", " 6.3", " 6.1", " 6.3", " 7.1", " 6.3", " 7.0", " 7.2", " 6.8", " 6.8", " 7.6", " 7.2", " 7.6", " 7.2", " 4.9", " 5.7", " 6.6", " 7.6", " 6.8", " 7.4", " 7.2", " 6.8", " 7.2", " 7.2", " 7.2"
"15", "", "False", "Adrenic acid", "C22 H36 O2", "Full match", " Full match", " No results", " Full match", " Not the top hit", "2.72", "332.27243", "331.26516", "12.344", "68155644.3266548", "3", "3", "0", "95.7", "9.8", "", "", "Multiple matches found", " Multiple matches found", "PreferredDDA", "", "[M-H]-1", "6228586.26462151", " 14461442.7923811", " 29696271.1455447", " 40618890.7748498", " 10627621.7003548", " 17920312.2191525", "55.9684597207844", " 36.2750168123992", " 18.356324867463", " 43.2625899050842", " 32.8543917674887", " 48.391342030717", "2.322", " 6.521", " 2.053", " 0.358", " 0.731", " 0.441", " 0.593", "1.22", " 2.71", " 1.04", " -1.48", " -0.45", " -1.18", " -0.75", "0.115489962741711", " 6.16790283070046E-07", " 0.0130479037643046", " 0.0151078132908131", " 0.969618375100244", " 0.0104319397601609", " 0.771193102816663", "1", " 3.44521429543411E-05", " 0.364409312274508", " 0.173739852844351", " 1", " 0.110240228276295", " 1", "7.7", "4.7", " 4.7", " 3.5", " 5.8", " 4.1", " 6.0", " 7.1", " 6.0", " 4.4", " 4.8", " 7.7", " 6.6", " 7.7", " 7.7", " 6.2", " 4.7", " 6.2", " 5.8", " 5.1", " 5.1", " 6.2", " 6.6", " 5.1", " 6.7", " 6.0", " 6.7", " 6.3", " 5.5", " 5.8", " 5.5", " 5.5", " 6.6", " 5.1", " 4.7", " 6.6"
"695","","False","Mesquitol-4beta-ol 3,8-dimethyl ether","C17 H18 O7","Not the top hit"," No results"," No results"," Partial match"," Full match","-3.75","334.10400","333.09672","2.544","1778974.02909363","1","0","0","","","","","Multiple matches found"," No matches found","PreferredDDA","","[M-H]-1","326589.685123359"," 81882.6936330307"," 19902.6609826044"," 56856.3167426143"," 63728.197648683"," 212294.097064502","106.153174553922"," 167.378212218018"," 7.24465468738846"," 205.988054179354"," 154.179772374834"," 116.767212582356","0.251"," 0.174"," 0.243"," 3.202"," 0.350"," 3.734"," 0.300","-2.00"," -2.52"," -2.04"," 1.68"," -1.51"," 1.90"," -1.74","0.932833226977872"," 0.849775139837922"," 0.623126590843977"," 0.765496537274615"," 0.634855423793671"," 0.857579922558413"," 0.921916865961965","1"," 1"," 0.99999999999978"," 1"," 1"," 1"," 1","6.4","2.1"," 3.5"," 0.8"," "," 4.2"," "," 5.0"," 2.3"," "," 0.8"," "," "," "," "," "," "," "," 0.0"," 6.4"," 1.7"," 0.0"," "," "," 1.1"," "," "," 3.9"," "," 5.0"," 2.5"," 3.9"," 1.5"," 0.0"," 0.0"," 2.5"
"1091", "", "False", "Tetroxoprim", "C16 H22 N4 O4", "Not the top hit", " No results", " No results", " Partial match", " Full match", "-0.31", "334.16400", "333.15672", "1.281", "1979276.78360521", "1", "0", "0", "", "", "", "", "No matches found", " Single match found", "PreferredDDA", "", "[M-H]-1", "232021.749112566", " 412122.921342044", " 320218.570904339", " 302072.480440598", " 261403.24849274", " 245205.434775283", "40.5048744439109", " 36.9281720679418", " 22.9922310305579", " 21.0843678251565", " 13.8261329541786", " 133.450579414189", "1.776", " 1.302", " 0.777", " 0.816", " 1.060", " 0.812", " 1.066", "0.83", " 0.38", " -0.36", " -0.29", " 0.08", " -0.30", " 0.09", "0.832162849640985", " 0.999936135027991", " 0.983838505328119", " 0.98875650086367", " 0.998251392795892", " 0.998880593790861", " 0.990605476600358", "1", " 1", " 0.99999999999978", " 1", " 1", " 1", " 1", "6.0", "4.2", " 3.4", " 0.0", " 4.4", " 1.7", " 1.5", " 4.1", " 3.4", " 3.8", " 5.3", " 4.3", " 4.3", " 3.9", " 3.9", " ", " 2.1", " 1.8", " ", " 3.9", " 5.0", " ", " 3.1", " 3.9", " 4.3", " 4.9", " 6.0", " 4.9", " 0.4", " 2.1", " 2.3", " 4.5", " ", " ", " 3.6", " 1.5"
"743", "", "False", "Tetroxoprim", "C16 H22 N4 O4", "Not the top hit", " No results", " No results", " Partial match", " Full match", "-0.26", "334.16402", "333.15674", "1.497", "2031134.74490021", "1", "0", "0", "", "", "", "", "No matches found", " Single match found", "PreferredDDA", "", "[M-H]-1", "1027952.90617187", " 1414570.55599566", " 1568542.89956388", " 1305814.61352589", " 926779.215480616", " 922130.669116441", "39.0007686353584", " 40.5215822390708", " 20.899032991246", " 13.2229636831508", " 15.1238556257687", " 56.7123275129994", "1.376", " 1.270", " 1.109", " 0.591", " 1.201", " 0.706", " 1.005", "0.46", " 0.35", " 0.15", " -0.76", " 0.26", " -0.50", " 0.01", "0.932203986063982", " 0.621913626578762", " 0.869485052105757", " 0.498375237739988", " 0.98754566842226", " 0.331929451874987", " 0.997336349986382", "1", " 1", " 0.99999999999978", " 1", " 1", " 1", " 1", "6.6", "4.0", " 4.4", " 3.0", " 4.4", " 6.3", " 2.9", " 5.4", " 3.9", " 4.6", " 4.8", " 5.5", " 5.5", " 5.6", " 6.4", " 6.6", " 5.3", " 6.3", " 5.5", " 6.6", " 5.1", " 6.6", " 4.7", " 5.5", " 4.6", " 4.6", " 5.4", " 5.4", " 4.6", " 4.6", " 3.5", " 4.5", " 4.2", " ", " 1.4", " 4.2"
"52", "", "False", "", "", "Unused", " No results", " No results", " No results", " No results", "", "334.27980", "333.27252", "9.688", "12833808.9104075", "0", "0", "0", "", "", "", "", "No matches found", " No matches found", "PreferredDDA", "", "[M-H]-1", "5651567.60603377", " 7274911.95082999", " 9110750.03675424", " 10501496.7017608", " 7577070.48430793", " 7665470.81223253", "49.2090558016873", " 31.4090339177752", " 23.0141695123402", " 21.4530937792917", " 22.3704741397331", " 22.753238338713", "1.287", " 1.858", " 1.252", " 0.832", " 0.868", " 0.730", " 0.988", "0.36", " 0.89", " 0.32", " -0.27", " -0.20", " -0.45", " -0.02", "0.656251867813433", " 0.0130289306700716", " 0.637223749072263", " 0.959903776853056", " 0.99865562368377", " 0.868652857649334", " 0.999732199396638", "1", " 0.0808620935237777", " 0.99999999999978", " 1", " 1", " 1", " 1", "8.0", "6.6", " 5.8", " 5.0", " 6.6", " 5.5", " 6.5", " 6.7", " 7.1", " 6.0", " 6.7", " 7.2", " 7.2", " 7.6", " 7.2", " 7.6", " 7.2", " 8.0", " 8.0", " 5.7", " 6.8", " 7.6", " 6.5", " 7.2", " 6.5", " 7.2", " 7.2", " 6.8", " 7.6", " 7.6", " 6.8", " 6.8", " 7.6", " 8.0", " 7.6", " 7.6"
"229", "", "False", "Docosatrienoic acid", "C22 H38 O2", "Full match", " Full match", " No results", " Full match", " Not the top hit", "3.07", "334.28821", "333.28093", "13.272", "4026034.97854173", "1", "2", "0", "94.6", "9.7", "", "", "Multiple matches found", " Multiple matches found", "PreferredDDA", "", "[M-H]-1", "378747.990722073", " 483160.217237749", " 1692504.9158199", " 2384418.00924166", " 561344.49467749", " 1669154.10287301", "75.8794484056007", " 37.4026665822719", " 40.1341795808879", " 35.2023417947847", " 25.596711756541", " 44.8997571851288", "1.276", " 6.296", " 3.503", " 0.332", " 0.710", " 0.700", " 0.336", "0.35", " 2.65", " 1.81", " -1.59", " -0.49", " -0.51", " -1.57", "0.999993890991891", " 2.35260226187917E-05", " 0.000177716253900173", " 0.0103428312474668", " 0.974831029302993", " 0.423757162327797", " 0.0587103631133813", "1", " 0.000383278118497814", " 0.0694870552749677", " 0.130453129605146", " 1", " 1", " 1", "6.1", "2.7", " 2.3", " ", " 0.6", " 1.7", " 3.4", " 1.1", " ", " 4.9", " 2.2", " 1.6", " 2.0", " 2.2", " 3.3", " 3.1", " 4.5", " 6.1", " 5.7", " 2.7", " 3.5", " 6.1", " 3.2", " 5.0", " 2.4", " 2.4", " ", " 4.9", " 3.5", " 3.5", " 2.3", " 4.5", " 4.5", " 3.3", " 3.3", " 1.2"
"256", "", "False", "Docosatrienoic Acid", "C22 H38 O2", "Full match", " Full match", " No results", " Partial match", " Partial match", "3.14", "334.28823", "333.28095", "13.471", "3568022.52080771", "1", "2", "0", "93.1", "9.7", "", "", "Multiple matches found", " Multiple matches found", "PreferredDDA", "", "[M-H]-1", "378747.990722073", " 546590.580780083", " 1476131.85829055", " 1050283.48459865", " 789754.889607203", " 912495.298043291", "59.2321096782272", " 40.2279986620429", " 48.3623807664751", " 64.3995471721081", " 35.4826569904425", " 55.1887641793819", "1.443", " 2.773", " 2.701", " 0.535", " 1.405", " 0.869", " 0.865", "0.53", " 1.47", " 1.43", " -0.90", " 0.49", " -0.20", " -0.21", "0.997001197404421", " 0.00742761475054332", " 0.00150600578245008", " 0.123807650994377", " 0.766886467934993", " 0.907122366912161", " 0.981151263063104", "1", " 0.051562650386756", " 0.098141376822997", " 0.768393516488914", " 1", " 1", " 1", "6.0", "", " 2.3", " 0.8", " ", " 1.7", " 2.5", " ", " ", " 4.0", " 2.0", " 3.1", " 2.0", " 2.2", " 5.2", " 3.1", " 5.0", " 2.3", " 2.0", " ", " 6.0", " 5.2", " ", " 2.7", " 2.6", " 2.2", " 1.0", " 3.2", " 2.9", " 1.4", " ", " 2.7", " 3.9", " 4.5", " ", " 1.4"
"179","","False","5Z,8Z,11Z-Eicosatrienedioic acid","C20 H32 O4","Full match"," No results"," No results"," Partial match"," Full match","-4.03","336.22870","335.22143","10.782","5999186.15354231","21","0","0","","","","","Multiple matches found"," Multiple matches found","PreferredDDA","","[M-H]-1","1611978.80186499"," 2045333.82642128"," 2843766.85186201"," 3312780.93586314"," 1696365.07983529"," 1855335.02701164","53.6394457738114"," 20.6126908009786"," 18.5921687109602"," 38.3159918276332"," 31.1544351874041"," 59.241445241021","1.269"," 2.055"," 1.390"," 0.597"," 0.858"," 0.560"," 0.914","0.34"," 1.04"," 0.48"," -0.75"," -0.22"," -0.84"," -0.13","0.970686442771978"," 0.0580282590391307"," 0.808528667272719"," 0.344442292269405"," 0.942389444618387"," 0.01586321209046"," 0.999999999937542","1"," 0.231520911064287"," 0.99999999999978"," 1"," 1"," 0.159038869932561"," 1","6.3","3.5"," 5.2"," 3.1"," 5.6"," 3.9"," 2.6"," 2.8"," 5.9"," 3.6"," 4.0"," 2.2"," 4.5"," 4.1"," 4.5"," 4.5"," 5.2"," 6.1"," 5.4"," 5.4"," 2.2"," 3.7"," 6.1"," 6.3"," 2.9"," 5.4"," 3.2"," 4.2"," 3.3"," 5.0"," 3.5"," 1.4"," 4.8"," 4.1"," 5.2"," 2.1"
"299","","False","13Z,16Z-Docosadienoic Acid","C22 H40 O2","Full match"," Full match"," No results"," Partial match"," Not the top hit","3.32","336.30395","335.29667","14.300","2687934.04162205","1","1","0","91.1","9.6","","","Multiple matches found"," Multiple matches found","PreferredDDA","","[M-H]-1","552039.717509907"," 894368.269609598"," 1958191.07670289"," 2431892.70744102"," 888932.327363602"," 1540388.09440369","46.204914816669"," 28.458585829451"," 5.70591615294308"," 25.3489226884838"," 25.144819500919"," 44.8636403121658","1.620"," 4.405"," 2.189"," 0.454"," 0.805"," 0.633"," 0.577","0.70"," 2.14"," 1.13"," -1.14"," -0.31"," -0.66"," -0.79","0.813954420650515"," 0.000213481330676557"," 0.0233018723687666"," 0.0231117128427497"," 0.999187382233951"," 0.224982068035662"," 0.401305445621218","1"," 0.0026926193643398"," 0.414137822553988"," 0.241816780089114"," 1"," 1"," 1","8.1","4.6"," 4.2"," 0.2"," 2.1"," 2.9"," 4.5"," 4.1"," 3.1"," 6.0"," 4.5"," 8.1"," 6.2"," 7.4"," 7.8"," 7.4"," 6.6"," 7.0"," 7.4"," 5.5"," 7.4"," 5.9"," 5.3"," 5.5"," 4.9"," 3.7"," 2.4"," 4.9"," 5.0"," 2.0"," 5.2"," 6.0"," 4.2"," 4.8"," 6.0"," 3.9"
"806", "", "False", "", "", "Unused", " No results", " No results", " No results", " No results", "", "338.21349", "337.20621", "9.972", "4062103.99856354", "0", "0", "0", "", "", "", "", "No matches found", " No matches found", "PreferredDDA", "", "[M-H]-1", "2963833.98434223", " 2931396.11386935", " 2837044.53081285", " 2963397.35508447", " 2937366.29788009", " 2757574.44780295", "11.6605126519747", " 9.26086726836796", " 18.8761839195953", " 8.10888333360844", " 11.2227408496964", " 31.5106098257082", "0.989", " 1.000", " 0.968", " 1.035", " 0.957", " 0.931", " 1.065", "-0.02", " 0.00", " -0.05", " 0.05", " -0.06", " -0.10", " 0.09", "0.999575830951881", " 0.999925190528168", " 0.999937322666419", " 0.999987232964441", " 0.999997964994437", " 0.667855488293902", " 0.765598002024966", "1", " 1", " 0.99999999999978", " 1", " 1", " 1", " 1", "6.2", "3.5", " 2.7", " 3.8", " 3.1", " 5.4", " 3.6", " 5.5", " 4.7", " 3.2", " 6.2", " 3.7", " 4.1", " 2.2", " 4.1", " 2.2", " 2.2", " 3.2", " 3.6", " 3.6", " 4.7", " 4.0", " 5.1", " 3.2", " 3.1", " 5.4", " 3.1", " ", " 1.2", " 3.5", " 1.6", " 1.2", " 1.2", " 2.5", " 3.2", " 1.9"
"47","","False","8R,9S-cis-epoxy-10S-hydroxy-eicosa-11Z,14Z-dienoic acid","C20 H34 O4","No match"," No results"," No results"," Partial match"," Full match","-4.73","338.24411","337.23683","12.347","14521943.8811936","7","0","0","","","","","Multiple matches found"," Multiple matches found","PreferredDDA","","[M-H]-1","6846823.0057317"," 7849878.76111259"," 10342108.0431478"," 9344066.35173066"," 8077077.76978849"," 8888610.87796353","16.5530726180161"," 27.611634525935"," 41.4236337345212"," 24.8843575692108"," 8.00213069611557"," 27.7375287104371","1.146"," 1.365"," 1.317"," 0.781"," 1.107"," 0.951"," 0.909","0.20"," 0.45"," 0.40"," -0.36"," 0.15"," -0.07"," -0.14","0.999993614627606"," 0.443575504153155"," 0.945345168065016"," 0.999495007380392"," 0.957424751362664"," 0.953083727918188"," 0.998931235587302","1"," 1"," 0.99999999999978"," 1"," 1"," 1"," 1","7.2","4.7"," 6.6"," 3.6"," 7.0"," 5.8"," 5.3"," 6.1"," 4.0"," 5.3"," 4.2"," 5.1"," 5.1"," 4.3"," 5.1"," 5.6"," 3.9"," 5.3"," 5.7"," 4.2"," 4.9"," 6.5"," 5.7"," 5.3"," 7.2"," 7.2"," 7.2"," 6.8"," 6.1"," 5.7"," 5.7"," 4.9"," 5.3"," 4.9"," 4.6"," 6.5"
"532","","False","8R,9S-cis-epoxy-10S-hydroxy-eicosa-11Z,14Z-dienoic acid","C20 H34 O4","Full match"," No results"," No results"," Partial match"," Full match","-4.49","338.24419","337.23691","13.172","1934509.11000176","7","0","0","","","","","Multiple matches found"," Multiple matches found","PreferredDDA","","[M-H]-1","1315569.09050637"," 1494855.8041254"," 1604484.17462365"," 1568156.79910995"," 1531753.19653534"," 1409171.08053874","35.0095524404656"," 17.8218356018342"," 13.8647531983683"," 16.2445613754349"," 12.559267374158"," 14.7200877466813","1.136"," 1.192"," 1.073"," 0.955"," 1.023"," 0.899"," 1.087","0.18"," 0.25"," 0.10"," -0.07"," 0.03"," -0.15"," 0.12","0.770667719132266"," 0.414195900502564"," 0.995882011312582"," 0.999996135739608"," 0.999999996304049"," 0.999995994804967"," 0.999835627725109","1"," 1"," 0.99999999999978"," 1"," 1"," 1"," 1","6.6","3.6"," 4.7"," "," 3.2"," 5.7"," 4.6"," 5.8"," 3.7"," 4.6"," 5.4"," 6.5"," 5.7"," 4.7"," 4.0"," 5.0"," 5.5"," 4.2"," 4.6"," 5.4"," 6.4"," 6.5"," 6.0"," 5.4"," 5.9"," 4.4"," 4.6"," 3.6"," 6.6"," 5.5"," 4.4"," 6.1"," 4.0"," 6.1"," 5.7"," 5.1"
"109", "", "False", "", "", "Unused", " No results", " No results", " No results", " No results", "", "340.20848", "339.20120", "10.462", "49373392.1682566", "0", "0", "0", "", "", "", "", "No matches found", " No matches found", "PreferredDDA", "", "[M-H]-1", "29400726.3302714", " 31703898.9788337", " 34071278.1523153", " 37879613.5049194", " 33695219.9189864", " 32993111.8023253", "6.30397096594638", " 34.8612746674454", " 19.9378844395236", " 21.8634590924609", " 7.95587663255615", " 27.5382030436794", "1.078", " 1.288", " 1.075", " 0.989", " 0.899", " 0.871", " 1.021", "0.11", " 0.37", " 0.10", " -0.02", " -0.15", " -0.20", " 0.03", "0.949513123910507", " 0.964489765891021", " 0.273430772419169", " 0.999859687092301", " 0.993892736656988", " 0.89082311528208", " 0.863987771684102", "1", " 1", " 0.99999999999978", " 1", " 1", " 1", " 1", "6.5", "", " ", " ", " ", " 6.1", " 4.1", " 2.6", " 3.3", " 4.1", " 4.1", " 4.7", " 6.2", " 4.7", " 5.1", " ", " 4.3", " ", " 4.9", " 4.6", " 3.8", " 4.2", " 3.8", " 4.2", " 6.5", " 5.7", " 5.7", " 6.1", " 3.4", " 4.6", " 4.6", " 4.6", " 3.8", " 2.3", " 4.2", " 4.2"
"184", "", "False", "", "", "Unused", " No results", " No results", " No results", " No results", "", "340.20855", "339.20127", "10.311", "47535801.614571", "0", "0", "0", "", "", "", "", "No matches found", " No matches found", "PreferredDDA", "", "[M-H]-1", "30549982.8066571", " 31696232.2405702", " 33415976.9354597", " 36554696.9360022", " 33248206.1225582", " 33898286.8736302", "17.5583209776003", " 1.65469538142851", " 19.5042669846531", " 26.4191761822645", " 7.27751793093645", " 18.0806175589106", "1.038", " 1.197", " 1.054", " 0.995", " 0.914", " 0.927", " 0.981", "0.05", " 0.26", " 0.08", " -0.01", " -0.13", " -0.11", " -0.03", "0.974561942200815", " 0.968517096832675", " 0.945332068945397", " 0.999774860928131", " 0.916146408070568", " 0.999309691296936", " 0.999447549080079", "1", " 1", " 0.99999999999978", " 1", " 1", " 1", " 1", "6.6", "", " 4.3", " 4.7", " 5.1", " 5.1", " 6.6", " ", " 5.8", " 6.6", " 6.6", " 4.3", " ", " 4.7", " 5.1", " 4.7", " 4.3", " 5.3", " ", " ", " 3.8", " ", " ", " 4.2", " 6.5", " 5.7", " 5.7", " 6.1", " ", " ", " 4.7", " 4.7", " ", " 2.8", " 4.7", " 5.1"
"161", "", "False", "", "", "Unused", " No results", " No results", " No results", " No results", "", "340.20855", "339.20128", "10.089", "33853017.1419968", "0", "0", "0", "", "", "", "", "No matches found", " No matches found", "PreferredDDA", "", "[M-H]-1", "19035326.6544545", " 18076258.6829494", " 18670456.9324934", " 20128188.0393416", " 17266336.586633", " 16598871.0585548", "44.2955576830987", " 4.91956919450783", " 37.3842897772673", " 43.7101282238764", " 13.3137409582296", " 33.6533016344978", "0.950", " 1.057", " 1.033", " 0.925", " 0.928", " 0.825", " 1.040", "-0.07", " 0.08", " 0.05", " -0.11", " -0.11", " -0.28", " 0.06", "0.994022967135414", " 0.635467141924568", " 0.999766957179074", " 0.999864933196321", " 0.977650387607421", " 0.999994467268158", " 0.964209636892163", "1", " 1", " 0.99999999999978", " 1", " 1", " 1", " 1", "6.0", "3.2", " 5.1", " 3.6", " ", " ", " ", " ", " ", " ", " ", " ", " ", " ", " 3.7", " ", " 6.0", " ", " 2.2", " ", " ", " ", " 5.1", " ", " ", " ", " ", " ", " 5.2", " ", " ", " ", " 4.4", " 5.6", " ", " "
"693", "", "False", "Docosanoic Acid", "C22 H44 O2", "Full match", " Full match", " No results", " Full match", " Full match", "3.38", "340.33528", "339.32800", "14.666", "4222845.24309937", "1", "2", "0", "80.8", "9.0", "", "", "Multiple matches found", " Single match found", "PreferredDDA", "", "[M-H]-1", "3053259.17584697", " 2860690.84218383", " 3435358.85376482", " 3422546.81879013", " 3307823.33679266", " 3421765.69124235", "34.2225273456157", " 31.8118129682355", " 11.1964624351412", " 10.5689219462909", " 5.35183939121873", " 13.9875475073873", "0.937", " 1.121", " 1.201", " 0.963", " 1.004", " 1.000", " 0.967", "-0.09", " 0.16", " 0.26", " -0.05", " 0.01", " 0.00", " -0.05", "0.999375134338404", " 0.506719168042225", " 0.514877187440726", " 0.999491483887366", " 0.997933540415727", " 0.999773487072654", " 0.999971920349393", "1", " 1", " 0.99999999999978", " 1", " 1", " 1", " 1", "4.6", "1.9", " 2.7", " 2.3", " 3.2", " 1.9", " 1.6", " 2.9", " 1.6", " 1.6", " 2.3", " 4.2", " ", " 3.1", " 3.5", " 3.8", " 2.7", " 3.1", " 4.2", " 2.7", " 3.1", " 3.5", " 4.2", " 2.7", " 4.0", " 3.2", " 3.2", " 4.0", " 2.7", " 3.8", " 4.6", " 3.8", " 3.5", " 3.5", " 2.7", " 3.8"
"308", "", "False", "Megestrol", "C22 H30 O3", "Invalid mass", " No results", " No results", " Invalid mass", " No results", "5.25", "342.22129", "341.21402", "9.859", "3783951.90902394", "6", "0", "0", "", "", "", "", "No matches found", " No matches found", "PreferredDDA", "", "[M-H]-1", "875915.811960427", " 1513418.01727448", " 988948.70048614", " 375212.942439918", " 386115.043169225", " 457781.491811317", "110.780351624581", " 91.8659562792527", " 78.9380115501359", " 97.9817088099876", " 38.9823277719251", " 40.1331965221373", "1.728", " 0.428", " 0.653", " 0.390", " 2.636", " 1.220", " 0.843", "0.79", " -1.22", " -0.61", " -1.36", " 1.40", " 0.29", " -0.25", "0.994801713078202", " 0.993291060857202", " 0.999867718746442", " 0.788761319934332", " 0.70221607062765", " 0.999967074139877", " 0.999945284893195", "1", " 1", " 0.99999999999978", " 1", " 1", " 1", " 1", "6.0", "2.0", " 3.7", " ", " ", " 6.0", " 0.8", " 3.7", " ", " 2.3", " 4.1", " 2.7", " 3.1", " 2.1", " 4.5", " 2.7", " 1.7", " 0.8", " 1.1", " 1.7", " 2.3", " ", " 0.6", " ", " ", " 1.1", " 2.6", " 0.7", " 1.7", " 0.6", " 2.9", " 1.0", " 0.6", " 0.2", " 0.4", " 2.7"
"336", "", "False", "FAHFA 18:0/2:0", "C20 H38 O4", "Full match", " No results", " Full match", " No results", " Partial match", "3.60", "342.27824", "341.27097", "13.515", "3092529.78022933", "0", "0", "2", "", "", "51.0", "", "Multiple matches found", " Multiple matches found", "PreferredDDA", "", "[M-H]-1", "1477837.03459979", " 1333411.905652", " 1149623.80165113", " 1085975.74979327", " 1365244.15523847", " 1171943.6449509", "14.7162815753881", " 49.488248938486", " 10.3751176281059", " 43.8487012022361", " 15.8709154022472", " 38.5690570129689", "0.902", " 0.735", " 0.862", " 1.188", " 1.059", " 1.079", " 1.165", "-0.15", " -0.44", " -0.21", " 0.25", " 0.08", " 0.11", " 0.22", "0.999324592356129", " 0.287464929899524", " 0.780485110596305", " 0.97439523125478", " 0.814048397121562", " 0.38690306499029", " 0.999845142793332", "1", " 0.822886269758842", " 0.99999999999978", " 1", " 1", " 1", " 1", "6.6", "", " 4.0", " 2.5", " 3.8", " 6.6", " 0.5", " 1.6", " ", " 1.6", " 4.5", " ", " 2.5", " 2.5", " 2.9", " ", " 2.5", " 0.7", " 0.8", " 0.5", " 0.8", " 4.8", " 1.2", " 0.5", " 3.1", " ", " 2.0", " ", " 2.1", " 1.7", " ", " 1.9", " 1.7", " ", " 2.7", " 1.3"
"939", "", "False", "FAHFA 17:0/3:0", "C20 H38 O4", "No match", " No results", " Full match", " No results", " Partial match", "4.42", "342.27852", "341.27125", "11.831", "2928894.38652925", "0", "0", "1", "", "", "0.5", "", "Multiple matches found", " Multiple matches found", "PreferredDDA", "", "[M-H]-1", "2234734.35186527", " 2077075.72183052", " 2333716.2452036", " 2315266.50527943", " 2405650.99773185", " 2416744.6392644", "15.2665854420767", " 15.9054595381778", " 10.9964675957428", " 22.0269966797813", " 8.83494760264591", " 7.5579731942213", "0.929", " 1.036", " 1.124", " 1.031", " 1.008", " 1.044", " 0.995", "-0.11", " 0.05", " 0.17", " 0.04", " 0.01", " 0.06", " -0.01", "0.999999450512719", " 0.969642777184923", " 0.99562275673341", " 0.9999368721307", " 0.797405869364946", " 0.83538268318907", " 0.999999591436318", "1", " 1", " 0.99999999999978", " 1", " 1", " 1", " 1", "5.1", "2.6", " 3.0", " 2.6", " 2.2", " 2.2", " 2.2", " 2.2", " 3.0", " 3.3", " 3.0", " 3.1", " 3.1", " 3.5", " 3.1", " 3.1", " 2.7", " 2.8", " 2.1", " 2.8", " 2.1", " 2.4", " 2.2", " 2.4", " 5.1", " 3.6", " 3.2", " 4.3", " 3.2", " 3.2", " 5.1", " 3.2", " 4.0", " 3.6", " 3.6", " 4.0"
"698", "", "False", "", "", "Unused", " No results", " No results", " No results", " No results", "", "344.23708", "343.22980", "7.106", "1866867.72820755", "0", "0", "0", "", "", "", "", "No matches found", " No matches found", "PreferredDDA", "", "[M-H]-1", "179962.458825823", " 281126.778522662", " 297296.540902991", " 338495.389236359", " 67504.8487841829", " 73406.390022941", "156.793429494916", " 79.2102116470722", " 52.2569024223762", " 47.2747037264887", " 28.4167047211685", " 48.599581526809", "1.562", " 1.881", " 1.058", " 0.227", " 0.878", " 0.217", " 0.920", "0.64", " 0.91", " 0.08", " -2.14", " -0.19", " -2.21", " -0.12", "0.999920361038579", " 0.545383944530647", " 0.966101702383315", " 0.0526982606113999", " 0.984035420381089", " 0.00676169398313964", " 0.994795837758117", "1", " 1", " 0.99999999999978", " 0.414643384116574", " 1", " 0.0777594808061058", " 1", "5.4", "", " 1.7", " ", " 4.8", " ", " ", " 0.2", " 0.8", " 1.0", " 1.4", " 3.6", " 1.7", " 2.9", " 5.4", " 2.7", " 0.8", " 1.4", " 0.2", " 4.0", " 3.5", " 3.6", " 0.6", " 3.3", " 1.0", " 1.0", " 2.5", " 1.0", " 0.8", " 1.5", " ", " 1.1", " ", " 0.0", " 1.5", " 0.4"
"955", "", "False", "", "", "Unused", " No results", " No results", " No results", " No results", "", "345.98775", "344.98047", "1.259", "626314.17425316", "0", "0", "0", "", "", "", "", "No matches found", " No matches found", "PreferredDDA", "", "[M-H]-1", "362339.447131753", " 326324.082334278", " 288860.138606705", " 258545.448935772", " 289064.466738027", " 224438.161710658", "42.8456842661019", " 25.7204251187292", " 28.53894977764", " 39.4442074832905", " 48.7448467342692", " 61.6476034887589", "0.901", " 0.714", " 0.885", " 1.001", " 1.117", " 0.868", " 1.288", "-0.15", " -0.49", " -0.18", " 0.00", " 0.16", " -0.20", " 0.37", "0.996655148606614", " 0.999939300127807", " 0.997499869195629", " 0.999999402578922", " 0.999769436850868", " 0.996830393945039", " 0.992902538351391", "1", " 1", " 0.99999999999978", " 1", " 1", " 1", " 1", "6.9", "5.5", " 4.4", " 3.0", " 4.4", " 5.2", " 4.8", " 6.2", " 6.2", " 6.5", " 5.4", " 6.5", " 6.2", " 6.9", " 6.2", " 5.8", " 4.8", " 5.7", " 5.8", " 5.7", " 5.3", " 5.4", " 4.9", " 4.3", " 4.2", " 4.2", " 5.2", " 5.5", " 4.9", " 4.9", " 5.2", " 4.9", " 5.2", " ", " 4.8", " 4.2"
"924", "", "False", "Azapropazone", "C16 H20 N4 O2", "Not the top hit", " No results", " No results", " Full match", " Full match", "-0.71", "300.15841", "345.15676", "1.502", "1640018.38575544", "2", "0", "0", "", "", "", "", "No matches found", " Single match found", "PreferredDDA", "", "[M+FA-H]-1", "840703.825306041", " 1163530.96151349", " 1119366.84604467", " 1136149.465286", " 803112.232081799", " 706345.896669152", "37.2647997474811", " 35.2246012113337", " 29.281068502906", " 14.3041774331517", " 15.2555295781313", " 48.4835669672302", "1.384", " 1.351", " 0.962", " 0.717", " 0.985", " 0.622", " 1.137", "0.47", " 0.43", " -0.06", " -0.48", " -0.02", " -0.69", " 0.19", "0.914312365045238", " 0.464300026463693", " 0.98356944318663", " 0.776561467833249", " 0.999999917458927", " 0.101649603573213", " 0.951543743057587", "1", " 1", " 0.99999999999978", " 1", " 1", " 0.69728061398467", " 1", "6.3", "2.5", " 4.7", " 1.5", " 4.7", " 5.1", " 2.2", " 4.7", " 5.1", " 5.1", " 3.6", " 3.4", " 6.2", " 4.5", " 5.3", " 4.5", " 4.1", " 4.4", " 4.7", " 5.9", " 5.5", " 6.3", " 5.5", " 5.9", " 4.2", " 6.1", " 5.4", " 4.0", " 4.2", " 4.2", " 2.1", " 3.5", " 3.5", " 1.5", " 0.2", " 4.2"
"1191", "", "False", "", "", "Unused", " No results", " No results", " No results", " No results", "", "346.16418", "345.15690", "1.277", "625696.788441528", "0", "0", "0", "", "", "", "", "No matches found", " No matches found", "PreferredDDA", "", "[M-H]-1", "282663.229618315", " 481890.045728808", " 357302.037537309", " 356201.636198886", " 335035.595648989", " 294476.468022324", "33.9624140877985", " 33.1413525753888", " 26.490584153427", " 13.415384701836", " 22.5200155438692", " 10.2836967459431", "1.705", " 1.260", " 0.741", " 0.938", " 1.003", " 0.827", " 1.138", "0.77", " 0.33", " -0.43", " -0.09", " 0.00", " -0.27", " 0.19", "0.546091467577913", " 0.9971955348682", " 0.965597204493369", " 0.954892832965335", " 0.991915535715055", " 0.832673162656598", " 0.986838357369667", "1", " 1", " 0.99999999999978", " 1", " 1", " 1", " 1", "6.8", "3.8", " 5.7", " 0.5", " 5.3", " 3.4", " 1.3", " 4.5", " 3.0", " 4.1", " 4.5", " 3.1", " 5.0", " 3.9", " 4.3", " 2.8", " 3.5", " 6.0", " 4.5", " 5.3", " 4.5", " ", " 4.5", " 4.5", " 4.6", " 3.5", " 3.5", " 3.9", " 3.8", " 4.5", " 4.9", " 4.5", " ", " ", " 6.8", " 5.7"
"893", "", "False", "", "", "Unused", " No results", " No results", " No results", " No results", "", "346.16423", "345.15695", "1.473", "1640018.38575544", "0", "0", "0", "", "", "", "", "No matches found", " No matches found", "PreferredDDA", "", "[M-H]-1", "840703.825306041", " 1163530.96151349", " 1119366.84604467", " 1136149.465286", " 803112.232081799", " 706345.896669152", "37.2647997474811", " 35.2246012113337", " 29.281068502906", " 14.3041774331517", " 15.2555295781313", " 48.4835669672302", "1.384", " 1.351", " 0.962", " 0.717", " 0.985", " 0.622", " 1.137", "0.47", " 0.43", " -0.06", " -0.48", " -0.02", " -0.69", " 0.19", "0.914312365045238", " 0.464300026463693", " 0.98356944318663", " 0.776561467833249", " 0.999999917458927", " 0.101649603573213", " 0.951543743057587", "1", " 1", " 0.99999999999978", " 1", " 1", " 0.69728061398467", " 1", "6.3", "2.5", " 4.7", " 1.5", " 4.7", " 5.1", " 2.2", " 4.7", " 5.1", " 5.1", " 3.6", " 4.1", " 6.2", " 4.5", " 5.3", " 4.5", " 4.1", " 4.4", " 4.7", " 5.9", " 5.5", " 6.3", " 5.5", " 5.9", " 4.2", " 6.1", " 5.4", " 4.0", " 4.2", " 4.2", " 2.1", " 3.5", " 3.5", " 1.5", " 0.2", " 4.2"
"889", "", "False", "", "", "Unused", " No results", " No results", " No results", " No results", "", "346.18040", "345.17313", "2.665", "1274075.5127729", "0", "0", "0", "", "", "", "", "No matches found", " No matches found", "PreferredDDA", "", "[M-H]-1", "516574.157670417", " 768006.332019976", " 697051.312924771", " 505305.980360314", " 306328.723271814", " 386572.748994381", "59.1920783213685", " 55.7170279987787", " 51.8794543531573", " 42.9810909873601", " 13.8557733758659", " 64.6701260718545", "1.487", " 0.978", " 0.908", " 0.439", " 1.379", " 0.765", " 0.792", "0.57", " -0.03", " -0.14", " -1.19", " 0.46", " -0.39", " -0.34", "0.957057318468058", " 0.999999223740011", " 0.944908340349286", " 0.979831459746842", " 0.999999630979956", " 0.999775783897656", " 0.942087297534465", "1", " 1", " 0.99999999999978", " 1", " 1", " 1", " 1", "4.6", "4.2", " 2.0", " ", " 2.5", " 1.0", " 0.6", " 2.7", " 1.4", " 4.2", " 3.5", " 1.4", " 3.9", " 0.0", " 2.3", " 3.1", " 2.0", " 3.9", " 0.0", " 1.4", " 1.0", " 1.7", " 1.7", " 0.6", " 2.2", " 2.6", " 2.6", " 3.5", " 0.6", " 1.4", " 1.4", " 2.5", " 4.6", " 1.0", " 2.1", " 0.0"
"592", "", "False", "Heterofibrin A2", "C21 H30 O4", "Full match", " No results", " No results", " Partial match", " Full match", "-2.30", "346.21361", "345.20634", "9.993", "2338283.83579643", "11", "0", "0", "", "", "", "", "Multiple matches found", " Multiple matches found", "PreferredDDA", "", "[M-H]-1", "531595.948543666", " 469558.035668468", " 550997.857580036", " 933202.248366293", " 481602.04579072", " 973429.812938474", "70.7708702274818", " 32.0349861524637", " 32.4153697213749", " 59.5583979212273", " 33.6958481720311", " 29.0018493574774", "0.883", " 1.755", " 1.173", " 0.874", " 0.590", " 1.043", " 0.495", "-0.18", " 0.81", " 0.23", " -0.19", " -0.76", " 0.06", " -1.02", "0.999915732658516", " 0.167877184411941", " 0.805745186206407", " 0.862733671998727", " 0.678406315750208", " 0.999999989590333", " 0.136557902644348", "1", " 0.529354670202168", " 0.99999999999978", " 1", " 1", " 1", " 1", "5.6", "5.0", " 5.0", " 1.9", " 2.1", " 1.7", " 4.7", " 3.0", " 3.4", " 1.5", " 2.2", " 3.2", " 2.5", " 2.2", " 3.8", " 2.2", " 4.9", " 4.6", " 4.0", " 2.3", " 0.8", " 4.0", " 3.9", " 1.8", " 2.2", " 4.5", " 3.2", " 1.5", " 5.6", " 4.5", " 3.1", " 5.3", " 4.5", " 4.5", " 4.9", " 5.6"
"207", "", "False", "NP-022373", "C23 H25 N O2", "No results", " Invalid mass", " No results", " No results", " No results", "-8.77", "347.18548", "346.17821", "13.923", "2925632.47286861", "0", "1", "0", "74.8", "8.7", "", "", "No matches found", " No matches found", "PreferredDDA", "", "[M-H]-1", "265798.49572091", " 1197114.94884633", " 1178539.47094613", " 1401619.1860663", " 737214.234986742", " 1419546.3011108", "126.003860833721", " 87.8300708499836", " 55.8507408162621", " 58.1733312104026", " 64.4918243702713", " 36.6756609559795", "4.504", " 5.273", " 0.984", " 0.626", " 0.841", " 1.013", " 0.519", "2.17", " 2.40", " -0.02", " -0.68", " -0.25", " 0.02", " -0.95", "0.995220322055283", " 0.430581407632584", " 0.994457080852038", " 0.999995923043031", " 0.96065951379118", " 0.991516616533071", " 0.872356977334498", "1", " 1", " 0.99999999999978", " 1", " 1", " 1", " 1", "5.7", "0.8", " 2.7", " 4.8", " 1.7", " ", " 3.3", " 3.1", " ", " 4.5", " ", " 1.6", " 2.3", " ", " ", " 2.3", " 3.1", " 4.5", " 2.0", " 1.6", " ", " 2.3", " 3.9", " 4.5", " 0.6", " 4.1", " 2.7", " 2.3", " 4.6", " 4.2", " 5.7", " 3.2", " 4.0", " 2.5", " ", " 2.9"
"76", "", "False", "11-deoxy-11-methylene-15-keto-PGD2", "C21 H32 O4", "No results", " No results", " No results", " Partial match", " Full match", "-4.21", "348.22859", "347.22132", "11.273", "9840191.04767591", "5", "0", "0", "", "", "", "", "Multiple matches found", " Multiple matches found", "PreferredDDA", "", "[M-H]-1", "4802604.8219986", " 4424984.53193447", " 7126784.80611178", " 6725431.24386866", " 3682273.62461461", " 6700053.38476102", "48.6697318587204", " 46.9233869593592", " 32.5303986828017", " 30.509711847038", " 16.4815724684516", " 40.1155731896544", "0.921", " 1.400", " 1.611", " 0.517", " 1.060", " 0.996", " 0.550", "-0.12", " 0.49", " 0.69", " -0.95", " 0.08", " -0.01", " -0.86", "0.999895898309306", " 0.392997654137036", " 0.706765748272774", " 0.548491392250347", " 0.999903248888279", " 0.98042164294589", " 0.72759074794717", "1", " 1", " 0.99999999999978", " 1", " 1", " 1", " 1", "7.5", "4.7", " 3.9", " 6.1", " 4.1", " 4.5", " 5.6", " 3.9", " 6.0", " 3.9", " 6.5", " 3.3", " 4.8", " 5.6", " 4.8", " 6.5", " 6.1", " 4.8", " 5.7", " 4.4", " 4.4", " 7.5", " 4.1", " 3.3", " 6.0", " 5.2", " 6.7", " 6.4", " 3.9", " 5.5", " 4.5", " 6.4", " 4.3", " 3.9", " 4.7", " 3.6"
"1339", "", "False", "", "", "Unused", " No results", " No results", " No results", " No results", "", "349.97450", "348.96723", "1.266", "291311.864456255", "0", "0", "0", "", "", "", "", "No matches found", " No matches found", "PreferredDDA", "", "[M-H]-1", "151911.679647585", " 158781.487557333", " 148186.567796797", " 166314.55175529", " 168357.220827627", " 137620.20396705", "41.0777721532653", " 16.8227689278189", " 29.5731004751817", " 34.9526943519622", " 38.3285356644826", " 40.5856238048526", "1.045", " 1.095", " 0.933", " 1.136", " 0.891", " 0.827", " 1.223", "0.06", " 0.13", " -0.10", " 0.18", " -0.17", " -0.27", " 0.29", "0.999640193212646", " 0.999999499000418", " 0.999992100768197", " 0.996508125174921", " 0.999997869565987", " 0.999534180151691", " 0.999369335197456", "1", " 1", " 0.99999999999978", " 1", " 1", " 1", " 1", "6.4", "4.9", " 5.3", " 0.4", " 4.5", " 4.9", " 6.1", " 6.4", " 5.3", " 6.4", " 4.5", " 4.4", " 4.0", " 5.9", " 5.9", " 3.3", " 2.9", " 5.4", " 4.3", " 4.7", " 4.3", " 2.0", " 4.7", " 3.5", " 1.6", " 2.8", " 4.3", " 5.4", " 2.7", " 4.9", " 3.8", " 3.8", " 4.5", " ", " 2.5", " 3.8"
"92", "", "False", "9-deoxy-9-methylene-PGE2", "C21 H34 O4", "Full match", " No results", " No results", " Partial match", " Full match", "-4.54", "350.24412", "349.23684", "12.563", "9394478.1282735", "7", "0", "0", "", "", "", "", "Multiple matches found", " Multiple matches found", "PreferredDDA", "", "[M-H]-1", "3334864.0317186", " 4750216.13307212", " 5003172.77478498", " 6305345.37432165", " 2834334.52312917", " 5459850.50388995", "38.9332746428143", " 22.8688799606633", " 67.6648515997528", " 21.310967393601", " 22.9453221320617", " 32.9009778088444", "1.424", " 1.891", " 1.053", " 0.567", " 0.793", " 0.866", " 0.519", "0.51", " 0.92", " 0.07", " -0.82", " -0.33", " -0.21", " -0.95", "0.767783478756301", " 0.141275379785034", " 0.997290759972835", " 0.901090620848796", " 0.557549213277763", " 0.967752128670705", " 0.392509982089779", "1", " 0.476635885986148", " 0.99999999999978", " 1", " 1", " 1", " 1", "6.6", "", " 6.5", " 3.2", " ", " 3.8", " ", " ", " 5.5", " ", " ", " 6.4", " 5.1", " 3.5", " ", " 4.5", " 2.8", " 6.5", " ", " 6.5", " 4.9", " 6.1", " ", " ", " ", " 4.7", " 5.9", " 6.6", " ", " ", " 5.4", " 4.4", " 4.4", " ", " 4.8", " 4.1"
"104", "", "False", "9-deoxy-9-methylene-PGE2", "C21 H34 O4", "Full match", " No results", " No results", " Partial match", " Full match", "-3.98", "350.24432", "349.23704", "12.603", "9446662.65270559", "7", "0", "0", "", "", "", "", "Multiple matches found", " Multiple matches found", "PreferredDDA", "", "[M-H]-1", "3593960.39394955", " 4728022.08054841", " 5356435.64748476", " 6174369.65145556", " 3385422.2003784", " 4763923.91675006", "38.114324272564", " 24.0785345817721", " 53.3526933933508", " 27.5059224646581", " 45.3529470534728", " 41.4879667902773", "1.316", " 1.718", " 1.133", " 0.632", " 0.868", " 0.772", " 0.711", "0.40", " 0.78", " 0.18", " -0.66", " -0.21", " -0.37", " -0.49", "0.759518891238379", " 0.218776219258925", " 0.999936666253118", " 0.384525205877259", " 0.98205759056215", " 0.909529934244862", " 0.45709265238831", "1", " 0.643169185941652", " 0.99999999999978", " 1", " 1", " 1", " 1", "6.6", "5.4", " ", " 3.2", " 6.5", " 3.8", " 5.5", " 4.6", " 5.5", " 6.5", " 6.6", " 5.6", " ", " 4.8", " 3.6", " 6.4", " ", " ", " 5.1", " 6.5", " ", " ", " 5.5", " 4.9", " 5.6", " 3.7", " 5.8", " 3.3", " 3.7", " 3.3", " ", " 5.6", " ", " 4.7", " ", " 3.6"
"449", "", "False", "8-Iso-15-keto-prostaglandin-F2�", "C20 H32 O5", "No match", " Invalid mass", " No results", " No results", " No results", "12.85", "352.22950", "351.22222", "10.806", "5421257.34946987", "0", "20", "0", "94.3", "9.7", "", "", "No matches found", " No matches found", "PreferredDDA", "", "[M-H]-1", "3303048.6841837", " 3434884.29461816", " 3552422.94834229", " 3472622.05980983", " 3411235.58912432", " 3496827.27785202", "6.3896984677453", " 4.02472099219358", " 24.8801751420341", " 39.7166095726017", " 11.2111877042758", " 27.5212734525653", "1.040", " 1.051", " 1.034", " 0.960", " 1.023", " 1.007", " 0.976", "0.06", " 0.07", " 0.05", " -0.06", " 0.03", " 0.01", " -0.04", "0.999983170551829", " 0.931768986225589", " 0.999990359833739", " 0.999411137863203", " 0.907842986180866", " 0.786945193999325", " 0.99996825033345", "1", " 1", " 0.99999999999978", " 1", " 1", " 1", " 1", "5.1", "4.0", " 4.3", " 4.0", " 5.1", " 5.1", " 4.1", " ", " 4.5", " 4.1", " 4.8", " 3.2", " ", " 2.1", " ", " ", " 2.4", " 1.7", " 1.6", " 1.6", " 1.2", " ", " 1.6", " 1.9", " 3.1", " 3.8", " 4.2", " ", " 1.7", " 4.9", " 2.1", " 2.4", " 2.4", " 2.1", " ", " 3.2"
"469", "", "False", "quinbolone", "C24 H32 O2", "No match", " No results", " No results", " Invalid mass", " No results", "5.88", "352.24230", "351.23503", "11.824", "1788131.30410951", "1", "0", "0", "", "", "", "", "No matches found", " No matches found", "PreferredDDA", "", "[M-H]-1", "68857.4334838592", " 98933.6198434811", " 605990.959006429", " 174022.177383237", " 219531.014407672", " 449371.731943422", "119.543947730449", " 109.436373452836", " 65.9462465535989", " 111.776479014678", " 40.9619352691581", " 62.7032031831712", "1.437", " 2.527", " 6.125", " 0.362", " 3.482", " 2.582", " 0.489", "0.52", " 1.34", " 2.61", " -1.46", " 1.80", " 1.37", " -1.03", "0.979954393785091", " 0.164396915482488", " 0.09039218340646", " 0.411198728150525", " 0.825608551573708", " 0.999999996277557", " 0.945032324073903", "1", " 0.526878638964367", " 0.955225505727727", " 1", " 1", " 1", " 1", "4.6", "", " 2.5", " ", " ", " ", " ", " 1.5", " ", " 0.6", " ", " 4.2", " 1.6", " 1.0", " 3.1", " 1.0", " 4.4", " ", " ", " 3.1", " 4.1", " ", " 4.2", " ", " 0.0", " 0.4", " 1.0", " 1.0", " 2.0", " ", " 1.7", " 1.0", " 2.1", " ", " ", " 4.6"
"264", "", "False", "Ceriporic acid C", "C21 H36 O4", "Unused", " No results", " No results", " Partial match", " Full match", "-3.67", "352.26007", "351.25279", "13.932", "3813422.95843486", "3", "0", "0", "", "", "", "", "Multiple matches found", " Multiple matches found", "PreferredDDA", "", "[M-H]-1", "2629753.56583407", " 2727853.04414294", " 3277838.93543774", " 3039447.98034462", " 2558279.91186071", " 2661377.08333955", "19.1740001488159", " 12.0044916400871", " 24.8090031456607", " 11.7430236072992", " 11.7144691043564", " 16.7835024245524", "1.037", " 1.156", " 1.202", " 0.780", " 1.078", " 0.876", " 0.961", "0.05", " 0.21", " 0.26", " -0.36", " 0.11", " -0.19", " -0.06", "0.905103309139063", " 0.135669085898024", " 0.927000542306848", " 0.552950161441639", " 0.995765036988252", " 0.7225252931378", " 0.900363360982361", "1", " 0.469439049434755", " 0.99999999999978", " 1", " 1", " 1", " 1", "7.2", "6.4", " 4.5", " 4.1", " 5.6", " 5.6", " 5.0", " 7.2", " 5.0", " 6.5", " 6.1", " 3.6", " 5.1", " 4.0", " 3.6", " 5.1", " 5.5", " 6.5", " 5.7", " 6.5", " 5.7", " 6.5", " 5.7", " 5.4", " 5.7", " 5.4", " 5.0", " 4.6", " 6.0", " 6.0", " 4.5", " 4.8", " 4.8", " 5.2", " 5.6", " 5.6"
"323", "", "False", "Ceriporic acid C", "C21 H36 O4", "Full match", " No results", " No results", " Partial match", " Full match", "-3.29", "352.26020", "351.25293", "13.176", "2520799.98177223", "3", "0", "0", "", "", "", "", "Multiple matches found", " Multiple matches found", "PreferredDDA", "", "[M-H]-1", "1366139.96212165", " 1684359.60642081", " 1682382.54178035", " 1895324.45225725", " 1410648.91093351", " 1675525.59129474", "48.566671929738", " 38.5567994835517", " 20.3755551680355", " 36.120422728842", " 25.4041225110418", " 25.749448742987", "1.233", " 1.387", " 0.999", " 0.838", " 0.888", " 0.884", " 0.842", "0.30", " 0.47", " 0.00", " -0.25", " -0.17", " -0.18", " -0.25", "0.999998184999619", " 0.981173160674027", " 0.859979058473769", " 0.979320308997404", " 0.99862704477213", " 0.999548821039015", " 0.985554399068894", "1", " 1", " 0.99999999999978", " 1", " 1", " 1", " 1", "7.4", "4.2", " 3.9", " 1.7", " 3.5", " 5.6", " 5.1", " 5.0", " 4.7", " 5.0", " 5.0", " 6.6", " 6.0", " 4.1", " 5.9", " 5.6", " 7.4", " 5.5", " 5.7", " 3.5", " 5.7", " 6.1", " 6.5", " 5.3", " 7.0", " 4.9", " 4.5", " 5.3", " 6.8", " 5.5", " 3.4", " 6.2", " 6.2", " 5.9", " 5.1", " 4.5"
"735", "", "False", "", "", "Unused", " No results", " No results", " No results", " No results", "", "354.20880", "353.20153", "8.521", "2175820.13953165", "0", "0", "0", "", "", "", "", "No matches found", " No matches found", "PreferredDDA", "", "[M-H]-1", "809112.554299789", " 1637384.73300965", " 1104623.85106598", " 1177623.20059277", " 831788.547615216", " 863859.52191039", "32.489937727195", " 37.6563067178554", " 29.1738113539263", " 20.6571199356239", " 26.5229537620489", " 10.5634542718464", "2.024", " 1.455", " 0.675", " 0.753", " 0.938", " 0.734", " 0.963", "1.02", " 0.54", " -0.57", " -0.41", " -0.09", " -0.45", " -0.05", "0.239367277096911", " 0.796377526537198", " 0.676832763116487", " 0.670042257862374", " 0.998890850523244", " 0.358102279913227", " 0.999929400323781", "1", " 1", " 0.99999999999978", " 1", " 1", " 1", " 1", "4.4", "1.7", " ", " 1.7", " ", " 4.0", " ", " 4.2", " 4.2", " 2.5", " 4.4", " 3.0", " 2.2", " 2.2", " 4.1", " 3.0", " ", " ", " 3.0", " 1.8", " 1.8", " 2.2", " 2.6", " 1.8", " ", " 1.6", " 1.5", " ", " 3.6", " 3.2", " 2.9", " ", " 2.9", " 3.6", " ", " "
"733", "", "False", "", "", "Unused", " No results", " No results", " No results", " No results", "", "355.95749", "354.95021", "2.544", "1387364.31425751", "0", "0", "0", "", "", "", "", "No matches found", " No matches found", "PreferredDDA", "", "[M-H]-1", "152434.477915336", " 17205.9110683266", " 16095.2962315514", " 16510.2564709491", " 31847.5360680981", " 99784.0526297833", "114.135666677859", " 182.261226157393", " 7.95545125621294", " 228.810579733011", " 156.747223184957", " 126.49132431274", "0.113", " 0.108", " 0.935", " 1.979", " 0.975", " 6.044", " 0.319", "-3.15", " -3.21", " -0.10", " 0.98", " -0.04", " 2.60", " -1.65", "0.87077306261016", " 0.827500982260646", " 0.911859679531316", " 0.872609054970367", " 0.881752801099461", " 0.79206560401364", " 0.943033567805191", "1", " 1", " 0.99999999999978", " 1", " 1", " 1", " 1", "5.0", "0.4", " 3.3", " ", " ", " 5.0", " ", " 4.4", " 0.4", " ", " ", " ", " ", " ", " ", " ", " ", " ", " ", " 5.0", " 0.8", " ", " ", " ", " 0.4", " ", " ", " 3.6", " ", " 4.6", " 1.9", " 4.4", " 0.0", " ", " 0.0", " 2.3"
"24","","False","4,8,12,15,19,21-tetracosahexaenoic acid","C24 H36 O2","Full match"," No results"," No results"," Partial match"," Full match","3.66","356.27284","355.26556","11.840","32587658.1591615","1","0","0","","","","","Multiple matches found"," Multiple matches found","PreferredDDA","","[M-H]-1","1635122.4449655"," 2335184.86398405"," 7773930.15060157"," 14523742.5829925"," 2340547.55583631"," 7539184.67952527","87.7871606081715"," 39.9422153443801"," 17.9343866133464"," 51.7245396413385"," 36.1103488465343"," 54.7694893674495","1.428"," 8.882"," 3.329"," 0.301"," 0.535"," 0.519"," 0.310","0.51"," 3.15"," 1.74"," -1.73"," -0.90"," -0.95"," -1.69","0.824357022039353"," 1.57831623481819E-06"," 0.0106976340395867"," 0.0371865061587091"," 0.396060184463238"," 0.136261368771918"," 0.0632570403709725","1"," 5.14268039844927E-05"," 0.321751916113722"," 0.338137765303611"," 1"," 0.903020257454575"," 1","8.1","5.6"," 3.7"," 1.9"," 5.0"," 3.6"," 5.9"," 6.1"," 5.1"," 5.4"," 7.2"," 7.0"," 7.3"," 8.1"," 7.7"," 7.3"," 7.7"," 6.6"," 5.5"," 6.2"," 5.5"," 6.6"," 5.8"," 5.5"," 5.5"," 6.5"," 5.4"," 5.7"," 6.2"," 4.1"," 6.0"," 5.8"," 6.6"," 5.5"," 4.7"," 6.0"
"34","","False","6Z,9Z,12Z,15Z,18Z-tetracosapentaenoic acid","C24 H38 O2","Full match"," No results"," No results"," Partial match"," Full match","3.29","358.28836","357.28108","12.685","19547796.4259883","1","0","0","","","","","Multiple matches found"," Multiple matches found","PreferredDDA","","[M-H]-1","851028.878486321"," 4858158.07409837"," 9513517.19195825"," 10922317.0564448"," 1416684.90931742"," 2018949.83670204","105.495435024122"," 56.8050186650355"," 18.7783586108667"," 51.4472186842823"," 53.6362505698722"," 44.7997334700418","5.709"," 12.834"," 1.958"," 0.149"," 0.871"," 0.185"," 0.702","2.51"," 3.68"," 0.97"," -2.75"," -0.20"," -2.44"," -0.51","0.0209427583838798"," 2.24882328121456E-05"," 0.215564759516774"," 0.0002403509020249"," 0.999996747902231"," 0.000143904627557978"," 0.964021922554272","0.90984650312189"," 0.000382299957806476"," 0.99999999999978"," 0.00854338206288506"," 1"," 0.00364035993428102"," 1","7.7","2.0"," 5.6"," 2.5"," 1.6"," 3.5"," 5.2"," 4.5"," 3.0"," 5.5"," 5.5"," 7.7"," 5.1"," 7.7"," 6.2"," 5.8"," 7.7"," 5.1"," 5.6"," 5.5"," 3.6"," 5.5"," 2.0"," 3.9"," 2.0"," 4.5"," 3.5"," 6.0"," 4.8"," 2.3"," 3.3"," 3.1"," 5.6"," 0.7"," 4.5"," 4.1"
"79","","False","6Z,9Z,12Z,15Z,18Z-tetracosapentaenoic acid","C24 H38 O2","Full match"," No results"," No results"," Partial match"," Full match","3.61","358.28847","357.28120","12.879","8682643.91292681","1","0","0","","","","","Multiple matches found"," Multiple matches found","PreferredDDA","","[M-H]-1","230592.116296338"," 761550.720413872"," 3038827.87734945"," 3730711.28610133"," 998321.417058965"," 2433157.4324141","90.1874741813942"," 45.9550712722644"," 31.0069919695337"," 55.2569291667767"," 36.426434016813"," 61.691513010005","3.303"," 16.179"," 3.990"," 0.329"," 0.815"," 0.652"," 0.410","1.72"," 4.02"," 2.00"," -1.61"," -0.30"," -0.62"," -1.29","0.29723213995432"," 5.02537448099361E-07"," 0.00230889825474689"," 0.0571947204176619"," 0.978084632860754"," 0.660605127876985"," 0.14949011676273","1"," 3.27486903678083E-05"," 0.128968459658005"," 0.430060301602035"," 1"," 1"," 1","6.2","2.7"," "," "," "," "," "," "," "," 4.2"," 5.0"," 3.5"," "," 6.1"," 4.2"," 5.4"," 6.1"," 4.5"," 5.2"," 5.6"," 5.5"," 3.9"," "," "," 3.4"," 4.7"," 5.9"," 4.7"," 5.2"," 2.3"," 2.3"," 5.2"," 5.2"," 6.2"," 4.5"," 3.5"
"288", "", "False", "", "", "Unused", " No results", " No results", " No results", " No results", "", "360.00338", "358.99610", "1.260", "1477417.87927862", "0", "0", "0", "", "", "", "", "No matches found", " No matches found", "PreferredDDA", "", "[M-H]-1", "736787.014701624", " 706590.672589739", " 607080.50810082", " 537175.74712654", " 571665.139603847", " 449548.876119722", "57.906605490615", " 31.7616460064135", " 30.5898223028952", " 39.7004747412278", " 54.1171952119612", " 74.9307494756798", "0.959", " 0.729", " 0.859", " 0.942", " 1.130", " 0.837", " 1.272", "-0.06", " -0.46", " -0.22", " -0.09", " 0.18", " -0.26", " 0.35", "0.998871249663494", " 0.999926013112577", " 0.998428248561291", " 0.999998396943068", " 0.999925515832747", " 0.99020506746793", " 0.990298451886573", "1", " 1", " 0.99999999999978", " 1", " 1", " 1", " 1", "6.6", "6.1", " 6.1", " 3.8", " 5.8", " 4.4", " 5.7", " 6.6", " 6.6", " 6.4", " 6.3", " 6.6", " 6.4", " 6.6", " 6.0", " 6.0", " 5.3", " 6.3", " 6.0", " 6.0", " 5.9", " 5.4", " 6.6", " 5.7", " 4.0", " 5.2", " 5.8", " 6.1", " 5.5", " 5.9", " 5.9", " 5.5", " 5.5", " ", " 5.4", " 5.2"
"458","","False","7,9,13,17-tetramethyl-7S,14S-dihydroxy-2E,4E,8E,10E,12E,16-octadecahexaenoic acid","C22 H32 O4","Not the top hit"," No results"," No results"," Partial match"," Full match","-1.94","360.22936","359.22208","9.991","2213927.44045536","6","0","0","","","","","Multiple matches found"," Multiple matches found","PreferredDDA","","[M-H]-1","572044.838195962"," 621141.787313202"," 661152.71867829"," 1400537.53352115"," 392430.91095472"," 1296206.17180635","80.5885848658412"," 39.5958893599513"," 34.4470324374413"," 25.1400742645719"," 47.025138605168"," 35.3060879429992","1.086"," 2.448"," 1.064"," 0.594"," 0.472"," 0.926"," 0.303","0.12"," 1.29"," 0.09"," -0.75"," -1.08"," -0.11"," -1.72","0.992621471062359"," 0.0335714004616063"," 0.942672913763702"," 0.668463061486301"," 0.501110812616206"," 0.999999390974047"," 0.0430539908673138","1"," 0.156266875958191"," 0.99999999999978"," 1"," 1"," 1"," 1","6.2","3.9"," 3.5"," "," 3.6"," 1.7"," 3.2"," 3.2"," 2.2"," 3.6"," 3.0"," 2.5"," 1.7"," 2.2"," 1.5"," 3.0"," 1.7"," 5.3"," 3.0"," 3.7"," 3.4"," 3.2"," 4.5"," 6.2"," 1.0"," 3.5"," 1.9"," 3.6"," 5.5"," 4.0"," 5.7"," 4.4"," 3.2"," 3.8"," 5.9"," 5.9"
"137", "", "False", "tetracosatetraenoic acid n-6", "C24 H40 O2", "Full match", " No results", " No results", " Partial match", " Full match", "3.50", "360.30409", "359.29681", "13.652", "5549706.09265196", "1", "0", "0", "", "", "", "", "Multiple matches found", " Single match found", "PreferredDDA", "", "[M-H]-1", "352669.312495337", " 2449819.08062966", " 4536275.74322728", " 3051681.23990649", " 545279.755558768", " 655699.588405763", "80.3516821009681", " 55.8319832396142", " 16.7570772764791", " 37.4672720752907", " 43.8638660529776", " 47.5801161975278", "6.947", " 8.653", " 1.852", " 0.120", " 1.486", " 0.215", " 0.832", "2.80", " 3.11", " 0.89", " -3.06", " 0.57", " -2.22", " -0.27", "7.96558033506756E-05", " 1.16313122067169E-06", " 0.201823711012004", " 2.16038143474595E-05", " 0.735068130004923", " 7.30241932552778E-05", " 0.998935097863202", "0.0311454191101141", " 4.52035769723323E-05", " 0.99999999999978", " 0.00274059635319224", " 1", " 0.00219634304329335", " 1", "7.9", "2.5", " 5.4", " ", " 1.9", " 4.0", " 5.4", " 4.8", " 2.3", " 6.4", " 5.6", " 7.5", " 7.5", " 7.5", " 7.3", " 7.9", " 7.1", " 5.7", " 6.1", " 5.4", " 6.5", " 4.2", " 5.5", " 6.9", " 0.6", " 5.0", " 3.6", " 5.4", " 5.0", " 3.6", " ", " 4.0", " 4.8", " 4.6", " 5.0", " 5.0"
"347", "", "False", "Benzetimide", "C23 H26 N2 O2", "No results", " No results", " No results", " Partial match", " Full match", "1.01", "362.19979", "361.19252", "10.976", "1654341.48050722", "4", "0", "0", "", "", "", "", "No matches found", " Single match found", "PreferredDDA", "", "[M-H]-1", "391859.558636968", " 320283.935721034", " 828686.456419837", " 1237192.57846945", " 395930.236424528", " 748678.515242829", "68.3284811862559", " 43.7090675287402", " 37.9569685164364", " 21.4441686457969", " 24.1966922327457", " 35.5292104664931", "0.817", " 3.157", " 2.587", " 0.478", " 0.670", " 0.605", " 0.529", "-0.29", " 1.66", " 1.37", " -1.07", " -0.58", " -0.72", " -0.92", "0.445957188386725", " 3.64144170293956E-05", " 0.182085141845548", " 0.296451967383982", " 0.743650154017244", " 0.318778450785043", " 0.523544026467374", "1", " 0.000569521482339748", " 0.99999999999978", " 1", " 1", " 1", " 1", "6.4", "2.1", " 1.7", " ", " 2.9", " 0.0", " 2.5", " 2.1", " 1.1", " 5.2", " 1.0", " 4.4", " 3.2", " 2.6", " 4.7", " 4.0", " 5.7", " 3.0", " 6.0", " 4.1", " 6.4", " 4.3", " 5.3", " 3.0", " 2.8", " 2.4", " 1.2", " 3.1", " 2.1", " 1.7", " 1.3", " 4.7", " 4.0", " 2.5", " 4.0", " 4.5"
"38","","False","16,16-dimethyl-PGA2","C22 H34 O4","Full match"," No results"," No results"," Partial match"," Full match","-3.78","362.24434","361.23706","11.268","15491168.8310474","3","0","0","","","","","Multiple matches found"," Multiple matches found","PreferredDDA","","[M-H]-1","5767582.22563822"," 9390163.06482736"," 10075525.5312112"," 9249695.57420119"," 4860247.74097791"," 10034786.7927044","76.0232145232073"," 24.6311255648162"," 29.6447331787785"," 42.5874950987793"," 18.0662237798039"," 31.5187762303606","1.628"," 1.604"," 1.073"," 0.482"," 1.089"," 1.085"," 0.484","0.70"," 0.68"," 0.10"," -1.05"," 0.12"," 0.12"," -1.05","0.189038301914346"," 0.0514419867072469"," 0.979677697329273"," 0.25800448011778"," 0.999617175333036"," 0.999586429921798"," 0.215284727039254","1"," 0.213976774495038"," 0.99999999999978"," 1"," 1"," 1"," 1","7.3","5.8"," 3.6"," 6.5"," 3.5"," 5.8"," 6.5"," 5.3"," 6.8"," 5.7"," 5.3"," 5.3"," 4.6"," 6.5"," 5.7"," 5.7"," 6.1"," 5.2"," 4.7"," 4.3"," 3.2"," 6.7"," 4.3"," 5.1"," 5.6"," 7.3"," 5.2"," 7.0"," 6.0"," 5.2"," 5.7"," 6.7"," 4.4"," 5.2"," 5.2"," 4.8"
"45","","False","11-deoxy-16,16-dimethyl-PGE2","C22 H36 O4","Full match"," No results"," No results"," Partial match"," Full match","-3.47","364.26009","363.25282","12.584","15239359.391545","1","0","0","","","","","Multiple matches found"," Multiple matches found","PreferredDDA","","[M-H]-1","4821037.70751277"," 7117055.61958272"," 11009574.588815"," 10501129.3479737"," 5035716.6915566"," 7837117.51767465","42.0137975013065"," 46.9578642780204"," 19.4491451975832"," 26.3374468355854"," 15.7203023871108"," 39.3019451541773","1.476"," 2.178"," 1.547"," 0.457"," 1.048"," 0.746"," 0.643","0.56"," 1.12"," 0.63"," -1.13"," 0.07"," -0.42"," -0.64","0.925047359690819"," 0.0124216297783371"," 0.0485312276391089"," 0.0530234506542934"," 0.98969133499472"," 0.681821445268061"," 0.73390308714915","1"," 0.0783364071504804"," 0.617424009524951"," 0.414643384116574"," 1"," 1"," 1","7.7","4.8"," 5.1"," 5.0"," 5.1"," 4.8"," 6.0"," 3.2"," 4.5"," 5.5"," 4.3"," 7.3"," 7.7"," 5.8"," 7.0"," 7.7"," 4.3"," 7.6"," 4.2"," 6.5"," 6.5"," 6.5"," 6.5"," 4.9"," 6.7"," 6.2"," 5.2"," 6.6"," 6.0"," 6.0"," 5.7"," 4.1"," 5.2"," 6.7"," 1.8"," 6.0"
"160", "", "False", "", "", "Unused", " No results", " No results", " No results", " No results", "", "366.27599", "365.26871", "13.926", "6560431.82744412", "0", "0", "0", "", "", "", "", "No matches found", " No matches found", "PreferredDDA", "", "[M-H]-1", "4540207.67527083", " 4265502.04699104", " 5100694.52241099", " 4343988.99609713", " 3973748.693317", " 4710813.52250968", "25.7831064294424", " 17.7569831652789", " 31.4023950517844", " 40.3360260865311", " 21.4006229480706", " 32.9706370024441", "0.939", " 0.957", " 1.196", " 0.779", " 1.174", " 1.084", " 0.844", "-0.09", " -0.06", " 0.26", " -0.36", " 0.23", " 0.12", " -0.25", "0.99786251498061", " 0.999357667936732", " 0.997480257913608", " 0.9607639493501", " 0.763541144687645", " 0.954954833449792", " 0.998938377810293", "1", " 1", " 0.99999999999978", " 1", " 1", " 1", " 1", "7.0", "5.5", " 5.9", " 5.5", " 5.9", " 5.5", " 5.2", " 7.0", " 6.0", " 5.6", " 6.7", " 4.6", " 5.6", " 6.0", " 6.1", " 5.2", " 5.4", " 5.6", " 3.7", " 4.7", " 5.2", " 5.4", " 4.1", " 5.5", " 4.7", " 5.5", " 5.5", " 4.3", " 4.2", " 4.6", " 5.0", " 5.9", " 5.2", " 6.0", " 6.0", " 4.8"
"81", "", "False", "ADB-CHMICA", "C22 H31 N3 O2", "No match", " Invalid mass", " No results", " No results", " No results", "7.04", "369.24423", "368.23695", "13.219", "10409254.617684", "0", "2", "0", "93.5", "9.7", "", "", "No matches found", " No matches found", "PreferredDDA", "", "[M-H]-1", "2927660.6389667", " 2395553.30522136", " 1263578.57697904", " 966578.365900734", " 1429185.46966845", " 2116283.17977885", "60.2378847660026", " 106.74569994877", " 48.4975007472118", " 75.2059824669438", " 42.4717391645244", " 47.9119850214534", "0.818", " 0.330", " 0.527", " 1.131", " 1.307", " 2.189", " 0.675", "-0.29", " -1.60", " -0.92", " 0.18", " 0.39", " 1.13", " -0.57", "0.999991600932874", " 0.518061434317937", " 0.309851809496134", " 0.991056278522181", " 0.988170019313589", " 0.989062652586318", " 0.996913807923972", "1", " 1", " 0.99999999999978", " 1", " 1", " 1", " 1", "6.4", "6.0", " 4.8", " 2.7", " 4.5", " 6.2", " 5.2", " 5.8", " 2.3", " 4.6", " 4.5", " 4.6", " 6.0", " 1.7", " 6.0", " 3.9", " 5.2", " 4.4", " 3.7", " 6.0", " 3.7", " 1.2", " 1.6", " 4.2", " 5.4", " 5.8", " 5.6", " 4.5", " 6.4", " 5.2", " 2.9", " 5.2", " 6.4", " 4.1", " 2.1", " 5.6"
"594", "", "False", "Aplidic acid A", "C23 H30 O4", "Full match", " No results", " No results", " Partial match", " Full match", "-1.44", "370.21388", "369.20660", "9.737", "1467839.84800679", "3", "0", "0", "", "", "", "", "Multiple matches found", " Multiple matches found", "PreferredDDA", "", "[M-H]-1", "137494.06523738", " 73438.3749616108", " 243863.633300576", " 707787.608853685", " 73231.5726010714", " 168666.698261862", "52.640763701071", " 53.4842913668081", " 53.9924991469048", " 52.8683106715515", " 3.00699089036253", " 55.8511804198293", "0.534", " 5.148", " 3.321", " 0.300", " 0.345", " 0.238", " 0.434", "-0.90", " 2.36", " 1.73", " -1.74", " -1.54", " -2.07", " -1.20", "0.998021451062456", " 8.85943996431493E-06", " 0.0631851332932071", " 0.0420156439165639", " 0.00554696844501945", " 0.000344529718320885", " 0.1137964412632", "1", " 0.000184610973776212", " 0.726629032871881", " 0.365069261586144", " 0.433772932400521", " 0.00694505245960976", " 1", "6.1", "", " 0.4", " ", " 1.1", " ", " ", " 1.5", " ", " 3.4", " 2.3", " 3.6", " 2.3", " ", " 1.7", " 1.1", " 2.1", " 3.6", " 3.3", " 2.3", " 3.9", " 6.1", " 2.1", " 3.9", " ", " ", " ", " ", " 0.4", " 0.8", " 1.5", " 2.5", " 1.9", " 1.4", " 1.9", " 3.4"
"548", "", "False", "spiromesifen", "C23 H30 O4", "Invalid mass", " No results", " No results", " Invalid mass", " No results", "5.28", "370.21636", "369.20909", "9.106", "1825033.75042803", "3", "0", "0", "", "", "", "", "No matches found", " No matches found", "PreferredDDA", "", "[M-H]-1", "172190.281564119", " 110579.010698214", " 440417.395827945", " 350266.639960656", " 599745.162167866", " 347986.573476991", "119.144662736576", " 139.136838547846", " 66.3625708998272", " 50.909531937536", " 37.8068860623287", " 115.450026315906", "0.642", " 2.034", " 3.983", " 1.362", " 1.257", " 0.993", " 1.723", "-0.64", " 1.02", " 1.99", " 0.45", " 0.33", " -0.01", " 0.79", "0.999954716801503", " 0.997804716477833", " 0.969638874948564", " 0.981786229733137", " 0.999982782508555", " 0.999999795607193", " 0.962011302112809", "1", " 1", " 0.99999999999978", " 1", " 1", " 1", " 1", "5.2", "3.1", " ", " ", " 1.0", " 0.4", " 1.0", " ", " 2.0", " ", " ", " ", " 1.7", " 0.6", " ", " 2.7", " 2.0", " ", " 0.2", " 0.0", " 1.4", " 3.3", " 0.6", " 2.5", " 4.1", " 0.7", " 1.3", " 1.7", " 0.4", " 2.1", " ", " 2.1", " ", " 2.3", " 0.2", " 5.2"
"349", "", "False", "FAHFA 2:0/20:0", "C22 H42 O4", "Full match", " No results", " Full match", " Partial match", " Partial match", "4.04", "370.30980", "369.30253", "13.374", "7386025.04410104", "2", "0", "1", "", "", "0.5", "", "Multiple matches found", " No matches found", "PreferredDDA", "", "[M-H]-1", "5229624.35069568", " 5282287.02013857", " 5734747.32707674", " 5713510.2737734", " 6063003.40221063", " 5724986.97930097", "15.0215010870362", " 11.4369276434686", " 14.3291130539786", " 12.183708274084", " 14.6669056584175", " 14.8457407941293", "1.010", " 1.093", " 1.086", " 1.057", " 1.004", " 1.002", " 1.059", "0.01", " 0.13", " 0.12", " 0.08", " 0.01", " 0.00", " 0.08", "0.999918283321655", " 0.999599139599107", " 0.91505660943662", " 0.999991782425933", " 0.909127296705628", " 0.74486258325107", " 0.999999193375245", "1", " 1", " 0.99999999999978", " 1", " 1", " 1", " 1", "6.3", "4.3", " 4.5", " 4.3", " 4.1", " 5.1", " 4.6", " 3.7", " 4.4", " 3.7", " 4.8", " 4.4", " 5.6", " 5.6", " 4.6", " 4.8", " 5.2", " 4.6", " 5.2", " 5.2", " 4.4", " 3.1", " 5.6", " 4.4", " 4.4", " 3.8", " 5.6", " 5.6", " 5.4", " 4.4", " 5.2", " 4.8", " 6.3", " 4.4", " 4.4", " 5.6"
"751", "", "False", "3-Acetoxy-eicosanoic acid", "C22 H42 O4", "Full match", " No results", " No results", " Partial match", " Full match", "4.24", "370.30988", "369.30260", "14.215", "4791357.89352371", "2", "0", "0", "", "", "", "", "Multiple matches found", " No matches found", "PreferredDDA", "", "[M-H]-1", "2150169.41519279", " 2621795.71287319", " 3843347.36970789", " 2650953.58103912", " 2392435.1680175", " 2836508.38869931", "18.0414779875751", " 21.5693101977225", " 12.6763182726626", " 30.2059723060332", " 18.3774221738914", " 13.2469316691313", "1.219", " 1.233", " 1.466", " 0.622", " 1.450", " 1.070", " 0.843", "0.29", " 0.30", " 0.55", " -0.68", " 0.54", " 0.10", " -0.25", "0.365684762093117", " 0.184970938485273", " 0.34379750221764", " 0.0166993698322859", " 0.388470184237407", " 0.991206007718383", " 0.710632199054497", "1", " 0.569477456281432", " 0.99999999999978", " 0.181916761482527", " 1", " 1", " 1", "5.0", "3.3", " 3.3", " 3.7", " 3.7", " 3.3", " 3.2", " 2.1", " 2.1", " 2.4", " 2.8", " 3.8", " 3.5", " 4.2", " 3.5", " 3.5", " 3.1", " 1.6", " 3.5", " 1.6", " 2.7", " 1.9", " 1.9", " 2.7", " 2.6", " 3.7", " 3.7", " 4.1", " 3.8", " 3.8", " 4.6", " 4.6", " 3.5", " 4.2", " 5.0", " "
"223", "", "False", "3-Acetoxy-eicosanoic acid", "C22 H42 O4", "Full match", " No results", " No results", " Partial match", " Full match", "3.94", "370.30977", "369.30274", "10.960", "4761605.38594304", "2", "0", "0", "", "", "", "", "Multiple matches found", " No matches found", "PreferredDDA", "", "[M-H]-1", "1751155.70989675", " 1767384.59998508", " 1959618.72808044", " 1891485.03895895", " 3008965.15113495", " 2390307.07250513", "15.4087290678241", " 19.0950357125654", " 40.138061973702", " 21.5513749892681", " 47.9076039537488", " 34.2975235630862", "1.009", " 1.080", " 1.109", " 1.535", " 1.036", " 1.264", " 1.259", "0.01", " 0.11", " 0.15", " 0.62", " 0.05", " 0.34", " 0.33", "0.999419458282386", " 0.998754927104555", " 0.987253459650213", " 0.661556939280499", " 0.984885317416043", " 0.798292204837999", " 0.870340521557404", "1", " 1", " 0.99999999999978", " 1", " 1", " 1", " 1", "6.4", "6.4", " 2.3", " ", " ", " 2.6", " 3.3", " 2.2", " ", " 3.0", " 2.2", " ", " 4.8", " 1.4", " ", " ", " ", " 1.7", " 1.8", " 1.7", " ", " 2.4", " ", " 1.7", " 1.4", " ", " 0.7", " ", " ", " 1.6", " 5.1", " 1.6", " 2.7", " 2.3", " 1.2", " 1.2"
"180", "", "False", "Bendigole E", "C23 H32 O4", "Full match", " No results", " No results", " Partial match", " Full match", "-2.17", "372.22925", "371.22198", "10.977", "4314618.09784187", "5", "0", "0", "", "", "", "", "Multiple matches found", " Multiple matches found", "PreferredDDA", "", "[M-H]-1", "339152.423516484", " 1044116.47449416", " 1965030.64610599", " 3087984.99734969", " 864748.563779392", " 1519001.02237783", "78.2023765582294", " 27.9384728991948", " 37.5694577689776", " 38.1644349306542", " 27.2152788388298", " 33.1896306663268", "3.079", " 9.105", " 1.882", " 0.440", " 0.636", " 0.492", " 0.569", "1.62", " 3.19", " 0.91", " -1.18", " -0.65", " -1.02", " -0.81", "0.0486939116218016", " 3.29980401037044E-06", " 0.23235292749991", " 0.129823184815075", " 0.880896951163402", " 0.2817391029262", " 0.424399880222965", "1", " 9.21588120039174E-05", " 0.99999999999978", " 0.793138519729598", " 1", " 1", " 1", "6.1", "5.2", " 3.5", " 0.4", " 2.3", " 0.0", " 5.3", " 2.6", " 4.1", " 4.5", " 4.1", " 5.4", " 6.1", " 2.9", " 5.4", " 5.7", " 4.4", " 2.9", " 6.1", " 6.1", " 5.0", " 5.4", " 5.0", " 3.1", " 3.5", " 4.1", " 5.3", " 5.3", " 4.0", " 2.5", " 1.5", " 4.6", " 4.6", " 5.0", " 5.1", " 4.7"
"182", "", "False", "", "", "Unused", " No results", " No results", " No results", " No results", "", "374.01924", "373.01197", "1.259", "2221077.73534312", "0", "0", "0", "", "", "", "", "No matches found", " No matches found", "PreferredDDA", "", "[M-H]-1", "897240.666923046", " 928169.947494271", " 786913.139799073", " 673093.171291704", " 652651.838510336", " 478596.545390646", "69.9142415929139", " 40.4164202780115", " 34.1998689697266", " 46.9043974524662", " 63.5404756569349", " 98.0690944865785", "1.034", " 0.750", " 0.848", " 0.829", " 1.169", " 0.711", " 1.364", "0.05", " -0.41", " -0.24", " -0.27", " 0.23", " -0.49", " 0.45", "0.999886090766676", " 0.999929246176109", " 0.99981263326064", " 0.999909078500718", " 0.999936558021483", " 0.933961024529029", " 0.974657089154211", "1", " 1", " 0.99999999999978", " 1", " 1", " 1", " 1", "6.6", "6.1", " 6.1", " 3.0", " 6.0", " 5.8", " 5.2", " 6.1", " 5.8", " 5.8", " 5.8", " 6.6", " 6.6", " 6.6", " 6.6", " 6.0", " 6.4", " 6.1", " 6.5", " 5.5", " 5.8", " 5.9", " 5.8", " 5.2", " 5.5", " 5.2", " 5.8", " 6.1", " 5.5", " 5.9", " 5.8", " 5.9", " 6.1", " ", " 6.0", " 5.9"
"385", "", "True", "", "", "Unused", " No results", " No results", " No results", " No results", "", "375.25407", "374.24679", "3.133", "3561965.4585426", "0", "0", "0", "", "", "", "", "No matches found", " No matches found", "PreferredDDA", "", "[M-H]-1", "448771.067893676", " 720179.245547961", " 982561.065818634", " 827901.328348899", " 2387172.50977951", " 2253264.50212241", "61.5703414755718", " 39.1182129583987", " 43.3698681136666", " 19.0598376809012", " 23.7613560435563", " 25.5833265007415", "1.605", " 1.845", " 1.364", " 2.430", " 1.187", " 2.722", " 1.059", "0.68", " 0.88", " 0.45", " 1.28", " 0.25", " 1.44", " 0.08", "0.613876692581231", " 0.150131488626192", " 0.638067197565578", " 0.00831163126529799", " 0.959409247547332", " 0.000684041917671685", " 0.974083750489529", "1", " 0.489178433773677", " 0.99999999999978", " 0.120364734249315", " 1", " 0.0121572904458922", " 1", "7.0", "2.7", " 3.3", " 1.5", " 1.7", " 2.7", " 3.8", " 3.6", " 3.6", " 4.5", " 4.4", " 4.2", " 4.2", " 2.3", " 4.1", " 3.5", " 4.2", " 6.1", " 4.2", " 5.4", " 3.9", " 5.0", " 5.8", " 5.8", " 5.5", " 5.5", " 5.5", " 5.1", " 5.5", " 7.0", " 4.5", " 6.2", " 5.5", " 5.5", " 5.5", " 5.9"
"582", "", "False", "", "", "Unused", " No results", " No results", " No results", " No results", "", "378.09415", "377.08688", "1.935", "3814475.087832", "0", "0", "0", "", "", "", "", "No matches found", " No matches found", "PreferredDDA", "", "[M-H]-1", "410748.581444695", " 404990.037161158", " 459685.572977584", " 475605.394157154", " 653372.885219014", " 502594.463687582", "67.1871975665389", " 63.5541804952638", " 20.9173058158834", " 12.9342646974918", " 31.8927606187193", " 120.271133855036", "0.986", " 1.158", " 1.135", " 1.421", " 0.967", " 1.057", " 1.300", "-0.02", " 0.21", " 0.18", " 0.51", " -0.05", " 0.08", " 0.38", "0.969425126366807", " 0.975318626826082", " 0.999990283689282", " 0.809744243244415", " 0.999813087510505", " 0.823891919168099", " 0.99999996441385", "1", " 1", " 0.99999999999978", " 1", " 1", " 1", " 1", "5.0", "4.6", " ", " 0.2", " 3.1", " ", " 0.4", " ", " 5.0", " ", " ", " ", " ", " 2.4", " ", " 1.2", " ", " 4.5", " 2.2", " ", " 2.2", " ", " 4.5", " ", " ", " 1.0", " 2.2", " ", " ", " 0.2", " ", " ", " 0.2", " 3.3", " 4.5", " "
"1454", "", "False", "", "", "Unused", " No results", " No results", " No results", " No results", "", "382.19286", "381.18558", "2.097", "386804.769230555", "0", "0", "0", "", "", "", "", "No matches found", " No matches found", "PreferredDDA", "", "[M-H]-1", "85034.1800160508", " 321337.110388867", " 268486.002994983", " 243441.657370528", " 58563.8423661272", " 76171.5082119252", "78.5120662473757", " 26.610004738492", " 20.6721827170222", " 26.7920141426803", " 12.6712357026643", " 100.911899977623", "3.779", " 2.863", " 0.836", " 0.218", " 1.103", " 0.313", " 0.769", "1.92", " 1.52", " -0.26", " -2.20", " 0.14", " -1.68", " -0.38", "0.0805504008303949", " 0.0633896810622535", " 0.999920368288702", " 0.0010709948907619", " 0.999996462420324", " 0.00207323545096094", " 0.797950214049769", "1", " 0.250357225205466", " 0.99999999999978", " 0.0232643890159946", " 1", " 0.0289512521902046", " 1", "5.0", "", " 1.5", " 0.0", " 2.1", " 0.0", " 1.8", " 5.0", " 2.4", " 3.1", " 4.6", " 2.8", " 3.9", " 4.6", " 3.5", " 2.9", " 2.1", " 3.9", " 1.4", " 2.5", " 2.8", " 3.9", " 3.3", " 1.4", " 3.2", " 2.4", " 3.5", " 2.0", " 0.0", " 0.8", " ", " 0.4", " 0.4", " 4.0", " 0.0", " 0.4"
"257", "", "False", "24-hydroxy-10Z-tetracosenoic acid", "C24 H46 O3", "Full match", " No results", " No results", " No results", " Full match", "3.32", "382.34597", "381.33869", "10.808", "19917062.7720639", "0", "0", "0", "", "", "", "", "Multiple matches found", " No matches found", "PreferredDDA", "", "[M-H]-1", "10384048.0769388", " 12515671.9628346", " 14235072.6641295", " 12541089.6913144", " 13501962.4798206", " 10799705.7878434", "20.3452642784362", " 53.5031127843896", " 38.4164446117916", " 47.2728731071381", " 16.491338676254", " 38.0208408721187", "1.205", " 1.208", " 1.137", " 0.948", " 1.135", " 0.861", " 1.250", "0.27", " 0.27", " 0.19", " -0.08", " 0.18", " -0.22", " 0.32", "0.976948183048487", " 0.999984388446477", " 0.778949614163081", " 1", " 0.971610763560582", " 0.999918769925841", " 0.995425754006954", "1", " 1", " 0.99999999999978", " 1", " 1", " 1", " 1", "4.6", "4.2", " 3.4", " 3.8", " 3.4", " 4.6", " 2.8", " 3.2", " 1.7", " 0.8", " 3.6", " 2.6", " 2.9", " 2.9", " 3.3", " 2.6", " 2.9", " 2.6", " 4.3", " 2.4", " 0.9", " 2.4", " 1.3", " 1.7", " 3.9", " 3.9", " 4.3", " 4.3", " 1.8", " 1.8", " 2.9", " 2.9", " 1.8", " 3.7", " 2.2", " 2.9"
"551", "", "False", "Scillarenin", "C24 H32 O4", "Not the top hit", " No results", " No results", " Not the top hit", " Full match", "-1.66", "384.22942", "383.22215", "9.719", "1534760.29098198", "6", "0", "0", "", "", "", "", "Multiple matches found", " Multiple matches found", "PreferredDDA", "", "[M-H]-1", "122662.417932576", " 88254.0318382138", " 279799.231677621", " 752209.201947099", " 72017.8918230974", " 207973.000185629", "58.3745495501292", " 34.5182341659035", " 52.5229957204993", " 50.1418693746517", " 3.00699089036228", " 52.0624805469686", "0.719", " 6.132", " 3.170", " 0.257", " 0.372", " 0.276", " 0.346", "-0.47", " 2.62", " 1.66", " -1.96", " -1.43", " -1.85", " -1.53", "0.99854104766726", " 2.52301786174414E-06", " 0.0316844868325762", " 0.0100697728580559", " 0.00391264759426224", " 0.000158276518881784", " 0.0379883959788897", "1", " 7.58846141493813E-05", " 0.492279980681043", " 0.130453129605146", " 0.433772932400521", " 0.00364035993428102", " 1", "5.0", "", " 0.4", " ", " 0.8", " ", " 0.9", " ", " 0.9", " 2.8", " 1.6", " 1.7", " 2.1", " ", " 3.3", " 1.5", " 1.7", " 2.5", " 2.9", " 4.2", " 3.5", " 5.0", " 1.0", " 4.6", " ", " ", " ", " ", " 2.3", " 1.1", " 1.5", " 2.1", " 2.1", " 1.7", " 3.0", " 1.9"
"441", "", "False", "Tricosanedioic acid", "C23 H44 O4", "Not the top hit", " No results", " No results", " No results", " Full match", "3.35", "384.32525", "383.31797", "13.843", "4216818.58179575", "0", "0", "0", "", "", "", "", "Multiple matches found", " Single match found", "PreferredDDA", "", "[M-H]-1", "3117216.64699129", " 3141372.72048523", " 3424336.25552803", " 3282566.93265545", " 3158275.77323195", " 3438597.71574313", "10.1577897998005", " 19.617624883621", " 25.467478601621", " 20.7051811810032", " 4.67036171780946", " 5.95039141532572", "1.008", " 1.053", " 1.090", " 0.922", " 1.043", " 1.048", " 0.918", "0.01", " 0.07", " 0.12", " -0.12", " 0.06", " 0.07", " -0.12", "0.99999988544173", " 0.9999414279065", " 0.994596546866788", " 0.999998460723209", " 0.998082494095143", " 0.866408610640637", " 0.997077163753897", "1", " 1", " 0.99999999999978", " 1", " 1", " 1", " 1", "7.5", "5.0", " 4.2", " 4.6", " 5.4", " 6.5", " 5.2", " 4.5", " 4.1", " 4.8", " 2.6", " 4.7", " 3.6", " 4.0", " 2.4", " 5.5", " 4.3", " 3.2", " 3.6", " 3.6", " 4.3", " 4.0", " 3.6", " 2.8", " 6.7", " 5.2", " 7.5", " 5.6", " 4.3", " 5.1", " 4.7", " 5.9", " 5.1", " 5.1", " 5.5", " 5.5"
"601", "", "False", "Tricosanedioic acid", "C23 H44 O4", "Not the top hit", " No results", " No results", " No results", " Full match", "3.53", "384.32532", "383.31804", "14.417", "3264504.34237106", "0", "0", "0", "", "", "", "", "Multiple matches found", " Single match found", "PreferredDDA", "", "[M-H]-1", "2542822.98405276", " 2447207.72046674", " 2464364.8167302", " 2476692.34749033", " 2061288.61951175", " 2473403.02642979", "21.7862508200019", " 9.46994819054012", " 13.1907935936961", " 8.2672671229344", " 13.4915230307096", " 8.28925730487679", "0.962", " 0.974", " 1.007", " 0.836", " 0.995", " 0.999", " 0.833", "-0.06", " -0.04", " 0.01", " -0.26", " -0.01", " 0.00", " -0.26", "0.980905566563706", " 0.762357464990594", " 0.886382161057201", " 0.225348301025941", " 0.993045006879085", " 0.999697562295072", " 0.556820320616078", "1", " 1", " 0.99999999999978", " 1", " 1", " 1", " 1", "6.5", "4.0", " 4.7", " 3.6", " 4.5", " 4.3", " 5.1", " 5.5", " 4.3", " 5.1", " 4.7", " 4.6", " 4.6", " 4.2", " 5.0", " 5.0", " 6.5", " 4.7", " 5.1", " 4.7", " 5.1", " 5.9", " 6.2", " 6.2", " 5.7", " 4.6", " 5.0", " 4.6", " 5.9", " 5.5", " 4.7", " 5.5", " 6.2", " 5.5", " 6.2", " 5.5"
"933", "", "False", "Tricosanedioic acid", "C23 H44 O4", "No results", " No results", " No results", " No results", " Full match", "3.73", "384.32539", "383.31812", "11.916", "2839610.72256954", "0", "0", "0", "", "", "", "", "Multiple matches found", " Single match found", "PreferredDDA", "", "[M-H]-1", "1611098.67821262", " 2101150.84613099", " 2126971.43792891", " 2305894.99938264", " 2161274.02053505", " 2266211.04056109", "33.4334991206409", " 16.007829023616", " 12.862165402802", " 41.3427146056643", " 7.13044168636095", " 10.7301970481806", "1.304", " 1.431", " 1.012", " 1.016", " 0.922", " 0.983", " 0.954", "0.38", " 0.52", " 0.02", " 0.02", " -0.12", " -0.03", " -0.07", "0.99912020713424", " 0.995774935344597", " 0.999989366018326", " 0.99995502966591", " 0.879278246355663", " 0.683338305483362", " 0.99999997659663", "1", " 1", " 0.99999999999978", " 1", " 1", " 1", " 1", "4.3", "1.6", " 1.3", " 1.6", " 2.9", " 1.0", " 2.6", " 3.7", " 3.0", " 2.0", " 3.0", " 2.7", " 3.5", " 3.1", " 2.7", " 3.1", " 2.5", " 1.8", " 1.4", " 0.7", " 1.8", " 2.6", " 1.4", " 1.5", " 3.6", " 3.2", " 3.6", " 4.3", " 3.1", " 3.5", " 3.8", " 3.8", " 2.7", " 4.2", " 2.7", " 2.7"
"547", "", "False", "Mesoridazine", "C21 H26 N2 O S2", "No match", " No results", " No results", " No match", " Full match", "1.84", "386.14936", "385.14209", "8.747", "1623471.86921744", "1", "0", "0", "", "", "", "", "No matches found", " Multiple matches found", "PreferredDDA", "", "[M-H]-1", "207506.605655018", " 245412.871571159", " 859208.849518116", " 705280.89461445", " 469028.363010726", " 626469.614130094", "105.284697701842", " 96.1928578692694", " 48.3616013113691", " 69.7376069383248", " 34.9639386118429", " 54.5566672715691", "1.183", " 3.399", " 3.501", " 0.546", " 1.218", " 0.888", " 0.749", "0.24", " 1.77", " 1.81", " -0.87", " 0.28", " -0.17", " -0.42", "0.994595494226288", " 0.692883728076398", " 0.42981654496429", " 0.687754434240862", " 0.869302997634889", " 1", " 0.994653133591839", "1", " 1", " 0.99999999999978", " 1", " 1", " 1", " 1", "6.1", "5.0", " 2.7", " 5.2", " 1.5", " 0.8", " 4.0", " 1.9", " 1.1", " 4.2", " 1.9", " 4.4", " 3.9", " 5.4", " 3.5", " 4.0", " 5.4", " 5.4", " ", " 4.6", " 3.3", " 3.5", " 2.1", " 5.0", " 4.5", " 3.0", " 3.4", " 5.7", " 4.8", " 2.9", " 0.8", " 3.9", " 4.2", " 4.0", " 2.1", " 6.1"
"741", "", "False", "Mesoridazine", "C21 H26 N2 O S2", "Not the top hit", " No results", " No results", " No match", " Full match", "2.06", "386.14945", "385.14217", "8.301", "1112797.72329853", "1", "0", "0", "", "", "", "", "No matches found", " Multiple matches found", "PreferredDDA", "", "[M-H]-1", "47607.3837734231", " 37108.9343373978", " 444285.794735432", " 521535.535467646", " 291589.340516155", " 379107.068068722", "124.647917461284", " 123.471988334483", " 80.1327747023245", " 68.6899754839227", " 40.4339073731336", " 82.3569475239085", "0.779", " 10.955", " 11.972", " 0.656", " 0.852", " 0.727", " 0.769", "-0.36", " 3.45", " 3.58", " -0.61", " -0.23", " -0.46", " -0.38", "0.998373064090712", " 0.498960673695877", " 0.297246222039302", " 0.999995201141633", " 1", " 0.999930899821142", " 0.999537723689368", "1", " 1", " 0.99999999999978", " 1", " 1", " 1", " 1", "5.4", "5.4", " ", " 3.6", " ", " ", " 3.6", " ", " ", " 2.3", " ", " 2.9", " 2.9", " 5.0", " ", " 1.9", " 3.5", " 3.9", " ", " 2.9", " 2.5", " 4.0", " 2.3", " 4.6", " 5.2", " 2.7", " 3.0", " 2.1", " 3.6", " 1.1", " ", " 5.0", " 4.4", " 3.3", " 0.0", " 4.6"
"192", "", "False", "Butyryl timolol", "C17 H30 N4 O4 S", "Invalid mass", " No results", " No results", " No results", " Full match", "3.02", "386.19994", "385.19267", "10.578", "4785263.02642774", "0", "0", "0", "", "", "", "", "No matches found", " Single match found", "PreferredDDA", "", "[M-H]-1", "495359.614366831", " 1050761.08692766", " 1928987.69669352", " 2685911.7651006", " 484151.974592123", " 955622.584330139", "64.6155506038974", " 38.2586618695129", " 15.7859013182643", " 36.1154059081754", " 25.2105439773685", " 37.6591698410329", "2.121", " 5.422", " 1.836", " 0.251", " 0.718", " 0.356", " 0.507", "1.08", " 2.44", " 0.88", " -1.99", " -0.48", " -1.49", " -0.98", "0.217933257341637", " 1.83861693663356E-05", " 0.179434413995566", " 0.000961182442220432", " 0.877044231211608", " 0.000355245650107916", " 0.571814957189327", "1", " 0.000326772373738056", " 0.99999999999978", " 0.0221071961710699", " 1", " 0.00694505245960976", " 1", "6.4", "1.7", " 3.5", " 1.9", " 2.7", " 2.1", " 5.1", " 4.7", " 2.6", " 3.2", " 4.7", " 4.8", " 6.4", " 6.0", " 6.4", " 4.5", " 6.0", " 6.1", " 3.5", " 4.6", " 4.6", " 5.0", " 5.7", " 4.2", " 2.4", " 5.0", " 2.4", " 2.4", " 4.4", " 2.9", " ", " 4.0", " 4.0", " 3.2", " 3.6", " 4.7"
"706", "", "False", "", "", "Unused", " No results", " No results", " No results", " No results", "", "386.23240", "385.22513", "4.600", "1381740.43703907", "0", "0", "0", "", "", "", "", "No matches found", " No matches found", "PreferredDDA", "", "[M-H]-1", "305924.500050667", " 220698.397186681", " 398213.030864052", " 336391.607129737", " 199821.643896907", " 294475.398425556", "60.9452038603115", " 111.625780390559", " 80.8878787131292", " 18.9489261647575", " 42.8115148372716", " 86.8430061764709", "0.721", " 1.100", " 1.804", " 0.502", " 1.184", " 0.875", " 0.679", "-0.47", " 0.14", " 0.85", " -0.99", " 0.24", " -0.19", " -0.56", "0.964018330503422", " 0.999972065753947", " 0.619394672293148", " 0.559248235347167", " 0.989279030029244", " 0.999791398614704", " 0.70655571725016", "1", " 1", " 0.99999999999978", " 1", " 1", " 1", " 1", "5.9", "3.3", " 4.4", " 4.2", " ", " 2.9", " 2.3", " 2.9", " ", " 5.0", " ", " 5.4", " 4.0", " 1.1", " 2.5", " 2.1", " 5.2", " 5.5", " 5.2", " 5.9", " 4.0", " 4.4", " 4.5", " 5.5", " 2.5", " 2.9", " 1.5", " 1.5", " 4.0", " 1.9", " 5.0", " 5.4", " 5.4", " 1.1", " 2.7", " 0.8"
"163", "", "False", "Bufalin", "C24 H34 O4", "Not the top hit", " No results", " No results", " Not the top hit", " Full match", "-2.45", "386.24476", "385.23749", "10.975", "4710315.10246308", "5", "0", "0", "", "", "", "", "Multiple matches found", " Multiple matches found", "PreferredDDA", "", "[M-H]-1", "788592.214438516", " 999377.196386374", " 2130200.96571117", " 3363392.03017296", " 952729.782598044", " 1427080.36088341", "66.1073635512406", " 35.3845665966085", " 37.7152510204029", " 30.0759700907862", " 24.0562478247423", " 40.995784758524", "1.267", " 4.265", " 2.132", " 0.447", " 0.633", " 0.424", " 0.668", "0.34", " 2.09", " 1.09", " -1.16", " -0.66", " -1.24", " -0.58", "0.195188812457332", " 8.97086573337091E-06", " 0.239521398069487", " 0.205362048695473", " 0.675143812672239", " 0.0559277995332074", " 0.78305102763133", "1", " 0.000184610973776212", " 0.99999999999978", " 1", " 1", " 0.437355392349682", " 1", "6.9", "2.7", " 2.3", " ", " 4.2", " 0.2", " 5.5", " 3.6", " 2.5", " 4.7", " 3.6", " 5.7", " 6.9", " 4.7", " 5.4", " 6.1", " 5.5", " 3.5", " 6.9", " 6.5", " 6.1", " 5.7", " 4.2", " 5.7", " 3.1", " 4.9", " 6.4", " 5.3", " 3.1", " 3.1", " 4.0", " 6.1", " 5.6", " 4.1", " 4.5", " 5.0"
"226", "", "False", "", "", "Unused", " No results", " No results", " No results", " No results", "", "388.03479", "387.02752", "1.257", "1614539.29781956", "0", "0", "0", "", "", "", "", "No matches found", " No matches found", "PreferredDDA", "", "[M-H]-1", "558143.451642706", " 606993.672546254", " 478972.893054819", " 401503.989775187", " 349245.851542442", " 251216.820221191", "81.4437701859738", " 48.3750688624609", " 40.5454221475882", " 56.5133668030344", " 78.6897543953052", " 118.707982730496", "1.088", " 0.719", " 0.789", " 0.729", " 1.193", " 0.626", " 1.390", "0.12", " -0.48", " -0.34", " -0.46", " 0.25", " -0.68", " 0.48", "0.999798632845812", " 0.999868091487636", " 0.999217756884936", " 0.998881442297669", " 0.999973133244703", " 0.954134419030302", " 0.996365337569685", "1", " 1", " 0.99999999999978", " 1", " 1", " 1", " 1", "6.3", "5.9", " 6.1", " 0.8", " 6.1", " 5.5", " 4.9", " 6.1", " 5.9", " 5.5", " 6.1", " 5.9", " 5.9", " 5.8", " 5.5", " 5.2", " 4.5", " 6.3", " 6.3", " 5.5", " 5.5", " 5.7", " 5.8", " 5.3", " 4.9", " 4.5", " 5.5", " 6.1", " 4.9", " 5.3", " 5.2", " 5.5", " 5.9", " ", " 5.8", " 4.5"
"1350","","False","1,5-dimethyl-4-[2-(3-methyl-5-oxo-1-phenyl-4,5-dihydro-1H-pyrazol-4-yliden)hydrazino]-2-phenyl-2,3-dihydro-1H-pyrazol-3-one","C21 H20 N6 O2","Not the top hit"," Full match"," No results"," No match"," No match","-0.76","388.16448","387.15720","8.641","553903.917179158","1","1","0","80.2","9.0","","","No matches found"," Multiple matches found","PreferredDDA","","[M-H]-1","74733.0690767535"," 161258.872189092"," 81533.4141910028"," 136079.640409544"," 60250.4727414668"," 77712.6851207945","120.540915488795"," 80.5381257115088"," 112.32002865032"," 90.2710343287714"," 44.3455953662123"," 106.065664768326","2.158"," 1.821"," 0.506"," 0.739"," 0.599"," 0.571"," 0.775","1.11"," 0.86"," -0.98"," -0.44"," -0.74"," -0.81"," -0.37","0.998468323217244"," 0.996190683774405"," 0.999885341765246"," 0.962203565674315"," 0.999546192409194"," 0.985207387237567"," 0.990941965377187","1"," 1"," 0.99999999999978"," 1"," 1"," 1"," 1","4.4","2.5"," "," 1.1"," "," "," 1.9"," "," "," 2.1"," 3.6"," "," "," 1.0"," "," "," 4.4"," 2.9"," "," 2.9"," "," "," "," 3.3"," 4.2"," "," "," 3.0"," "," "," "," 3.3"," "," 0.0"," "," 2.5"
"472","","False","1,5-dimethyl-4-[2-(3-methyl-5-oxo-1-phenyl-4,5-dihydro-1H-pyrazol-4-yliden)hydrazino]-2-phenyl-2,3-dihydro-1H-pyrazol-3-one","C21 H20 N6 O2","Not the top hit"," Full match"," No results"," No match"," No match","-0.07","388.16475","387.15747","8.036","3091858.2774524","1","1","0","93.0","9.6","","","No matches found"," Multiple matches found","PreferredDDA","","[M-H]-1","256255.257379438"," 294333.609359069"," 192697.865162586"," 227430.390305315"," 121078.431477263"," 174849.309242064","156.066273869712"," 84.9044774229775"," 101.894199886028"," 133.787593641653"," 104.135456676346"," 159.830015369369","1.149"," 0.888"," 0.655"," 0.628"," 0.847"," 0.769"," 0.692","0.20"," -0.17"," -0.61"," -0.67"," -0.24"," -0.38"," -0.53","0.996681832180975"," 0.999574218118162"," 0.999965394446812"," 0.98955654682401"," 0.999999999970372"," 0.999999999717111"," 0.987186795248898","1"," 1"," 0.99999999999978"," 1"," 1"," 1"," 1","6.0","3.3"," "," 2.9"," "," 3.9"," 2.9"," 0.0"," "," 3.3"," 3.3"," 0.8"," 0.0"," 1.4"," "," "," 3.5"," 2.7"," "," 6.0"," "," "," "," 1.7"," "," "," "," 1.4"," 0.4"," "," "," 4.2"," 0.4"," 2.7"," "," 5.6"
"524", "", "False", "sarmentogenin", "C24 H36 O4", "Full match", " No results", " No results", " Partial match", " Full match", "-1.34", "388.26084", "387.25356", "11.808", "1402887.03355228", "1", "0", "0", "", "", "", "", "Multiple matches found", " No matches found", "PreferredDDA", "", "[M-H]-1", "76346.1469302558", " 167173.640613634", " 592015.885874035", " 845797.267482115", " 103357.758153127", " 353886.246554673", "64.0281603971794", " 35.2933231790376", " 24.2538768959992", " 46.4291692487823", " 34.6599210898197", " 47.9108066401504", "2.190", " 11.078", " 3.541", " 0.175", " 0.700", " 0.418", " 0.292", "1.13", " 3.47", " 1.82", " -2.52", " -0.51", " -1.26", " -1.78", "0.728191977058823", " 4.85862078791754E-07", " 0.00140724243863", " 0.000345844294203368", " 0.743362412697344", " 0.016555415504987", " 0.0159160326844675", "1", " 3.27486903678083E-05", " 0.098141376822997", " 0.0112687599194597", " 1", " 0.161829186561248", " 1", "6.2", "1.5", " 3.4", " ", " ", " ", " 1.3", " 2.4", " ", " 1.6", " 2.0", " 2.8", " 6.2", " 2.4", " 2.8", " 1.6", " 1.8", " 4.6", " 2.9", " 3.9", " 3.9", " 3.1", " 1.4", " 3.9", " ", " ", " ", " 1.3", " 3.3", " 1.7", " 1.9", " 2.9", " 2.1", " 2.9", " 4.4", " 2.1"
"636","","False","1-(4-Hydroxyphenyl)-4,8-dimethyl-10-(2,6,6-trimethylcyclohexen-1-yl)deca-3,5,7,9-tetraen-2-one","C27 H34 O2","No match"," No results"," No results"," No results"," Full match","-3.00","390.25471","389.24743","9.512","1359535.66551321","0","0","0","","","","","No matches found"," Single match found","PreferredDDA","","[M-H]-1","247038.134107486"," 283476.112132877"," 339997.696031227"," 893628.762102197"," 137297.65842881"," 535434.678792249","105.438175952696"," 31.5628529588089"," 47.38570034455"," 48.6383866466164"," 41.117984172376"," 54.2693146892823","1.147"," 3.617"," 1.199"," 0.404"," 0.380"," 0.599"," 0.256","0.20"," 1.85"," 0.26"," -1.31"," -1.39"," -0.74"," -1.96","0.908048808357597"," 0.0063988678120992"," 0.998504307582662"," 0.514804680717244"," 0.156006194543705"," 0.997146033546112"," 0.0098410408813131","1"," 0.0469156879372118"," 0.99999999999978"," 1"," 1"," 1"," 1","5.4","5.0"," 3.0"," "," 3.8"," "," 3.2"," 4.9"," 3.9"," 4.5"," 2.6"," 2.5"," 3.3"," "," "," 2.1"," 3.3"," 3.3"," 3.6"," 3.5"," 5.4"," 5.4"," 1.4"," 4.6"," "," "," 3.0"," 2.3"," 1.7"," 2.9"," 2.1"," 4.6"," 4.8"," 5.0"," 5.0"," 3.6"
"358", "", "False", "", "", "Unused", " No results", " No results", " No results", " No results", "", "390.29903", "389.29176", "10.844", "2184021.23523178", "0", "0", "0", "", "", "", "", "No matches found", " No matches found", "PreferredDDA", "", "[M-H]-1", "1060215.38337838", " 927020.309147446", " 1321690.78994796", " 1467688.25098002", " 879778.000968772", " 1117233.10017139", "59.0313245238032", " 35.2717416582936", " 17.3306061173253", " 38.0827201035687", " 35.1702609656325", " 31.5886451902612", "0.874", " 1.384", " 1.426", " 0.666", " 0.901", " 0.761", " 0.787", "-0.19", " 0.47", " 0.51", " -0.59", " -0.15", " -0.39", " -0.34", "0.999963235077883", " 0.41516020522611", " 0.536666649025355", " 0.879973323310874", " 0.999043783595776", " 0.787681742895208", " 0.998627832483324", "1", " 1", " 0.99999999999978", " 1", " 1", " 1", " 1", "6.9", "4.1", " 5.0", " 1.4", " 1.6", " 3.5", " 4.1", " 4.0", " 2.5", " 2.2", " 2.9", " 3.1", " 5.4", " 5.8", " 4.6", " 6.9", " 5.4", " 1.3", " 4.7", " 5.0", " 3.2", " 3.5", " 6.1", " 3.6", " 5.5", " 3.2", " 4.4", " 5.9", " 5.1", " 4.4", " 3.6", " 4.4", " 4.7", " 2.5", " 4.0", " 3.6"
"1148", "", "False", "Glycylphenylalanylleucylglycine", "C19 H28 N4 O5", "Not the top hit", " No results", " No results", " No results", " Full match", "0.03", "392.20598", "391.19871", "1.517", "1373379.12181762", "0", "0", "0", "", "", "", "", "No matches found", " Single match found", "PreferredDDA", "", "[M-H]-1", "663372.847911537", " 949388.776719388", " 975174.27225117", " 618728.707831234", " 649163.881019544", " 563476.40913247", "38.6239805318345", " 45.812870869127", " 19.8003372659802", " 27.1236135706734", " 25.8417008982493", " 58.6269391935926", "1.431", " 0.933", " 1.027", " 0.666", " 1.576", " 0.911", " 1.152", "0.52", " -0.10", " 0.04", " -0.59", " 0.66", " -0.13", " 0.20", "0.93993736291864", " 0.985245086730556", " 0.83090397312749", " 0.502427622382878", " 0.568803426999383", " 0.61122344691853", " 0.917579262093649", "1", " 1", " 0.99999999999978", " 1", " 1", " 1", " 1", "5.8", "3.8", " 2.9", " 1.3", " 2.5", " 4.4", " 0.2", " 3.1", " 1.7", " 2.7", " 2.7", " 4.2", " 4.6", " 5.4", " 5.8", " 3.1", " 3.9", " 2.8", " 1.6", " 4.1", " 4.5", " 3.1", " 2.8", " 2.6", " 3.7", " 3.0", " 4.9", " 3.1", " 1.0", " 3.6", " 0.6", " 3.9", " 1.6", " ", " 1.9", " 2.9"
"1106", "", "False", "Trospium", "C25 H30 N O3", "Invalid mass", " No results", " No results", " Invalid mass", " Full match", "-0.93", "392.22220", "391.21493", "2.111", "552260.500650996", "2", "0", "0", "", "", "", "", "No matches found", " Multiple matches found", "PreferredDDA", "", "[M-H]-1", "67354.3519909228", " 481356.04262769", " 462572.79788495", " 365050.067614426", " 45836.5850165393", " 55173.4436285081", "104.157025362733", " 39.375221498525", " 26.728875850794", " 30.8206694226015", " 54.3676024578422", " 32.065671063084", "7.147", " 5.420", " 0.961", " 0.099", " 1.267", " 0.151", " 0.831", "2.84", " 2.44", " -0.06", " -3.34", " 0.34", " -2.73", " -0.27", "0.00827415900375872", " 0.00345587616819654", " 0.999869322928598", " 4.37779017267159E-05", " 0.999902132651178", " 1.10684388477944E-05", " 0.992634905013623", "0.824289026249532", " 0.0300277240392188", " 0.99999999999978", " 0.00342343191502919", " 1", " 0.000618251369926802", " 1", "5.0", "", " 2.5", " 1.9", " 3.3", " 0.0", " 0.5", " 4.9", " 2.2", " 3.4", " 3.8", " 4.6", " 3.5", " 3.5", " 5.0", " 4.3", " 2.1", " 3.4", " 0.5", " 3.4", " 3.0", " 2.6", " 1.5", " 2.6", " ", " 1.5", " 1.1", " 0.8", " ", " 2.0", " ", " ", " 0.5", " ", " ", " 0.5"
"247","","False","5-((3Z,6Z,9Z,12Z,15Z,18Z)-henicosa-3,6,9,12,15,18-hexaen-1-yl)resorcinol","C27 H36 O2","Not the top hit"," No results"," No results"," No results"," Full match","-2.71","392.27047","391.26319","10.923","3237959.634457","0","0","0","","","","","Single match found"," No matches found","PreferredDDA","","[M-H]-1","94498.2649742228"," 380910.813129971"," 926507.439684877"," 1105455.48823687"," 380955.164228784"," 776756.833570219","117.181001882628"," 53.5474013425762"," 43.2452599108637"," 86.3448222920466"," 52.4639513946258"," 73.5206559870809","4.031"," 11.698"," 2.432"," 0.411"," 0.838"," 0.703"," 0.490","2.01"," 3.55"," 1.28"," -1.28"," -0.25"," -0.51"," -1.03","0.456767611396757"," 0.00183380257566168"," 0.421470616327619"," 0.605096671340449"," 0.997737306394257"," 0.997905096415397"," 0.530152423974821","1"," 0.0183850463354799"," 0.99999999999978"," 1"," 1"," 1"," 1","5.6","4.0"," "," "," 0.8"," "," 3.4"," 3.6"," "," 1.0"," 3.6"," "," 3.9"," "," 2.7"," 2.7"," 3.5"," 2.5"," 4.8"," 2.3"," 3.3"," 5.6"," 1.7"," 3.1"," 1.7"," 0.8"," 1.4"," 2.1"," 2.9"," 0.2"," 3.3"," 3.5"," 3.1"," 4.1"," 1.2"," 4.2"
"138", "", "False", "Melengestrol acetate", "C25 H32 O4", "Full match", " No results", " No results", " Full match", " Full match", "-2.63", "396.22902", "395.22174", "10.580", "6413770.40139408", "2", "0", "0", "", "", "", "", "Multiple matches found", " Single match found", "PreferredDDA", "", "[M-H]-1", "807826.848299389", " 2035493.1954363", " 3435428.8482736", " 4043727.0408066", " 706035.01178334", " 1454981.35541906", "72.1047884760878", " 34.4248371030416", " 16.7472655485062", " 42.4309208768218", " 31.2042712196071", " 36.8787323063766", "2.520", " 5.006", " 1.688", " 0.206", " 0.850", " 0.360", " 0.485", "1.33", " 2.32", " 0.76", " -2.28", " -0.24", " -1.47", " -1.04", "0.12366715219895", " 0.000373389860343409", " 0.383225135407242", " 0.00084127081292229", " 0.999998710581722", " 0.0080047898015948", " 0.491232544157524", "1", " 0.00456235735607103", " 0.99999999999978", " 0.0215839729720007", " 1", " 0.0869409114562102", " 1", "7.1", "3.1", " 3.7", " 1.1", " 3.1", " 5.2", " 5.5", " 5.7", " 2.1", " 4.6", " 4.2", " 6.4", " 7.1", " 3.7", " 6.4", " 5.2", " 5.6", " 3.3", " 4.3", " 3.3", " 3.7", " 4.7", " 6.0", " 4.6", " 4.1", " 5.5", " 2.6", " 3.6", " 4.0", " 4.7", " 4.1", " 5.1", " 5.0", " 4.2", " 5.0", " 5.9"
"305","","False","4-(5H-Dibenzo[a,d]cyclohepten-5-ylidene)-1-[4-(2H-tetrazol-5-yl)butyl]-piperidine","C25 H27 N5","Not the top hit"," No results"," No results"," No match"," Full match","-0.97","397.22626","396.21898","12.248","2435177.48245644","1","0","0","","","","","No matches found"," Multiple matches found","PreferredDDA","","[M-H]-1","241220.748670997"," 221216.043565574"," 880859.93289346"," 893580.020969702"," 372779.642436757"," 998668.217233997","107.040971434185"," 95.6171243261822"," 73.0982794177541"," 55.7382129880131"," 91.3953481228841"," 61.739486999333","0.917"," 3.704"," 3.982"," 0.423"," 0.986"," 1.118"," 0.373","-0.12"," 1.89"," 1.99"," -1.24"," -0.02"," 0.16"," -1.42","0.99962747206074"," 0.292535016615036"," 0.355254248483322"," 0.673093010059821"," 0.999726053819614"," 0.999740291480017"," 0.636187228466305","1"," 0.822886269758842"," 0.99999999999978"," 1"," 1"," 1"," 1","5.4",""," 2.1"," 4.6"," "," "," 3.5"," "," "," 2.1"," "," 2.3"," 1.6"," 2.0"," 3.6"," "," 4.5"," 4.5"," "," 1.6"," 1.2"," 4.2"," 1.7"," 5.4"," 3.5"," 2.9"," "," "," 1.6"," 0.6"," "," 3.0"," 2.6"," 2.0"," "," 3.1"
"1120","","False","4-(5H-Dibenzo[a,d]cyclohepten-5-ylidene)-1-[4-(2H-tetrazol-5-yl)butyl]-piperidine","C25 H27 N5","No results"," No results"," No results"," No match"," Full match","0.23","397.22674","396.21946","13.478","654279.399552552","1","0","0","","","","","No matches found"," Multiple matches found","PreferredDDA","","[M-H]-1","139387.935668241"," 158493.223184356"," 405016.118151439"," 344735.019746992"," 189049.021962321"," 370021.004395681","81.1520143280962"," 79.8748203701585"," 27.1629140092108"," 48.7912707233172"," 19.7680127027512"," 52.1075040266676","1.137"," 2.473"," 2.555"," 0.467"," 1.175"," 1.073"," 0.511","0.19"," 1.31"," 1.35"," -1.10"," 0.23"," 0.10"," -0.97","0.97946331375873"," 0.380111028673195"," 0.385991985183813"," 0.566257709664529"," 0.952026845243627"," 0.981785748002165"," 0.636645857088503","1"," 1"," 0.99999999999978"," 1"," 1"," 1"," 1","5.2","2.1"," 4.0"," "," "," "," 2.3"," 2.3"," "," 4.0"," "," 3.9"," 2.4"," 3.1"," 3.1"," 3.7"," 4.6"," 5.2"," 1.1"," 1.7"," 5.2"," 1.5"," 1.5"," 2.5"," 2.7"," 3.4"," 3.0"," "," 5.2"," 1.5"," 3.4"," 3.6"," 2.5"," 1.7"," 2.7"," 3.9"
"14","","False","4-(5H-Dibenzo[a,d]cyclohepten-5-ylidene)-1-[4-(2H-tetrazol-5-yl)butyl]-piperidine","C25 H27 N5","Full match"," No results"," No results"," No match"," Full match","0.53","397.22685","396.21958","11.615","103540281.82254","1","0","0","","","","","No matches found"," Multiple matches found","PreferredDDA","","[M-H]-1","18872429.6830811"," 31779973.6915742"," 90456036.0022547"," 62759742.8148496"," 36216150.8814083"," 55146367.1423524","57.6060862916572"," 85.2968841852704"," 26.2153205578078"," 42.5781837816132"," 12.2332622603092"," 33.5003483542662","1.684"," 3.325"," 2.846"," 0.400"," 1.441"," 0.879"," 0.657","0.75"," 1.73"," 1.51"," -1.32"," 0.53"," -0.19"," -0.61","0.602250232493473"," 0.0330651113894718"," 0.056564479076771"," 0.173059803071072"," 0.552606490314445"," 0.999998975560149"," 0.922495751545575","1"," 0.156266875958191"," 0.670203373303559"," 0.92693675343547"," 1"," 1"," 1","8.6","6.2"," 6.6"," 5.8"," 6.6"," 6.6"," 6.2"," 6.2"," 6.2"," 6.6"," 6.2"," 6.5"," 8.0"," 8.0"," 7.2"," 7.2"," 8.0"," 6.6"," 5.5"," 6.6"," 6.2"," 6.6"," 6.6"," 6.6"," 8.2"," 8.6"," 8.2"," 8.2"," 7.5"," 6.3"," 7.1"," 7.1"," 6.3"," 6.0"," 7.5"," 4.4"
"158", "", "False", "Axillarenic acid", "C24 H46 O4", "Full match", " No results", " No results", " Partial match", " Full match", "3.89", "398.34116", "397.33388", "14.691", "7773280.56770789", "1", "0", "0", "", "", "", "", "Multiple matches found", " Single match found", "PreferredDDA", "", "[M-H]-1", "6225207.39513773", " 6079538.74978069", " 6771669.61007758", " 6580500.26040579", " 6288976.47329195", " 6606809.07522918", "3.55068536192874", " 6.58063801485914", " 11.2936763994266", " 5.3663789708473", " 8.58038295048684", " 7.35581137891722", "0.977", " 1.057", " 1.114", " 0.929", " 1.029", " 1.004", " 0.952", "-0.03", " 0.08", " 0.16", " -0.11", " 0.04", " 0.01", " -0.07", "0.989121772966013", " 0.845538607201016", " 0.299386202322611", " 0.729579944948671", " 0.998736847042767", " 0.995316077132926", " 0.982139361383879", "1", " 1", " 0.99999999999978", " 1", " 1", " 1", " 1", "8.9", "8.1", " 7.0", " 7.7", " 8.1", " 8.9", " 8.4", " 8.7", " 6.5", " 8.0", " 7.2", " 7.1", " 7.5", " 7.1", " 5.6", " 6.7", " 7.5", " 6.8", " 6.8", " 8.0", " 6.8", " 8.0", " 8.4", " 8.4", " 8.4", " 7.2", " 7.2", " 7.6", " 6.5", " 7.6", " 8.0", " 7.6", " 6.5", " 8.0", " 8.4", " 8.4"
"460", "", "False", "NP-022076", "C25 H34 O4", "No match", " Invalid mass", " No results", " No match", " No results", "2502.34", "399.24225", "398.23498", "12.014", "2243999.97181287", "2", "1", "0", "95.3", "9.8", "", "", "No matches found", " No matches found", "PreferredDDA", "", "[M-H]-1", "130534.60690378", " 218288.802515285", " 422480.926221588", " 463853.528888806", " 157970.76603292", " 471887.26894655", "43.0337734354316", " 65.4303369850354", " 50.9046661963025", " 73.2060787317404", " 42.9888630472044", " 107.496821955873", "1.672", " 3.553", " 1.935", " 0.374", " 0.911", " 1.017", " 0.335", "0.74", " 1.83", " 0.95", " -1.42", " -0.13", " 0.02", " -1.58", "0.857886384889074", " 0.166163383860122", " 0.572015495477586", " 0.272815002325245", " 0.995719866769431", " 0.999973148844202", " 0.365434114653092", "1", " 0.528210431620388", " 0.99999999999978", " 1", " 1", " 1", " 1", "5.2", "", " 0.4", " 1.7", " ", " ", " 0.4", " ", " ", " 1.7", " ", " 1.7", " 2.3", " 0.2", " 0.2", " 0.2", " 3.5", " 2.7", " ", " 0.2", " 1.4", " 1.4", " ", " 2.0", " 3.3", " ", " ", " ", " 2.9", " 1.1", " 0.4", " 2.0", " 1.2", " 1.7", " ", " 5.2"
"544", "", "False", "(+)-Ophiobolin A", "C25 H36 O4", "Invalid mass", " No results", " No results", " Invalid mass", " No results", "5.22", "400.26345", "399.25617", "8.844", "1734416.90324173", "3", "0", "0", "", "", "", "", "No matches found", " No matches found", "PreferredDDA", "", "[M-H]-1", "47250.9284197096", " 42717.5647241325", " 81112.8118168572", " 446464.34515246", " 39807.1452058058", " 39125.4114745711", "102.733314328338", " 44.5981983284144", " 72.1571118805183", " 88.1651409070912", " 15.5909379563184", " 15.3690281174224", "0.904", " 9.449", " 1.899", " 0.491", " 0.182", " 0.088", " 1.017", "-0.15", " 3.24", " 0.93", " -1.03", " -2.46", " -3.51", " 0.02", "0.996311877685049", " 8.31609660321142E-05", " 0.466665984755936", " 0.355583042693124", " 0.00185082052740704", " 5.66273361091163E-07", " 0.999992864573867", "1", " 0.00116128348994845", " 0.99999999999978", " 1", " 0.361835413108076", " 5.53532210466612E-05", " 1", "4.6", "", " ", " ", " 2.3", " ", " ", " ", " ", " 0.0", " ", " 2.1", " ", " ", " 3.4", " ", " ", " 2.5", " 2.3", " 2.9", " 4.5", " 4.2", " ", " 4.6", " ", " ", " ", " ", " ", " ", " ", " ", " ", " 3.4", " ", " "
"486", "", "False", "ascr#27", "C22 H40 O6", "Full match", " No results", " No results", " No results", " Full match", "4.06", "400.28411", "399.27684", "9.513", "1773340.18366382", "0", "0", "0", "", "", "", "", "Multiple matches found", " No matches found", "PreferredDDA", "", "[M-H]-1", "533601.16502761", " 730245.23416746", " 655139.596638244", " 1316118.75943041", " 417605.013934092", " 867485.151585285", "61.0328977169171", " 39.3023886833465", " 35.8238745283056", " 40.191104202571", " 55.5010350066606", " 47.5321085943301", "1.369", " 2.466", " 0.897", " 0.637", " 0.498", " 0.659", " 0.481", "0.45", " 1.30", " -0.16", " -0.65", " -1.01", " -0.60", " -1.05", "0.993068836489317", " 0.126865354912345", " 0.999492327657035", " 0.284478688485556", " 0.502543154812489", " 0.908973817409775", " 0.0524877137132308", "1", " 0.446886070006547", " 0.99999999999978", " 1", " 1", " 1", " 1", "6.0", "3.1", " 1.7", " 0.2", " 2.9", " 1.1", " 3.0", " 3.2", " 2.6", " 3.2", " 2.9", " 3.0", " 2.1", " 2.2", " 1.5", " 3.6", " 2.1", " 4.0", " 3.9", " 3.5", " 5.2", " 3.7", " 2.0", " 3.5", " 4.2", " ", " 2.1", " 1.7", " 4.4", " 3.1", " 3.6", " 5.0", " 3.1", " 6.0", " 4.2", " 3.5"
"344", "", "False", "Sorbitan palmitate", "C22 H42 O6", "Full match", " No results", " No results", " Full match", " Full match", "2.88", "402.29930", "401.29202", "10.923", "2929202.93355441", "1", "0", "0", "", "", "", "", "Multiple matches found", " No matches found", "PreferredDDA", "", "[M-H]-1", "169897.165539314", " 394609.112286177", " 932999.3827525", " 609815.463795735", " 439015.750512252", " 765514.29727709", "112.367447139232", " 52.7929410220458", " 43.1344384631293", " 86.8464891260876", " 45.1409916264537", " 74.4404014144775", "2.323", " 3.589", " 2.364", " 0.471", " 1.530", " 1.255", " 0.573", "1.22", " 1.84", " 1.24", " -1.09", " 0.61", " 0.33", " -0.80", "0.555428540399129", " 0.00813671678352446", " 0.541060307510949", " 0.873431162181852", " 0.99988442467962", " 0.999986490726535", " 0.805973592609259", "1", " 0.0539229874975943", " 0.99999999999978", " 1", " 1", " 1", " 1", "4.8", "2.7", " 1.5", " ", " 1.1", " ", " 2.1", " 2.1", " ", " 2.9", " 4.2", " 3.6", " 4.2", " ", " 1.6", " 1.6", " 3.9", " 3.3", " 0.6", " 4.8", " 2.6", " 3.7", " 1.0", " 2.0", " 2.1", " 0.6", " 2.5", " 2.0", " 2.5", " ", " 2.1", " 3.5", " 2.0", " 3.3", " 3.9", " 2.3"
"868", "", "False", "", "", "Unused", " No results", " No results", " No results", " No results", "", "404.02654", "403.01926", "1.979", "1242098.07142029", "0", "0", "0", "", "", "", "", "No matches found", " No matches found", "PreferredDDA", "", "[M-H]-1", "207354.318682256", " 159995.993693164", " 194083.465703291", " 284875.617205875", " 280674.008339999", " 295262.915432713", "126.250812762927", " 117.113044611753", " 76.1905518560803", " 77.9370084959777", " 55.9081532260372", " 81.5592269116031", "0.772", " 1.374", " 1.213", " 1.446", " 0.681", " 1.036", " 0.951", "-0.37", " 0.46", " 0.28", " 0.53", " -0.55", " 0.05", " -0.07", "0.999992336688068", " 0.999309686640768", " 0.995005342314891", " 0.907704433977175", " 0.970722359855131", " 0.964428951960499", " 0.999615670531908", "1", " 1", " 0.99999999999978", " 1", " 1", " 1", " 1", "4.2", "2.9", " 1.1", " ", " 1.2", " ", " 1.5", " ", " 4.2", " 0.4", " ", " 1.0", " 3.8", " ", " 3.4", " ", " 0.0", " 2.3", " 1.0", " ", " ", " 3.0", " 4.0", " 2.7", " 1.7", " 3.8", " 1.4", " 2.9", " 1.9", " ", " 1.5", " ", " ", " 3.9", " 3.9", " 1.5"
"1324", "", "False", "", "", "Unused", " No results", " No results", " No results", " No results", "", "404.02686", "403.01958", "1.816", "903834.548101383", "0", "0", "0", "", "", "", "", "No matches found", " No matches found", "PreferredDDA", "", "[M-H]-1", "337736.636180248", " 166038.883872414", " 342848.965453375", " 430339.607520977", " 316075.641753404", " 409371.267295102", "95.0529019268015", " 93.9724735645521", " 58.6332235894386", " 51.9200837683277", " 51.5895964347847", " 44.9205874962804", "0.492", " 1.274", " 2.065", " 0.922", " 0.797", " 0.951", " 0.772", "-1.02", " 0.35", " 1.05", " -0.12", " -0.33", " -0.07", " -0.37", "0.956148956152086", " 0.770143232102109", " 0.999690146988113", " 0.998387747613259", " 0.974011269409691", " 0.999999963298845", " 0.999938722973987", "1", " 1", " 0.99999999999978", " 1", " 1", " 1", " 1", "4.5", "", " 1.5", " ", " ", " 3.3", " 1.9", " 2.7", " ", " 0.8", " ", " 2.1", " 1.7", " 1.4", " 4.2", " 4.0", " 0.4", " ", " 1.0", " 3.6", " 2.9", " 2.3", " 2.5", " 1.5", " 2.5", " 3.8", " ", " ", " 2.1", " 2.9", " 2.3", " 4.0", " ", " ", " ", " 4.5"
"1504", "", "False", "Flunarizine", "C26 H26 F2 N2", "No match", " No results", " No results", " Full match", " Full match", "-0.43", "404.20623", "403.19896", "1.278", "742582.736292522", "1", "0", "0", "", "", "", "", "Single match found", " Multiple matches found", "PreferredDDA", "", "[M-H]-1", "244487.659019287", " 314245.314005711", " 315188.313779907", " 283738.395603317", " 227488.293724765", " 234335.808303643", "34.5396526625979", " 28.132461905247", " 20.5532213091506", " 51.3504451947773", " 11.8990044911261", " 11.6721016817951", "1.285", " 1.161", " 1.003", " 0.722", " 1.111", " 0.826", " 0.971", "0.36", " 0.21", " 0.00", " -0.47", " 0.15", " -0.28", " -0.04", "0.885799504455797", " 0.842605307359226", " 0.999958602041454", " 0.575322056243774", " 0.999910350059425", " 0.280430895812762", " 0.999997987060322", "1", " 1", " 0.99999999999978", " 1", " 1", " 1", " 1", "6.4", "4.7", " 5.1", " 0.5", " 4.9", " 2.6", " 2.8", " 4.3", " 4.3", " 4.3", " 5.0", " 4.6", " 5.0", " 5.0", " 2.0", " 3.1", " 2.9", " 2.3", " 0.5", " 2.5", " 4.4", " ", " 4.0", " 2.9", " 5.1", " 3.5", " 4.1", " 5.8", " 4.7", " 2.8", " 4.3", " 4.7", " 4.5", " ", " 6.4", " 4.7"
"1341", "", "False", "Flunarizine", "C26 H26 F2 N2", "No match", " No results", " No results", " Full match", " Full match", "-0.42", "404.20623", "403.19905", "1.493", "1084566.4563063", "1", "0", "0", "", "", "", "", "Single match found", " Multiple matches found", "PreferredDDA", "", "[M-H]-1", "480380.538613163", " 769696.549399567", " 753879.296616034", " 703940.698765877", " 538228.99386237", " 523293.242600799", "37.9179229592091", " 34.9542700930232", " 18.6593022252531", " 33.3489587577798", " 20.9515767621654", " 56.1286535925788", "1.602", " 1.465", " 0.979", " 0.714", " 1.071", " 0.743", " 1.029", "0.68", " 0.55", " -0.03", " -0.49", " 0.10", " -0.43", " 0.04", "0.866425868964547", " 0.841067710965558", " 0.931115474522505", " 0.552296260874343", " 0.891586866454396", " 0.311686764171202", " 0.923243700933744", "1", " 1", " 0.99999999999978", " 1", " 1", " 1", " 1", "5.0", "1.1", " 2.6", " 0.9", " 0.7", " 4.0", " 1.9", " 3.2", " 3.0", " 2.5", " 2.5", " 4.2", " 5.0", " 3.5", " 4.2", " 3.9", " 4.6", " 1.5", " 1.0", " 2.2", " 3.6", " 2.9", " 3.8", " 3.6", " 2.8", " 2.4", " 2.4", " 2.0", " 2.5", " 3.3", " 2.7", " 2.3", " 1.4", " ", " 1.1", " 2.1"
"364", "", "False", "", "", "Unused", " No results", " No results", " No results", " No results", "", "404.25834", "403.25106", "8.516", "2957579.36553183", "0", "0", "0", "", "", "", "", "No matches found", " No matches found", "PreferredDDA", "", "[M-H]-1", "469849.456075316", " 46541.3490064835", " 89712.144601583", " 347557.353481336", " 40474.4980344493", " 339759.767104616", "104.044462181394", " 146.485780734807", " 94.1475369182923", " 105.669945965838", " 38.9346742876629", " 81.0477887645968", "0.099", " 0.740", " 1.928", " 0.451", " 0.258", " 0.978", " 0.119", "-3.34", " -0.43", " 0.95", " -1.15", " -1.95", " -0.03", " -3.07", "0.844778362212311", " 0.841090398501513", " 0.972779753012461", " 0.949419419666854", " 0.940039205739081", " 0.99126122255742", " 0.248213881464408", "1", " 1", " 0.99999999999978", " 1", " 1", " 1", " 1", "6.1", "2.9", " 2.5", " 4.4", " 2.3", " 4.5", " 5.0", " 5.6", " ", " ", " ", " 2.5", " ", " ", " 4.5", " ", " 3.3", " 4.0", " 6.1", " 4.4", " 5.8", " ", " ", " ", " ", " ", " ", " 0.5", " 3.3", " 5.4", " 3.8", " 2.9", " 4.6", " 4.4", " 0.4", " 2.9"
"174","","False","Adenosine,8-(butylamino)-N-cyclopentyl-","C19 H30 N6 O4","No match"," No results"," No results"," No results"," Full match","-3.64","406.23138","405.22410","9.539","5523299.53249267","0","0","0","","","","","No matches found"," Single match found","PreferredDDA","","[M-H]-1","69795.4870622645"," 75150.7108522328"," 96766.3942470668"," 116939.131320358"," 93736.3335282528"," 90718.8063677064","67.9564374685193"," 14.2496257826818"," 167.532486762138"," 184.614302085802"," 77.2700911380795"," 170.765290259227","1.077"," 1.675"," 1.288"," 0.969"," 0.827"," 0.776"," 1.033","0.11"," 0.74"," 0.36"," -0.05"," -0.27"," -0.37"," 0.05","0.999973248372201"," 0.758186127613744"," 0.39496825316621"," 0.829988039055807"," 0.995606420280191"," 0.926897069085151"," 1","1"," 1"," 0.99999999999978"," 1"," 1"," 1"," 1","5.5",""," 0.0"," "," "," "," "," "," "," "," "," "," 3.0"," "," "," 5.5"," "," 4.5"," "," 2.0"," "," "," "," "," "," "," 0.6"," "," 4.6"," "," "," "," "," "," "," "
"816", "", "False", "", "", "Unused", " No results", " No results", " No results", " No results", "", "406.23760", "405.23033", "2.110", "929576.021486647", "0", "0", "0", "", "", "", "", "No matches found", " No matches found", "PreferredDDA", "", "[M-H]-1", "195706.883515439", " 855938.272453901", " 804399.257512675", " 645126.999214231", " 135498.514489989", " 165470.844927131", "80.9719584110189", " 34.2307290154723", " 19.2468197166114", " 22.822147628746", " 12.7526369262397", " 44.0591487842855", "4.374", " 3.296", " 0.940", " 0.168", " 1.247", " 0.256", " 0.819", "2.13", " 1.72", " -0.09", " -2.57", " 0.32", " -1.96", " -0.29", "0.0126489364641872", " 0.00751680581085701", " 0.998946394450288", " 2.8036791337005E-05", " 0.99596176085033", " 1.28121692424266E-05", " 0.993922849314807", "0.824289026249532", " 0.051562650386756", " 0.99999999999978", " 0.00274059635319224", " 1", " 0.000618868547063069", " 1", "6.5", "1.1", " 3.1", " 0.0", " 4.0", " 0.8", " 3.4", " 4.4", " 3.8", " 4.0", " 5.1", " 5.8", " 5.0", " 5.0", " 6.5", " 5.8", " 5.5", " 4.5", " 4.3", " 4.3", " 4.5", " 3.4", " 3.9", " 4.1", " 3.5", " 4.3", " 2.4", " 2.4", " 0.8", " 1.4", " 0.0", " 1.9", " 1.5", " 0.4", " 1.1", " 1.5"
"729", "", "False", "ascr#4", "C18 H32 O10", "No match", " No results", " No results", " No results", " Full match", "3.43", "408.20095", "407.19368", "1.491", "1905084.0692232", "0", "0", "0", "", "", "", "", "Single match found", " No matches found", "PreferredDDA", "", "[M-H]-1", "796157.929355053", " 1171494.29643598", " 1392221.61934305", " 1100464.5668306", " 781703.117746214", " 719900.12499078", "40.8856021260335", " 41.1050943393229", " 21.7379100533234", " 19.0881739647189", " 23.2832914408809", " 63.6096072478991", "1.471", " 1.382", " 1.188", " 0.561", " 1.265", " 0.654", " 1.086", "0.56", " 0.47", " 0.25", " -0.83", " 0.34", " -0.61", " 0.12", "0.893385085277741", " 0.579605046859877", " 0.756866750785801", " 0.366806264299508", " 0.93172694593512", " 0.184729861744682", " 0.967224946096828", "1", " 1", " 0.99999999999978", " 1", " 1", " 1", " 1", "6.2", "2.0", " 3.9", " 0.6", " 3.3", " 4.2", " 1.4", " 4.2", " 4.4", " 5.0", " 3.1", " 4.1", " 6.2", " 5.3", " 6.0", " 5.6", " 5.6", " 4.6", " 4.6", " 5.4", " 4.2", " 6.1", " 5.4", " 5.0", " 4.5", " 5.3", " 4.9", " 3.9", " 3.5", " 4.2", " 1.0", " 3.5", " 3.1", " ", " 3.0", " 3.9"
"134", "", "False", "Cuminone M", "C26 H34 O4", "Not the top hit", " No results", " No results", " No match", " Full match", "-2.71", "410.24460", "409.23732", "10.587", "8138504.85763333", "1", "0", "0", "", "", "", "", "Multiple matches found", " Single match found", "PreferredDDA", "", "[M-H]-1", "858402.933358433", " 1987922.56916157", " 3581738.80081403", " 4775919.4489025", " 701690.107924189", " 1357200.02280118", "68.6439866549017", " 26.9406517600559", " 12.7854282620687", " 30.2092495663295", " 32.0769729745147", " 40.2927025345546", "2.316", " 5.564", " 1.802", " 0.196", " 0.750", " 0.284", " 0.517", "1.21", " 2.48", " 0.85", " -2.35", " -0.42", " -1.82", " -0.95", "0.0651787267023817", " 7.05367394604473E-07", " 0.168365750766663", " 8.95363860438092E-05", " 0.566002183604725", " 1.42450560705054E-05", " 0.322452992619976", "1", " 3.44748314112936E-05", " 0.99999999999978", " 0.00522084213404922", " 1", " 0.000618868547063069", " 1", "8.0", "4.6", " 3.7", " ", " 3.5", " 4.0", " 6.4", " 6.2", " 3.7", " 7.0", " 5.1", " 7.2", " 8.0", " 6.5", " 6.5", " 6.1", " 5.7", " 5.4", " 5.4", " 5.0", " 2.9", " 5.2", " 6.9", " 3.3", " 4.1", " 4.4", " 2.2", " 2.1", " 5.8", " 3.1", " 1.0", " 3.9", " 4.1", " 3.0", " 4.1", " 4.6"
"276", "", "False", "28:7(n-6)", "C28 H42 O2", "Full match", " No results", " No results", " Partial match", " Full match", "3.48", "410.31991", "409.31263", "14.747", "3391429.35139468", "3", "0", "0", "", "", "", "", "Multiple matches found", " Multiple matches found", "PreferredDDA", "", "[M-H]-1", "91282.4055476025", " 136123.534629111", " 1658861.56805101", " 1125624.79804279", " 238627.914798532", " 617172.547822067", "127.989241378645", " 152.572526555066", " 65.9190261174575", " 64.8443754334622", " 110.501291706835", " 79.0943375694159", "1.491", " 12.331", " 12.186", " 0.144", " 1.474", " 0.548", " 0.387", "0.58", " 3.62", " 3.61", " -2.80", " 0.56", " -0.87", " -1.37", "0.822528008024091", " 0.0758119062868933", " 0.407078565486658", " 0.237545865087044", " 0.996617936624594", " 0.980267445603595", " 0.744532714517021", "1", " 0.290232281226707", " 0.99999999999978", " 1", " 1", " 1", " 1", "6.0", "", " ", " 2.7", " ", " ", " 5.0", " 0.0", " ", " 6.0", " ", " 5.2", " 6.0", " 5.4", " 1.5", " 5.0", " 5.6", " 4.1", " 2.3", " 4.2", " 4.2", " 5.6", " ", " 5.2", " 4.2", " 0.6", " ", " ", " 4.6", " 1.7", " 0.4", " 5.2", " 4.2", " 3.9", " 1.9", " 4.0"
"392", "", "False", "FAHFA 2:0/23:0", "C25 H48 O4", "No results", " No results", " Full match", " No results", " Partial match", "3.33", "412.35663", "411.34936", "11.254", "9514664.14538339", "0", "0", "1", "", "", "0.9", "", "Multiple matches found", " Single match found", "PreferredDDA", "", "[M-H]-1", "4195455.63312427", " 4623949.26581651", " 4508573.43202548", " 6339690.22521325", " 5535211.57971341", " 4876581.04312016", "25.2344927311469", " 35.38749070132", " 54.6602611861268", " 31.7391458480579", " 38.3196476512274", " 21.0432489424545", "1.102", " 1.511", " 0.975", " 1.228", " 0.711", " 0.769", " 1.135", "0.14", " 0.60", " -0.04", " 0.30", " -0.49", " -0.38", " 0.18", "0.999945157170318", " 0.852211622650254", " 0.961653633385693", " 0.905160244943603", " 0.43463360724042", " 0.948576732454293", " 0.999996406082954", "1", " 1", " 0.99999999999978", " 1", " 1", " 1", " 1", "5.0", "3.2", " 4.0", " 3.8", " 3.2", " 3.1", " 2.6", " 3.1", " 3.5", " 3.5", " 2.9", " 2.0", " 2.8", " 1.8", " 2.6", " 4.1", " 5.0", " 1.9", " 2.9", " 2.6", " 2.9", " 3.3", " 2.6", " ", " 1.9", " 2.2", " 2.2", " 3.8", " 4.0", " 3.6", " 3.4", " 2.8", " 3.2", " 2.7", " ", " 2.3"
"687", "", "False", "FAHFA(3:0/2-O-22:0)", "C25 H48 O4", "Not the top hit", " No results", " No results", " No results", " Full match", "3.40", "412.35666", "411.34938", "14.599", "4690558.76872412", "0", "0", "0", "", "", "", "", "Multiple matches found", " Single match found", "PreferredDDA", "", "[M-H]-1", "2369728.63736628", " 1956761.78947615", " 1724645.02843201", " 1720832.85255636", " 1455256.93079399", " 2080847.76522398", "51.1124887126538", " 16.7920866463387", " 8.77770420217287", " 32.2704195950803", " 74.7750668656303", " 45.1604992819505", "0.826", " 0.726", " 0.881", " 0.844", " 1.002", " 1.209", " 0.699", "-0.28", " -0.46", " -0.18", " -0.25", " 0.00", " 0.27", " -0.52", "0.622242379427064", " 0.589796262356739", " 0.999891126124436", " 0.999995994818247", " 0.999393463364149", " 0.979124403415802", " 0.969402728233877", "1", " 1", " 0.99999999999978", " 1", " 1", " 1", " 1", "5.1", "0.7", " 1.1", " 0.7", " 2.0", " 1.8", " 3.5", " 2.2", " 2.3", " 2.6", " 2.2", " 4.7", " 5.1", " 3.0", " 4.0", " 5.1", " 4.0", " 1.0", " 2.1", " 2.9", " 1.6", " 1.9", " 1.2", " 1.2", " 0.8", " 0.7", " 0.8", " 1.2", " 0.7", " 2.0", " 1.4", " 1.4", " 0.7", " 3.1", " 1.6", " 1.1"
"714", "", "False", "FAHFA(3:0/2-O-22:0)", "C25 H48 O4", "Not the top hit", " No results", " No results", " No results", " Full match", "3.51", "412.35671", "411.34943", "13.324", "3164931.99569589", "0", "0", "0", "", "", "", "", "Multiple matches found", " Single match found", "PreferredDDA", "", "[M-H]-1", "1947084.93453886", " 2189506.29961462", " 2443121.12676926", " 2111847.81725941", " 2139979.74264377", " 2301777.05978109", "6.78089051270203", " 15.3894588177479", " 15.8872182316542", " 15.0679150989016", " 16.3181089671979", " 17.9370690579231", "1.125", " 1.085", " 1.116", " 0.876", " 1.157", " 1.090", " 0.930", "0.17", " 0.12", " 0.16", " -0.19", " 0.21", " 0.12", " -0.11", "0.982623197031528", " 0.690652735800947", " 0.19723024071556", " 0.767343383160826", " 0.466087857578849", " 0.999999785677975", " 0.999538701072079", "1", " 1", " 0.99999999999978", " 1", " 1", " 1", " 1", "5.6", "3.6", " 4.0", " 4.7", " 4.7", " 4.0", " 5.2", " 3.0", " 3.3", " 3.3", " 2.6", " 2.6", " 3.3", " 2.6", " 2.2", " 3.7", " 4.8", " 2.2", " 2.6", " 2.6", " 3.0", " 3.7", " 3.3", " 3.3", " 3.7", " 4.1", " 3.0", " 3.0", " 3.1", " 3.0", " 3.0", " 4.1", " 5.6", " 2.6", " 2.6", " 3.7"
"503", "", "False", "FAHFA(3:0/2-O-22:0)", "C25 H48 O4", "Not the top hit", " No results", " No results", " No results", " Full match", "3.53", "412.35671", "411.34944", "15.055", "3055105.65492449", "0", "0", "0", "", "", "", "", "Multiple matches found", " Single match found", "PreferredDDA", "", "[M-H]-1", "1812574.08414125", " 1995285.79979039", " 2079528.8219169", " 1935620.59308431", " 2209230.87708059", " 2092422.02733836", "10.6797745204812", " 14.5182785883843", " 21.9206247858874", " 6.7027533299536", " 11.0310365567242", " 8.40208061983026", "1.101", " 1.068", " 1.042", " 1.062", " 1.074", " 1.081", " 1.056", "0.14", " 0.09", " 0.06", " 0.09", " 0.10", " 0.11", " 0.08", "0.882513468407474", " 0.995700585266364", " 0.975985756647017", " 0.980741347138125", " 0.663188711630381", " 0.637640671410847", " 0.965988468891839", "1", " 1", " 0.99999999999978", " 1", " 1", " 1", " 1", "6.2", "3.8", " 3.8", " 3.8", " 4.4", " 4.2", " 5.5", " 3.5", " 3.5", " 4.6", " 4.2", " 2.8", " 2.4", " 3.6", " 3.2", " 4.0", " 3.2", " 5.5", " 4.3", " 3.6", " 4.7", " 4.3", " 4.1", " 4.3", " 3.5", " 4.2", " 5.7", " 4.2", " 5.5", " 4.3", " 4.3", " 5.1", " 6.2", " 6.2", " 4.3", " 5.1"
"132", "", "False", "ascr#29", "C23 H42 O6", "Not the top hit", " No results", " No results", " No results", " Full match", "3.56", "414.29961", "413.29234", "9.509", "6577530.88322887", "0", "0", "0", "", "", "", "", "Multiple matches found", " No matches found", "PreferredDDA", "", "[M-H]-1", "878955.938284686", " 1541671.43777537", " 1741709.48917183", " 4865291.05722773", " 719825.685830005", " 2501830.62182607", "102.655555285395", " 29.5365922674153", " 42.801584890598", " 58.0536767285888", " 30.6203002482259", " 64.4542363541406", "1.754", " 5.535", " 1.130", " 0.413", " 0.358", " 0.514", " 0.288", "0.81", " 2.47", " 0.18", " -1.27", " -1.48", " -0.96", " -1.80", "0.85027245695768", " 0.0298625555846503", " 0.999529709607248", " 0.578447864624316", " 0.495309293670648", " 0.975163484206802", " 0.101451202549991", "1", " 0.145953240419979", " 0.99999999999978", " 1", " 1", " 1", " 1", "6.6", "6.4", " 4.2", " 3.0", " 4.2", " 3.3", " 6.0", " 5.9", " 5.3", " 4.1", " 4.0", " 4.2", " 3.7", " 2.0", " 5.8", " 4.8", " 4.8", " 5.4", " 4.8", " 5.2", " 5.5", " 5.5", " 5.4", " 4.7", " 3.6", " 3.4", " 4.4", " 4.0", " 4.4", " 5.6", " 3.3", " 6.6", " 5.6", " 6.2", " 5.2", " 5.6"
"51", "", "False", "ascr#30", "C23 H44 O6", "Not the top hit", " No results", " No results", " No results", " Full match", "2.68", "416.31490", "415.30763", "10.922", "11388369.8931307", "0", "0", "0", "", "", "", "", "Multiple matches found", " No matches found", "PreferredDDA", "", "[M-H]-1", "894169.631989611", " 1618392.70460854", " 3888234.9011476", " 2028810.53180823", " 1652626.10837183", " 3407294.49958014", "115.358519925638", " 49.6730521431057", " 39.0929055770268", " 87.7482207607178", " 42.6730932502177", " 66.1799032562506", "1.810", " 2.269", " 2.403", " 0.425", " 1.917", " 1.679", " 0.485", "0.86", " 1.18", " 1.26", " -1.23", " 0.94", " 0.75", " -1.04", "0.303007079058586", " 0.0064794044721469", " 0.61693391566773", " 0.798818877113634", " 0.99999997733186", " 0.999999759135671", " 0.751266710157978", "1", " 0.0469156879372118", " 0.99999999999978", " 1", " 1", " 1", " 1", "5.8", "4.8", " 2.0", " ", " 3.5", " 1.9", " 3.1", " 4.8", " 3.3", " 5.0", " 4.8", " 5.4", " 5.4", " 4.4", " 4.2", " 3.5", " 5.6", " 4.1", " 2.2", " 5.6", " 5.5", " 5.5", " 3.0", " 5.4", " 3.9", " 5.0", " 5.2", " 4.5", " 4.2", " 3.5", " 4.8", " 5.8", " 4.5", " 5.8", " 4.1", " 4.5"
"1153","","False","Ethyl 3-((6-(4,5-dihydro-1H-benzo[d]azepin-3(2H)-yl)-2-(pyridin-2-yl)pyrimidin-4-yl)amino)propanoate","C24 H27 N5 O2","Full match"," No results"," No results"," No results"," Full match","1.19","417.21697","416.20969","8.263","785736.43188886","0","0","0","","","","","No matches found"," Single match found","PreferredDDA","","[M-H]-1","219592.320762546"," 283406.101993562"," 337073.074907597"," 217366.650251946"," 222054.768548071"," 145445.654830912","96.5110269466556"," 70.1221661158734"," 67.2350265577571"," 68.2245067388816"," 8.84509165465566"," 89.3475839588835","1.291"," 0.990"," 1.189"," 0.659"," 1.551"," 0.669"," 1.527","0.37"," -0.01"," 0.25"," -0.60"," 0.63"," -0.58"," 0.61","0.8918394845083"," 0.999999999997636"," 0.999999767280544"," 0.997179885845848"," 0.859908880759021"," 0.99998593781528"," 0.982310061532565","1"," 1"," 0.99999999999978"," 1"," 1"," 1"," 1","5.9","0.0"," 1.4"," 0.0"," "," 4.6"," 1.1"," 4.6"," 1.5"," 2.1"," 3.3"," 2.9"," 4.2"," 2.3"," 2.5"," 4.0"," 1.5"," "," 0.0"," 0.8"," 2.5"," 2.3"," 3.0"," 2.9"," 5.9"," 4.6"," 3.7"," 4.8"," 1.5"," 0.8"," 0.8"," "," "," 0.0"," 1.5"," 3.6"
"88", "", "False", "", "", "Unused", " No results", " No results", " No results", " No results", "", "418.33061", "417.32333", "12.591", "6566669.96747196", "0", "0", "0", "", "", "", "", "No matches found", " No matches found", "PreferredDDA", "", "[M-H]-1", "3885770.35666867", " 3442136.44094186", " 3567491.58852343", " 3796652.23509936", " 2232548.18880448", " 3516731.96705966", "51.9821723098665", " 21.9630037942409", " 24.7129254523511", " 37.8933516765958", " 68.271831848285", " 29.0112008050945", "0.886", " 0.977", " 1.036", " 0.626", " 0.940", " 0.926", " 0.635", "-0.17", " -0.03", " 0.05", " -0.68", " -0.09", " -0.11", " -0.66", "0.999394218074307", " 0.869911079219083", " 0.999999999991059", " 0.659542091983662", " 0.963796849643964", " 0.998113257342141", " 0.382293681236838", "1", " 1", " 0.99999999999978", " 1", " 1", " 1", " 1", "7.8", "5.8", " 4.1", " 3.1", " 5.2", " 4.1", " 5.1", " 4.3", " 7.0", " 5.5", " 5.1", " 6.6", " 5.5", " 4.7", " 4.0", " 7.8", " 4.0", " 5.4", " 3.8", " 4.8", " 3.8", " 5.7", " 5.6", " 5.4", " 6.2", " 4.8", " 6.1", " 2.6", " 6.6", " 4.7", " 6.2", " 4.9", " 4.7", " 4.9", " 3.6", " 5.5"
"981", "", "False", "Sibrafiban", "C20 H28 N4 O6", "Not the top hit", " No results", " No results", " Full match", " Full match", "0.47", "420.20108", "419.19382", "1.474", "1437840.48216395", "1", "0", "0", "", "", "", "", "No matches found", " Single match found", "PreferredDDA", "", "[M-H]-1", "541980.269061202", " 928555.637283983", " 1055491.94007594", " 821061.745715744", " 607606.093495175", " 574073.406937618", "41.5758368125941", " 41.1775886051913", " 22.5666687930093", " 13.9706579471979", " 29.6972837574043", " 54.2380642413155", "1.713", " 1.515", " 1.137", " 0.576", " 1.286", " 0.699", " 1.058", "0.78", " 0.60", " 0.18", " -0.80", " 0.36", " -0.52", " 0.08", "0.885160319093476", " 0.477066005173151", " 0.713878800043313", " 0.303455992848346", " 0.949761804867135", " 0.186771111033026", " 0.990933359621104", "1", " 1", " 0.99999999999978", " 1", " 1", " 1", " 1", "5.9", "2.9", " 3.5", " 0.8", " 4.0", " 3.9", " 2.1", " 4.6", " 4.0", " 4.2", " 2.7", " 4.5", " 4.5", " 4.5", " 4.9", " 4.5", " 4.5", " 3.0", " 3.6", " 5.5", " 5.9", " 5.1", " 5.1", " 4.7", " 4.5", " 4.3", " 4.3", " 2.0", " 2.9", " 2.1", " 2.1", " 2.7", " 2.7", " ", " 0.0", " 3.3"
"1367", "", "False", "Sibrafiban", "C20 H28 N4 O6", "Not the top hit", " No results", " No results", " Full match", " Full match", "1.31", "420.20144", "419.19416", "1.292", "477938.990978993", "1", "0", "0", "", "", "", "", "No matches found", " Single match found", "PreferredDDA", "", "[M-H]-1", "221017.407521716", " 384858.2982175", " 322886.369894679", " 273559.37213699", " 209755.970755711", " 224817.083586112", "27.0925293736749", " 34.2027774562828", " 20.8412429773719", " 21.0809504502908", " 21.197869849535", " 12.230146995801", "1.741", " 1.238", " 0.839", " 0.650", " 1.180", " 0.822", " 0.933", "0.80", " 0.31", " -0.25", " -0.62", " 0.24", " -0.28", " -0.10", "0.327865370010997", " 0.707552670778656", " 0.999999962894473", " 0.135259121416589", " 0.965374514183279", " 0.303326855082447", " 0.999955521311859", "1", " 1", " 0.99999999999978", " 0.803475307275766", " 1", " 1", " 1", "6.2", "4.4", " 4.4", " 1.8", " 6.2", " 3.9", " 1.3", " 4.1", " 3.2", " 3.8", " 5.3", " 3.1", " 5.0", " 4.6", " 3.5", " 3.9", " 2.9", " 5.4", " ", " 3.9", " 5.4", " 2.5", " 3.1", " 3.9", " 3.7", " 2.5", " 4.3", " 4.4", " 4.3", " 5.4", " 3.9", " 3.9", " 3.9", " ", " 6.2", " 4.3"
"100", "", "False", "", "", "Unused", " No results", " No results", " No results", " No results", "", "424.39254", "423.38526", "12.412", "21289252.537538", "0", "0", "0", "", "", "", "", "No matches found", " No matches found", "PreferredDDA", "", "[M-H]-1", "17321361.1756413", " 7710191.73358752", " 8747081.0258846", " 17633467.5355956", " 17668184.5626079", " 19189975.0060233", "45.4028544381416", " 53.7144897890022", " 49.3411300261091", " 37.2547902304726", " 56.0115830987851", " 30.7261423792745", "0.445", " 1.018", " 1.134", " 2.020", " 0.496", " 1.088", " 0.921", "-1.17", " 0.03", " 0.18", " 1.01", " -1.01", " 0.12", " -0.12", "0.962706307896929", " 0.998574097830874", " 0.999999441384657", " 0.989131947670722", " 0.806173248668057", " 0.998857938857293", " 0.962568075515916", "1", " 1", " 0.99999999999978", " 1", " 1", " 1", " 1", "5.1", "3.6", " 3.9", " 3.2", " 4.7", " 5.1", " 3.9", " 3.2", " 2.4", " 2.8", " 3.2", " 2.8", " 1.3", " 2.8", " 4.3", " 2.8", " 3.6", " ", " 4.1", " 3.1", " 3.7", " 4.1", " 4.1", " 3.7", " 3.6", " 3.2", " 2.2", " 3.6", " 4.1", " 4.4", " 4.4", " 4.1", " 3.5", " 4.1", " 4.1", " 4.1"
"143", "", "False", "", "", "Unused", " No results", " No results", " No results", " No results", "", "424.39266", "423.38538", "12.626", "21289252.537538", "0", "0", "0", "", "", "", "", "No matches found", " No matches found", "PreferredDDA", "", "[M-H]-1", "8759176.28467241", " 8881610.8391762", " 10232616.7480524", " 10401411.6904498", " 10179108.9879316", " 10163914.2920998", "34.7760566542937", " 27.0460167264273", " 27.3443582869318", " 29.7827755376501", " 51.3435887738177", " 26.4765333584862", "1.014", " 1.187", " 1.152", " 0.995", " 0.984", " 0.977", " 1.001", "0.02", " 0.25", " 0.20", " -0.01", " -0.02", " -0.03", " 0.00", "0.999101041519016", " 0.209830446761566", " 0.982822765840327", " 0.878184819390818", " 0.774341385663749", " 0.999935442719118", " 0.999991350616344", "1", " 0.626470491010589", " 0.99999999999978", " 1", " 1", " 1", " 1", "6.1", "", " 2.7", " ", " 3.7", " 3.3", " 4.6", " 5.3", " 3.1", " 4.2", " ", " ", " 4.2", " ", " 3.8", " ", " 3.2", " 4.6", " ", " ", " ", " ", " ", " ", " 4.3", " ", " 3.2", " 3.6", " ", " ", " 4.6", " ", " 6.1", " 5.3", " 4.9", " "
"80", "", "False", "Stoloniferone A", "C28 H42 O3", "Not the top hit", " No results", " No results", " No results", " Full match", "2.62", "426.31451", "425.30724", "13.218", "9843817.79225219", "0", "0", "0", "", "", "", "", "Multiple matches found", " No matches found", "PreferredDDA", "", "[M-H]-1", "2623803.12288999", " 2016196.52138408", " 855917.65705878", " 1190614.35146856", " 1221281.62174488", " 1862290.40261013", "65.1756761294325", " 116.134920261896", " 56.2477000038334", " 73.9192373300226", " 47.0057901552899", " 54.7023128035642", "0.768", " 0.454", " 0.425", " 1.427", " 0.719", " 1.564", " 0.656", "-0.38", " -1.14", " -1.24", " 0.51", " -0.48", " 0.65", " -0.61", "0.999999954001745", " 0.732493084025335", " 0.224707866010593", " 0.910168273393311", " 0.876844625318894", " 0.998070588780015", " 0.999681720494252", "1", " 1", " 0.99999999999978", " 1", " 1", " 1", " 1", "6.6", "4.8", " 2.6", " 3.5", " 5.4", " 6.6", " 4.8", " 5.5", " 1.2", " 3.5", " 4.5", " 3.5", " 3.4", " ", " 4.6", " 4.2", " 5.8", " 5.4", " 1.8", " 5.2", " 5.6", " 0.2", " 2.5", " 4.8", " 2.7", " 2.7", " 3.1", " 3.3", " 4.6", " 5.2", " ", " 5.2", " 6.0", " 5.6", " ", " 4.1"
"776", "", "False", "FAHFA 14:0/12:0", "C26 H50 O4", "Full match", " No results", " Full match", " No results", " Partial match", "2.66", "426.37204", "425.36477", "14.832", "2674541.84134581", "0", "0", "3", "", "", "66.1", "", "Multiple matches found", " Single match found", "PreferredDDA", "", "[M-H]-1", "1755486.55862092", " 1809517.65713204", " 1557028.95199081", " 2361322.06744437", " 1772521.3193754", " 2447816.59311721", "28.6178381189615", " 12.4580839205702", " 30.1139070903851", " 18.1182317957097", " 28.1435186613595", " 20.9817857279539", "1.031", " 1.345", " 0.860", " 1.138", " 0.659", " 1.037", " 0.724", "0.04", " 0.43", " -0.22", " 0.19", " -0.60", " 0.05", " -0.47", "0.991429987350212", " 0.878452667970576", " 0.999792804361817", " 0.999998606805134", " 0.650944476594028", " 0.9999996502841", " 0.757373241448981", "1", " 1", " 0.99999999999978", " 1", " 1", " 1", " 1", "4.7", "3.2", " 1.8", " 1.8", " 3.2", " 2.1", " 4.2", " 3.8", " 4.7", " 3.5", " 2.9", " 1.7", " 1.9", " 1.3", " 1.2", " 2.5", " 3.2", " 4.5", " 2.6", " 4.5", " 2.3", " 2.6", " 4.1", " 4.1", " 3.0", " 2.2", " 1.7", " 2.1", " 2.6", " 2.4", " 2.1", " 3.6", " 2.1", " 2.6", " 2.1", " 2.8"
"835", "", "False", "", "", "Unused", " No results", " No results", " No results", " No results", "", "427.99109", "426.98381", "1.255", "679089.695304438", "0", "0", "0", "", "", "", "", "No matches found", " No matches found", "PreferredDDA", "", "[M-H]-1", "380119.066227103", " 335853.076904246", " 315481.614725861", " 256138.020590839", " 272913.045192511", " 207703.537873592", "53.0639083872579", " 34.5394171837376", " 30.4250102922733", " 43.0158707809165", " 54.5609128132983", " 78.0420990332274", "0.884", " 0.674", " 0.939", " 0.865", " 1.232", " 0.811", " 1.314", "-0.18", " -0.57", " -0.09", " -0.21", " 0.30", " -0.30", " 0.39", "0.999586948561409", " 0.999983654737802", " 0.999966898698743", " 0.999981520830335", " 0.999519052584517", " 0.96751720834257", " 0.968572527010732", "1", " 1", " 0.99999999999978", " 1", " 1", " 1", " 1", "6.4", "5.2", " 5.5", " 4.2", " 5.2", " 5.2", " 5.1", " 6.4", " 5.7", " 5.7", " 4.5", " 6.0", " 5.3", " 6.0", " 5.7", " 5.4", " 4.7", " 5.5", " 5.2", " 4.2", " 5.2", " 4.5", " 5.5", " 3.8", " 3.4", " 3.0", " 4.8", " 5.5", " 3.0", " 4.9", " 5.2", " 4.2", " 5.5", " ", " 5.0", " 4.9"
"557", "", "False", "Guan-fu base A", "C24 H31 N O6", "Full match", " No results", " No results", " Partial match", " Full match", "4.36", "429.21701", "428.20973", "8.389", "3420744.91422616", "1", "0", "0", "", "", "", "", "No matches found", " Multiple matches found", "PreferredDDA", "", "[M-H]-1", "666463.089877068", " 1068737.31253378", " 2032634.0168783", " 1574763.11101017", " 1294446.10035044", " 967525.771927571", "58.6250949556936", " 45.1209865095664", " 30.5335964543122", " 32.7050406101532", " 22.2754776841462", " 43.5392759319687", "1.604", " 2.363", " 1.902", " 0.637", " 1.291", " 0.614", " 1.338", "0.68", " 1.24", " 0.93", " -0.65", " 0.37", " -0.70", " 0.42", "0.505912521591517", " 0.0274263637096194", " 0.106583325630222", " 0.288325035558378", " 0.694746080202321", " 0.531908606038344", " 0.995790106950002", "1", " 0.137483438595656", " 0.992240007652779", " 1", " 1", " 1", " 1", "5.0", "3.1", " 2.7", " 1.0", " 0.2", " 2.7", " 3.5", " 2.3", " 1.0", " 3.3", " 2.7", " 4.2", " 4.6", " 4.2", " 3.1", " 3.2", " 4.6", " 3.6", " 2.5", " 2.9", " 3.8", " 2.5", " 4.0", " 5.0", " 3.4", " 3.7", " 4.5", " 3.4", " 4.1", " 2.3", " 2.7", " 2.7", " 3.3", " 0.8", " 0.6", " 2.0"
"546", "", "False", "lafutidine", "C22 H29 N3 O4 S", "No match", " No results", " No results", " Full match", " No results", "-0.15", "431.18781", "430.18054", "13.544", "1810789.07064345", "2", "0", "0", "", "", "", "", "No matches found", " No matches found", "PreferredDDA", "", "[M-H]-1", "68600.7560261141", " 82113.9189388544", " 140045.801517896", " 160559.447914364", " 83393.6247384594", " 207691.760995321", "24.5710768936642", " 18.7134367524525", " 117.657039379589", " 49.0019440710796", " 10.405518100859", " 133.121713697868", "1.197", " 2.340", " 1.706", " 0.595", " 0.872", " 1.294", " 0.402", "0.26", " 1.23", " 0.77", " -0.75", " -0.20", " 0.37", " -1.32", "0.996455737649909", " 0.473433775468972", " 0.652959416442487", " 0.639089977651397", " 0.9996546202278", " 0.905002980277591", " 0.256541397855188", "1", " 1", " 0.99999999999978", " 1", " 1", " 1", " 1", "5.4", "", " ", " ", " ", " ", " 2.3", " ", " ", " 3.0", " ", " 1.5", " 0.0", " ", " 5.4", " 0.6", " 1.9", " ", " ", " 1.7", " 2.5", " 0.0", " ", " 1.5", " 3.5", " 2.8", " ", " ", " 3.0", " ", " 0.0", " 1.5", " 2.1", " 4.6", " 5.2", " "
"85", "", "False", "", "", "Unused", " No results", " No results", " No results", " No results", "", "435.33600", "434.32872", "11.248", "25341478.2405877", "0", "0", "0", "", "", "", "", "No matches found", " No matches found", "PreferredDDA", "", "[M-H]-1", "13866915.4880536", " 17500356.9630166", " 19478591.8502098", " 19715123.0278027", " 17876319.9863351", " 19740575.4493468", "20.5704687250133", " 45.2480144429703", " 27.4761830999515", " 47.0303404838769", " 50.5818684116338", " 10.1248831857628", "1.262", " 1.422", " 1.113", " 0.918", " 0.988", " 1.001", " 0.906", "0.34", " 0.51", " 0.15", " -0.12", " -0.02", " 0.00", " -0.14", "0.999504888312663", " 0.999999937477454", " 0.799838123637958", " 0.840815719939452", " 0.888794992805846", " 0.749177672967816", " 0.712094029748079", "1", " 1", " 0.99999999999978", " 1", " 1", " 1", " 1", "6.0", "3.8", " 4.9", " 4.9", " 3.1", " 5.3", " 4.3", " 3.6", " 2.8", " 2.8", " 3.6", " 3.8", " 4.6", " 4.6", " 4.9", " 4.9", " 4.2", " 4.7", " 3.3", " 3.6", " 3.6", " 3.6", " 3.6", " 2.8", " 2.6", " 3.6", " 3.6", " 3.2", " 4.8", " 5.6", " 6.0", " 5.2", " 5.6", " 5.2", " 5.6", " 5.2"
"1065", "", "False", "", "", "Unused", " No results", " No results", " No results", " No results", "", "438.25537", "437.24809", "8.935", "761572.838920848", "0", "0", "0", "", "", "", "", "No matches found", " No matches found", "PreferredDDA", "", "[M-H]-1", "46749.3399753029", " 321493.07258495", " 245850.634978452", " 388678.863888278", " 52486.6009676956", " 51008.7538069449", "39.5332821646578", " 65.3565132502787", " 47.5415512893345", " 69.2371598896373", " 34.4164296529758", " 57.8351686223444", "6.877", " 8.314", " 0.765", " 0.213", " 0.633", " 0.131", " 1.029", "2.78", " 3.06", " -0.39", " -2.23", " -0.66", " -2.93", " 0.04", "0.0174295852699187", " 0.00128944812833942", " 0.999999989767949", " 0.0430115673290056", " 0.964302659231295", " 0.00158962777958571", " 0.999762588839488", "0.906257243112057", " 0.0140048393939087", " 0.99999999999978", " 0.365598322296547", " 1", " 0.0242546349203323", " 1", "4.0", "", " ", " ", " ", " ", " 2.3", " 2.1", " ", " 3.6", " 3.3", " 1.5", " 0.2", " ", " 1.5", " 4.0", " 1.0", " ", " 0.4", " 1.7", " 3.5", " 4.0", " 0.8", " 1.7", " ", " ", " ", " 0.9", " ", " ", " ", " ", " ", " 3.0", " ", " 1.9"
"831", "", "False", "11-keto-Octacosanoic acid", "C28 H54 O3", "No results", " No results", " No results", " No results", " Full match", "3.14", "438.40867", "437.40140", "12.828", "3678370.15349647", "0", "0", "0", "", "", "", "", "Multiple matches found", " No matches found", "PreferredDDA", "", "[M-H]-1", "2289956.9550827", " 2478613.75316918", " 2867448.56121139", " 2921472.28804721", " 1941103.25191921", " 1768975.99850238", "15.2973622722454", " 41.7832734618785", " 17.8338198251406", " 10.7306266002058", " 51.6195489953917", " 52.9294147136126", "1.082", " 1.276", " 1.157", " 0.677", " 0.982", " 0.606", " 1.097", "0.11", " 0.35", " 0.21", " -0.56", " -0.03", " -0.72", " 0.13", "0.944735219835013", " 0.993013809323279", " 0.652719374604008", " 0.422447011842764", " 0.999999925152958", " 0.298452475034223", " 0.999988491940698", "1", " 1", " 0.99999999999978", " 1", " 1", " 1", " 1", "4.6", "3.0", " 4.1", " 4.1", " 3.3", " 3.7", " 2.6", " 1.6", " 2.2", " 2.7", " 1.1", " 3.3", " 3.7", " 3.7", " 3.7", " 3.3", " 3.7", " 4.2", " 3.8", " 4.2", " 3.8", " 3.8", " 4.2", " 4.6", " 1.1", " 1.6", " 0.8", " 2.6", " 0.5", " 2.0", " 1.1", " 0.8", " 2.2", " 1.4", " 1.6", " 2.2"
"341", "", "False", "Dendronesterone D", "C27 H36 O5", "Invalid mass", " No results", " No results", " No results", " Full match", "-1.93", "440.25543", "439.24815", "10.573", "3067384.86781142", "0", "0", "0", "", "", "", "", "Multiple matches found", " No matches found", "PreferredDDA", "", "[M-H]-1", "341064.774549024", " 609019.794052581", " 1313821.70757008", " 1855326.36356715", " 184793.633862518", " 475199.53109606", "70.3024024110821", " 33.3862081859857", " 30.4266517107943", " 30.6132261199853", " 31.1786924211987", " 42.388603170426", "1.786", " 5.440", " 2.157", " 0.141", " 0.708", " 0.256", " 0.389", "0.84", " 2.44", " 1.11", " -2.83", " -0.50", " -1.97", " -1.36", "0.154771182731257", " 4.80022153859228E-05", " 0.693978243225937", " 0.000617325750668307", " 0.618967227398511", " 0.000127858621183474", " 0.398095961695071", "1", " 0.000721879469842146", " 0.99999999999978", " 0.0172410263222363", " 1", " 0.00357090863448132", " 1", "5.9", "4.8", " 2.3", " 1.1", " 2.5", " 1.9", " 4.5", " 4.0", " 1.5", " 4.7", " 5.3", " 3.8", " 5.9", " 5.3", " 5.1", " 5.1", " 5.9", " 2.9", " 5.4", " 4.2", " 3.8", " 4.2", " 3.6", " 4.6", " 1.6", " 2.2", " ", " 2.0", " 2.9", " 2.1", " 1.9", " 3.3", " 2.1", " 2.3", " 0.5", " 3.3"
"254", "", "False", "", "", "Unused", " No results", " No results", " No results", " No results", "", "442.00662", "440.99935", "1.260", "1424072.25412303", "0", "0", "0", "", "", "", "", "No matches found", " No matches found", "PreferredDDA", "", "[M-H]-1", "616716.836887656", " 607491.100740428", " 509369.346628034", " 435277.617841909", " 430954.453265016", " 316070.656968112", "65.0997388386755", " 38.9166202964362", " 36.2396511047797", " 48.5430285043596", " 67.7303175342932", " 98.2771255752051", "0.985", " 0.706", " 0.838", " 0.846", " 1.170", " 0.726", " 1.363", "-0.02", " -0.50", " -0.25", " -0.24", " 0.23", " -0.46", " 0.45", "0.999368224156307", " 0.999996067336548", " 0.999652713980316", " 0.999973893558613", " 0.999966397847752", " 0.941759315380166", " 0.973803632625451", "1", " 1", " 0.99999999999978", " 1", " 1", " 1", " 1", "7.0", "5.9", " 6.1", " 1.5", " 5.8", " 5.2", " 5.1", " 6.0", " 6.3", " 6.0", " 6.3", " 6.4", " 6.0", " 7.0", " 6.0", " 6.0", " 5.4", " 5.5", " 5.9", " 5.5", " 5.9", " 4.5", " 6.1", " 5.3", " 4.5", " 4.8", " 5.5", " 6.1", " 4.9", " 5.5", " 5.5", " 5.5", " 5.9", " ", " 5.8", " 5.3"
"6", "", "False", "", "", "Unused", " No results", " No results", " No results", " No results", "", "442.21167", "441.20439", "12.257", "542980099.078709", "0", "0", "0", "", "", "", "", "No matches found", " No matches found", "PreferredDDA", "", "[M-H]-1", "44376324.363102", " 110451906.897799", " 319247109.12275", " 222441342.245417", " 185040764.214603", " 179615113.111283", "98.2288707099592", " 84.8159693728577", " 31.5986351291326", " 51.0228570365978", " 23.5957463303084", " 37.3647211714111", "2.489", " 5.013", " 2.890", " 0.580", " 1.435", " 0.807", " 1.030", "1.32", " 2.33", " 1.53", " -0.79", " 0.52", " -0.31", " 0.04", "0.140014466974485", " 0.00337034398293479", " 0.0375141105006181", " 0.516387295049925", " 0.362994568487903", " 0.998199766008859", " 0.999337005397424", "1", " 0.0299501022119887", " 0.543259896508952", " 1", " 1", " 1", " 1", "7.0", "7.0", " 5.5", " 6.2", " 4.3", " 5.1", " 5.8", " 6.2", " 5.8", " 6.6", " 6.2", " 4.4", " 6.7", " 5.6", " 5.6", " 6.7", " 6.3", " 6.6", " 5.5", " 5.5", " 5.8", " 5.5", " 6.6", " 5.8", " 5.7", " 6.5", " 6.8", " 6.1", " 6.0", " 6.7", " 6.3", " 6.3", " 6.7", " 5.6", " 6.0", " 6.3"
"397", "", "False", "icos#3", "C24 H31 N O7", "Not the top hit", " No results", " No results", " No results", " Full match", "3.66", "445.21168", "444.20440", "7.627", "3553920.56588567", "0", "0", "0", "", "", "", "", "Single match found", " No matches found", "PreferredDDA", "", "[M-H]-1", "1147567.55993757", " 1254836.78881275", " 1775857.0543288", " 1639719.98984772", " 1392254.95556576", " 788539.344609175", "60.1700802882774", " 45.4470679876215", " 39.5400271444573", " 51.0998468008226", " 54.1167457321751", " 80.5673403789098", "1.093", " 1.429", " 1.415", " 0.784", " 1.083", " 0.481", " 1.766", "0.13", " 0.51", " 0.50", " -0.35", " 0.12", " -1.06", " 0.82", "0.874676892421997", " 0.692604698096666", " 0.905500896803014", " 0.995661715473792", " 0.957336047730101", " 0.993428252842101", " 0.980738117899685", "1", " 1", " 0.99999999999978", " 1", " 1", " 1", " 1", "5.6", "2.3", " 4.2", " 0.0", " 2.0", " 4.6", " 2.9", " 4.6", " 3.9", " 3.9", " 4.8", " 4.6", " 5.4", " 2.9", " 5.0", " 4.2", " 4.0", " 1.4", " 4.2", " 5.2", " 4.1", " 3.7", " 4.2", " 4.8", " 3.5", " 4.1", " 3.1", " 3.5", " 5.6", " 2.7", " 3.5", " 3.3", " 2.5", " 1.7", " 1.0", " 4.5"
"220", "", "False", "FAHFA 18:0/10:0", "C28 H54 O4", "Not the top hit", " No results", " Full match", " No results", " No results", "1.68", "454.40297", "453.39569", "12.670", "8732903.9687754", "0", "0", "1", "", "", "13.9", "", "No matches found", " No matches found", "PreferredDDA", "", "[M-H]-1", "7229188.19456134", " 6964288.4421849", " 6738954.1527626", " 7171386.97784073", " 7159865.2417137", " 7144030.05518785", "5.96803679899846", " 21.1288555892621", " 39.9253555094075", " 16.2776229877982", " 20.3296720287105", " 24.7024231639843", "0.963", " 0.992", " 0.968", " 1.062", " 0.940", " 0.996", " 1.002", "-0.05", " -0.01", " -0.05", " 0.09", " -0.09", " -0.01", " 0.00", "0.999867163196391", " 0.999945716230907", " 0.727639230614591", " 0.798034917785732", " 0.614293803674648", " 0.961256363765889", " 0.990715127321252", "1", " 1", " 0.99999999999978", " 1", " 1", " 1", " 1", "6.5", "5.3", " 5.3", " 5.7", " 5.7", " 6.5", " 3.8", " 4.2", " 4.6", " 3.4", " 3.4", " 4.1", " 2.9", " 3.3", " 2.9", " 3.3", " 4.1", " 4.3", " 5.1", " 4.1", " 5.1", " 5.5", " 5.1", " 4.7", " 4.9", " 4.2", " 3.8", " 4.2", " 3.6", " 3.1", " 4.6", " 4.9", " 4.6", " 3.4", " 4.9", " 3.6"
"225", "", "False", "", "", "Unused", " No results", " No results", " No results", " No results", "", "456.02223", "455.01495", "1.259", "1690294.31840749", "0", "0", "0", "", "", "", "", "No matches found", " No matches found", "PreferredDDA", "", "[M-H]-1", "609838.570322706", " 648806.732810869", " 491204.583747146", " 443807.16460454", " 396069.126708958", " 286024.613372776", "80.4621462184892", " 43.3207806154304", " 39.2307328950527", " 54.1250615037561", " 75.6953737014302", " 113.611797803558", "1.064", " 0.728", " 0.757", " 0.806", " 1.107", " 0.644", " 1.385", "0.09", " -0.46", " -0.40", " -0.31", " 0.15", " -0.63", " 0.47", "0.999453778001442", " 0.999985894793917", " 0.999561030750437", " 0.999714127672253", " 0.999956575351302", " 0.964215654848226", " 0.993053235760161", "1", " 1", " 0.99999999999978", " 1", " 1", " 1", " 1", "7.0", "5.5", " 6.1", " 0.8", " 5.8", " 4.4", " 4.9", " 5.8", " 5.8", " 5.5", " 5.8", " 6.4", " 6.4", " 7.0", " 6.4", " 6.0", " 4.7", " 5.9", " 5.9", " 5.5", " 5.9", " 4.5", " 5.8", " 4.9", " 4.2", " 5.3", " 5.2", " 6.1", " 4.2", " 5.5", " 5.5", " 5.5", " 5.5", " ", " 6.0", " 4.9"
"69", "", "False", "", "C29 H44 O4", "Not the top hit", " No results", " No results", " Partial match", " Full match", "1.75", "456.32476", "455.31748", "11.253", "11681409.5765271", "1", "0", "0", "", "", "", "", "Multiple matches found", " No matches found", "PreferredDDA", "", "[M-H]-1", "3120266.14162829", " 601337.359988431", " 606530.106112899", " 2015122.24999805", " 289087.909237318", " 1759871.71064631", "79.7852997684865", " 124.901740197142", " 84.8112373441281", " 88.0300231869117", " 56.7141691747484", " 77.437727520801", "0.193", " 0.646", " 1.009", " 0.477", " 0.301", " 0.873", " 0.164", "-2.38", " -0.63", " 0.01", " -1.07", " -1.73", " -0.20", " -2.61", "0.881208348129365", " 0.883139069469989", " 0.81570512984169", " 0.677409808608853", " 0.701760006842375", " 0.999999378478789", " 0.0631403122372093", "1", " 1", " 0.99999999999978", " 1", " 1", " 1", " 1", "6.6", "2.6", " 4.1", " 6.1", " 6.6", " 6.2", " 5.5", " 4.7", " 2.1", " ", " ", " 0.8", " ", " ", " ", " ", " 2.6", " 6.0", " 5.1", " 3.7", " 2.2", " ", " ", " ", " ", " ", " ", " 1.0", " 2.2", " 5.1", " ", " 2.7", " 4.5", " 4.5", " ", " 3.7"
"621", "", "False", "N-[2-[5-[[3-(2-Aminoethyl)-1H-indol-5-yl]-methoxymethoxy]-1H-indol-3-yl]ethyl]-N-propan-2-ylpropan-2-amine", "C28 H38 N4 O2", "Not the top hit", " No results", " No results", " No match", " Full match", "0.73", "462.29981", "461.29254", "8.949", "1362141.08357583", "3", "0", "0", "", "", "", "", "Multiple matches found", " Single match found", "PreferredDDA", "", "[M-H]-1", "107454.983282388", " 693145.614384902", " 471837.668781063", " 649014.880680966", " 68017.4048876934", " 101635.613780072", "76.2082799747295", " 62.654370484086", " 43.1347147008843", " 68.9985749135147", " 71.5382480641478", " 70.9280532450572", "6.451", " 6.040", " 0.681", " 0.144", " 0.727", " 0.157", " 0.669", "2.69", " 2.59", " -0.55", " -2.79", " -0.46", " -2.67", " -0.58", "0.0185423476851572", " 0.00414526267918613", " 0.999991809406901", " 0.0167493693436598", " 0.996462983981021", " 0.00618903998366815", " 0.957935279523016", "0.906257243112057", " 0.0352347327730821", " 0.99999999999978", " 0.181916761482527", " 1", " 0.073330746473159", " 1", "5.3", "2.3", " 5.3", " ", " ", " ", " 2.9", " 3.9", " 4.5", " 2.7", " 2.7", " 4.4", " 3.9", " 3.8", " 4.0", " 3.5", " 1.7", " 0.8", " 4.2", " 3.9", " 3.1", " 4.6", " 2.1", " 1.6", " ", " ", " ", " 1.9", " 0.8", " ", " ", " 2.3", " ", " 4.8", " 0.8", " 3.4"
"338", "", "False", "Polystachin (flavone)", "C26 H26 O8", "No match", " No results", " No results", " No match", " Full match", "-1.99", "466.16184", "465.15457", "2.549", "2582798.37137627", "1", "0", "0", "", "", "", "", "Single match found", " Single match found", "PreferredDDA", "", "[M-H]-1", "63193.8472868513", " 12397.9852565465", " 12526.5180738847", " 12385.0169799336", " 12777.3818274786", " 38255.2262171072", "133.396495473907", " 204.134648395185", " 8.15428082657335", " 252.784856359448", " 171.914610481256", " 175.565968629043", "0.196", " 0.196", " 1.010", " 1.020", " 1.011", " 3.089", " 0.334", "-2.35", " -2.35", " 0.01", " 0.03", " 0.02", " 1.63", " -1.58", "0.863695052063095", " 0.882659458944613", " 0.976569261777422", " 0.978860407911889", " 0.933148672736175", " 0.985797451867601", " 0.985782752774764", "1", " 1", " 0.99999999999978", " 1", " 1", " 1", " 1", "6.0", "0.0", " 3.3", " ", " ", " 5.0", " ", " 5.8", " ", " ", " ", " ", " ", " ", " ", " ", " ", " ", " ", " 6.0", " 0.4", " ", " ", " ", " ", " ", " ", " 5.2", " ", " 5.8", " 1.1", " 3.6", " ", " ", " ", " 0.0"
"996", "", "False", "glas#10", "C21 H38 O11", "Full match", " No results", " No results", " No results", " Full match", "3.40", "466.24300", "465.23572", "1.504", "1387483.82153632", "0", "0", "0", "", "", "", "", "Multiple matches found", " No matches found", "PreferredDDA", "", "[M-H]-1", "433199.509333429", " 603857.365085002", " 954138.315573646", " 629489.305997959", " 474413.466718901", " 447688.773497093", "60.8077725598569", " 59.3564548534129", " 25.2872882485793", " 27.5810499614912", " 33.746144791026", " 70.5725717603059", "1.394", " 1.453", " 1.580", " 0.497", " 1.516", " 0.711", " 1.060", "0.48", " 0.54", " 0.66", " -1.01", " 0.60", " -0.49", " 0.08", "0.837012317732193", " 0.599076079016388", " 0.683752729451846", " 0.538198250278965", " 0.801761272207448", " 0.844229630817771", " 0.99930609564432", "1", " 1", " 0.99999999999978", " 1", " 1", " 1", " 1", "4.9", "1.4", " 1.0", " 0.8", " 0.2", " 1.6", " 0.4", " 2.7", " 0.6", " 3.5", " 0.6", " 4.9", " 4.5", " 4.5", " 4.5", " 2.6", " 4.5", " 1.2", " 1.6", " 4.9", " 2.6", " 4.6", " 2.0", " 2.0", " 1.1", " 0.7", " 3.8", " 0.5", " 1.0", " 1.7", " 0.6", " 2.3", " 0.5", " ", " ", " 0.6"
"1594","","False","6-Bromo-5E,9Z,13Z,24Z-heptacosatetraenoic acid","C26 H43 Br O2","Invalid mass"," No results"," No results"," No results"," Full match","-2.32","466.24356","465.23629","1.286","450873.103987414","0","0","0","","","","","Multiple matches found"," No matches found","PreferredDDA","","[M-H]-1","205007.480879282"," 302828.793675113"," 247085.189653118"," 189792.708486444"," 148535.502344952"," 158611.801346055","25.4276754870125"," 39.2197216289025"," 26.1041509506634"," 20.8961917906072"," 23.2117315634528"," 22.0705028395762","1.477"," 0.926"," 0.816"," 0.601"," 1.302"," 0.836"," 0.936","0.56"," -0.11"," -0.29"," -0.73"," 0.38"," -0.26"," -0.09","0.743332145998759"," 0.988927367143167"," 0.993107178868683"," 0.0664597156305808"," 0.603497753291353"," 0.814896935264972"," 0.991855799888912","1"," 1"," 0.99999999999978"," 0.472468160210129"," 1"," 1"," 1","5.6","3.3"," 3.7"," 1.4"," 4.6"," 1.8"," 2.0"," 3.8"," 2.8"," 4.5"," 3.4"," 3.5"," 5.4"," 3.3"," 2.4"," 3.3"," 2.1"," 2.5"," "," 5.6"," 2.9"," 3.3"," 2.5"," 2.8"," 3.3"," 1.8"," 2.1"," 2.9"," 2.1"," 1.8"," 2.1"," "," 3.7"," "," 4.8"," 3.7"
"53", "", "False", "ST 27:1;O;S", "C27 H46 O4 S", "Not the top hit", " No results", " Full match", " Partial match", " Partial match", "3.12", "466.31314", "465.30586", "13.686", "30650544.1203882", "1", "0", "1", "", "", "61.9", "", "Single match found", " Single match found", "PreferredDDA", "", "[M-H]-1", "9766132.19677008", " 16676612.507054", " 9636676.65799414", " 9198979.81048846", " 6947246.61033762", " 8597951.89150606", "34.8281705613715", " 53.6722442452538", " 38.4964117296031", " 28.7685747699422", " 39.3692112054861", " 20.3116703967561", "1.708", " 0.942", " 0.578", " 0.721", " 1.048", " 0.935", " 0.808", "0.77", " -0.09", " -0.79", " -0.47", " 0.07", " -0.10", " -0.31", "0.633426513931062", " 0.982051329008394", " 0.579484911847459", " 0.458864577806867", " 0.979999471421021", " 0.999999890393698", " 0.756843649998812", "1", " 1", " 0.99999999999978", " 1", " 1", " 1", " 1", "6.0", "4.8", " 5.2", " 4.8", " 5.6", " 6.0", " 5.5", " 4.7", " 2.8", " 5.8", " 5.5", " 3.7", " 4.8", " 3.3", " 4.8", " 4.8", " 5.6", " 3.6", " 5.7", " 4.6", " 4.2", " 5.3", " 5.7", " 4.9", " 4.8", " 4.1", " 5.2", " 3.8", " 5.3", " 4.9", " 5.3", " 4.9", " 5.3", " 4.2", " 4.6", " 4.2"
"316", "", "False", "29-Oxotriacontanoic acid", "C30 H58 O3", "Full match", " No results", " No results", " No results", " Full match", "2.61", "466.43981", "465.43253", "14.124", "8502398.95224924", "0", "0", "0", "", "", "", "", "Single match found", " No matches found", "PreferredDDA", "", "[M-H]-1", "6804896.39761357", " 6329460.94742733", " 6847997.52478115", " 6866236.55537955", " 7234814.46464735", " 6258471.51074251", "9.5624727068128", " 19.1766178058759", " 12.8681289923628", " 11.4112328366972", " 12.779713519885", " 14.2654826790948", "0.930", " 1.009", " 1.082", " 1.056", " 0.997", " 0.911", " 1.156", "-0.10", " 0.01", " 0.11", " 0.08", " 0.00", " -0.13", " 0.21", "0.959565915083805", " 0.999299217484325", " 0.664349750023763", " 0.99279463182244", " 0.999394196141157", " 0.852852421149502", " 0.438295272793828", "1", " 1", " 0.99999999999978", " 1", " 1", " 1", " 1", "6.5", "5.7", " ", " ", " 6.5", " ", " 2.6", " ", " 3.9", " 5.8", " ", " ", " ", " 6.3", " 5.6", " 5.6", " ", " 5.2", " ", " ", " 5.6", " ", " 5.2", " 5.2", " 6.0", " 6.0", " 6.0", " ", " ", " ", " 4.8", " 6.0", " 4.8", " ", " 6.0", " "
"127", "", "False", "29-Oxotriacontanoic acid", "C30 H58 O3", "Full match", " No results", " No results", " No results", " Full match", "2.62", "466.43982", "465.43254", "13.873", "15196405.1611502", "0", "0", "0", "", "", "", "", "Single match found", " No matches found", "PreferredDDA", "", "[M-H]-1", "7843849.41227501", " 7014085.76152224", " 9178653.06118435", " 8882619.39234408", " 7361555.63378399", " 10465222.2816546", "31.3736256178399", " 15.0446261375225", " 26.4731931675904", " 31.6188306838149", " 35.5557945909767", " 33.4482677747683", "0.894", " 1.132", " 1.309", " 0.802", " 1.033", " 1.178", " 0.703", "-0.16", " 0.18", " 0.39", " -0.32", " 0.05", " 0.24", " -0.51", "0.976920474451698", " 0.92359138253155", " 0.613485949748651", " 0.944258560530425", " 0.999995894438577", " 0.996707383748573", " 0.985523536629204", "1", " 1", " 0.99999999999978", " 1", " 1", " 1", " 1", "7.3", "4.4", " 3.7", " 4.8", " 4.1", " 4.4", " 7.3", " 5.5", " 6.2", " 5.5", " 6.6", " 4.9", " 2.3", " 4.2", " 4.9", " 5.3", " 4.6", " 4.1", " 4.8", " 4.1", " 3.7", " 4.4", " 4.1", " 6.0", " 4.1", " 4.4", " 6.0", " 5.2", " 5.2", " 4.1", " 4.4", " 4.4", " 4.1", " 3.3", " 5.7", " 4.4"
"89","","False","(6RS)-6,19-epidioxy-24,24-difluoro-25-hydroxy-6,19-dihydrovitamin D3","C27 H42 F2 O4","No match"," No results"," No results"," No results"," Full match","3.03","468.30653","467.29926","13.000","7831815.9105701","0","0","0","","","","","Single match found"," No matches found","PreferredDDA","","[M-H]-1","2930746.05308451"," 1320158.03190713"," 752775.197166302"," 675274.87323858"," 478354.959797868"," 906036.51765831","68.7944729072222"," 128.663076448827"," 57.2256029141251"," 78.3330933732513"," 89.7338480884856"," 60.6914435479443","0.450"," 0.230"," 0.570"," 0.635"," 1.115"," 1.342"," 0.528","-1.15"," -2.12"," -0.81"," -0.65"," 0.16"," 0.42"," -0.92","0.822039481314856"," 0.162216697146399"," 0.760084021044412"," 0.970944047321867"," 0.999886813760294"," 0.977613318626269"," 0.584090752476982","1"," 0.524187839539189"," 0.99999999999978"," 1"," 1"," 1"," 1","6.2","3.1"," 4.5"," 4.2"," 4.8"," 4.3"," 2.0"," 6.2"," 3.3"," 1.4"," 2.1"," 2.0"," 3.5"," "," 2.5"," 1.6"," 0.2"," 2.1"," 3.3"," 4.2"," 3.3"," 2.0"," 2.1"," 1.1"," "," 1.5"," 1.6"," 3.9"," 2.1"," 1.8"," 2.7"," 4.0"," 3.1"," 3.3"," 2.3"," 3.3"
"833", "", "False", "Argenonic acid", "C29 H56 O4", "Not the top hit", " No results", " No results", " No results", " Full match", "2.64", "468.41910", "467.41182", "13.124", "2555005.52885523", "0", "0", "0", "", "", "", "", "Multiple matches found", " No matches found", "PreferredDDA", "", "[M-H]-1", "2109700.299966", " 2160485.64680597", " 2246777.91409086", " 2259037.56985921", " 2216079.89514092", " 2174914.19172108", "6.06548667658", " 15.3787149992531", " 17.6075025981025", " 23.051693577748", " 9.0544231088733", " 20.1834036527086", "1.024", " 1.071", " 1.040", " 0.986", " 0.995", " 0.963", " 1.019", "0.03", " 0.10", " 0.06", " -0.02", " -0.01", " -0.05", " 0.03", "0.999999062524475", " 0.998599432956803", " 0.999999866548823", " 0.999635264713695", " 0.998840551350964", " 0.999892586701506", " 0.997005347902999", "1", " 1", " 0.99999999999978", " 1", " 1", " 1", " 1", "5.5", "4.3", " 4.7", " 4.3", " 5.5", " 4.3", " 3.7", " 4.8", " 3.7", " 4.1", " 3.7", " 3.7", " 3.7", " 3.3", " 4.2", " 4.8", " 3.7", " 2.8", " 3.0", " 2.4", " 2.8", " 3.6", " 2.8", " 2.8", " 5.1", " 4.7", " 5.1", " 4.7", " 4.3", " 3.2", " 3.2", " 3.6", " 3.2", " 2.8", " 3.0", " 3.2"
"315", "", "False", "", "", "Unused", " No results", " No results", " No results", " No results", "", "470.03797", "469.03070", "1.260", "1044705.7812162", "0", "0", "0", "", "", "", "", "No matches found", " No matches found", "PreferredDDA", "", "[M-H]-1", "299297.271134725", " 324072.998781936", " 238101.793239112", " 206864.189893187", " 186012.081661435", " 112995.935879117", "94.4195733390486", " 55.9758894426851", " 47.133885433253", " 61.0584799582267", " 86.7701397904423", " 140.932298379265", "1.083", " 0.691", " 0.735", " 0.781", " 1.151", " 0.546", " 1.646", "0.11", " -0.53", " -0.44", " -0.36", " 0.20", " -0.87", " 0.72", "0.999926698759191", " 0.999963678624808", " 0.999478732539939", " 0.998724664362117", " 0.999998936964973", " 0.970983270930958", " 0.999485246681394", "1", " 1", " 0.99999999999978", " 1", " 1", " 1", " 1", "5.9", "5.5", " 5.9", " 1.5", " 5.8", " 5.3", " 4.5", " 5.5", " 5.5", " 4.9", " 5.5", " 5.5", " 4.2", " 5.9", " 5.7", " 4.9", " 4.5", " 5.5", " 5.3", " 4.2", " 5.9", " 3.8", " 5.5", " 4.9", " 4.5", " 2.7", " 4.0", " 5.9", " 3.8", " 5.7", " 4.9", " 4.9", " 5.3", " ", " 5.8", " 4.5"
"197", "", "False", "", "", "Unused", " No results", " No results", " No results", " No results", "", "470.24335", "469.23607", "13.195", "4461851.75738025", "0", "0", "0", "", "", "", "", "No matches found", " No matches found", "PreferredDDA", "", "[M-H]-1", "291029.178371302", " 678002.274653809", " 2257264.00150324", " 1937829.97605545", " 1335433.75487438", " 1183066.12246604", "102.895216699171", " 111.261058998556", " 47.4704599826346", " 45.8846287795576", " 34.335348606762", " 49.8402559369078", "2.330", " 6.659", " 3.329", " 0.592", " 1.165", " 0.611", " 1.129", "1.22", " 2.74", " 1.74", " -0.76", " 0.22", " -0.71", " 0.17", "0.455587624952964", " 0.0109100372169769", " 0.103649529063822", " 0.750083991426019", " 0.848463366703544", " 0.799776538842596", " 0.98059314014376", "1", " 0.0710970758639663", " 0.988462582047665", " 1", " 1", " 1", " 1", "6.4", "2.3", " 1.7", " 0.6", " ", " ", " 3.1", " 3.6", " 0.5", " 6.4", " ", " 4.5", " 4.8", " 2.2", " 6.0", " 3.9", " 5.6", " 2.1", " 3.9", " 4.5", " 4.1", " 2.3", " 5.6", " 3.7", " 5.1", " 6.1", " 4.7", " 5.1", " 5.0", " 1.9", " 2.9", " 4.6", " 5.8", " 4.6", " 2.3", " 3.9"
"46", "", "False", "", "", "Unused", " No results", " No results", " No results", " No results", "", "474.29080", "473.28353", "12.302", "56986439.1280951", "0", "0", "0", "", "", "", "", "No matches found", " No matches found", "PreferredDDA", "", "[M-H]-1", "33033105.7347986", " 37589975.52045", " 44503416.8960292", " 39203006.4724721", " 24287890.2873787", " 40265309.3242407", "24.6502936494795", " 16.2771881084728", " 27.6479080899023", " 40.4590702454026", " 45.4747797730363", " 24.2605080741424", "1.138", " 1.187", " 1.184", " 0.546", " 1.135", " 1.027", " 0.603", "0.19", " 0.25", " 0.24", " -0.87", " 0.18", " 0.04", " -0.73", "0.990439917737819", " 0.999964836223161", " 0.99990259692727", " 0.400070651553453", " 0.867123726216182", " 0.970698686746172", " 0.560315106965263", "1", " 1", " 0.99999999999978", " 1", " 1", " 1", " 1", "5.7", "4.6", " 4.9", " ", " 4.2", " 4.2", " 5.5", " 4.3", " ", " 5.1", " 4.7", " 3.4", " 4.6", " 4.6", " 4.6", " 4.9", " 4.2", " 3.9", " 3.9", " 3.2", " 3.2", " 3.6", " 2.0", " 2.4", " 4.3", " 3.9", " 2.0", " 3.6", " 5.3", " 5.7", " 4.6", " 4.2", " 4.9", " 3.8", " 4.6", " 4.6"
"590", "", "False", "LPE 18:2", "C23 H44 N O7 P", "Not the top hit", " No results", " Full match", " Partial match", " Not the top hit", "4.08", "477.28748", "476.28021", "7.340", "1647251.65312276", "1", "0", "1", "", "", "73.9", "", "Multiple matches found", " Single match found", "PreferredDDA", "Fatty_Acid_18:2", "[M-H]-1", "39624.8720791461", " 29289.6212757998", " 137491.717290983", " 340450.101765119", " 250532.768517903", " 505507.102233001", "86.2136940034064", " 157.685017258888", " 68.0136102785886", " 58.7561976561454", " 106.464429890267", " 89.8105453142465", "0.739", " 8.592", " 4.694", " 1.822", " 0.404", " 1.485", " 0.496", "-0.44", " 3.10", " 2.23", " 0.87", " -1.31", " 0.57", " -1.01", "0.999410781011498", " 0.076455051064836", " 0.447395078215573", " 0.996521906608197", " 0.749122574569433", " 0.997030627817922", " 0.867961673073418", "1", " 0.290232281226707", " 0.99999999999978", " 1", " 1", " 1", " 1", "5.2", "1.5", " ", " 1.9", " ", " ", " 1.4", " ", " ", " ", " ", " 2.3", " 1.7", " ", " ", " 0.0", " 2.1", " 0.4", " 3.6", " 3.6", " 1.9", " 1.4", " 0.8", " 3.1", " 1.5", " 3.5", " 1.4", " ", " 5.2", " 5.0", " 2.1", " 5.2", " 3.3", " 1.9", " 2.3", " 2.1"
"1176","","False","N-(3-{1-[4-(3,4-Difluorophenoxy)benzyl]-4-piperidinyl}-4-methylphenyl)-2-methylpropanamide","C29 H32 F2 N2 O2","No match"," No results"," No results"," No results"," Full match","-0.48","478.24296","477.23582","1.488","1158908.3515784","0","0","0","","","","","No matches found"," Single match found","PreferredDDA","","[M-H]-1","414126.396259587"," 796189.689598524"," 795503.792343746"," 595676.0226581"," 423382.208751926"," 381999.582417261","54.7682283444442"," 40.4838688111548"," 25.3254831368676"," 31.2513801834508"," 30.6484000193522"," 56.5545738654349","1.923"," 1.438"," 0.999"," 0.532"," 1.335"," 0.641"," 1.108","0.94"," 0.52"," 0.00"," -0.91"," 0.42"," -0.64"," 0.15","0.585428287727752"," 0.706342310004375"," 0.903318633552453"," 0.223103296980786"," 0.686598189964349"," 0.434528158770944"," 0.996239788413635","1"," 1"," 0.99999999999978"," 1"," 1"," 1"," 1","4.5","0.2"," 1.7"," 0.4"," 0.2"," 1.7"," 0.2"," 2.7"," 2.1"," 2.0"," 2.7"," 3.4"," 4.5"," 3.5"," 4.1"," 4.1"," 3.5"," 1.5"," 0.7"," 2.9"," 1.9"," 3.2"," 2.2"," 1.1"," 0.7"," 2.2"," 1.9"," 1.3"," 1.7"," 1.7"," 1.0"," 2.3"," 0.6"," "," "," 0.6"
"57", "", "False", "PC(15:0/0:0)", "C23 H48 N O7 P", "Not the top hit", " No results", " No results", " Partial match", " Full match", "2.59", "481.31809", "480.31094", "9.169", "50478188.9750891", "2", "0", "0", "", "", "", "", "Multiple matches found", " Single match found", "PreferredDDA", "Fatty_Acid_16:0", "[M-H]-1", "12197354.0898593", " 16284203.6989089", " 19717310.5830716", " 15242095.0929923", " 21920760.3302149", " 19815848.1734524", "69.1288595546987", " 51.0481643484026", " 51.7320512883405", " 24.4188286407629", " 38.3745197826278", " 78.7088052367974", "1.335", " 1.250", " 1.211", " 1.112", " 1.294", " 1.300", " 1.106", "0.42", " 0.32", " 0.28", " 0.15", " 0.37", " 0.38", " 0.15", "0.999999014854986", " 0.999488465617515", " 0.999999999850121", " 0.990221839024174", " 0.999924072037587", " 0.998392489575893", " 0.968984776063044", "1", " 1", " 0.99999999999978", " 1", " 1", " 1", " 1", "5.7", "4.3", " 4.7", " 4.3", " 4.3", " ", " 4.3", " 3.9", " 3.6", " 3.9", " 4.3", " 3.6", " 4.3", " 4.3", " 4.3", " 2.8", " 3.9", " 5.7", " 5.3", " 5.7", " 4.9", " 5.3", " 4.9", " 4.6", " 5.2", " 4.4", " 2.9", " 5.2", " 2.8", " 4.7", " 4.7", " 4.7", " 4.3", " 1.8", " ", " 2.4"
"921", "", "False", "", "", "Unused", " No results", " No results", " No results", " No results", "", "482.23744", "481.23017", "1.487", "1333323.288616", "0", "0", "0", "", "", "", "", "No matches found", " No matches found", "PreferredDDA", "", "[M-H]-1", "475548.739758138", " 655460.963060021", " 1061555.33705147", " 540155.588715828", " 430771.840319157", " 364474.588085015", "43.5656612577538", " 45.5453165886431", " 29.894905346877", " 28.8154775690801", " 20.9423214319289", " 69.256203146448", "1.378", " 1.136", " 1.620", " 0.406", " 1.965", " 0.675", " 1.182", "0.46", " 0.18", " 0.70", " -1.30", " 0.97", " -0.57", " 0.24", "0.743177201214527", " 0.580469284893822", " 0.623243933014422", " 0.122144401946449", " 0.640391460196655", " 0.175330671946784", " 0.981150053807628", "1", " 1", " 0.99999999999978", " 0.768393516488914", " 1", " 1", " 1", "5.3", "1.4", " 1.4", " ", " 0.6", " 1.4", " 0.2", " 3.1", " 1.4", " 3.1", " 0.8", " 3.0", " 5.3", " 2.8", " 4.5", " 4.5", " 3.4", " 2.0", " 2.0", " 3.0", " 2.8", " 3.7", " 2.8", " 3.1", " 2.8", " 3.1", " 3.5", " 2.4", " 2.9", " 1.7", " 0.2", " 2.0", " 2.1", " ", " ", " 1.7"
"467", "", "False", "Acetylpinnasterol", "C29 H44 O6", "Not the top hit", " No results", " No results", " No results", " Full match", "-1.53", "488.31304", "487.30577", "13.014", "1820502.06468235", "0", "0", "0", "", "", "", "", "Multiple matches found", " Single match found", "PreferredDDA", "", "[M-H]-1", "372367.335729124", " 174557.019142062", " 63274.2939929432", " 55124.9757294795", " 66050.7167065559", " 68186.5845974204", "74.5046202757416", " 156.712236900889", " 57.515570743517", " 66.7913987566001", " 14.3166192954425", " 88.6001547876368", "0.469", " 0.148", " 0.362", " 1.044", " 1.148", " 1.237", " 0.969", "-1.09", " -2.76", " -1.46", " 0.06", " 0.20", " 0.31", " -0.05", "0.999703255929501", " 0.17936695191132", " 0.271908261851331", " 0.99868288824516", " 0.99998568005567", " 0.999981011847597", " 0.981259001398384", "1", " 0.556606969820048", " 0.99999999999978", " 1", " 1", " 1", " 1", "4.5", "", " 0.2", " ", " 1.6", " 2.5", " 0.6", " 4.5", " 1.5", " ", " ", " 1.1", " 0.0", " ", " ", " ", " ", " ", " ", " ", " 0.0", " ", " ", " ", " ", " ", " ", " ", " ", " ", " ", " ", " ", " 4.5", " ", " 0.2"
"1204", "", "False", "", "", "Unused", " No results", " No results", " No results", " No results", "", "494.23780", "493.23052", "1.473", "1023639.11564748", "0", "0", "0", "", "", "", "", "No matches found", " No matches found", "PreferredDDA", "", "[M-H]-1", "280164.79918131", " 519616.364086313", " 951732.382722698", " 590695.626812888", " 423279.92897984", " 364383.346202847", "62.0076039712597", " 50.6790836089384", " 24.0915840403232", " 16.1345559905498", " 33.7881379554935", " 53.1569436189389", "1.855", " 2.108", " 1.832", " 0.445", " 1.611", " 0.617", " 1.162", "0.89", " 1.08", " 0.87", " -1.17", " 0.69", " -0.70", " 0.22", "0.404908902743513", " 0.0658735214063464", " 0.369826360471029", " 0.160833798470828", " 0.789333754225728", " 0.370619497712546", " 0.999899211426268", "1", " 0.257565468698814", " 0.99999999999978", " 0.896993230945794", " 1", " 1", " 1", "4.0", "1.5", " 1.7", " 1.1", " 0.2", " 1.7", " 0.0", " 2.7", " 1.0", " 2.3", " 1.4", " 1.5", " 3.7", " 2.8", " 2.6", " 3.7", " 3.9", " 4.0", " 2.5", " 3.3", " 3.3", " 3.9", " 3.3", " 2.1", " 3.0", " 2.6", " 3.0", " 0.5", " 1.4", " 2.5", " 0.6", " 2.3", " 0.6", " ", " ", " 2.1"
"417", "", "False", "", "", "Unused", " No results", " No results", " No results", " No results", "", "494.43416", "493.42688", "12.664", "3638605.32874436", "0", "0", "0", "", "", "", "", "No matches found", " No matches found", "PreferredDDA", "", "[M-H]-1", "3209013.72960137", " 2646525.2546688", " 2509659.51204108", " 2741268.38891231", " 3179183.06090921", " 3108538.50806576", "4.9228993088691", " 47.3422416799183", " 25.1235142136696", " 25.348738610986", " 15.2586048785836", " 30.0477704448298", "0.825", " 0.854", " 0.948", " 1.267", " 0.916", " 1.134", " 1.023", "-0.28", " -0.23", " -0.08", " 0.34", " -0.13", " 0.18", " 0.03", "0.141056199977987", " 0.935059734250152", " 0.919096437848071", " 0.804826713023748", " 0.954280463362123", " 0.999268713950418", " 0.956827744965313", "1", " 1", " 0.99999999999978", " 1", " 1", " 1", " 1", "6.7", "5.6", " 5.2", " 5.2", " 6.7", " 6.0", " 3.7", " 2.2", " 2.3", " 2.2", " ", " 2.4", " 2.4", " 3.6", " 3.2", " 4.5", " 3.2", " 4.0", " 3.2", " 3.2", " 2.4", " 3.6", " 3.6", " 2.8", " 3.7", " 3.7", " 3.7", " 3.7", " 3.1", " 2.7", " 3.1", " 3.1", " 1.9", " 2.1", " 3.1", " 3.1"
"597", "", "False", "", "", "Unused", " No results", " No results", " No results", " No results", "", "496.44996", "495.44268", "14.344", "4086643.38215101", "0", "0", "0", "", "", "", "", "No matches found", " No matches found", "PreferredDDA", "", "[M-H]-1", "3015303.98549818", " 3224704.37537471", " 3351141.01555505", " 3366645.50585968", " 3254007.49481176", " 3272167.86752802", "7.50280531197664", " 14.2983180017956", " 16.2300455791325", " 8.04200843896131", " 5.72212122401115", " 10.0815782854418", "1.069", " 1.117", " 1.039", " 0.971", " 0.995", " 0.972", " 0.994", "0.10", " 0.16", " 0.06", " -0.04", " -0.01", " -0.04", " -0.01", "0.815506001844407", " 0.649349968117103", " 0.999852993399758", " 0.999806064812442", " 0.999999767809286", " 0.999190840620275", " 0.995146879286677", "1", " 1", " 0.99999999999978", " 1", " 1", " 1", " 1", "5.4", "4.0", " 5.1", " 5.1", " 5.1", " 4.7", " ", " 3.8", " 5.0", " ", " ", " 3.3", " ", " ", " ", " ", " 3.3", " 4.7", " 5.1", " 4.3", " ", " ", " ", " ", " ", " ", " ", " ", " 4.2", " ", " 5.4", " ", " 3.8", " ", " ", " "
"217", "", "False", "", "", "Unused", " No results", " No results", " No results", " No results", "", "496.44999", "495.44272", "14.066", "7169480.98180359", "0", "0", "0", "", "", "", "", "No matches found", " No matches found", "PreferredDDA", "", "[M-H]-1", "3336230.0757926", " 4646867.20686147", " 6119361.56235498", " 3924780.63696133", " 4351908.25348119", " 4474034.88624041", "11.1414872803217", " 21.0701803959796", " 27.013632165779", " 30.7316463587844", " 17.0865698385544", " 13.4402978671075", "1.393", " 1.176", " 1.317", " 0.711", " 1.559", " 1.140", " 0.973", "0.48", " 0.23", " 0.40", " -0.49", " 0.64", " 0.19", " -0.04", "0.155001847704568", " 0.422248240017311", " 0.875065479916978", " 0.876665659706054", " 0.338283232130484", " 0.999999976837116", " 0.974928590157664", "1", " 1", " 0.99999999999978", " 1", " 1", " 1", " 1", "6.9", "4.2", " 3.8", " 4.6", " 6.9", " 5.4", " 4.9", " 3.6", " 4.0", " 5.3", " 4.0", " 4.0", " 4.9", " 5.3", " 4.6", " 4.2", " 4.0", " 3.5", " 2.7", " 3.5", " 3.7", " 3.1", " 2.3", " 3.3", " 5.1", " 3.3", " 4.8", " 4.8", " 3.5", " 5.4", " 5.0", " 3.1", " 3.5", " 4.2", " 5.4", " 4.2"
"376", "", "False", "Perfluoro-1-octanesulfonic acid (PFOS)", "C8 H F17 O3 S", "No match", " Full match", " No results", " Full match", " No results", "4.03", "499.93951", "498.93223", "6.119", "4676675.64812985", "1", "1", "0", "97.6", "9.9", "", "", "No matches found", " No matches found", "PreferredDDA", "", "[M-H]-1", "2378191.48501539", " 4106814.66453096", " 2186267.24953857", " 2434286.40718185", " 2272709.77892041", " 2501501.2965086", "58.9591896561345", " 53.5931687955766", " 16.812997575562", " 16.9203887579105", " 8.8620983015347", " 39.35986882166", "1.727", " 1.024", " 0.532", " 1.040", " 0.898", " 1.028", " 0.909", "0.79", " 0.03", " -0.91", " 0.06", " -0.16", " 0.04", " -0.14", "0.959992981703253", " 0.999805350325029", " 0.987349359027232", " 0.99999999999966", " 0.999999996912685", " 0.993005004018628", " 0.997696158686093", "1", " 1", " 0.99999999999978", " 1", " 1", " 1", " 1", "7.8", "4.5", " 4.8", " 3.9", " 3.3", " 3.5", " 4.5", " 4.8", " 2.7", " 6.4", " 4.8", " 6.4", " 6.7", " 5.6", " 6.7", " 6.7", " 6.0", " 5.6", " 5.8", " 7.1", " 6.4", " 6.7", " 5.2", " 6.4", " 7.0", " 7.8", " 7.8", " 5.5", " 5.4", " 6.1", " 5.7", " 5.7", " 5.4", " 5.1", " 2.9", " 6.1"
"575", "", "False", "", "", "Unused", " No results", " No results", " No results", " No results", "", "500.37211", "499.36484", "11.804", "3364417.74549742", "0", "0", "0", "", "", "", "", "No matches found", " No matches found", "PreferredDDA", "", "[M-H]-1", "1857029.4219209", " 1885085.98245236", " 1997280.2674899", " 1995717.28624132", " 1826080.58514531", " 1901671.61857815", "8.71220455740635", " 6.39135027999436", " 27.8177461544418", " 6.58047617918737", " 12.1422188448583", " 3.37644166203759", "1.015", " 1.075", " 1.060", " 0.914", " 1.001", " 0.953", " 0.960", "0.02", " 0.10", " 0.08", " -0.13", " 0.00", " -0.07", " -0.06", "0.999999999868522", " 0.987529310662457", " 0.559134132408583", " 0.304691119211089", " 0.845912249084294", " 0.999336626730396", " 0.947388813107811", "1", " 1", " 0.99999999999978", " 1", " 1", " 1", " 1", "5.6", "3.6", " 3.6", " 3.2", " 4.7", " 4.0", " 3.2", " 4.3", " 4.0", " 3.2", " 4.0", " 2.1", " 3.6", " 2.8", " 1.7", " 2.1", " 1.7", " 4.7", " 4.3", " 4.0", " 3.6", " 4.7", " 4.3", " 4.3", " 3.5", " 3.1", " 2.7", " 4.0", " 3.7", " 5.2", " 4.1", " 3.7", " 4.5", " 3.7", " 5.6", " 4.1"
"966", "", "False", "LPE 20:4", "C25 H44 N O7 P", "No match", " No results", " Full match", " No match", " Not the top hit", "3.19", "501.28714", "500.27986", "6.799", "959903.582030248", "4", "0", "1", "", "", "44.5", "", "Multiple matches found", " Multiple matches found", "PreferredDDA", "", "[M-H]-1", "39038.6530779152", " 23492.2200679613", " 331435.71546906", " 462818.014046707", " 83736.5515843154", " 149312.673839938", "94.9232476243933", " 173.51145801341", " 74.5695734990555", " 60.2673398883584", " 86.1778296328796", " 76.8254393945336", "0.602", " 11.855", " 14.108", " 0.253", " 0.716", " 0.323", " 0.561", "-0.73", " 3.57", " 3.82", " -1.98", " -0.48", " -1.63", " -0.83", "0.999999461855551", " 0.00613510903651882", " 0.0982611224566847", " 0.404973433923071", " 0.818932480679035", " 0.374467270829468", " 0.682891358014814", "1", " 0.0465538084084008", " 0.982683053904618", " 1", " 1", " 1", " 1", "4.8", "0.8", " ", " 1.9", " ", " ", " 0.6", " ", " ", " ", " ", " 3.6", " 3.6", " 1.9", " ", " 1.1", " 3.3", " 1.9", " 1.4", " 4.8", " 4.4", " 4.2", " 3.3", " 4.2", " 0.0", " 0.4", " 0.0", " ", " 1.9", " 1.1", " 0.4", " 4.0", " 2.3", " 1.9", " 0.8", " 2.7"
"572", "", "False", "LPE 20:4", "C25 H44 N O7 P", "Not the top hit", " No results", " Full match", " No match", " Not the top hit", "3.27", "501.28718", "500.27990", "7.151", "2116339.30118343", "4", "0", "1", "", "", "68.9", "", "Multiple matches found", " Multiple matches found", "PreferredDDA", "", "[M-H]-1", "58328.3383710666", " 33018.5820490808", " 832858.784132535", " 944679.347334261", " 296253.654999814", " 568595.975969899", "100.169708997692", " 191.492547354121", " 67.2041292356954", " 52.9837898070197", " 100.891387650656", " 81.1819489853667", "0.566", " 16.196", " 25.224", " 0.356", " 0.882", " 0.602", " 0.521", "-0.82", " 4.02", " 4.66", " -1.49", " -0.18", " -0.73", " -0.94", "0.999999889565712", " 0.00145114367310828", " 0.021109597740434", " 0.711296259235623", " 0.941590836217773", " 0.636017938356406", " 0.908388533345553", "1", " 0.0153350588158199", " 0.412692635825484", " 1", " 1", " 1", " 1", "5.8", "", " ", " 1.5", " ", " ", " 3.9", " ", " ", " ", " ", " 4.6", " 5.0", " 3.6", " 0.4", " 4.0", " 4.2", " 2.1", " 4.6", " 5.4", " 3.9", " 5.2", " 5.8", " 4.2", " 0.8", " 4.2", " 2.5", " ", " 3.6", " 5.2", " 2.5", " 3.1", " 3.5", " 0.0", " 1.1", " 4.6"
"1308", "", "False", "", "", "Unused", " No results", " No results", " No results", " No results", "", "502.14280", "501.13552", "1.264", "815766.716917572", "0", "0", "0", "", "", "", "", "No matches found", " No matches found", "PreferredDDA", "", "[M-H]-1", "652107.798369719", " 612255.393788279", " 584146.156695893", " 602326.273069015", " 616437.452500208", " 628841.339727159", "24.5528727374635", " 25.1306019494148", " 14.2520945518627", " 11.3149870524995", " 10.5288464005475", " 29.8696152661125", "0.939", " 0.924", " 0.954", " 1.055", " 0.970", " 1.044", " 0.980", "-0.09", " -0.11", " -0.07", " 0.08", " -0.04", " 0.06", " -0.03", "0.999049119296531", " 0.999902000420113", " 0.999999997753277", " 0.999999568437839", " 0.999946464625124", " 0.998391192843786", " 0.989375671529632", "1", " 1", " 0.99999999999978", " 1", " 1", " 1", " 1", "6.4", "2.8", " 6.0", " 2.6", " 3.5", " 1.8", " 3.4", " 5.4", " 5.0", " 3.9", " 4.6", " 4.5", " 5.3", " 5.5", " 4.4", " 4.1", " 3.4", " 5.7", " 6.4", " 5.7", " 6.4", " 2.2", " 5.3", " 3.8", " 3.4", " 3.0", " 5.1", " 5.3", " 4.9", " 3.7", " 3.9", " 5.4", " 4.1", " ", " 3.9", " 1.5"
"196", "", "False", "", "", "Unused", " No results", " No results", " No results", " No results", "", "502.31148", "501.30420", "13.003", "5181628.03149321", "0", "0", "0", "", "", "", "", "No matches found", " No matches found", "PreferredDDA", "", "[M-H]-1", "1632996.38023392", " 820143.074751009", " 535450.607072639", " 417050.493637285", " 234908.098552505", " 500299.831873585", "68.0185404939168", " 126.963116202691", " 56.3822765167871", " 66.556402971809", " 78.6817726888091", " 59.7950703396518", "0.502", " 0.255", " 0.653", " 0.439", " 1.284", " 1.200", " 0.470", "-0.99", " -1.97", " -0.62", " -1.19", " 0.36", " 0.26", " -1.09", "0.935028773930977", " 0.129642594558995", " 0.534211321638115", " 0.941231826298699", " 0.999963491885238", " 0.965998731019944", " 0.480774562829842", "1", " 0.452591557790777", " 0.99999999999978", " 1", " 1", " 1", " 1", "6.2", "3.1", " 2.7", " 0.2", " 3.3", " 3.7", " 2.0", " 6.2", " 2.3", " 1.0", " ", " 1.6", " 3.1", " ", " 1.7", " ", " 0.4", " ", " 2.3", " 2.3", " 4.2", " 1.4", " 0.6", " ", " ", " 0.4", " 1.0", " 2.7", " 0.6", " 5.0", " 1.4", " 0.2", " 2.9", " 2.0", " 1.4", " 2.7"
"36", "", "False", "Bardoxolone methyl", "C32 H43 N O4", "Not the top hit", " No results", " No results", " Full match", " Full match", "-0.70", "505.31885", "504.31082", "7.784", "39599968.7486142", "1", "0", "0", "", "", "", "", "Multiple matches found", " Multiple matches found", "PreferredDDA", "", "[M-H]-1", "4097144.31880051", " 8876712.36350563", " 15916316.1874029", " 19943713.8027136", " 16127126.2303014", " 22493756.2874138", "125.017902086244", " 73.5938663139496", " 30.5086735687855", " 38.2519821729119", " 56.1997680362352", " 64.2294107632817", "2.167", " 4.868", " 1.793", " 1.013", " 0.798", " 1.128", " 0.717", "1.12", " 2.28", " 0.84", " 0.02", " -0.33", " 0.17", " -0.48", "0.982658781530775", " 0.388565085350074", " 0.160262353028111", " 0.999573834589755", " 0.999994791540844", " 0.999999953278565", " 0.998528150401629", "1", " 1", " 0.99999999999978", " 1", " 1", " 1", " 1", "5.6", "5.1", " 3.9", " 4.1", " 1.2", " 3.0", " 2.6", " 4.7", " 0.2", " 3.9", " 4.3", " 4.4", " 4.8", " 5.2", " 4.8", " 5.2", " 4.8", " 5.6", " 5.6", " 5.2", " 4.8", " 5.2", " 5.2", " 5.2", " 4.3", " 4.1", " 4.3", " 5.1", " 4.7", " 5.5", " 4.7", " 5.5", " 4.7", " 3.7", " 3.9", " 5.1"
"186", "", "False", "PC(17:1(10Z)/0:0)", "C25 H50 N O7 P", "Full match", " No results", " No results", " No match", " Full match", "3.57", "507.33430", "506.32658", "9.627", "17392661.1031542", "1", "0", "0", "", "", "", "", "Multiple matches found", " No matches found", "PreferredDDA", "Fatty_Acid_18:1", "[M-H]-1", "2317808.67559043", " 3552580.14977777", " 10179724.6527472", " 8991508.08857488", " 10522242.6174287", " 6612798.53908507", "64.2668619026852", " 61.2697549849057", " 45.9328206783215", " 33.7691704445535", " 48.765543877206", " 75.0389923056912", "1.533", " 3.879", " 2.865", " 1.034", " 1.132", " 0.735", " 1.591", "0.62", " 1.96", " 1.52", " 0.05", " 0.18", " -0.44", " 0.67", "0.999999994528879", " 0.121844636340803", " 0.184640131315669", " 0.999997200989531", " 0.999998029842652", " 0.565459855334943", " 0.836774910027138", "1", " 0.435557078107999", " 0.99999999999978", " 1", " 1", " 1", " 1", "4.3", "3.9", " 1.8", " 2.6", " 3.0", " 1.6", " 2.2", " 2.4", " ", " 1.4", " 2.8", " 2.4", " 3.2", " 3.2", " 2.8", " 4.1", " 3.9", " 3.7", " 3.3", " 4.1", " 4.1", " 2.9", " 3.3", " 3.7", " 3.3", " 3.9", " 3.6", " 3.9", " 2.8", " 3.9", " 2.8", " 4.3", " 3.6", " ", " 2.6", " 3.9"
"205", "", "False", "11-Oxoceromelissic acid", "C33 H64 O3", "Full match", " No results", " No results", " Partial match", " Full match", "2.34", "508.48674", "507.47946", "15.057", "5531343.58161409", "1", "0", "0", "", "", "", "", "Single match found", " No matches found", "PreferredDDA", "", "[M-H]-1", "4049622.56386316", " 4006632.27010277", " 4185473.57169956", " 4189341.37379545", " 4443527.29913083", " 4203601.67003992", "9.11258458698722", " 12.6038148196751", " 13.0263475877868", " 5.85252021901877", " 6.70448974684627", " 4.62330747606024", "0.989", " 1.035", " 1.045", " 1.062", " 0.999", " 1.003", " 1.057", "-0.02", " 0.05", " 0.06", " 0.09", " 0.00", " 0.00", " 0.08", "0.965473003930515", " 0.943234170134456", " 0.819811775057706", " 0.999999972187035", " 0.784558459311488", " 0.999074723389773", " 0.938839039326796", "1", " 1", " 0.99999999999978", " 1", " 1", " 1", " 1", "8.6", "5.1", " 7.4", " 6.6", " 5.1", " 5.9", " 6.5", " 5.0", " 5.7", " 7.2", " 5.0", " 5.7", " 6.0", " 5.7", " 6.5", " 5.0", " 6.9", " 7.8", " 4.3", " 6.2", " 6.6", " 5.9", " 4.7", " 6.6", " 5.9", " 5.5", " 7.0", " 7.0", " 8.6", " 7.1", " 6.4", " 7.5", " 7.9", " 7.5", " 6.7", " 8.6"
"391", "", "False", "", "", "Unused", " No results", " No results", " No results", " No results", "", "509.99390", "508.98663", "1.263", "1010167.49804988", "0", "0", "0", "", "", "", "", "No matches found", " No matches found", "PreferredDDA", "", "[M-H]-1", "442490.218148144", " 390111.889634671", " 350223.716280174", " 257121.324258648", " 283640.969950565", " 207583.929184412", "63.9763740763408", " 40.5471788228745", " 36.1221588024609", " 52.2037107001868", " 65.4470627884633", " 97.1875979049292", "0.882", " 0.581", " 0.898", " 0.810", " 1.362", " 0.807", " 1.366", "-0.18", " -0.78", " -0.16", " -0.30", " 0.45", " -0.31", " 0.45", "0.996929687710381", " 0.999946991738686", " 0.999123267189142", " 0.999924804493777", " 0.999194489402623", " 0.99980219609772", " 0.9995356423686", "1", " 1", " 0.99999999999978", " 1", " 1", " 1", " 1", "6.4", "5.5", " 5.2", " 1.9", " 4.2", " 5.2", " 4.2", " 5.2", " 5.5", " 5.2", " 4.8", " 6.0", " 4.5", " 6.4", " 6.0", " 6.0", " 3.5", " 5.5", " 5.2", " 5.3", " 5.2", " 4.9", " 5.2", " 4.5", " 3.8", " 4.9", " 4.8", " 5.2", " 4.9", " 4.9", " 5.2", " 4.9", " 4.8", " ", " 5.4", " 4.5"
"723", "", "False", "Diabolic acid", "C32 H62 O4", "Not the top hit", " No results", " No results", " No results", " Full match", "2.38", "510.46603", "509.45875", "14.400", "2478336.87497977", "0", "0", "0", "", "", "", "", "Multiple matches found", " No matches found", "PreferredDDA", "", "[M-H]-1", "1230191.41674927", " 1810432.74634615", " 1900188.88501444", " 1322007.44417646", " 1388552.60131248", " 1287913.74763826", "27.1641819172081", " 35.2778345215027", " 34.9235739672125", " 26.4554962044186", " 35.2755220230229", " 21.1426164251854", "1.472", " 1.075", " 1.050", " 0.731", " 1.437", " 0.974", " 1.078", "0.56", " 0.10", " 0.07", " -0.45", " 0.52", " -0.04", " 0.11", "0.880511914853702", " 0.999862947163481", " 0.999763387895136", " 0.851788041663656", " 0.792215614046568", " 0.99999999990666", " 0.999999733732682", "1", " 1", " 0.99999999999978", " 1", " 1", " 1", " 1", "5.3", "3.4", " 3.2", " 3.0", " 1.8", " 3.7", " 3.2", " 2.1", " 2.7", " 2.7", " 2.3", " 2.7", " 3.1", " 2.1", " 3.1", " 4.0", " 3.5", " 2.6", " 3.2", " 2.6", " 4.5", " 4.1", " 3.7", " 5.3", " 4.7", " 1.0", " 3.1", " 2.1", " 3.0", " 2.6", " 2.6", " 2.6", " 5.3", " 1.8", " 4.5", " 3.2"
"263", "", "False", "", "", "Unused", " No results", " No results", " No results", " No results", "", "524.00935", "523.00208", "1.259", "1512557.04799624", "0", "0", "0", "", "", "", "", "No matches found", " No matches found", "PreferredDDA", "", "[M-H]-1", "569029.059053354", " 552155.7004531", " 413311.159648817", " 367184.130729846", " 350155.520575614", " 245898.542867191", "74.7575044382375", " 47.5114864761535", " 43.0976786763149", " 54.8870324715614", " 79.7770411794525", " 118.421074347808", "0.970", " 0.645", " 0.749", " 0.847", " 1.126", " 0.670", " 1.424", "-0.04", " -0.63", " -0.42", " -0.24", " 0.17", " -0.58", " 0.51", "0.998995283562879", " 0.999991197283913", " 0.998606188166951", " 0.999913431785688", " 0.999992095173192", " 0.971580701271385", " 0.99425230465301", "1", " 1", " 0.99999999999978", " 1", " 1", " 1", " 1", "6.1", "5.9", " 6.1", " 3.0", " 5.8", " 5.2", " 4.5", " 5.5", " 5.8", " 5.5", " 5.8", " 5.9", " 5.5", " 5.9", " 5.5", " 5.5", " 4.9", " 5.5", " 5.5", " 5.9", " 5.5", " 4.9", " 5.8", " 4.9", " 4.5", " 3.0", " 5.9", " 5.8", " 4.9", " 5.3", " 5.5", " 5.5", " 5.5", " ", " 5.4", " 4.9"
"269", "", "False", "", "", "Unused", " No results", " No results", " No results", " No results", "", "524.33212", "523.32484", "13.006", "3038413.91571669", "0", "0", "0", "", "", "", "", "No matches found", " No matches found", "PreferredDDA", "", "[M-H]-1", "1088644.43411402", " 534216.563958348", " 256452.345509014", " 137163.670922485", " 149224.981590637", " 298724.693987382", "69.0151540436003", " 138.807317391936", " 62.7004859761057", " 87.2680711425855", " 81.8955459793141", " 67.5785791300033", "0.491", " 0.126", " 0.480", " 0.582", " 1.870", " 2.178", " 0.500", "-1.03", " -2.99", " -1.06", " -0.78", " 0.90", " 1.12", " -1.00", "0.753996878085963", " 0.0559271459753151", " 0.750349579906124", " 0.991936360638108", " 0.99999162674442", " 0.856967173004977", " 0.697539475154989", "1", " 0.225438289446889", " 0.99999999999978", " 1", " 1", " 1", " 1", "5.2", "1.4", " 3.1", " 2.9", " 3.9", " 3.3", " 2.1", " 5.2", " 1.0", " 3.8", " ", " ", " 0.6", " ", " 1.5", " 1.0", " ", " ", " 0.6", " 2.9", " 3.5", " 1.5", " 1.5", " ", " ", " ", " ", " 4.4", " 0.0", " 4.8", " 3.6", " ", " ", " 2.1", " 1.7", " 2.3"
"266", "", "False", "LPE 22:6", "C27 H44 N O7 P", "Not the top hit", " No results", " Full match", " No results", " Partial match", "2.80", "525.28701", "524.27973", "6.826", "4065886.70249808", "0", "0", "1", "", "", "36.8", "", "Multiple matches found", " Single match found", "PreferredDDA", "", "[M-H]-1", "81180.7870663728", " 81141.7341784242", " 1666889.29687596", " 1563432.85111604", " 422957.806728964", " 741599.882802597", "136.478957934586", " 190.048066241139", " 69.9987424533851", " 55.0169153598884", " 86.253261060965", " 72.7021124401897", "1.000", " 19.259", " 20.543", " 0.254", " 1.066", " 0.474", " 0.570", "0.00", " 4.27", " 4.36", " -1.98", " 0.09", " -1.08", " -0.81", "0.92625179188956", " 0.000787225180347129", " 0.0738292510605159", " 0.492462738268968", " 0.978764079901056", " 0.378587310741019", " 0.954201608318979", "1", " 0.00879442987187792", " 0.82477820470462", " 1", " 1", " 1", " 1", "6.4", "0.4", " ", " 3.5", " ", " ", " 5.6", " ", " ", " 0.0", " ", " 5.6", " 6.0", " 4.6", " 0.6", " 4.2", " 6.4", " 4.6", " 5.0", " 6.4", " 4.2", " 4.8", " 6.1", " 6.0", " 1.7", " 3.9", " 2.1", " 0.0", " 3.9", " 3.9", " 3.6", " 4.1", " 4.6", " 1.5", " 0.4", " 4.6"
"520", "", "False", "LPE 22:6", "C27 H44 N O7 P", "Full match", " No results", " Full match", " No results", " Partial match", "3.54", "525.28740", "524.28012", "6.518", "1910730.32518089", "0", "0", "1", "", "", "25.0", "", "Multiple matches found", " Single match found", "PreferredDDA", "", "[M-H]-1", "51055.6093147199", " 61568.5340110418", " 677749.751989395", " 1008458.18704488", " 213081.171898007", " 301661.66297485", "131.64744769587", " 195.141882845403", " 64.5910168970514", " 56.5943949548862", " 50.2081352499892", " 55.3737926291944", "1.206", " 19.752", " 11.008", " 0.314", " 0.672", " 0.299", " 0.706", "0.27", " 4.30", " 3.46", " -1.67", " -0.57", " -1.74", " -0.50", "0.99999974333419", " 0.00282137456484866", " 0.0286529439334333", " 0.577847230343898", " 0.935842530766826", " 0.353247735795382", " 0.95197939633165", "1", " 0.0262656536870434", " 0.487100046868366", " 1", " 1", " 1", " 1", "5.4", "0.4", " ", " 2.1", " ", " ", " 4.2", " ", " ", " ", " ", " 3.1", " 5.4", " 2.9", " 0.4", " 3.3", " 3.1", " 2.9", " 2.1", " 5.0", " 3.1", " 4.1", " 2.3", " 5.2", " 0.8", " 1.7", " 1.0", " 0.0", " 1.4", " 2.5", " 3.6", " 3.1", " 2.9", " 2.9", " 0.8", " 3.3"
"106","","False","PE(22:4(7Z,10Z,13Z,16Z)/0:0)","C27 H48 N O7 P","Full match"," No results"," No results"," No results"," Full match","3.71","529.31880","528.31085","7.478","18661328.8297861","0","0","0","","","","","Multiple matches found"," No matches found","PreferredDDA","","[M-H]-1","728438.176315255"," 1687045.58748872"," 8523200.52251284"," 6707725.39389064"," 7342161.79752978"," 6777815.77978991","137.147452276324"," 74.7849792054029"," 54.2700038221266"," 43.0825066390686"," 22.8590101944776"," 65.359000960748","2.316"," 9.208"," 5.052"," 0.861"," 1.271"," 1.010"," 1.083","1.21"," 3.20"," 2.34"," -0.22"," 0.35"," 0.01"," 0.12","0.999997615955363"," 0.018477454443396"," 0.018835380723733"," 0.999066806938668"," 0.999879126325968"," 0.930203612880356"," 0.987312147964497","1"," 0.100342842880109"," 0.40914632572109"," 1"," 1"," 1"," 1","6.1","5.8"," 3.0"," 2.0"," "," 1.4"," 3.0"," 2.6"," "," 3.5"," 4.1"," 5.8"," 5.1"," 4.7"," 5.1"," 4.1"," 5.8"," 4.8"," 4.7"," 4.7"," 4.7"," 4.7"," 5.5"," 5.1"," 5.3"," 5.7"," 6.1"," 5.1"," 4.5"," 5.5"," 3.7"," 5.5"," 5.5"," 1.6"," 3.7"," 5.5"
"259", "", "False", "FAHFA 16:1/18:3", "C34 H58 O4", "No match", " No results", " Full match", " Partial match", " Partial match", "-4.39", "530.43118", "529.42391", "10.781", "2934544.14411126", "1", "0", "2", "", "", "71.8", "", "No matches found", " Single match found", "PreferredDDA", "", "[M-H]-1", "170540.978535665", " 371191.865077571", " 407359.232967409", " 1163743.66963501", " 159414.451691525", " 504035.971781284", "102.727667977011", " 40.948457427251", " 69.1579569886359", " 59.2141467735279", " 70.686936418498", " 81.4185337132023", "2.177", " 6.824", " 1.097", " 0.391", " 0.350", " 0.433", " 0.316", "1.12", " 2.77", " 0.13", " -1.35", " -1.51", " -1.21", " -1.66", "0.999666614665115", " 0.0353307421263268", " 0.982834674730761", " 0.529480724436014", " 0.229183788129583", " 0.0610283556130857", " 0.72849029787538", "1", " 0.160631629899928", " 0.99999999999978", " 1", " 1", " 0.461008857548519", " 1", "6.1", "1.9", " 3.9", " ", " ", " 1.5", " ", " 2.1", " 2.9", " 2.5", " 2.5", " ", " 1.5", " 1.0", " 2.0", " 2.9", " 4.8", " 6.1", " 1.0", " 3.9", " 3.3", " 5.6", " 5.4", " 4.1", " ", " ", " 1.9", " 3.6", " ", " ", " ", " 3.6", " 3.5", " 2.7", " 2.9", " 3.5"
"55", "", "False", "FAHFA 16:0/18:2", "C34 H62 O4", "Not the top hit", " No results", " Full match", " Partial match", " No results", "-3.62", "534.46287", "533.45560", "12.339", "12028930.028455", "1", "0", "1", "", "", "73.4", "", "No matches found", " No matches found", "PreferredDDA", "", "[M-H]-1", "3025916.63312079", " 5198395.19582153", " 5894562.86549097", " 7517169.53433533", " 3645671.00241456", " 6005692.09117148", "54.4032262778853", " 26.4528496216552", " 47.3657048743405", " 31.5613827350391", " 51.495453338486", " 37.6939716638041", "1.718", " 2.484", " 1.134", " 0.618", " 0.784", " 0.799", " 0.607", "0.78", " 1.31", " 0.18", " -0.69", " -0.35", " -0.32", " -0.72", "0.754748307843088", " 0.0452145654265285", " 0.995336379204794", " 0.324696002183731", " 0.850108175042698", " 0.972101415105631", " 0.127335450264748", "1", " 0.194060638064233", " 0.99999999999978", " 1", " 1", " 1", " 1", "7.1", "4.1", " 4.8", " 1.2", " 6.2", " 4.1", " 5.9", " 6.8", " 5.5", " 6.1", " 5.7", " 3.3", " 6.7", " 5.8", " 5.8", " 5.8", " 4.7", " 5.2", " 6.7", " 4.4", " 4.1", " 4.8", " 6.0", " 5.6", " 2.7", " 5.2", " 5.2", " 5.2", " 4.8", " 3.8", " 3.8", " 4.4", " 6.3", " 6.0", " 6.0", " 7.1"
"564", "", "False", "FAHFA(16:1(9Z)/5-O-18:0)", "C34 H64 O4", "Not the top hit", " No results", " No results", " No results", " Full match", "1.03", "536.48101", "535.47374", "13.975", "3251307.20489524", "0", "0", "0", "", "", "", "", "Multiple matches found", " Single match found", "PreferredDDA", "", "[M-H]-1", "2237759.68985919", " 2176640.95734959", " 1706288.17604138", " 1793602.63684786", " 1588128.12215243", " 1816293.36510794", "24.5670922364077", " 31.7467392897036", " 36.2229124320979", " 19.7291551032029", " 45.292533461247", " 24.4344574029625", "0.973", " 0.802", " 0.784", " 0.931", " 0.951", " 1.013", " 0.874", "-0.04", " -0.32", " -0.35", " -0.10", " -0.07", " 0.02", " -0.19", "0.999974225703236", " 0.634607895458652", " 0.99764651355494", " 0.856160062715776", " 0.92862595970739", " 0.873884573413744", " 0.791823199357052", "1", " 1", " 0.99999999999978", " 1", " 1", " 1", " 1", "5.4", "2.8", " 3.2", " 2.4", " 3.2", " 3.4", " 2.3", " 2.7", " 2.7", " 2.1", " 3.5", " 3.1", " 2.7", " 1.7", " 1.9", " 2.9", " 2.7", " 3.0", " 4.5", " 3.3", " 4.2", " 5.2", " 3.5", " 5.4", " 1.6", " 0.5", " 1.6", " 2.6", " 3.0", " 3.2", " 1.8", " 2.6", " 3.6", " 4.0", " 3.6", " 3.0"
"236", "", "False", "", "", "Unused", " No results", " No results", " No results", " No results", "", "538.02475", "537.01748", "1.258", "1446045.51994746", "0", "0", "0", "", "", "", "", "No matches found", " No matches found", "PreferredDDA", "", "[M-H]-1", "427973.541074248", " 493205.771978345", " 322601.248093296", " 298924.662388625", " 251150.956700006", " 160784.492624471", "89.6255976018048", " 52.9001494628504", " 49.7924222914512", " 63.3708902013573", " 89.3791837692209", " 140.094937365819", "1.152", " 0.698", " 0.654", " 0.779", " 1.079", " 0.538", " 1.562", "0.20", " -0.52", " -0.61", " -0.36", " 0.11", " -0.89", " 0.64", "0.999124163368899", " 0.999984073164803", " 0.998962072617457", " 0.99937562305292", " 0.99997732025208", " 0.979754809713485", " 0.998566713189814", "1", " 1", " 0.99999999999978", " 1", " 1", " 1", " 1", "6.1", "5.9", " 5.9", " 1.9", " 5.8", " 5.5", " 4.5", " 5.5", " 5.9", " 5.2", " 5.8", " 5.9", " 5.5", " 5.9", " 5.9", " 5.5", " 2.3", " 5.5", " 5.9", " 4.9", " 5.9", " 4.5", " 5.9", " 5.3", " 4.9", " 3.8", " 5.5", " 6.1", " 4.9", " 5.7", " 4.0", " 4.9", " 5.5", " ", " 5.8", " 2.3"
"144", "", "False", "LPC 16:0", "C24 H50 N O7 P", "No match", " No results", " Invalid mass", " No results", " No match", "92880.18", "541.33906", "540.33178", "9.198", "18455226.0046902", "0", "0", "15", "", "", "86.7", "", "Single match found", " No matches found", "PreferredDDA", "", "[M-H]-1", "5854449.64610964", " 4864889.14868752", " 9976167.04055964", " 11159057.6890562", " 13899148.21486", " 10395953.2043521", "81.6500660764548", " 79.3482634394279", " 36.8747525859311", " 18.3101362833555", " 34.5897869342319", " 69.872922502192", "0.831", " 1.906", " 2.051", " 1.393", " 0.894", " 0.932", " 1.337", "-0.27", " 0.93", " 1.04", " 0.48", " -0.16", " -0.10", " 0.42", "0.99998629082387", " 0.571754272999929", " 0.898413782413041", " 0.995494352932516", " 0.998004609952693", " 0.829188924458481", " 0.848058271703852", "1", " 1", " 0.99999999999978", " 1", " 1", " 1", " 1", "6.2", "5.1", " 5.2", " 4.3", " 3.9", " 4.2", " 3.7", " 4.7", " 2.6", " 2.6", " 3.6", " 4.4", " 4.8", " 5.2", " 4.1", " 4.2", " 4.4", " 5.5", " 5.5", " 6.2", " 5.5", " 5.8", " 5.8", " 5.1", " 5.2", " 5.2", " 4.8", " 5.6", " 3.0", " 4.3", " 3.9", " 4.3", " 4.3", " ", " 2.6", " 4.3"
"1023", "", "False", "", "", "Unused", " No results", " No results", " No results", " No results", "", "552.04051", "551.03323", "1.255", "740603.037223691", "0", "0", "0", "", "", "", "", "No matches found", " No matches found", "PreferredDDA", "", "[M-H]-1", "165325.54988667", " 199710.746138501", " 114019.509495607", " 97399.2222235829", " 92267.0214111152", " 45022.3008318714", "111.561213001029", " 62.205235037613", " 59.9529794368005", " 74.2302282823494", " 104.275306834555", " 170.269048615102", "1.208", " 0.589", " 0.571", " 0.809", " 1.171", " 0.462", " 2.049", "0.27", " -0.76", " -0.81", " -0.31", " 0.23", " -1.11", " 1.04", "0.999962991922664", " 0.999204944117042", " 0.998846146775771", " 0.998946146122711", " 0.99997723794693", " 0.996869471323722", " 0.99998454881767", "1", " 1", " 0.99999999999978", " 1", " 1", " 1", " 1", "5.8", "5.3", " 5.3", " ", " 5.8", " 4.9", " 4.5", " 4.9", " 4.9", " 4.5", " 3.6", " 4.9", " 4.5", " 5.7", " 5.3", " 4.5", " 4.5", " 5.3", " 5.3", " 4.9", " 4.9", " 1.5", " 5.2", " 4.9", " 2.3", " 2.3", " 5.3", " 5.5", " 4.5", " 1.9", " 4.5", " 5.7", " 4.9", " ", " 5.4", " "
"780", "", "False", "DG(13:0/18:1(9Z)/0:0)[iso2]", "C34 H64 O5", "Full match", " No results", " No results", " No results", " Full match", "0.12", "552.47544", "551.46817", "13.217", "6067277.84891529", "0", "0", "0", "", "", "", "", "Multiple matches found", " No matches found", "PreferredDDA", "", "[M-H]-1", "3454513.86033", " 3374134.02479159", " 3751829.89852114", " 3723893.67435836", " 4431765.70980642", " 3187771.54120959", "11.1959994685672", " 20.314347445981", " 13.8307521842632", " 9.58927953285775", " 33.0884731467664", " 25.6081168851738", "0.977", " 1.078", " 1.112", " 1.181", " 1.008", " 0.856", " 1.390", "-0.03", " 0.11", " 0.15", " 0.24", " 0.01", " -0.22", " 0.48", "0.998813483796559", " 0.994186801461157", " 0.733407438274222", " 0.99755250561204", " 0.995281823340461", " 0.18057424389932", " 0.0575833301573302", "1", " 1", " 0.99999999999978", " 1", " 1", " 1", " 1", "5.1", "3.1", " 3.1", " 3.5", " 3.8", " 5.0", " 1.7", " 2.8", " 3.2", " 2.4", " 2.1", " 3.7", " 4.2", " ", " 2.7", " 4.2", " 4.6", " 5.1", " 4.7", " 4.0", " 4.7", " ", " 4.7", " 4.3", " 2.7", " 2.9", " 1.9", " 2.6", " 2.8", " 2.4", " 3.6", " 2.8", " 3.2", " 2.8", " 4.0", " 2.1"
"159","","False","PE(0:0/24:6(6Z,9Z,12Z,15Z,18Z,21Z))","C29 H48 N O7 P","Full match"," No results"," No results"," No results"," Full match","-0.35","553.31664","552.30937","7.142","11110614.8049497","0","0","0","","","","","Multiple matches found"," No matches found","PreferredDDA","","[M-H]-1","316916.924267474"," 1670852.51195927"," 5166680.00185214"," 3274697.01369427"," 2642330.66803543"," 3218882.28987901","162.92020027732"," 74.1831286026027"," 50.5437668798309"," 52.1647262308708"," 29.3728346156282"," 73.7913945477111","5.272"," 10.333"," 3.092"," 0.511"," 1.578"," 0.983"," 0.821","2.40"," 3.37"," 1.63"," -0.97"," 0.66"," -0.02"," -0.28","0.811530979205044"," 0.0148815591759582"," 0.114472532402368"," 0.912125072613503"," 0.992577032087814"," 0.940885140556054"," 0.999918592858767","1"," 0.0895183021199949"," 0.99999999999978"," 1"," 1"," 1"," 1","5.5","3.0"," "," 0.0"," "," "," 2.6"," 2.0"," "," 2.6"," 4.1"," 5.5"," 4.7"," 4.7"," 4.3"," 3.7"," 3.7"," 3.3"," 4.1"," 4.1"," 4.3"," 4.7"," 4.1"," 2.2"," 3.6"," 4.7"," 3.6"," 4.0"," 3.0"," 3.7"," 3.3"," 3.9"," 4.5"," 0.6"," 2.9"," 4.1"
"1083", "", "False", "DG(12:0/19:0/0:0)[iso2]", "C34 H66 O5", "Not the top hit", " No results", " No results", " No results", " Full match", "0.65", "554.49138", "553.48411", "14.159", "3282560.25287273", "0", "0", "0", "", "", "", "", "Multiple matches found", " No matches found", "PreferredDDA", "", "[M-H]-1", "2139270.18526041", " 2281616.5035351", " 2339189.35353245", " 2379644.43300769", " 2410119.76644072", " 2359745.78005076", "6.2894549060814", " 22.0960747638052", " 14.9349614785897", " 6.29619939526075", " 8.17635343834938", " 45.9618788882094", "1.067", " 1.112", " 1.025", " 1.030", " 0.983", " 0.992", " 1.021", "0.09", " 0.15", " 0.04", " 0.04", " -0.02", " -0.01", " 0.03", "0.998485116453004", " 0.998498416029642", " 0.99999999999978", " 0.999999984882396", " 0.999999984135199", " 0.46183951993151", " 0.588533487076508", "1", " 1", " 0.99999999999978", " 1", " 1", " 1", " 1", "5.1", "3.6", " 4.7", " 4.7", " 4.0", " 4.3", " 2.8", " 2.8", " 3.2", " 3.2", " 2.8", " 3.1", " 4.6", " 4.2", " 3.8", " 4.2", " 3.5", " 4.0", " 4.3", " 4.3", " 5.1", " 4.7", " 4.7", " 4.3", " 4.7", " 4.3", " 4.7", " 4.7", " 1.1", " 1.8", " 1.8", " 2.6", " 2.2", " 2.2", " 0.8", " 1.5"
"325", "", "False", "PC 8:0_8:0", "C24 H48 N O8 P", "No match", " No results", " Invalid mass", " No match", " No results", "90319.50", "555.31254", "554.30526", "7.751", "4987261.50553259", "1", "0", "1", "", "", "0.2", "", "No matches found", " No matches found", "PreferredDDA", "", "[M-H]-1", "387134.391376409", " 712050.593404045", " 2088353.20994624", " 2292925.17915722", " 2766772.77920604", " 2930813.07824642", "132.709928996156", " 56.961644876065", " 43.520129886908", " 24.1570676256768", " 39.7959223312001", " 59.1792845819099", "1.839", " 5.923", " 2.933", " 1.325", " 0.911", " 1.278", " 0.944", "0.88", " 2.57", " 1.55", " 0.41", " -0.13", " 0.35", " -0.08", "0.992140950598007", " 0.209891647883343", " 0.192211848915225", " 0.978016164460084", " 0.995263527885452", " 0.997119286521648", " 0.982580854638652", "1", " 0.626470491010589", " 0.99999999999978", " 1", " 1", " 1", " 1", "5.4", "4.1", " ", " 0.6", " ", " 0.2", " 1.0", " 1.2", " ", " 0.8", " 1.2", " 3.0", " 2.2", " 2.6", " 1.4", " 0.8", " 1.6", " ", " 5.1", " 3.2", " 2.8", " 3.6", " 4.0", " 3.6", " 3.8", " 5.4", " 2.7", " 2.7", " 3.0", " 4.3", " 2.2", " 3.3", " 2.6", " 0.4", " 2.3", " 1.1"
"83", "", "False", "LPC 16:0", "C24 H50 N O7 P", "No match", " No results", " Invalid mass", " No results", " No match", "121180.42", "555.35709", "554.34981", "9.169", "29000851.489036", "0", "0", "17", "", "", "83.9", "", "Single match found", " No matches found", "PreferredDDA", "", "[M-H]-1", "7445593.93986986", " 5674342.0486203", " 9835539.08538705", " 9636384.79049863", " 15327216.370995", " 13114040.4309542", "81.7508538022278", " 68.6238555944116", " 49.6561794696855", " 33.7676033709849", " 40.9000373270414", " 76.1085734115447", "0.762", " 1.294", " 1.733", " 1.558", " 1.021", " 1.361", " 1.169", "-0.39", " 0.37", " 0.79", " 0.64", " 0.03", " 0.44", " 0.22", "0.999627347749256", " 0.952014037990293", " 0.93141868718528", " 0.979847094624206", " 0.999912015134768", " 0.999180693633011", " 0.957629932859779", "1", " 1", " 0.99999999999978", " 1", " 1", " 1", " 1", "5.6", "4.3", " 2.0", " 3.0", " 3.9", " 3.9", " 3.9", " 2.4", " 3.0", " 3.0", " 3.6", " 3.6", " 4.3", " 3.3", " 4.3", " 3.0", " 3.6", " 4.4", " 3.7", " 5.6", " 4.4", " 5.6", " 4.1", " 2.6", " 4.7", " 3.9", " 5.1", " 3.9", " 2.8", " 4.7", " 4.3", " 4.7", " 4.7", " 2.0", " ", " 4.3"
"118", "", "False", "LPC 18:2", "C26 H50 N O7 P", "No match", " No results", " Invalid mass", " No results", " No results", "88592.51", "565.34146", "564.33418", "7.779", "36232365.0394159", "0", "0", "4", "", "", "81.7", "", "No matches found", " No matches found", "PreferredDDA", "", "[M-H]-1", "2692963.63829258", " 4887365.14812371", " 11013588.8436996", " 10063196.7173584", " 14306058.1741118", " 15782564.804655", "128.339116427176", " 64.6534430525244", " 40.413070718488", " 29.8315765703691", " 39.8139766960855", " 71.2209096935087", "1.815", " 3.737", " 2.253", " 1.299", " 1.094", " 1.568", " 0.906", "0.86", " 1.90", " 1.17", " 0.38", " 0.13", " 0.65", " -0.14", "0.995144845018183", " 0.443162518152938", " 0.162084926089314", " 0.997525584820853", " 0.999985644551115", " 0.999719879712534", " 0.998969227833562", "1", " 1", " 0.99999999999978", " 1", " 1", " 1", " 1", "6.1", "4.7", " 4.7", " 3.0", " 0.2", " 3.0", " 2.6", " 5.1", " 0.0", " 4.1", " 3.9", " 4.7", " 4.3", " 4.7", " 4.7", " 4.1", " 4.7", " 6.1", " 6.1", " 4.2", " 5.7", " 5.7", " 5.3", " 5.7", " 5.2", " 6.0", " 4.8", " 5.6", " 4.7", " 5.5", " 4.7", " 5.5", " 4.3", " 1.2", " 4.3", " 5.5"
"17", "", "False", "", "", "Unused", " No results", " No results", " No results", " No results", "", "565.35450", "564.34722", "13.935", "64410096.7630951", "0", "0", "0", "", "", "", "", "No matches found", " No matches found", "PreferredDDA", "", "[M-H]-1", "6888178.28837914", " 18011045.1249863", " 28575602.7672631", " 34715157.4742725", " 19372948.8187681", " 36369976.0997158", "114.979129187732", " 93.5630635174609", " 51.8965951095545", " 50.6894517543598", " 51.5835365027757", " 28.0936120194982", "2.615", " 5.040", " 1.587", " 0.678", " 0.823", " 1.048", " 0.533", "1.39", " 2.33", " 0.67", " -0.56", " -0.28", " 0.07", " -0.91", "0.9999967560541", " 0.55904548879238", " 0.872079008574806", " 0.99999993800655", " 0.982614343254531", " 0.990430461558732", " 0.889693074775354", "1", " 1", " 0.99999999999978", " 1", " 1", " 1", " 1", "7.6", "6.6", " 5.1", " 6.6", " 5.8", " 6.0", " 6.2", " 5.8", " 3.0", " 5.8", " 3.3", " 6.6", " 5.8", " 5.1", " 4.3", " 5.5", " 5.1", " 5.1", " 6.2", " 4.7", " 5.5", " 6.6", " 6.2", " 5.1", " 5.8", " 6.6", " 6.6", " 6.2", " 6.8", " 7.6", " 6.8", " 7.2", " 6.8", " 6.1", " 7.6", " 7.2"
"367", "", "False", "", "", "Unused", " No results", " No results", " No results", " No results", "", "565.35498", "564.34771", "9.556", "10021784.7439327", "0", "0", "0", "", "", "", "", "No matches found", " No matches found", "PreferredDDA", "", "[M-H]-1", "1314895.14011161", " 915953.550616148", " 4651561.49466306", " 1052383.99408817", " 2810036.41201521", " 1321097.66842698", "101.45878101212", " 104.905628477031", " 77.8408403593886", " 111.744876124097", " 103.862128037253", " 79.1244173699258", "0.697", " 0.800", " 5.078", " 0.604", " 4.420", " 1.255", " 2.127", "-0.52", " -0.32", " 2.34", " -0.73", " 2.14", " 0.33", " 1.09", "0.975862135629", " 0.998370562888963", " 0.425377598341191", " 0.989725076018147", " 0.569177850962834", " 0.999994720415497", " 0.922345682690761", "1", " 1", " 0.99999999999978", " 1", " 1", " 1", " 1", "5.8", "2.8", " 1.1", " 5.4", " 0.8", " ", " 5.0", " 4.6", " 0.4", " 3.1", " 1.8", " 3.7", " 1.8", " 2.8", " 2.4", " 3.5", " 3.6", " 3.5", " 4.4", " 3.2", " 2.9", " 3.5", " 1.6", " 3.9", " 0.6", " 3.9", " 5.8", " 3.2", " 4.6", " 5.0", " 5.4", " 1.9", " 1.8", " 5.5", " 5.2", " 2.6"
"783", "", "False", "", "", "Unused", " No results", " No results", " No results", " No results", "", "572.12194", "571.11467", "10.715", "794485.708475118", "0", "0", "0", "", "", "", "", "No matches found", " No matches found", "PreferredDDA", "", "[M-H]-1", "372104.715106865", " 370354.241701826", " 278134.004344299", " 405778.207839788", " 441025.428969997", " 451036.214591656", "64.075055898371", " 33.6387927475203", " 48.0757753979336", " 45.2015261303108", " 45.8716484962896", " 51.551542908482", "0.995", " 1.090", " 0.751", " 1.586", " 0.685", " 1.112", " 0.978", "-0.01", " 0.12", " -0.41", " 0.67", " -0.54", " 0.15", " -0.03", "0.999856682548871", " 0.999587882284046", " 0.797987881171911", " 0.617467758761346", " 0.712004860133242", " 0.999998486703528", " 0.999707170222723", "1", " 1", " 0.99999999999978", " 1", " 1", " 1", " 1", "5.2", "4.8", " 0.6", " 2.3", " ", " ", " 2.8", " 2.6", " 1.9", " 3.4", " 2.6", " ", " ", " 1.4", " 1.4", " 3.6", " ", " 3.6", " 2.1", " ", " ", " 0.6", " 2.1", " ", " 2.3", " 1.4", " 4.2", " 2.1", " ", " 0.8", " 3.9", " 5.2", " 2.9", " 2.1", " 2.5", " "
"823", "", "False", "", "", "Unused", " No results", " No results", " No results", " No results", "", "578.53066", "577.52338", "15.080", "1004309.20082949", "0", "0", "0", "", "", "", "", "No matches found", " No matches found", "PreferredDDA", "", "[M-H]-1", "708995.538694193", " 700901.257338369", " 743705.196715905", " 732585.45170431", " 803514.742425734", " 775967.350051482", "14.1260122474702", " 12.6170441084645", " 15.9161929838032", " 4.55904127740768", " 10.1492118858453", " 7.28971441351477", "0.989", " 1.033", " 1.061", " 1.080", " 1.015", " 1.059", " 1.036", "-0.02", " 0.05", " 0.09", " 0.11", " 0.02", " 0.08", " 0.05", "0.999947926470572", " 0.998138730560981", " 0.5586506220966", " 0.998630003639994", " 0.856214783715698", " 0.878199057601935", " 0.994333380788199", "1", " 1", " 0.99999999999978", " 1", " 1", " 1", " 1", "6.8", "4.0", " 4.7", " 2.9", " 3.8", " 5.3", " 3.4", " 4.0", " 3.6", " 4.0", " 5.9", " 2.3", " 2.7", " 3.9", " 2.7", " 2.7", " 5.4", " 6.1", " 4.2", " 4.6", " 5.8", " 4.2", " 4.6", " 4.6", " 2.9", " 5.1", " 2.9", " 2.5", " 6.0", " 3.4", " 4.9", " 4.5", " 3.4", " 4.5", " 3.4", " 6.8"
"48", "", "False", "LPC 18:2", "C26 H50 N O7 P", "Invalid mass", " No results", " Invalid mass", " No results", " No results", "115579.53", "579.35670", "578.34942", "7.793", "46233652.6542614", "0", "0", "5", "", "", "76.5", "", "No matches found", " No matches found", "PreferredDDA", "", "[M-H]-1", "3054159.00050633", " 5609970.01689512", " 14614256.3557898", " 13769575.0321271", " 17057594.5827413", " 18991784.5023909", "74.1739400275069", " 60.2343703047686", " 51.0466865512462", " 24.3485205062562", " 33.2014236399981", " 70.8006050841638", "1.837", " 4.508", " 2.605", " 1.167", " 1.061", " 1.379", " 0.898", "0.88", " 2.17", " 1.38", " 0.22", " 0.09", " 0.46", " -0.15", "0.999612630405948", " 0.101517175697519", " 0.100530235693567", " 0.969379169867266", " 0.999871705001923", " 0.999997893771389", " 0.995441500006228", "1", " 0.370964632689065", " 0.982683053904618", " 1", " 1", " 1", " 1", "6.8", "2.8", " 5.1", " 3.3", " 1.6", " 3.0", " 4.1", " 3.9", " ", " 4.7", " 2.8", " 3.9", " 5.1", " 5.1", " 4.3", " 3.9", " 5.1", " 6.1", " 6.1", " 5.7", " 6.8", " 5.7", " 5.7", " 5.7", " 3.3", " 6.0", " 4.1", " 5.2", " 3.9", " 5.5", " 4.7", " 4.7", " 5.1", " 3.7", " 4.7", " 5.1"
"235", "", "False", "LPC 18:2", "C26 H50 N O7 P", "No match", " No results", " Invalid mass", " No results", " No results", "115579.75", "579.35681", "578.34953", "7.243", "6984354.81249912", "0", "0", "5", "", "", "49.5", "", "No matches found", " No matches found", "PreferredDDA", "", "[M-H]-1", "676248.499803065", " 820297.226244636", " 2167225.57592934", " 2819719.67479054", " 2205187.07505533", " 2338027.00878428", "108.796828608295", " 97.764601331001", " 56.4005202796219", " 55.4859461963223", " 23.4886322734701", " 75.6881239470173", "1.213", " 4.170", " 2.642", " 1.018", " 0.769", " 0.829", " 0.943", "0.28", " 2.06", " 1.40", " 0.03", " -0.38", " -0.27", " -0.08", "0.999873987776783", " 0.0903946350836146", " 0.374863067274084", " 0.999999999995434", " 0.996272754407812", " 0.989367635161535", " 0.999999411072501", "1", " 0.333436814317861", " 0.99999999999978", " 1", " 1", " 1", " 1", "4.3", "2.6", " 1.6", " 1.6", " ", " 0.6", " 0.8", " 2.2", " ", " 2.0", " 3.7", " 1.4", " 2.6", " 1.8", " 4.3", " 1.6", " 2.2", " 0.8", " 3.0", " 3.3", " 3.2", " 4.1", " 1.8", " 3.3", " 4.0", " 4.3", " 4.0", " 3.6", " ", " 2.2", " 2.0", " 3.6", " 4.1", " 1.4", " 1.6", " 2.2"
"231", "", "False", "LPC 18:1", "C26 H52 N O7 P", "No match", " No results", " Invalid mass", " No results", " No results", "115132.40", "581.37220", "580.36492", "9.619", "12870360.5889011", "0", "0", "12", "", "", "79.4", "", "No matches found", " No matches found", "PreferredDDA", "", "[M-H]-1", "1543366.71340858", " 2836379.08199831", " 6050884.67463949", " 6234442.6594481", " 7816248.26350425", " 3653855.32324324", "70.6215445554206", " 62.0036722077137", " 60.2267547529024", " 34.844258462352", " 48.7798984264985", " 83.8105919818493", "1.838", " 4.040", " 2.133", " 1.292", " 0.971", " 0.586", " 2.139", "0.88", " 2.01", " 1.09", " 0.37", " -0.04", " -0.77", " 1.10", "0.960495454082646", " 0.0386958826145981", " 0.53227801192456", " 0.999691594679429", " 0.994899387101049", " 0.458685919197897", " 0.734822022814423", "1", " 0.17193284207168", " 0.99999999999978", " 1", " 1", " 1", " 1", "4.4", "3.7", " 3.0", " 0.8", " 0.8", " 0.6", " 2.6", " 2.6", " ", " 2.6", " 2.6", " 2.8", " 1.6", " 3.6", " 3.6", " 2.6", " 3.6", " 3.1", " 3.3", " 4.1", " 2.9", " 4.4", " 3.3", " 3.3", " 3.3", " 3.6", " 3.6", " 2.8", " 2.2", " 3.6", " 2.6", " 3.9", " 1.4", " ", " ", " 4.1"
"31", "", "False", "FAHFA 18:2/20:4", "C38 H62 O4", "Not the top hit", " No results", " Full match", " No results", " No results", "-0.04", "582.46479", "581.45751", "11.275", "23800111.2406175", "0", "0", "2", "", "", "72.9", "", "No matches found", " No matches found", "PreferredDDA", "", "[M-H]-1", "5492565.13626768", " 6254635.92635485", " 10916982.1931598", " 14859034.5727684", " 2648240.932402", " 8967914.51531284", "69.7311456660476", " 37.3722989219407", " 29.0982422878347", " 38.8471803826911", " 32.1557345647621", " 48.8251716096945", "1.139", " 2.705", " 1.745", " 0.243", " 0.735", " 0.604", " 0.295", "0.19", " 1.44", " 0.80", " -2.04", " -0.44", " -0.73", " -1.76", "0.693527344242431", " 0.0072722052629739", " 0.610097235457899", " 0.0126512276345845", " 0.985114754215938", " 0.67270259199539", " 0.0387854059911368", "1", " 0.051562650386756", " 0.99999999999978", " 0.154582187660079", " 1", " 1", " 1", "7.2", "7.0", " 5.1", " 3.6", " 5.5", " ", " 3.8", " 4.1", " 5.7", " 5.2", " 5.2", " 5.7", " 6.5", " 6.8", " 7.2", " 6.5", " 6.1", " 4.1", " 6.7", " 4.1", " 5.6", " 4.8", " 6.7", " 3.7", " 1.9", " 3.8", " 4.4", " 3.8", " 6.2", " 6.2", " 5.2", " 4.7", " 5.8", " 7.0", " 5.5", " 6.2"
"879", "", "False", "", "", "Unused", " No results", " No results", " No results", " No results", "", "582.52541", "581.51813", "14.852", "2219793.78731727", "0", "0", "0", "", "", "", "", "No matches found", " No matches found", "PreferredDDA", "", "[M-H]-1", "1230190.66961458", " 1430856.06470346", " 1175805.73157308", " 1566517.7042628", " 1542482.51714957", " 1441568.45050727", "13.7938586115957", " 12.6731157631454", " 41.1383373392839", " 15.3503287965801", " 24.1165630639578", " 11.1017186875647", "1.163", " 1.273", " 0.822", " 1.312", " 0.751", " 0.920", " 1.070", "0.22", " 0.35", " -0.28", " 0.39", " -0.41", " -0.12", " 0.10", "0.995276838644443", " 0.914973187253565", " 0.941104676108896", " 0.903054109644636", " 0.693160102544285", " 0.999999984246579", " 0.999787896016925", "1", " 1", " 0.99999999999978", " 1", " 1", " 1", " 1", "4.7", "3.6", " 4.0", " 2.9", " 3.6", " 2.9", " 4.0", " 4.2", " 4.7", " 4.4", " 3.2", " 1.2", " 2.6", " 2.0", " 2.3", " 2.0", " 3.0", " 2.7", " 2.7", " 3.7", " 2.2", " 3.7", " 3.5", " 3.5", " 3.0", " 3.2", " 3.0", " 1.8", " 2.9", " 3.8", " 2.9", " 3.6", " 3.2", " 4.0", " 4.0", " 3.8"
"242", "", "False", "", "", "Unused", " No results", " No results", " No results", " No results", "", "584.50413", "583.49685", "10.825", "3144652.03099332", "0", "0", "0", "", "", "", "", "No matches found", " No matches found", "PreferredDDA", "", "[M-H]-1", "786290.854425032", " 623923.628537672", " 1237855.09232076", " 2006510.95513954", " 481107.307223512", " 732907.252077312", "58.5786934563619", " 56.0183278118113", " 17.7646867449009", " 48.7512513925791", " 11.763317834797", " 65.2513271779636", "0.794", " 2.552", " 1.984", " 0.389", " 0.617", " 0.365", " 0.656", "-0.33", " 1.35", " 0.99", " -1.36", " -0.70", " -1.45", " -0.61", "0.996144219528369", " 0.0334022985564002", " 0.520898473181995", " 0.306866232001547", " 0.930543193688176", " 0.0613106409015933", " 0.990714239138696", "1", " 0.156266875958191", " 0.99999999999978", " 1", " 1", " 0.461008857548519", " 1", "6.4", "4.2", " 2.0", " ", " 2.3", " 3.3", " 0.8", " 3.9", " 3.6", " ", " 1.2", " 4.2", " 5.8", " 3.9", " 4.2", " 5.8", " 5.0", " 2.7", " 5.4", " 1.1", " 4.1", " 3.0", " 6.0", " 4.1", " 5.7", " 4.1", " 5.7", " 5.3", " 2.9", " 0.4", " 4.9", " 1.6", " 2.1", " 6.4", " 3.5", " 4.2"
"37", "", "False", "FAHFA 18:1/20:3", "C38 H66 O4", "Full match", " No results", " Full match", " No results", " No match", "-0.12", "586.49604", "585.48876", "12.587", "17528300.962058", "0", "0", "2", "", "", "74.6", "", "No matches found", " Single match found", "PreferredDDA", "Fatty_Acid_20:4", "[M-H]-1", "3192911.95177903", " 5997653.59677406", " 11260233.0012514", " 9671979.94316117", " 3076668.53820991", " 6203268.62342452", "59.040021169416", " 39.577751078759", " 25.0210765266464", " 41.9162641672001", " 24.3893462378589", " 55.5747303761473", "1.878", " 3.029", " 1.877", " 0.273", " 1.164", " 0.641", " 0.496", "0.91", " 1.60", " 0.91", " -1.87", " 0.22", " -0.64", " -1.01", "0.265177382104824", " 0.007993056219467", " 0.275285550671424", " 0.0283466641203087", " 0.948443085003651", " 0.711337670425701", " 0.686523886503948", "1", " 0.0538842238243379", " 0.99999999999978", " 0.274553583820656", " 1", " 1", " 1", "7.0", "6.4", " 4.8", " ", " 5.6", " 6.4", " 6.5", " 4.8", " 4.6", " 6.3", " 4.4", " 6.8", " 5.3", " 6.5", " 4.9", " 6.8", " 6.1", " 7.0", " 4.3", " 5.5", " 4.3", " 5.5", " 3.2", " 2.4", " 7.0", " 5.5", " 4.7", " 6.6", " 3.7", " 3.3", " 4.2", " 3.2", " 5.1", " 6.6", " 5.1", " 5.8"
"200", "", "False", "LPC 20:4", "C28 H50 N O7 P", "No match", " No results", " Invalid mass", " No results", " No results", "84678.36", "589.34099", "588.33372", "7.444", "13040619.4621879", "0", "0", "4", "", "", "68.4", "", "No matches found", " No matches found", "PreferredDDA", "", "[M-H]-1", "464039.536213736", " 1803031.73364149", " 6073911.93628841", " 4446590.70179257", " 2777961.99036594", " 4756438.2131206", "135.777773072538", " 62.6440099095703", " 54.0179280247955", " 45.1571215793208", " 54.9216202116982", " 78.0543620831456", "3.886", " 9.582", " 3.369", " 0.457", " 1.366", " 1.070", " 0.584", "1.96", " 3.26", " 1.75", " -1.13", " 0.45", " 0.10", " -0.78", "0.999336054410832", " 0.0228797034124006", " 0.0403651087103802", " 0.86200790760982", " 0.999865120988671", " 0.947526728075774", " 0.999903694450123", "1", " 0.117710053082219", " 0.563669910919953", " 1", " 1", " 1", " 1", "6.2", "6.2", " 3.9", " 0.2", " ", " 0.6", " 1.6", " 2.6", " ", " 3.7", " 3.7", " 3.7", " 5.5", " 4.7", " 5.5", " 4.8", " 4.8", " 3.7", " 4.8", " 5.1", " 5.5", " 5.5", " 4.1", " 4.1", " 3.3", " 4.7", " 5.0", " 3.7", " 4.5", " 5.1", " 3.0", " 4.3", " 5.5", " 1.4", " 3.7", " 5.5"
"237", "", "False", "FAHFA 18:0/20:2", "C38 H70 O4", "Not the top hit", " No results", " Full match", " Partial match", " No results", "0.09", "590.52746", "589.52019", "13.925", "2774291.59075282", "1", "0", "1", "", "", "63.8", "", "No matches found", " No matches found", "PreferredDDA", "", "[M-H]-1", "1161131.49220596", " 1023502.85710021", " 1838335.94807861", " 1512549.26839468", " 835369.828795383", " 1155129.01033206", "39.1660449062903", " 17.9484182093421", " 31.9417965426401", " 28.3038522277063", " 33.0789318279899", " 49.2841982149902", "0.881", " 1.303", " 1.796", " 0.454", " 1.215", " 0.764", " 0.723", "-0.18", " 0.38", " 0.84", " -1.14", " 0.28", " -0.39", " -0.47", "0.975297394021981", " 0.13738711768657", " 0.364464654822033", " 0.0100507894843946", " 0.999530645388092", " 0.619973966276714", " 0.226855217481083", "1", " 0.471213710661831", " 0.99999999999978", " 0.130453129605146", " 1", " 1", " 1", "7.4", "2.1", " 2.1", " ", " 3.2", " 2.5", " 5.0", " 5.8", " 4.2", " 4.2", " 4.6", " 3.2", " 3.8", " 4.0", " 4.6", " 1.9", " 3.2", " 5.1", " 5.3", " 4.9", " 7.4", " 4.3", " 3.7", " 2.2", " 1.0", " 2.5", " 3.8", " 2.5", " 2.3", " 4.2", " 0.5", " 0.8", " 1.6", " 4.1", " 4.1", " 0.5"
"402", "", "False", "", "", "Unused", " No results", " No results", " No results", " No results", "", "591.99827", "590.99099", "1.260", "937290.199135318", "0", "0", "0", "", "", "", "", "No matches found", " No matches found", "PreferredDDA", "", "[M-H]-1", "370550.058952256", " 327370.14081005", " 261932.095248414", " 220999.019672116", " 219556.540850404", " 154210.958832352", "73.1016664146273", " 46.2843861766647", " 41.4165364820644", " 56.875331700142", " 77.3994393687092", " 117.772521155144", "0.883", " 0.596", " 0.800", " 0.838", " 1.185", " 0.698", " 1.424", "-0.18", " -0.75", " -0.32", " -0.25", " 0.25", " -0.52", " 0.51", "0.990555525247635", " 0.999989919404534", " 0.999754414799563", " 0.999883465113535", " 0.999916493157704", " 0.994443063740913", " 0.998544771808661", "1", " 1", " 0.99999999999978", " 1", " 1", " 1", " 1", "5.9", "5.5", " 5.5", " ", " 4.2", " 4.9", " 4.9", " 5.2", " 4.0", " 5.3", " 4.0", " 5.5", " 5.5", " 5.9", " 5.5", " 4.9", " 4.5", " 5.2", " 4.9", " 4.9", " 5.5", " 4.5", " 5.2", " 4.5", " 4.5", " 4.9", " 5.5", " 5.9", " 4.5", " 4.9", " 4.9", " 4.9", " 4.8", " ", " 5.4", " 4.9"
"873", "", "False", "", "", "Unused", " No results", " No results", " No results", " No results", "", "594.52548", "593.51820", "14.445", "4095616.54539224", "0", "0", "0", "", "", "", "", "No matches found", " No matches found", "PreferredDDA", "", "[M-H]-1", "2860638.03373147", " 3014363.10628872", " 3167139.1892566", " 2974549.03878107", " 3163558.19639207", " 2988816.23185115", "11.1251946233603", " 20.0098181968219", " 15.7973405372138", " 6.310539149071", " 9.66603118200023", " 7.51866418513683", "1.054", " 1.040", " 1.051", " 0.999", " 1.065", " 1.005", " 1.058", "0.08", " 0.06", " 0.07", " 0.00", " 0.09", " 0.01", " 0.08", "0.999991259610264", " 0.868432058335174", " 0.403212380028311", " 0.995691222349862", " 0.971474717519197", " 0.999999989131841", " 0.99999344589072", "1", " 1", " 0.99999999999978", " 1", " 1", " 1", " 1", "4.7", "2.7", " 4.2", " 3.8", " 3.1", " 3.8", " 1.7", " 1.7", " 1.7", " 2.1", " 2.1", " 3.0", " 3.0", " 3.0", " 3.0", " 3.3", " 3.3", " 4.0", " 4.0", " 3.6", " 3.6", " 3.6", " 3.6", " 4.0", " 3.2", " 4.3", " 4.7", " 4.3", " 3.2", " 4.3", " 3.2", " 3.6", " 4.7", " 4.0", " 4.7", " 3.6"
"319", "", "False", "", "", "Unused", " No results", " No results", " No results", " No results", "", "597.34408", "596.33680", "13.630", "2935678.81378159", "0", "0", "0", "", "", "", "", "No matches found", " No matches found", "PreferredDDA", "", "[M-H]-1", "403564.091279462", " 921117.45630876", " 953967.021842764", " 1102122.20537294", " 1313474.63564017", " 1476063.77003884", "95.837948217966", " 70.803298903961", " 63.4860622438695", " 66.1843032601207", " 42.7093681811295", " 17.8006420018101", "2.282", " 2.731", " 1.036", " 1.377", " 0.866", " 1.339", " 0.890", "1.19", " 1.45", " 0.05", " 0.46", " -0.21", " 0.42", " -0.17", "0.999999999999421", " 0.744483066945441", " 0.929810038759255", " 0.997715013076182", " 0.998288879152311", " 0.956885760483447", " 0.988271397442702", "1", " 1", " 0.99999999999978", " 1", " 1", " 1", " 1", "7.1", "0.2", " 5.2", " 4.1", " 3.3", " 0.0", " 5.0", " 1.6", " ", " 3.5", " 2.1", " 5.4", " 5.2", " 1.4", " 0.2", " 4.1", " 3.9", " 4.5", " 3.5", " 2.5", " 4.0", " 4.6", " 5.0", " 5.6", " 2.5", " 6.1", " 5.2", " 1.6", " 6.9", " 5.6", " 7.1", " 6.5", " 5.8", " 6.0", " 6.9", " 6.9"
"1301", "", "False", "", "", "Unused", " No results", " No results", " No results", " No results", "", "602.92268", "601.91540", "1.144", "360424.609538578", "0", "0", "0", "", "", "", "", "No matches found", " No matches found", "PreferredDDA", "", "[M-H]-1", "12884.9549016194", " 11938.080965987", " 14508.7278877466", " 15963.8825199443", " 88802.9956975744", " 20584.1754984112", "133.801657119848", " 184.32083927544", " 8.08572110364173", " 183.102685086241", " 109.236675675682", " 149.587517571202", "0.927", " 1.239", " 1.215", " 6.121", " 0.909", " 1.289", " 4.314", "-0.11", " 0.31", " 0.28", " 2.61", " -0.14", " 0.37", " 2.11", "0.99856420407432", " 0.999797824007761", " 0.954332792932293", " 0.444607852580089", " 0.97259409206322", " 0.967802269422184", " 0.989360747033741", "1", " 1", " 0.99999999999978", " 1", " 1", " 1", " 1", "5.2", "4.2", " ", " ", " ", " ", " 0.0", " ", " 4.8", " ", " ", " ", " ", " ", " ", " ", " ", " 5.2", " ", " ", " ", " ", " ", " ", " ", " ", " 2.7", " 5.2", " ", " ", " ", " ", " ", " 4.8", " 5.2", " "
"110", "", "False", "LPC 20:4", "C28 H50 N O7 P", "No match", " No results", " Invalid mass", " No results", " No results", "110473.65", "603.35641", "602.34914", "7.476", "17757970.9441836", "0", "0", "5", "", "", "64.0", "", "No matches found", " No matches found", "PreferredDDA", "", "[M-H]-1", "693326.269112895", " 2468516.99906454", " 7962020.38776755", " 5948442.65093637", " 6653684.2687846", " 6329074.2925913", "134.071100080958", " 63.1167729938299", " 54.1506302910132", " 55.714886136266", " 22.1789341972702", " 83.5685331565435", "3.560", " 8.580", " 3.225", " 0.836", " 1.339", " 1.064", " 1.051", "1.83", " 3.10", " 1.69", " -0.26", " 0.42", " 0.09", " 0.07", "0.999699592273104", " 0.0528105254202106", " 0.0495660664030828", " 0.998719234274658", " 0.996927671197892", " 0.991335554681312", " 0.995448201462077", "1", " 0.215997320788519", " 0.617424009524951", " 1", " 1", " 1", " 1", "5.9", "5.5", " 3.7", " 2.0", " ", " 1.0", " 2.7", " 4.8", " ", " 3.7", " 4.8", " 4.7", " 5.5", " 5.5", " 5.8", " 4.8", " 5.1", " 3.7", " 5.1", " 5.1", " 5.5", " 4.7", " 4.7", " 2.6", " 5.7", " 5.3", " 5.3", " 5.9", " 4.5", " 5.5", " 3.7", " 4.7", " 5.1", " 1.0", " 4.1", " 5.5"
"370", "", "False", "LPC 20:4", "C28 H50 N O7 P", "No match", " No results", " Invalid mass", " No results", " No results", "110474.77", "603.35702", "602.34974", "7.047", "4013245.23523168", "0", "0", "1", "", "", "43.2", "", "No matches found", " No matches found", "PreferredDDA", "", "[M-H]-1", "171933.895590215", " 386219.019881637", " 1353852.3369073", " 1213936.04759906", " 697100.527764702", " 757599.541592431", "116.197147455785", " 95.7458575292742", " 65.3540886268008", " 78.5105263421831", " 15.8551454224633", " 73.221308460541", "2.246", " 7.060", " 3.505", " 0.515", " 1.115", " 0.624", " 0.920", "1.17", " 2.82", " 1.81", " -0.96", " 0.16", " -0.68", " -0.12", "0.954712354236795", " 0.0170172277899987", " 0.100113688338563", " 0.764367342852924", " 0.999858205987546", " 0.68252152741009", " 0.999999811199109", "1", " 0.0956718013935893", " 0.982683053904618", " 1", " 1", " 1", " 1", "4.6", "3.1", " 0.2", " 0.0", " ", " 1.5", " 0.6", " 2.3", " ", " 1.0", " 1.6", " 3.1", " 3.3", " 2.0", " 4.1", " 0.6", " 1.2", " 0.2", " 1.2", " 1.6", " 3.7", " 3.7", " 1.2", " 2.3", " 4.2", " 4.6", " 4.2", " 2.5", " 1.7", " 1.2", " 0.4", " 3.0", " 3.5", " 0.0", " 1.4", " 2.3"
"298", "", "False", "", "", "Unused", " No results", " No results", " No results", " No results", "", "606.01360", "605.00632", "1.260", "1202939.13195757", "0", "0", "0", "", "", "", "", "No matches found", " No matches found", "PreferredDDA", "", "[M-H]-1", "403018.304794286", " 389011.0035697", " 263045.911220686", " 238313.497738813", " 199547.987655256", " 139588.605356507", "86.518733140201", " 50.3448323800423", " 45.7597805015932", " 67.2234111396029", " 94.5090210606619", " 139.714151876333", "0.965", " 0.591", " 0.676", " 0.759", " 1.104", " 0.586", " 1.430", "-0.05", " -0.76", " -0.56", " -0.40", " 0.14", " -0.77", " 0.52", "0.996427359065664", " 0.999999897948949", " 0.999295683949506", " 0.998803977881167", " 0.999889574058298", " 0.992480825144294", " 0.999701694245028", "1", " 1", " 0.99999999999978", " 1", " 1", " 1", " 1", "6.3", "5.9", " 5.5", " 4.5", " 5.8", " 5.3", " 4.9", " 5.5", " 5.2", " 5.2", " 5.2", " 5.9", " 5.5", " 5.2", " 4.9", " 4.9", " 4.5", " 5.5", " 5.3", " 4.9", " 5.5", " 2.7", " 5.5", " 4.5", " 4.5", " 4.9", " 5.2", " 6.3", " 4.5", " 4.9", " 5.5", " 4.9", " 5.9", " ", " 5.4", " 4.5"
"340", "", "False", "PS 7:0_16:0", "C29 H56 N O10 P", "Full match", " No results", " Full match", " No results", " Partial match", "4.50", "609.36693", "608.35965", "8.690", "5796483.12475784", "0", "0", "1", "", "", "13.0", "", "Single match found", " Multiple matches found", "PreferredDDA", "", "[M-H]-1", "64770.6713670307", " 129343.050578584", " 90109.5273927373", " 81922.4019523036", " 77669.4255163986", " 72398.4469743535", "198.267639189543", " 120.23038643698", " 21.9381863271702", " 11.2801102499463", " 59.6841287876906", " 19.5511576446926", "1.997", " 1.265", " 0.697", " 0.862", " 1.100", " 0.884", " 1.073", "1.00", " 0.34", " -0.52", " -0.21", " 0.14", " -0.18", " 0.10", "0.99991918739849", " 0.537073197237405", " 0.482468228654961", " 0.999991159085759", " 0.999998914211623", " 0.99880568100922", " 0.993007198678726", "1", " 1", " 0.99999999999978", " 1", " 1", " 1", " 1", "5.1", "0.6", " ", " ", " 5.1", " ", " ", " 1.5", " 3.1", " ", " 2.7", " ", " ", " ", " ", " ", " ", " ", " ", " ", " ", " ", " ", " ", " ", " ", " ", " 0.0", " ", " ", " ", " ", " ", " ", " ", " "
"219", "", "False", "", "", "Unused", " No results", " No results", " No results", " No results", "", "610.52290", "609.51563", "10.902", "3038944.38893733", "0", "0", "0", "", "", "", "", "No matches found", " No matches found", "PreferredDDA", "", "[M-H]-1", "91024.0758800824", " 228956.153671786", " 608270.612415043", " 812055.742354312", " 98890.9351956457", " 345008.859690615", "21.6590100896947", " 50.53236304753", " 58.5601573057764", " 106.443232458478", " 62.3871343747028", " 113.716994431795", "2.515", " 8.921", " 2.657", " 0.163", " 0.749", " 0.425", " 0.287", "1.33", " 3.16", " 1.41", " -2.62", " -0.42", " -1.23", " -1.80", "0.537034825096812", " 0.00619129932797147", " 0.551772008982597", " 0.141529029439968", " 0.999378093539292", " 0.668665971795343", " 0.522978215948425", "1", " 0.0465538084084008", " 0.99999999999978", " 0.825938067328767", " 1", " 1", " 1", "5.4", "", " ", " ", " ", " ", " 1.5", " 3.6", " ", " 2.7", " 2.5", " 2.9", " 2.1", " ", " 5.0", " 3.5", " 5.4", " 0.8", " ", " 0.8", " 3.3", " 3.1", " ", " 0.5", " ", " ", " ", " 0.2", " ", " ", " ", " 2.5", " ", " 3.3", " 0.2", " 1.0"
"476", "", "False", "", "", "Unused", " No results", " No results", " No results", " No results", "", "611.36278", "610.35550", "14.942", "1593600.54274998", "0", "0", "0", "", "", "", "", "No matches found", " No matches found", "PreferredDDA", "", "[M-H]-1", "617223.273944379", " 275026.951445722", " 85622.3608293366", " 77325.8219025839", " 205314.775518205", " 82637.9659960693", "81.9273535597927", " 95.939197660219", " 105.132123376259", " 48.9484311064442", " 112.141093856696", " 10.829387293736", "0.446", " 0.125", " 0.311", " 2.398", " 1.107", " 1.069", " 2.485", "-1.17", " -3.00", " -1.68", " 1.26", " 0.15", " 0.10", " 1.31", "0.979555531382806", " 0.0136181651263924", " 0.251006738504025", " 0.851766068721602", " 0.993832153401938", " 0.999996664971071", " 0.47303967919527", "1", " 0.0831984775690533", " 0.99999999999978", " 1", " 1", " 1", " 1", "5.2", "1.7", " 4.2", " ", " 3.5", " 5.2", " 1.5", " 2.7", " 1.0", " ", " 4.2", " ", " ", " ", " ", " 1.4", " ", " 0.8", " ", " ", " ", " ", " ", " ", " ", " ", " 0.2", " 3.5", " 3.5", " ", " ", " ", " ", " ", " 2.8", " "
"170", "", "False", "LPC 22:6", "C30 H50 N O7 P", "No match", " No results", " Invalid mass", " No results", " No results", "81101.16", "613.34381", "612.33654", "7.143", "12034787.31491", "0", "0", "1", "", "", "49.4", "", "No matches found", " No matches found", "PreferredDDA", "", "[M-H]-1", "406045.730443048", " 2022678.26041956", " 4873290.31911099", " 3977711.70338955", " 2935174.39344938", " 3219672.12598539", "127.354245397329", " 65.1573813115655", " 58.286877390135", " 43.8254607493475", " 25.3774335524744", " 74.0466954791111", "4.981", " 9.796", " 2.409", " 0.602", " 1.225", " 0.809", " 0.912", "2.32", " 3.29", " 1.27", " -0.73", " 0.29", " -0.31", " -0.13", "0.935764715604085", " 0.0343631159129125", " 0.173328560222884", " 0.953134077483173", " 0.999333942324424", " 0.835194299370152", " 0.998280862702748", "1", " 0.158070333199398", " 0.99999999999978", " 1", " 1", " 1", " 1", "5.5", "3.7", " 3.1", " 0.0", " ", " 1.4", " 3.3", " 3.3", " ", " 3.7", " 4.5", " 2.6", " 4.3", " 4.7", " 5.5", " 4.5", " 4.8", " 3.0", " 4.5", " 4.1", " 5.1", " 3.9", " 4.5", " 4.1", " 5.1", " 5.5", " 5.1", " 5.5", " 4.5", " 4.8", " 3.0", " 3.9", " 3.7", " 0.6", " 3.6", " 4.5"
"353", "", "False", "", "", "Unused", " No results", " No results", " No results", " No results", "", "620.03184", "619.02456", "1.259", "1003125.38528689", "0", "0", "0", "", "", "", "", "No matches found", " No matches found", "PreferredDDA", "", "[M-H]-1", "268485.111504694", " 290484.687764326", " 185088.516373861", " 179937.771875297", " 148358.297320182", " 79604.4808509377", "100.280880979775", " 63.3747498149795", " 55.1529471981565", " 74.9272625626387", " 103.429792912683", " 156.457423024956", "1.082", " 0.670", " 0.637", " 0.802", " 1.029", " 0.442", " 1.864", "0.11", " -0.58", " -0.65", " -0.32", " 0.04", " -1.18", " 0.90", "0.999816018207346", " 0.999974153389699", " 0.999555195616364", " 0.999703018576627", " 0.999991235351411", " 0.994523141810568", " 0.999776458291089", "1", " 1", " 0.99999999999978", " 1", " 1", " 1", " 1", "6.3", "5.9", " 5.5", " ", " 5.8", " 5.3", " 4.5", " 5.5", " 5.5", " 3.4", " 5.5", " 4.8", " 4.5", " 5.9", " 3.8", " 4.9", " ", " 4.8", " 4.9", " 4.5", " 5.5", " 4.5", " 5.9", " 4.5", " 4.5", " 4.5", " 4.9", " 6.3", " 4.5", " 4.9", " 4.9", " 4.9", " 5.3", " ", " 5.8", " 4.5"
"117", "", "False", "LPC 22:6", "C30 H50 N O7 P", "No match", " No results", " Invalid mass", " No results", " No results", "105805.11", "627.35917", "626.35189", "7.151", "11069761.9475716", "0", "0", "1", "", "", "40.3", "", "No matches found", " No matches found", "PreferredDDA", "", "[M-H]-1", "622849.756148649", " 2919608.11111294", " 6682717.97303721", " 5422225.38128047", " 3795789.83323426", " 4406775.54126009", "121.769383249162", " 64.1965142540643", " 29.892066308626", " 42.5513219899525", " 34.0296242987816", " 72.2771782929752", "4.687", " 8.706", " 2.289", " 0.568", " 1.232", " 0.813", " 0.861", "2.23", " 3.12", " 1.19", " -0.82", " 0.30", " -0.30", " -0.22", "0.974431069681588", " 0.0431434211262688", " 0.202117284100436", " 0.974206727632916", " 0.99999073657413", " 0.931055213323637", " 0.999990873175869", "1", " 0.187434196226345", " 0.99999999999978", " 1", " 1", " 1", " 1", "6.1", "4.7", " 3.3", " 1.0", " ", " 1.0", " 4.5", " 3.3", " ", " 4.5", " 4.1", " 5.7", " 5.3", " 5.7", " 6.1", " 5.9", " 4.9", " 4.1", " 5.5", " 5.1", " 5.5", " 5.8", " 4.8", " 4.3", " 4.2", " 5.6", " 5.4", " 4.6", " 3.7", " 5.1", " 3.7", " 4.7", " 5.1", " 1.0", " 3.7", " 5.1"
"355", "", "False", "LPC 22:6", "C30 H50 N O7 P", "No match", " No results", " Invalid mass", " No results", " No results", "105805.67", "627.35948", "626.35221", "6.772", "4619218.56638599", "0", "0", "1", "", "", "22.1", "", "No matches found", " No matches found", "PreferredDDA", "", "[M-H]-1", "255361.406601762", " 840197.372487439", " 1698782.34986836", " 1361887.86939769", " 654180.421435505", " 738638.124861709", "106.380624309274", " 76.0431381303412", " 66.5212114634095", " 68.0750031990576", " 17.2897321956283", " 61.0245200120693", "3.290", " 5.333", " 2.022", " 0.385", " 1.247", " 0.542", " 0.886", "1.72", " 2.41", " 1.02", " -1.38", " 0.32", " -0.88", " -0.18", "0.767402336431978", " 0.0243148033051618", " 0.282926648959852", " 0.522736480033951", " 0.99938227736134", " 0.59849958119024", " 0.9999832319825", "1", " 0.123468676523614", " 0.99999999999978", " 1", " 1", " 1", " 1", "4.8", "2.3", " 0.6", " 2.5", " ", " ", " 0.6", " 3.7", " ", " 2.0", " 3.1", " 4.8", " 3.7", " 3.5", " 3.7", " 1.6", " 3.3", " 3.9", " 2.3", " 1.6", " 3.7", " 3.0", " 2.0", " 3.3", " 2.1", " 3.1", " 3.5", " 3.3", " 1.4", " 2.3", " 1.4", " 3.7", " 2.0", " 0.2", " 0.6", " 1.6"
"120", "", "False", "", "", "Unused", " No results", " No results", " No results", " No results", "", "630.46741", "629.46013", "10.980", "2981360.47110841", "0", "0", "0", "", "", "", "", "No matches found", " No matches found", "PreferredDDA", "", "[M-H]-1", "74689.2751165936", " 162225.986819003", " 857094.034742498", " 1576969.09237144", " 85521.89740863", " 376454.80510075", "65.6174906840848", " 53.8570926787726", " 48.3845648008919", " 49.0325026121441", " 30.0140980262355", " 58.8750561871493", "2.172", " 21.114", " 5.283", " 0.100", " 0.544", " 0.239", " 0.227", "1.12", " 4.40", " 2.40", " -3.33", " -0.88", " -2.07", " -2.14", "0.780534874486724", " 6.33698875596167E-08", " 0.000603489911111477", " 0.000118191720214988", " 0.377702968687186", " 0.000572781991453719", " 0.0213270375843619", "1", " 1.23888130179051E-05", " 0.0786548517481958", " 0.00522084213404922", " 1", " 0.0106646551742097", " 1", "6.4", "", " 0.4", " ", " 0.4", " ", " ", " 0.0", " ", " 4.5", " ", " 3.5", " 4.2", " 4.0", " 3.5", " 2.9", " 4.6", " 2.7", " 5.4", " 5.4", " 3.0", " 6.0", " 4.0", " 6.4", " ", " ", " 2.4", " ", " 1.7", " 1.5", " ", " 0.6", " 4.4", " 3.9", " 2.9", " 2.7"
"50", "", "False", "", "", "Unused", " No results", " No results", " No results", " No results", "", "640.56856", "639.56128", "12.587", "9936621.77982956", "0", "0", "0", "", "", "", "", "No matches found", " No matches found", "PreferredDDA", "", "[M-H]-1", "3474323.63363127", " 3734903.92818914", " 7542310.74738542", " 7068564.21847348", " 2462299.49375954", " 3929946.33418622", "56.1547474670254", " 48.2292372487528", " 12.4349294166801", " 30.1477298453047", " 24.0038894603469", " 54.8488026741231", "1.075", " 2.035", " 2.019", " 0.326", " 1.067", " 0.556", " 0.627", "0.10", " 1.02", " 1.01", " -1.62", " 0.09", " -0.85", " -0.67", "0.574240991550804", " 0.0188359808613985", " 0.506665737977704", " 0.162881123777881", " 0.99999063532851", " 0.615340313288903", " 0.857377104753504", "1", " 0.100888609819271", " 0.99999999999978", " 0.896993230945794", " 1", " 1", " 1", "8.2", "6.0", " 5.2", " ", " 5.2", " 5.6", " 4.1", " 3.3", " 4.8", " 5.2", " 5.8", " 8.2", " 7.1", " 7.5", " 6.3", " 4.1", " 7.5", " 6.0", " 5.4", " 5.2", " 6.0", " 3.7", " 4.8", " 5.2", " 7.8", " 5.1", " 5.9", " 5.9", " 5.6", " 4.1", " 4.8", " 5.1", " 3.3", " 4.7", " 2.4", " 5.2"
"478", "", "False", "", "", "Unused", " No results", " No results", " No results", " No results", "", "646.14219", "645.13491", "12.150", "1542376.68336901", "0", "0", "0", "", "", "", "", "No matches found", " No matches found", "PreferredDDA", "", "[M-H]-1", "528087.769188098", " 738069.809175729", " 501799.271636811", " 749898.989706843", " 696678.84679121", " 761764.981416029", "65.6183635679339", " 37.8621935217003", " 53.1394104561034", " 48.2130735174527", " 34.0024110000437", " 58.9991563309487", "1.398", " 1.420", " 0.680", " 1.388", " 0.669", " 1.016", " 0.915", "0.48", " 0.51", " -0.56", " 0.47", " -0.58", " 0.02", " -0.13", "1", " 0.999417239760569", " 0.910942541779944", " 0.922060978178172", " 0.696650113888063", " 0.999903531272775", " 0.99999868382185", "1", " 1", " 0.99999999999978", " 1", " 1", " 1", " 1", "5.4", "4.0", " 2.7", " 3.5", " 1.7", " 0.8", " 1.1", " 4.7", " ", " 4.9", " 2.5", " 0.4", " 4.8", " 2.7", " 3.1", " 0.5", " ", " 2.7", " 2.7", " ", " 1.6", " 3.1", " 3.9", " ", " 2.6", " 3.2", " 4.4", " ", " 1.7", " 2.1", " 3.9", " 1.2", " 1.2", " 5.4", " 2.0", " 0.0"
"949", "", "False", "OKODiA-PE", "C31 H54 N O11 P", "No results", " No results", " No results", " No results", " Full match", "4.37", "647.34627", "646.33900", "7.768", "3670090.73850848", "0", "0", "0", "", "", "", "", "Single match found", " No matches found", "PreferredDDA", "", "[M-H]-1", "223304.250958499", " 466661.536258473", " 1084351.86857522", " 1058893.95247627", " 1292501.98741297", " 1396800.12364405", "124.368769856895", " 61.8524409875099", " 39.688922118719", " 20.2535048077327", " 40.6646679629563", " 75.9734111846091", "2.090", " 4.742", " 2.324", " 1.192", " 1.024", " 1.319", " 0.925", "1.06", " 2.25", " 1.22", " 0.25", " 0.03", " 0.40", " -0.11", "0.999422082802702", " 0.223304389261761", " 0.220493040300726", " 0.999151335500143", " 0.999720524039192", " 0.999322476700489", " 0.998420947557396", "1", " 0.651582210457825", " 0.99999999999978", " 1", " 1", " 1", " 1", "4.1", "3.0", " 1.0", " 0.0", " ", " 1.5", " ", " 1.4", " ", " 0.6", " 1.6", " 2.1", " 2.1", " 2.1", " 1.3", " 1.5", " 2.1", " 2.6", " 2.2", " 3.0", " 2.6", " 3.0", " 1.8", " 3.0", " 2.3", " 4.1", " 1.6", " 2.0", " 1.6", " 3.0", " 1.6", " 3.3", " 2.3", " 0.4", " 1.0", " 2.2"
"617", "", "False", "", "", "Unused", " No results", " No results", " No results", " No results", "", "655.38820", "654.38092", "13.784", "1073640.48432499", "0", "0", "0", "", "", "", "", "No matches found", " No matches found", "PreferredDDA", "", "[M-H]-1", "97261.6379453231", " 184928.496069824", " 453748.686143874", " 445354.768490874", " 540754.64389464", " 580202.831915806", "110.608626268587", " 79.8767156697128", " 66.6535811610272", " 62.2156630018712", " 39.36173110655", " 26.8666313877387", "1.901", " 4.579", " 2.454", " 1.192", " 1.019", " 1.303", " 0.932", "0.93", " 2.20", " 1.29", " 0.25", " 0.03", " 0.38", " -0.10", "0.999999083515282", " 0.39360203710935", " 0.790547152994724", " 0.984404657422184", " 0.993292619823922", " 0.948442036668672", " 0.993755447616428", "1", " 1", " 0.99999999999978", " 1", " 1", " 1", " 1", "6.2", "", " 2.9", " 3.9", " ", " ", " 4.0", " 1.4", " ", " ", " ", " 0.6", " 3.9", " ", " 1.1", " 2.9", " 0.6", " 4.2", " ", " ", " 1.5", " 3.3", " 1.4", " 3.5", " 2.0", " 3.2", " 0.7", " 1.1", " 3.4", " 4.1", " 6.2", " 3.9", " 2.4", " 2.8", " 3.1", " 5.4"
"599", "", "False", "", "", "Unused", " No results", " No results", " No results", " No results", "", "659.98750", "658.98022", "1.265", "675208.265710809", "0", "0", "0", "", "", "", "", "No matches found", " No matches found", "PreferredDDA", "", "[M-H]-1", "259764.658505719", " 198176.590187448", " 172174.454240008", " 141332.990095645", " 154271.796139646", " 104093.251029632", "70.9533353284988", " 51.0793389186157", " 41.8826055291588", " 59.5589419784579", " 80.5389442395282", " 117.229082956372", "0.763", " 0.544", " 0.869", " 0.896", " 1.218", " 0.737", " 1.482", "-0.39", " -0.88", " -0.20", " -0.16", " 0.28", " -0.44", " 0.57", "0.997732694928087", " 0.999999222525741", " 0.999714506082069", " 0.999678534344659", " 0.999745724376735", " 0.999999365172482", " 0.999999999861864", "1", " 1", " 0.99999999999978", " 1", " 1", " 1", " 1", "5.5", "5.5", " 5.2", " ", " 3.6", " 2.3", " 4.9", " 4.2", " 4.8", " 3.8", " 5.2", " 4.9", " 4.5", " 5.3", " 4.5", " 4.9", " 4.5", " 4.9", " 4.9", " 4.9", " 4.9", " 4.5", " 5.5", " 4.9", " 4.9", " ", " 5.3", " 5.2", " 2.7", " 4.9", " 4.9", " 2.3", " 5.3", " ", " 5.4", " 4.5"
"707","","False","2-[(2S,3R,3aR,4aS,4bS,6aS,8aR,11aR,15bS,15cR,17aS)-3,4b-Dihydroxy-9,9,11,11,15b,15c-hexamethyl-12-oxo-3,3a,5,6,6a,7,8,8a,9,11,11a,12,15,15b,15c,16,17,17a-octadecahydro-2H,4bH-[2]benzofuro[5,6-e]oxiren;o[4',4a']chromeno[5',6':6,7]indeno[1,2-b]indol-2-yl]-2-propanyl acetate","C39 H51 N O8","Invalid mass"," No results"," No results"," Full match"," No results","-0.04","661.36144","660.35417","7.729","2990484.22560675","1","0","0","","","","","No matches found"," No matches found","PreferredDDA","","[M-H]-1","150577.179495064"," 169241.320926227"," 816110.104499973"," 889329.452444705"," 886010.260537825"," 1256962.85579999","152.169312724599"," 72.2939295959207"," 65.9535311154821"," 39.4567391883609"," 24.4022894039844"," 74.4611996201121","1.124"," 5.906"," 4.822"," 1.086"," 0.918"," 1.413"," 0.705","0.17"," 2.56"," 2.27"," 0.12"," -0.12"," 0.50"," -0.50","0.999819497403591"," 0.122140317107939"," 0.289471442471438"," 0.991425157962677"," 0.978026380046156"," 0.999997637735327"," 0.999999935580872","1"," 0.435557078107999"," 0.99999999999978"," 1"," 1"," 1"," 1","4.1","3.0"," 1.7"," "," "," "," 0.0"," 0.6"," "," "," 0.0"," 1.2"," 1.6"," 1.6"," 2.3"," 0.4"," 0.2"," 1.3"," 2.5"," 1.7"," 2.1"," 2.5"," 0.7"," 1.0"," 2.6"," 3.4"," 3.5"," 1.8"," 1.6"," 4.1"," 1.2"," 3.3"," 2.0"," "," 0.2"," 0.8"
"372", "", "False", "", "", "Unused", " No results", " No results", " No results", " No results", "", "674.00247", "672.99520", "1.260", "1050344.95030081", "0", "0", "0", "", "", "", "", "No matches found", " No matches found", "PreferredDDA", "", "[M-H]-1", "380086.651695519", " 345779.896170765", " 241029.15240081", " 206052.938356469", " 193237.57619182", " 118345.629832284", "82.6997657281563", " 54.8049584922854", " 46.7822066114502", " 67.4277381075946", " 91.0011680017022", " 143.164824398762", "0.910", " 0.542", " 0.697", " 0.802", " 1.170", " 0.574", " 1.633", "-0.14", " -0.88", " -0.52", " -0.32", " 0.23", " -0.80", " 0.71", "0.996187520800669", " 1", " 0.99933252420999", " 0.999698442631067", " 0.999963758693096", " 0.985663669417631", " 0.998193285536233", "1", " 1", " 0.99999999999978", " 1", " 1", " 1", " 1", "5.9", "5.9", " 5.5", " ", " 5.0", " 4.9", " 4.5", " 5.2", " 5.2", " 4.5", " 5.2", " 5.5", " 4.5", " 5.9", " 5.2", " 5.3", " 3.4", " 5.5", " 5.3", " 4.9", " 5.5", " 4.5", " 5.2", " 4.5", " 4.9", " 4.5", " 5.2", " 5.5", " 4.5", " 4.9", " 4.5", " 4.5", " 5.5", " ", " 5.4", " "
"90", "", "False", "", "", "Unused", " No results", " No results", " No results", " No results", "", "678.46957", "677.46230", "10.582", "8093041.54522958", "0", "0", "0", "", "", "", "", "No matches found", " No matches found", "PreferredDDA", "", "[M-H]-1", "73703.4100614494", " 540760.356655039", " 1492952.63523806", " 3150042.1956618", " 65416.2497933113", " 199063.439260292", "105.052590541526", " 67.8342864813422", " 38.4496817289115", " 59.4523981716388", " 21.2133794975249", " 57.4087292765726", "7.337", " 42.739", " 2.761", " 0.044", " 0.474", " 0.063", " 0.329", "2.88", " 5.42", " 1.47", " -4.51", " -1.08", " -3.98", " -1.61", "0.0713972043990966", " 4.23711308261687E-08", " 0.0319088892033774", " 1.45214428393103E-06", " 0.352065549354879", " 5.91702140617656E-08", " 0.245932242782895", "1", " 1.23888130179051E-05", " 0.492279980681043", " 0.000567788415017034", " 1", " 1.15677768490752E-05", " 1", "6.4", "", " 2.9", " ", " 2.5", " ", " 2.3", " 5.8", " ", " 3.1", " 2.9", " 5.7", " 6.3", " 3.2", " 3.8", " 4.7", " 5.1", " 6.4", " 4.8", " 4.1", " 2.8", " 4.3", " 4.6", " 5.5", " ", " ", " ", " ", " 1.5", " ", " ", " ", " ", " 5.2", " 2.9", " 1.9"
"245", "", "False", "", "", "Unused", " No results", " No results", " No results", " No results", "", "688.02127", "687.01399", "1.260", "1343559.62948109", "0", "0", "0", "", "", "", "", "No matches found", " No matches found", "PreferredDDA", "", "[M-H]-1", "391059.235204662", " 366681.564526475", " 209450.616754354", " 194840.822054256", " 181054.154295937", " 97979.5655356887", "100.285239891191", " 63.4129573619594", " 55.4534827711686", " 75.1058079438203", " 104.128010005351", " 162.578167948596", "0.938", " 0.498", " 0.571", " 0.864", " 1.075", " 0.503", " 1.848", "-0.09", " -1.01", " -0.81", " -0.21", " 0.10", " -0.99", " 0.89", "0.999963599910525", " 0.999941984316498", " 0.999638998998865", " 0.999961293180861", " 0.999997983296731", " 0.997334959394997", " 0.999749122421907", "1", " 1", " 0.99999999999978", " 1", " 1", " 1", " 1", "5.9", "5.9", " 4.8", " ", " 5.8", " 5.3", " ", " 5.5", " 5.5", " 4.9", " 5.2", " 5.2", " 4.9", " 5.2", " 5.3", " 5.3", " 4.5", " 5.5", " 4.9", " 5.3", " 5.5", " 4.5", " 5.5", " 4.5", " 2.7", " 4.5", " 5.2", " 5.9", " 4.2", " 4.5", " 4.9", " 4.9", " 5.2", " ", " 5.8", " 4.5"
"1219", "", "False", "", "", "Unused", " No results", " No results", " No results", " No results", "", "696.32488", "695.31760", "9.805", "465062.510527043", "0", "0", "0", "", "", "", "", "No matches found", " No matches found", "PreferredDDA", "", "[M-H]-1", "342105.447945117", " 401525.571951946", " 384286.122084178", " 355049.755854185", " 390357.878549339", " 395464.736072", "11.9262455029717", " 9.49962094409328", " 21.4861380472539", " 28.1778652639358", " 2.87982131940241", " 27.3247380822127", "1.174", " 1.038", " 0.957", " 1.016", " 1.082", " 1.114", " 0.987", "0.23", " 0.05", " -0.06", " 0.02", " 0.11", " 0.16", " -0.02", "0.969839067872878", " 0.999935020589302", " 0.999320612847537", " 0.998098648939174", " 0.976433057683647", " 0.999331567150055", " 0.961064674358255", "1", " 1", " 0.99999999999978", " 1", " 1", " 1", " 1", "6.8", "4.9", " 6.8", " 3.8", " 5.3", " 4.9", " 4.6", " 5.0", " 3.1", " 3.1", " 5.8", " 1.6", " 4.6", " 3.1", " ", " 3.1", " 4.3", " 2.4", " 3.1", " 3.1", " 1.2", " 1.6", " 1.2", " 4.4", " 5.5", " 5.2", " 4.4", " 5.2", " ", " 3.5", " ", " 2.8", " 3.9", " 4.3", " 5.0", " 2.0"
"1275", "", "False", "", "", "Unused", " No results", " No results", " No results", " No results", "", "698.50256", "697.49528", "13.730", "512749.653407781", "0", "0", "0", "", "", "", "", "No matches found", " No matches found", "PreferredDDA", "", "[M-H]-1", "341639.511873303", " 354514.047214101", " 335520.157895259", " 279496.474366237", " 359606.932099701", " 394556.626236959", "35.8270549991793", " 18.8783287898034", " 22.6171872836471", " 24.4148487667988", " 18.3332151470871", " 6.7493072081547", "1.038", " 0.818", " 0.946", " 1.072", " 1.200", " 1.412", " 0.911", "0.05", " -0.29", " -0.08", " 0.10", " 0.26", " 0.50", " -0.13", "0.999947284330041", " 0.897643241920466", " 0.998505836980171", " 0.999997170322555", " 0.499539547936701", " 0.108611822722916", " 0.968444417914295", "1", " 1", " 0.99999999999978", " 1", " 1", " 0.732193494563109", " 1", "6.7", "0.7", " 2.8", " 4.1", " 0.7", " 1.1", " 2.1", " 6.7", " 2.7", " 2.1", " 1.7", " ", " 1.2", " ", " 3.1", " ", " ", " 2.0", " 2.4", " 2.8", " ", " 2.5", " 5.0", " ", " 1.7", " ", " 5.2", " 2.1", " 2.8", " 3.9", " 4.6", " 3.5", " 4.3", " 3.1", " 3.1", " 4.3"
"304", "", "False", "", "", "Unused", " No results", " No results", " No results", " No results", "", "702.03641", "701.02914", "1.260", "1056350.32579665", "0", "0", "0", "", "", "", "", "No matches found", " No matches found", "PreferredDDA", "", "[M-H]-1", "231025.196110849", " 250889.625670816", " 132998.894874918", " 135279.18248195", " 100513.156927835", " 57366.397930857", "114.773011547112", " 64.9396886058702", " 59.2855873882745", " 84.8744045362011", " 111.504031746467", " 185.360221459238", "1.086", " 0.586", " 0.530", " 0.756", " 0.983", " 0.424", " 1.752", "0.12", " -0.77", " -0.92", " -0.40", " -0.02", " -1.24", " 0.81", "0.999961973636534", " 0.997824782327624", " 0.989427995148294", " 0.999963342690434", " 0.999999999990885", " 0.996977771094445", " 0.999946399567653", "1", " 1", " 0.99999999999978", " 1", " 1", " 1", " 1", "5.9", "5.3", " 5.5", " ", " 5.8", " 2.3", " ", " 4.9", " 5.5", " 4.5", " 5.2", " 4.9", " 4.5", " 5.7", " 4.5", " 4.5", " ", " 5.3", " 5.3", " 4.5", " 5.3", " ", " 5.2", " 4.9", " 4.9", " 4.5", " 4.9", " 5.9", " ", " 4.9", " 4.5", " 4.5", " 4.9", " ", " 5.4", " "
"330", "", "False", "", "", "Unused", " No results", " No results", " No results", " No results", "", "720.16269", "719.15541", "13.310", "2113682.06672568", "0", "0", "0", "", "", "", "", "No matches found", " No matches found", "PreferredDDA", "", "[M-H]-1", "964692.253997345", " 1111621.94442279", " 650443.303879254", " 1103024.04746185", " 1094368.28823064", " 1009197.68089531", "71.2919881672977", " 41.7191521854139", " 46.6755918411049", " 51.6146844345101", " 53.1365269010419", " 58.3868800426432", "1.152", " 1.143", " 0.585", " 1.682", " 0.590", " 0.915", " 1.084", "0.20", " 0.19", " -0.77", " 0.75", " -0.76", " -0.13", " 0.12", "0.999993545143569", " 0.999999205404954", " 0.923724923552766", " 0.829146967271628", " 0.91527658987337", " 0.999999912962506", " 0.999493529552583", "1", " 1", " 0.99999999999978", " 1", " 1", " 1", " 1", "6.4", "4.6", " 4.6", " 6.4", " 2.9", " 1.0", " 4.4", " 3.9", " 4.6", " 5.8", " 2.7", " 2.5", " 3.3", " 2.7", " 5.0", " 2.7", " 4.0", " 5.0", " 5.2", " 2.1", " 4.2", " 5.4", " 4.2", " 2.9", " 5.2", " 5.0", " 5.6", " 3.9", " 2.9", " 3.3", " 3.3", " 3.5", " 4.2", " 5.0", " 4.2", " 2.1"
"608", "", "False", "", "", "Unused", " No results", " No results", " No results", " No results", "", "730.19155", "729.18427", "13.310", "941887.571633492", "0", "0", "0", "", "", "", "", "No matches found", " No matches found", "PreferredDDA", "", "[M-H]-1", "391852.352246538", " 466450.378542009", " 241978.294158905", " 424005.903893209", " 392476.125963722", " 366822.360501461", "84.3760539276926", " 50.0356501570008", " 67.5839494115981", " 53.5718118029211", " 66.9921037554181", " 72.7052607500801", "1.190", " 1.082", " 0.519", " 1.622", " 0.571", " 0.865", " 1.070", "0.25", " 0.11", " -0.95", " 0.70", " -0.81", " -0.21", " 0.10", "0.999995711873726", " 0.999961071037221", " 0.956177089005258", " 0.991624861415911", " 0.920065113346858", " 0.99367122631289", " 0.999970500542616", "1", " 1", " 0.99999999999978", " 1", " 1", " 1", " 1", "5.2", "5.2", " 1.4", " 4.6", " 1.5", " 1.5", " 0.8", " 2.9", " 4.0", " 3.3", " 2.5", " 0.4", " 1.5", " 1.4", " 1.4", " 4.8", " ", " 4.0", " 2.3", " ", " 1.7", " 1.4", " 3.3", " 0.4", " ", " 4.4", " 2.3", " 2.1", " ", " 0.4", " 3.9", " 2.5", " 2.9", " 4.0", " 3.3", " "
"657", "", "False", "", "", "No results", " No results", " No results", " No results", " No results", "", "741.99180", "740.98453", "1.267", "573955.406056722", "0", "0", "0", "", "", "", "", "No matches found", " No matches found", "PreferredDDA", "", "[M-H]-1", "198413.681058886", " 190731.435807417", " 113174.376387006", " 93411.0787223503", " 102740.36447628", " 75218.7196953083", "76.3507026322693", " 58.8546008577075", " 48.6724890604722", " 69.1900868301042", " 89.0638289643455", " 133.244673422908", "0.961", " 0.471", " 0.593", " 0.908", " 1.212", " 0.805", " 1.366", "-0.06", " -1.09", " -0.75", " -0.14", " 0.28", " -0.31", " 0.45", "0.998124066979438", " 0.998876896403034", " 0.994678135179007", " 0.999935273272067", " 0.999603812086442", " 0.999999929553449", " 0.99999999998823", "1", " 1", " 0.99999999999978", " 1", " 1", " 1", " 1", "5.2", "4.9", " 4.9", " ", " 4.4", " 4.5", " 1.9", " 3.0", " 4.4", " 4.5", " 4.5", " 4.9", " 4.5", " 4.9", " 2.7", " 4.5", " 4.5", " 3.0", " 4.9", " 4.9", " 3.8", " 4.5", " 4.9", " 4.5", " 4.5", " 4.5", " 4.5", " 5.2", " 4.5", " 4.5", " 2.3", " 4.5", " 4.9", " ", " 5.2", " 4.9"
"421", "", "False", "", "", "Unused", " No results", " No results", " No results", " No results", "", "756.01076", "755.00348", "1.264", "855773.441865488", "0", "0", "0", "", "", "", "", "No matches found", " No matches found", "PreferredDDA", "", "[M-H]-1", "247810.879581263", " 231845.134842082", " 160869.941496947", " 109279.68984173", " 116356.543001475", " 72445.1054136622", "88.0019015984285", " 58.8723455344883", " 52.4612603940857", " 74.2350763499779", " 97.369115268771", " 160.462186788023", "0.936", " 0.441", " 0.694", " 0.723", " 1.472", " 0.663", " 1.606", "-0.10", " -1.18", " -0.53", " -0.47", " 0.56", " -0.59", " 0.68", "0.999930725165474", " 0.997064283341706", " 0.9992924409996", " 0.999009136191139", " 0.999162723961989", " 0.999995600468896", " 0.999999986271998", "1", " 1", " 0.99999999999978", " 1", " 1", " 1", " 1", "5.5", "5.3", " 5.5", " ", " 5.2", " 4.5", " 4.5", " 4.9", " 4.8", " 4.9", " 5.2", " 5.3", " 4.5", " 4.9", " 4.9", " 4.5", " 4.5", " 4.9", " 4.9", " 2.7", " 4.9", " ", " 4.0", " 4.9", " ", " ", " 4.9", " 4.8", " 4.5", " 4.9", " 4.5", " 4.5", " 4.9", " ", " 5.4", " 4.9"
"369", "", "False", "", "", "No results", " No results", " No results", " No results", " No results", "", "770.02620", "769.01892", "1.262", "886552.650584608", "0", "0", "0", "", "", "", "", "No matches found", " No matches found", "PreferredDDA", "", "[M-H]-1", "210752.777340049", " 208274.898678234", " 123139.263423928", " 102314.150590303", " 88878.5408059135", " 48296.6584618444", "104.172071919515", " 68.6649970584097", " 57.333427451698", " 94.023153213578", " 116.884020469789", " 183.624567904881", "0.988", " 0.485", " 0.591", " 0.722", " 1.204", " 0.472", " 1.840", "-0.02", " -1.04", " -0.76", " -0.47", " 0.27", " -1.08", " 0.88", "0.999998583288303", " 0.975454969932801", " 0.999866790055458", " 0.998163394890061", " 0.998557523206376", " 0.999996503225064", " 0.999999999567514", "1", " 1", " 0.99999999999978", " 1", " 1", " 1", " 1", "5.8", "5.3", " 5.5", " ", " 5.8", " 4.9", " ", " 4.9", " 4.9", " 3.0", " 5.5", " 4.9", " ", " 5.3", " 4.9", " 4.9", " ", " 4.9", " 4.9", " ", " 4.5", " ", " 5.2", " ", " ", " 4.5", " 4.9", " 5.5", " ", " 5.3", " 4.9", " 4.9", " 4.5", " ", " 5.8", " "
"500", "", "False", "", "", "No results", " No results", " No results", " No results", " No results", "", "784.04149", "783.03421", "1.269", "615855.190046909", "0", "0", "0", "", "", "", "", "No matches found", " No matches found", "PreferredDDA", "", "[M-H]-1", "73346.3647379493", " 22542.7479039203", " 44524.7129648838", " 55435.2948759711", " 35394.2708520347", " 28960.8079875761", "131.513586083139", " 107.163506796167", " 68.8665825216473", " 87.0191385076917", " 129.262654375528", " 199.108411782668", "0.307", " 0.756", " 1.975", " 0.795", " 0.803", " 0.522", " 1.222", "-1.70", " -0.40", " 0.98", " -0.33", " -0.32", " -0.94", " 0.29", "0.974136208590519", " 0.980345695859449", " 0.999999999576927", " 0.999689967398072", " 0.99999907452325", " 0.999852776381374", " 0.999973082949916", "1", " 1", " 0.99999999999978", " 1", " 1", " 1", " 1", "5.3", "", " 5.3", " ", " 5.2", " 1.5", " ", " ", " 4.5", " ", " 4.9", " ", " ", " 5.3", " 4.5", " ", " ", " 4.5", " 4.5", " 4.9", " 4.9", " ", " 4.9", " ", " ", " ", " 4.5", " 5.3", " ", " ", " ", " ", " ", " ", " 5.2", " "
"194", "", "False", "", "", "No results", " No results", " No results", " No results", " No results", "", "794.18326", "793.17598", "14.268", "3962019.18002007", "0", "0", "0", "", "", "", "", "No matches found", " No matches found", "PreferredDDA", "", "[M-H]-1", "1663223.64064492", " 2047179.67890166", " 1357260.30733121", " 1912204.59072907", " 1915045.33758297", " 1705132.59861107", "74.8872601972403", " 57.5993768351695", " 58.7348623490301", " 53.7629251154095", " 54.5676772397093", " 60.1440805287318", "1.231", " 1.150", " 0.663", " 1.411", " 0.710", " 0.892", " 1.123", "0.30", " 0.20", " -0.59", " 0.50", " -0.49", " -0.17", " 0.17", "0.999126480521826", " 0.99341431511508", " 0.94262739371417", " 0.912749199272939", " 0.854698789536881", " 0.999372528275006", " 0.999668482635001", "1", " 1", " 0.99999999999978", " 1", " 1", " 1", " 1", "6.0", "5.2", " 5.6", " 6.0", " 5.4", " 4.0", " 1.7", " 4.5", " 5.6", " 5.0", " 5.6", " 2.3", " 4.2", " 6.0", " 4.8", " 4.5", " 3.6", " 5.6", " 5.6", " 2.5", " 5.2", " 5.6", " 5.6", " 5.4", " 5.0", " 6.0", " 6.0", " 3.3", " 5.4", " 3.9", " 5.2", " 5.2", " 5.2", " 5.2", " 6.0", " 4.8"
"567", "", "False", "", "", "Unused", " No results", " No results", " No results", " No results", "", "798.17977", "797.17249", "14.268", "1363117.83829144", "0", "0", "0", "", "", "", "", "No matches found", " No matches found", "PreferredDDA", "", "[M-H]-1", "569686.893836573", " 687414.409824286", " 416307.34484328", " 549557.024805743", " 626347.715697309", " 575586.220661802", "75.7839134418951", " 59.5714029164638", " 58.3448289810127", " 59.039897304444", " 57.4550983938194", " 71.3753940989365", "1.207", " 0.965", " 0.606", " 1.505", " 0.758", " 1.047", " 1.088", "0.27", " -0.05", " -0.72", " 0.59", " -0.40", " 0.07", " 0.12", "0.999796429202464", " 0.99942589902117", " 0.960835427401386", " 0.955890611013653", " 0.932742294938905", " 0.998428375859735", " 0.998825151361783", "1", " 1", " 0.99999999999978", " 1", " 1", " 1", " 1", "5.4", "4.8", " 3.3", " 5.4", " 1.0", " 1.5", " ", " 3.5", " 5.4", " 4.0", " 5.4", " 1.5", " 1.5", " 4.8", " 5.0", " 3.6", " 1.1", " 4.6", " 1.6", " 1.1", " 2.9", " 2.5", " 4.4", " 2.1", " 2.3", " 4.6", " 5.0", " 4.0", " 1.9", " 2.7", " 3.5", " 4.8", " 3.5", " 4.6", " 3.6", " "
"600", "", "False", "", "", "Unused", " No results", " No results", " No results", " No results", "", "804.21135", "803.20407", "14.268", "921463.805773041", "0", "0", "0", "", "", "", "", "No matches found", " No matches found", "PreferredDDA", "", "[M-H]-1", "387860.808864679", " 526904.733749734", " 279173.80923032", " 417536.504895542", " 370395.226978187", " 363582.773380538", "77.8521563359228", " 68.246264879277", " 64.201992145039", " 60.4432627429891", " 71.7501064364067", " 71.2695678572069", "1.358", " 1.077", " 0.530", " 1.327", " 0.669", " 0.871", " 1.019", "0.44", " 0.11", " -0.92", " 0.41", " -0.58", " -0.20", " 0.03", "0.999993010295206", " 0.999979836281713", " 0.976352715427387", " 0.999156433110845", " 0.961766404765566", " 0.994454762204929", " 0.999999456454008", "1", " 1", " 0.99999999999978", " 1", " 1", " 1", " 1", "6.1", "3.3", " 2.1", " 6.1", " 4.5", " 0.0", " ", " 2.9", " 2.9", " 2.9", " 4.2", " 0.0", " 2.7", " 2.5", " 4.0", " 2.1", " ", " 3.9", " 2.3", " ", " 2.5", " 3.3", " 4.4", " 2.7", " ", " 3.6", " 5.4", " 2.5", " ", " ", " 4.2", " 4.8", " 3.6", " 3.6", " 5.5", " "
"175","","False","PS(17:1(9Z)/22:6(4Z,7Z,10Z,13Z,16Z,19Z))","C45 H74 N O10 P","No match"," No results"," No results"," No results"," Full match","-4.65","819.50123","818.49395","13.932","4770693.85028152","0","0","0","","","","","Multiple matches found"," No matches found","PreferredDDA","","[M-H]-1","380751.654501363"," 2033357.44190731"," 1129373.08085632"," 2427646.19190016"," 1242284.26407509"," 2750307.7106091","120.339880960683"," 90.4665594883528"," 78.35162724473"," 60.3483107762799"," 53.1847286960034"," 45.0996520516418","5.340"," 6.376"," 0.555"," 1.100"," 0.465"," 1.133"," 0.452","2.42"," 2.67"," -0.85"," 0.14"," -1.10"," 0.18"," -1.15","0.998531555063309"," 0.510998027800877"," 0.999999799763211"," 0.980907948940876"," 0.773898680923231"," 0.990814215430533"," 0.926241852698509","1"," 1"," 0.99999999999978"," 1"," 1"," 1"," 1","6.0",""," 2.2"," 4.5"," 1.7"," "," 5.2"," 1.4"," "," 4.1"," "," 2.6"," 6.0"," 2.1"," "," 2.6"," 1.7"," 2.2"," 4.6"," "," 0.8"," 5.6"," 2.2"," 4.5"," 1.2"," 6.0"," 2.7"," 3.1"," 4.8"," 5.6"," 4.8"," 3.1"," 1.1"," 3.3"," 4.1"," 3.3"
"1180", "", "False", "", "", "Unused", " No results", " No results", " No results", " No results", "", "823.99789", "822.99061", "1.259", "473969.03559869", "0", "0", "0", "", "", "", "", "No matches found", " No matches found", "PreferredDDA", "", "[M-H]-1", "134044.67378685", " 134027.577609768", " 90941.3356203301", " 70357.6636548389", " 74304.9930827641", " 38809.2346569513", "81.7227892546263", " 63.346323059896", " 50.6355872313505", " 83.0789934958313", " 99.7437858646896", " 161.27384464483", "1.000", " 0.525", " 0.679", " 0.817", " 1.293", " 0.552", " 1.915", "0.00", " -0.93", " -0.56", " -0.29", " 0.37", " -0.86", " 0.94", "0.999999967908856", " 0.993877779738266", " 0.999815237233034", " 0.999290247488201", " 0.999353146638958", " 0.999704933187006", " 0.999964630168342", "1", " 1", " 0.99999999999978", " 1", " 1", " 1", " 1", "5.2", "4.5", " 4.5", " ", " 5.2", " ", " ", " 4.9", " 4.9", " 4.5", " 2.3", " 4.5", " 4.5", " 4.5", " 4.9", " 4.5", " ", " 4.2", " 4.9", " 4.5", " 4.9", " ", " 2.3", " ", " ", " 4.5", " 4.5", " 4.9", " 4.5", " 4.5", " 4.5", " 4.5", " 4.5", " ", " 4.8", " "
"540", "", "False", "", "", "Unused", " No results", " No results", " No results", " No results", "", "838.01582", "837.00854", "1.266", "615176.734411689", "0", "0", "0", "", "", "", "", "No matches found", " No matches found", "PreferredDDA", "", "[M-H]-1", "133391.892877816", " 71725.6457913381", " 64680.6561201111", " 72033.4274722011", " 66619.9640076299", " 24622.274793301", "107.011359565989", " 92.6204253388739", " 63.5030988012905", " 97.3352860431459", " 103.960442465008", " 206.51710947368", "0.538", " 0.540", " 0.902", " 1.030", " 0.898", " 0.342", " 2.706", "-0.90", " -0.89", " -0.15", " 0.04", " -0.16", " -1.55", " 1.44", "0.997549641606218", " 0.987232415392072", " 0.999983854890187", " 0.995458855797982", " 0.999362829628113", " 0.99465893586178", " 0.999929418720228", "1", " 1", " 0.99999999999978", " 1", " 1", " 1", " 1", "5.3", "2.7", " 4.9", " ", " 5.2", " 4.5", " ", " ", " 4.9", " 4.5", " 3.8", " 4.5", " 4.5", " 4.9", " ", " 4.5", " ", " 5.3", " 4.5", " 4.2", " ", " ", " 5.3", " ", " ", " ", " 3.0", " 4.5", " ", " ", " 1.5", " 4.5", " ", " ", " 5.2", " "
"1303", "", "False", "", "", "Unused", " No results", " No results", " No results", " No results", "", "851.49740", "850.49012", "13.634", "566064.887013143", "0", "0", "0", "", "", "", "", "No matches found", " No matches found", "PreferredDDA", "", "[M-H]-1", "69375.5118435435", " 130651.611126234", " 173397.348375045", " 241213.525694847", " 273264.909801565", " 356887.952265565", "105.076748030537", " 45.2159876859205", " 70.1285408278855", " 54.0069902119342", " 68.5770852992125", " 32.4552524106916", "1.883", " 3.477", " 1.327", " 1.576", " 0.719", " 1.480", " 0.766", "0.91", " 1.80", " 0.41", " 0.66", " -0.48", " 0.57", " -0.39", "0.999914926767451", " 0.886435544326592", " 0.995104621408926", " 0.993130864550102", " 0.99951686388905", " 0.830174216444803", " 0.977452329144554", "1", " 1", " 0.99999999999978", " 1", " 1", " 1", " 1", "5.3", "", " 4.8", " 0.6", " ", " ", " 1.4", " 0.0", " ", " 0.4", " ", " 0.8", " 1.0", " 1.5", " ", " 1.0", " ", " 3.6", " 0.8", " ", " ", " ", " 3.6", " 4.0", " ", " 1.7", " 1.0", " 0.4", " 5.3", " 4.5", " 3.8", " ", " ", " ", " ", " 2.2"
"86", "", "False", "", "", "Unused", " No results", " No results", " No results", " No results", "", "868.20408", "867.19680", "15.065", "6705209.66025876", "0", "0", "0", "", "", "", "", "No matches found", " No matches found", "PreferredDDA", "", "[M-H]-1", "2302666.54604639", " 2701581.13202339", " 1472673.94422836", " 2134531.03984627", " 2141054.38619209", " 2156370.89829767", "72.4142075698881", " 80.2361628011468", " 54.9531053299869", " 59.8000977840007", " 59.7199979586489", " 56.2727704754959", "1.173", " 0.927", " 0.545", " 1.454", " 0.690", " 1.010", " 0.993", "0.23", " -0.11", " -0.88", " 0.54", " -0.54", " 0.01", " -0.01", "0.996732289094584", " 0.998790616713723", " 0.869829624737531", " 0.928602287797569", " 0.884000600388391", " 0.999999999995861", " 0.99999999745945", "1", " 1", " 0.99999999999978", " 1", " 1", " 1", " 1", "6.4", "3.7", " 5.6", " 5.6", " 4.6", " 4.4", " 4.0", " 5.2", " 5.6", " 5.4", " 5.1", " 3.9", " 3.9", " 5.6", " 4.8", " 4.8", " 4.4", " 6.0", " 5.2", " 4.8", " 4.5", " 5.2", " 5.6", " 4.2", " 5.0", " 4.8", " 4.8", " 5.6", " 5.4", " 4.8", " 5.8", " 6.4", " 6.0", " 5.6", " 5.2", " 4.6"
"450", "", "False", "", "", "Unused", " No results", " No results", " No results", " No results", "", "878.23280", "877.22553", "15.067", "1467235.68321772", "0", "0", "0", "", "", "", "", "No matches found", " No matches found", "PreferredDDA", "", "[M-H]-1", "428404.247393799", " 555136.086258076", " 247882.625063745", " 374027.815634087", " 337741.242941864", " 349666.189575891", "81.213307773886", " 93.5662787975661", " 71.4648853410962", " 61.7371234563142", " 73.2027692998721", " 67.4150659192136", "1.296", " 0.873", " 0.447", " 1.363", " 0.663", " 0.935", " 0.966", "0.37", " -0.20", " -1.16", " 0.45", " -0.59", " -0.10", " -0.05", "0.995281125784227", " 0.998451342895102", " 0.885987098293143", " 0.977630294312899", " 0.908304791737367", " 0.999498294539718", " 0.999997733879436", "1", " 1", " 0.99999999999978", " 1", " 1", " 1", " 1", "5.4", "2.5", " 2.9", " 5.4", " 3.0", " ", " ", " 3.1", " 4.4", " 3.4", " 4.2", " ", " 1.5", " 3.6", " 3.6", " 1.7", " ", " 3.3", " 2.0", " ", " 2.9", " 2.1", " 2.5", " 1.5", " ", " 1.7", " 2.7", " 3.3", " 1.9", " 2.9", " 3.9", " 4.0", " 3.3", " 2.5", " 3.3", " "
"1261", "", "False", "gamma-butyrobetainyl-CoA", "C28 H50 N8 O17 P3 S", "No match", " No results", " No results", " Full match", " Full match", "0.20", "895.22293", "894.21565", "15.069", "512905.904110341", "1", "0", "0", "", "", "", "", "Single match found", " No matches found", "PreferredDDA", "", "[M-H]-1", "74704.2958319844", " 119984.031608536", " 70171.4288791536", " 62606.2743869758", " 80995.7694329498", " 83475.9410212643", "98.6145134598258", " 95.1094813287384", " 59.441364370419", " 79.9427856597166", " 85.8096169834387", " 71.2658873934175", "1.606", " 0.838", " 0.585", " 1.154", " 1.121", " 1.333", " 0.970", "0.68", " -0.25", " -0.77", " 0.21", " 0.16", " 0.42", " -0.04", "0.921966265420863", " 0.999116286679932", " 0.886038417439036", " 0.999998041137196", " 0.997606195594448", " 0.999999999738748", " 0.999750075472634", "1", " 1", " 0.99999999999978", " 1", " 1", " 1", " 1", "5.3", "4.2", " ", " 1.0", " ", " ", " ", " 4.8", " 1.5", " ", " 2.9", " ", " ", " 1.9", " 1.1", " 4.5", " ", " 4.4", " 4.0", " ", " ", " 1.9", " ", " ", " ", " 1.5", " 1.7", " ", " ", " 1.5", " 2.9", " ", " 5.3", " ", " 2.3", " "
"606", "", "False", "", "", "Unused", " No results", " No results", " No results", " No results", "", "920.34593", "919.33865", "11.879", "1166109.73696831", "0", "0", "0", "", "", "", "", "No matches found", " No matches found", "PreferredDDA", "", "[M-H]-1", "341020.535706477", " 404079.376054697", " 671514.670566083", " 523175.767886222", " 388057.926515133", " 572104.996855291", "61.6722837692276", " 54.5905558939588", " 48.2075767746239", " 24.6029901539475", " 12.4566686446279", " 32.0057109017056", "1.185", " 1.534", " 1.662", " 0.578", " 1.284", " 1.094", " 0.678", "0.24", " 0.62", " 0.73", " -0.79", " 0.36", " 0.13", " -0.56", "0.999999977707654", " 0.716274540715721", " 0.30613527920851", " 0.649694979505728", " 0.952490654266037", " 0.99999999923848", " 0.95607147630875", "1", " 1", " 0.99999999999978", " 1", " 1", " 1", " 1", "6.8", "4.8", " 2.1", " 0.0", " 3.3", " 5.0", " 2.7", " 2.9", " 0.6", " 1.7", " 1.6", " 2.3", " 2.3", " 2.5", " 2.7", " 0.6", " 4.0", " 2.8", " 2.4", " 1.2", " 3.9", " 3.0", " 5.0", " 3.1", " 4.5", " 2.2", " 4.5", " 6.8", " 4.9", " 5.9", " 4.3", " 4.1", " 0.7", " 3.8", " 5.1", " 1.1"
"371", "", "False", "", "", "Unused", " No results", " No results", " No results", " No results", "", "930.37410", "929.36682", "11.879", "2164239.54748119", "0", "0", "0", "", "", "", "", "No matches found", " No matches found", "PreferredDDA", "", "[M-H]-1", "672418.759866011", " 902000.994341521", " 1275491.18988152", " 1038602.513195", " 867705.664555121", " 1013789.38050702", "61.7669115219289", " 51.3576351463622", " 47.7484946592625", " 28.1070808278041", " 17.1946479603121", " 31.1117399393969", "1.341", " 1.545", " 1.414", " 0.680", " 1.228", " 0.976", " 0.856", "0.42", " 0.63", " 0.50", " -0.56", " 0.30", " -0.03", " -0.22", "0.999457795251772", " 0.702384842159342", " 0.537295619122153", " 0.734612580423771", " 0.978807202723548", " 0.999677503988499", " 0.992499358970374", "1", " 1", " 0.99999999999978", " 1", " 1", " 1", " 1", "6.0", "5.4", " 3.1", " ", " 4.2", " 4.6", " 1.9", " 3.5", " 1.6", " 4.2", " 3.9", " 2.7", " 3.3", " 4.2", " 5.2", " 3.9", " 3.5", " 1.2", " 3.7", " 3.0", " 4.9", " 3.7", " 6.0", " 4.1", " 5.2", " 4.2", " 5.0", " 4.6", " 4.0", " 4.7", " 2.6", " 5.9", " 3.2", " 5.5", " 4.4", " 3.2"
"283", "", "False", "", "", "Unused", " No results", " No results", " No results", " No results", "", "944.39361", "943.38634", "11.877", "2835943.67605759", "0", "0", "0", "", "", "", "", "No matches found", " No matches found", "PreferredDDA", "", "[M-H]-1", "876961.002892699", " 1111308.97393864", " 1616045.93195622", " 1464411.67495395", " 1071347.04764705", " 1325979.61906083", "62.4612163323927", " 52.10908690756", " 49.0613348872789", " 24.3194091966069", " 15.4149577387722", " 39.6928107444227", "1.267", " 1.670", " 1.454", " 0.663", " 1.104", " 0.905", " 0.808", "0.34", " 0.74", " 0.54", " -0.59", " 0.14", " -0.14", " -0.31", "0.999441021792217", " 0.65686593787474", " 0.571453565371862", " 0.744873083139282", " 0.991832976857754", " 0.999999778257465", " 0.952633794428885", "1", " 1", " 0.99999999999978", " 1", " 1", " 1", " 1", "6.4", "3.5", " 3.5", " 4.0", " 6.1", " 4.1", " 3.3", " 3.5", " 3.1", " 5.4", " 2.6", " 4.8", " 3.3", " 3.5", " 4.5", " 2.7", " 3.5", " 4.1", " 4.5", " 3.7", " 6.4", " 4.0", " 6.4", " 3.4", " 5.0", " 4.6", " 6.1", " 5.4", " 5.5", " 5.4", " 5.3", " 5.5", " 4.4", " 5.0", " 4.2", " 4.0"
"381", "", "False", "", "", "Unused", " No results", " No results", " No results", " No results", "", "963.41306", "962.40601", "12.000", "5664179.43555374", "0", "0", "0", "", "", "", "", "No matches found", " No matches found", "PreferredDDA", "", "[M-H]-1", "5197790.31149436", " 4341308.84025024", " 4403641.6842812", " 4625404.86473292", " 5096242.53286234", " 4798267.17765105", "14.4081207291365", " 17.3124734448353", " 16.4540925202924", " 31.8070875353221", " 16.6329897267191", " 8.04299452801982", "0.835", " 0.890", " 1.014", " 1.157", " 0.952", " 1.037", " 1.062", "-0.26", " -0.17", " 0.02", " 0.21", " -0.07", " 0.05", " 0.09", "0.993860537516787", " 0.846353195125855", " 0.999545602157206", " 0.953682876844768", " 0.999760936467741", " 0.692534231965181", " 0.999999524135566", "1", " 1", " 0.99999999999978", " 1", " 1", " 1", " 1", "4.9", "4.1", " 4.1", " 4.1", " 3.8", " 3.1", " 3.7", " 3.3", " 4.3", " 2.6", " 3.0", " 2.6", " 2.8", " 2.2", " 2.2", " 2.6", " 2.2", " 1.8", " 2.7", " 3.6", " 1.6", " 1.6", " 1.2", " 1.2", " 3.2", " 4.5", " 3.2", " 2.2", " 4.9", " 4.2", " 4.0", " 3.8", " 3.6", " 4.0", " 3.2", " 3.2"
